program,university,country,publicPrivate,track,language,tuitionIntl,scholarshipName,fundingLevel,stipendCoverage,tunisianEligible,portfolioReq,entryRequirements,applicationOpens,deadline,sourceUrl,fitNotes,verified,verificationNotes
ReSound - Erasmus Mundus Joint Master of Arts in Sound Design for Media Arts,IADT (Ireland) + Universidade Lusofona (Lisbon) + Lithuanian Academy of Music and Theatre (FilmEU alliance),"Portugal (consortium; also Ireland and Lithuania - Portuguese semester at Lusofona, Lisbon)",Consortium,Sound-Design/Production,English,"EUR 15,000 total for 4 semesters if unfunded (2 installments of EUR 7,500 before semesters 1 and 3)","Erasmus Mundus scholarship (EU co-funded; 'significant percentage' of the up-to-24 admitted candidates per year receive it, merit-based)",Full,"Scholarship holders pay no tuition; third-party Erasmus aggregators report full tuition waiver + ~EUR 1,400/month stipend + EUR 2,000-3,000/yr travel + health insurance + EUR 1,000 installation allowance - exact package on official site behind closed application pages, confirm when 2027 call opens",Y - explicitly open to both European and non-European students,"Y - max 3 examples of sound/media work totaling 10-15 minutes, each with a brief reflective paragraph","Bachelor's in sound, music, film, media studies, COMPUTATIONAL SCIENCE or related field (candidate's software-engineering degree explicitly fits); other degrees considered with relevant sound/media experience; English proficiency proof from accepted-exams list required (IELTS/TOEFL not yet taken - must plan test)",2026 intake opened 20 Oct 2025; expect ~Oct 2026 opening for Sept 2027 intake,"PRIOR CYCLE - confirm new date (2026 intake deadline was 20 Jan 2026, extended to 27 Jan 2026; applications now closed)",https://resound-ma.eu/ (also https://iadt.ie/courses/erasmus-mundus-joint-ma-resound/),"Best single fit in this batch: fully funded, English-taught, sound design for film/games/immersive media across 3 countries; 'computational science' is a named eligible degree so the CS background is a direct asset; portfolio (10-15 min) can showcase his productions/DJ sets; must sit IELTS/TOEFL before the ~Oct 2026 opening",Verified,"resound-ma.eu confirms program exists, 2026 applications closed, scholarship 'on the basis of excellence'. IADT official course page confirms EUR 15,000 total fee, up to 24 places/yr, merit-based Erasmus Mundus scholarships for a significant percentage of admitted candidates, degree fields incl. computational science, portfolio spec (3 works, 10-15 min), English proof required, open to non-Europeans, 20 Oct 2025 open / 27 Jan 2026 extended deadline. Detailed stipend amounts (EUR 1,400/month etc.) come from Erasmus aggregator sites, not the official page (fees/scholarships subpage returned 404) - treat as indicative Erasmus Mundus standard package."
DigiCrea - Erasmus Mundus Joint Master in Digital Creativity Art & Science (Sound-Music pathway),Universite Jean Monnet Saint-Etienne (coordinator) + Universidade Catolica Portuguesa Escola das Artes Porto + University of Silesia (Katowice/Cieszyn),Portugal (consortium; Porto semester at UCP; also France and Poland),Consortium,Sound/Music-Tech,"English (B2 minimum required, C1 recommended - certified test e.g. IELTS 6 / TOEFL iBT 90+, or degree taught entirely in English)",UNVERIFIED - not published on fetched pages; waived for Erasmus Mundus scholarship holders,Erasmus Mundus Joint Master scholarship (EU-funded; programme confirmed 'Funded by the European Union'; open to third-country nationals incl. Tunisia),Full,"Erasmus Mundus standard package (tuition waiver + monthly living allowance ~EUR 1,400 under EU rules + travel) - exact amounts not published on consortium pages fetched; confirm in the 2027-2029 call",Y,Y,Bachelor's of at least 180 ECTS; choose Sound-Music or Image pathway; portfolio of exactly 3-5 works from the past 5 years with metadata and public links (compositions/sound design accepted for Sound-Music); 2-minute video presentation; 2 recommendation letters in English; English B2+ certificate; Stage 2 = 15-minute online interview (2026 cycle: Mar 24-30),"2027-2029 cohort call expected to open November 2026 (2026-2028 call ran 14 Nov 2025 - 16 Feb 2026, now closed)",PRIOR CYCLE - confirm new date (prior cycle closed 16 Feb 2026; next call opens ~Nov 2026 for Sept 2027 start - ideal timing),https://master-digicrea.univ-st-etienne.fr/en/join-digicrea/how-to-apply.html (UCP page: https://artes.porto.ucp.pt/en/academics/all-programs/master-digicrea-erasmus-mundus),"Best fully-funded fit in this batch: dedicated Sound-Music pathway, English-taught, EU-funded scholarship open to Tunisians, and the Nov 2026 call aligns exactly with his Sept 2027 target. Action item: he must take IELTS (~6.0+) or TOEFL (90+) before the call closes, since his English is not yet certified.",Verified,"Programme, consortium (UJM + UCP Porto + Silesia), Sound-Music pathway, 180-ECTS bachelor requirement, B2/IELTS 6 English requirement, 3-5-work portfolio, video + 2 letters, interview stage, prior call dates (14 Nov 2025 - 16 Feb 2026) and next call (~Nov 2026) all confirmed on official consortium 'how to apply' page (12 Jul 2026). Scholarship amounts/number and tuition not published on fetched pages - Partial only on those two figures."
ReSound - Erasmus Mundus Joint MA in Sound Design for Media Arts,IADT Dublin + Universidade Lusofona Lisbon + Lithuanian Academy of Music and Theatre (FilmEU alliance consortium),Ireland / Portugal / Lithuania,Consortium,Sound-Design/Production,English,"EUR 15,000 total for four semesters (participation costs); waived for Erasmus Mundus scholarship holders",Erasmus Mundus scholarship (merit-based; significant share of the max 24 places funded),Full,"Fees fully waived + EUR 1,400/month scholarship contributing to travel, visa and living allowance (verified, higher than the draft's EUR 1,000 estimate)",Y (explicitly open to European AND non-European students),Y,"Bachelor in sound, music, film, media studies, COMPUTATIONAL SCIENCE or related (other fields with relevant experience considered); English proficiency via IELTS/TOEFL or equivalent - he must sit a test; motivation letter; 2 references; passport copy; max 24 places/year",Expected ~October 2026 for Sept 2027 intake (prior cycle opened 20 Oct 2025); monitor resound-ma.eu,"PRIOR CYCLE - confirm new date (2026 intake: opened 20 Oct 2025, deadline 20 Jan 2026 extended to 27 Jan 2026; site now says 'Applications for ReSound 2026 have now closed')",https://resound-ma.eu/ (also https://iadt.ie/courses/erasmus-mundus-joint-ma-resound/),"Top catch-all pick CONFIRMED: explicitly welcomes computational-science graduates (his software-engineering degree fits), full EM funding at EUR 1,400/month, pan-European sound-design network. Portfolio: max 3 examples of sound/media work, 10-15 min total, each with a short reflective paragraph - he should start assembling now. English test required before the ~Jan 2027 deadline.",Verified,"Official site fetched: consortium, 2026-cycle closure confirmed. Fees (EUR 15,000 total), stipend (EUR 1,400/month), 24 places, portfolio spec (3 works, 10-15 min), non-EU eligibility, computational-science admission route, and 20 Oct 2025 - 27 Jan 2026 prior-cycle window confirmed via official-site application info surfaced in search (resound-ma.eu/application/ direct fetch 404'd). 2027 dates not yet published."
MAGMa - Erasmus Mundus Joint Master in Managing Art and Cultural Heritage in Global Markets,Consortium of 5: University of Glasgow + ISCTE Lisboa + ULisboa Faculty of Humanities + IESA Arts & Culture Paris + Erasmus University Rotterdam,UK / Portugal / France / Netherlands,Consortium,Music-Business,English,"Self-funded international rate VERIFIED: EUR 22,224 / GBP 19,000 per year (EUR 44,448 / GBP 38,000 for 2 years); covered by scholarship for EM awardees","Erasmus Mundus scholarship (max EUR 33,600 over 2 years)",Full,"Tuition fees, travel, insurance + monthly living stipend across mobility locations for 24 months (verified on Glasgow page)",Y (Erasmus Mundus open worldwide; Glasgow page does not restrict nationality - standard EM rules apply),N,"2:1 Honours degree, preferably in a related field (art history, cultural management, economics, law...); other subjects accepted with relevant work experience - his software degree would need a work-experience/motivation case; English test if not first language",Expected ~October 2026 for 2027 intake (prior cycle opened 1 Oct 2025),"PRIOR CYCLE - confirm new date (2026 intake: EM scholarship deadline 19 Jan 2026 - closed; self-funded international deadline late July 2026 technically still open as of today, but only as a full self-pay at EUR 22,224/yr, not recommended)",https://www.gla.ac.uk/postgraduate/erasmusmundus/magma/,"Track-2 option: creative-economy/arts-market management with full EM funding; not music-specific, and his software background is outside the 'preferred' fields - admission plausible but less certain than draft implied; consortium corrected to 5 institutions with Glasgow as full partner",Verified,"Glasgow official page fetched: 5-partner consortium (draft's 'Glasgow seasonal school only' framing corrected), EUR 33,600 max scholarship, self-funded rate EUR 22,224/yr (draft had UNVERIFIED - now filled), 2:1 requirement, prior-cycle dates (open 1 Oct 2025, EM deadline 19 Jan 2026, self-funded intl late July 2026). Explicit Tunisian/non-EU statement not on page; standard EM worldwide eligibility assumed."
Advanced Diploma in Music Production & Sound Engineering (1-year intensive; NOT a master's) - Abbey Road Studios Diversity Scholarship,Abbey Road Institute London / Abbey Road Studios,United Kingdom,Private,Sound-Design/Production,English,N/A for candidate (scholarship closed to non-UK passport holders); course fee if self-funding not published on scholarship page,,Full,Full course fees plus a contribution towards living expenses; option to progress to a year-long work placement at Abbey Road Studios,N,Y (2-3 minute video scholarship statement),"Must hold a UK passport; aged 18-25; from a group underrepresented in audio (Black/Asian/minority-ethnic backgrounds, women, low-income households); demonstrated financial need; meet Advanced Diploma entry requirements; 2-3 minute video scholarship statement",Check (2027 edition not yet announced),"Friday 13 March (2026 cycle, course start 25 May 2026 - closed) - PRIOR CYCLE - confirm new date",https://abbeyroadinstitute.co.uk/abbey-road-studios-diversity-scholarship-programme/,"NOT VIABLE for this candidate: official page explicitly requires a UK passport, so a Tunisian national is ineligible regardless of ethnicity/income criteria. Remove from shortlist unless candidate gains UK citizenship.",Verified,"Official page fetched 12 Jul 2026. CORRECTION to prior research: eligibility explicitly requires a UK passport and age 18-25 - international/Tunisian applicants are NOT eligible. Coverage (full fees + living contribution + optional Abbey Road placement) and underrepresented-group criteria confirmed. 2026 deadline 13 March, start 25 May 2026; 2027 edition not yet announced."
"Any UM master's, e.g. MSc International Business - paired with the UM NL-High Potential Scholarship",Maastricht University (School of Business and Economics),Netherlands,Public,General-Business/MBA,English,Varies by UM master's (UNVERIFIED per program); covered in full if scholarship won,UM NL-High Potential Scholarship - 21 full scholarships/year for non-EU students (confirmed),Full,"Tuition fee waiver + monthly living stipend + insurance + visa costs (exact stipend figures EUR 15,925/13 months and EUR 30,625/25 months are prior-cycle numbers - reconfirm for 2027-28)",Y,N,Non-EU/EEA/Swiss/Surinamese nationality (Tunisia qualifies); GPA >= 7.5/10 on latest transcript; not older than 35 on 1 Sept of intake year; no prior degree-seeking higher education in NL; must first be admitted to a UM master's; English test required by the chosen program,"1 Oct 2026 (for 2027-28, per UM guidance)","PRIOR CYCLE - confirm new date (2026 intake: UM admission application by 8 Dec 2025, scholarship application by 1 Feb 2026 23:59 CET; expect similar very-early dates for the 2027 intake, i.e. ~Dec 2026 / Feb 2027)",https://www.maastrichtuniversity.nl/studeren/toelating-inschrijving/financing-your-studies/scholarships/maastricht-university-nl-high,"No music program at UM - relevant only as the strongest fully-funded generic route in NL for the business fallback track; deadlines fall unusually early (admission ~early Dec, scholarship ~1 Feb before the Sept intake), so for Sept 2027 the candidate must apply in late 2026",Partial,"The UM scholarship URL rendered only site navigation via WebFetch, so details were cross-checked via search results referencing UM's page: 21 full scholarships, non-EU only, GPA 7.5/10, age <=35 on 1 Sept, no prior Dutch degree, 8 Dec 2025 / 1 Feb 2026 prior-cycle deadlines, and 2027-28 applications opening 1 Oct 2026 all corroborated. Exact stipend amounts and 2027-28 deadlines not confirmed on the official page directly - reconfirm on maastrichtuniversity.nl after 1 Oct 2026."
"Advanced Diploma in Music Production & Sound Engineering - Sontronics Scholarship (industry-sponsored, full tuition)",Abbey Road Institute London (sponsor: Sontronics microphones),United Kingdom,Private,Sound-Design/Production,English,N/A when awarded (tuition fully covered),,Full,Full tuition funded by Sontronics + bespoke package of Sontronics microphones and accessories + mentorship; NO living stipend - living costs and visa are the student's responsibility,Y,Y (video pitch per 2025 round),Age 18-25 at enrolment; meet Abbey Road Institute Advanced Diploma entry standards; motivation video; interview stage (per 2025 round coverage),Check (2025 round launched April 2025; watch sontronics.com and abbeyroadinstitute.co.uk for a 2026/27 edition),"Friday 13 June 2025 (2025 round, closed) - PRIOR CYCLE - confirm new date",https://sontronics.com/pages/sontronics-scholarship-at-abbey-road-institute-2025,"Confirmed open to UK AND international applicants (unlike the Diversity Scholarship) - a Tunisian 18-25-year-old fresh graduate fits if a new round runs; visa and living costs remain self-funded; diploma-level, not a master's, but elite Abbey Road production network",Partial,"Official Sontronics page returned HTTP 429 twice on 12 Jul 2026; details cross-checked via Sound On Sound, Music Industries Association and Sound Without Sight coverage of the 2025 round: full tuition + gear package, ages 18-25, open to UK and international applicants, deadline 13 June 2025 (closed). No 2026/27 round announced yet - monitor both sites. Exact video/interview mechanics from secondary sources, not re-verified on sponsor page."
ReSound — Erasmus Mundus Joint Master of Arts in Sound Design for Media Arts,"IADT Dún Laoghaire (coordinator), Universidade Lusófona, Lithuanian Academy of Music and Theatre (LMTA)","Ireland, Portugal, Lithuania",Consortium,Sound-Design/Production,English,"EUR 15,000 total for 4 semesters (EUR 7,500/year) if self-paying; waived for scholarship holders",Erasmus Mundus Joint Master (EMJM) scholarship,Full,"Tuition/participation costs waived + EUR 1,400/month living allowance; contributes to travel, visa and installation. Significant share of the 24 places funded.",Y,Y,"Bachelor in sound, music, film or media (other fields with relevant experience considered); English IELTS 6.0 (no band <6.0) or equivalent TOEFL/Cambridge within 2 years; portfolio of max 3 works (10-15 min) with reflective notes.",Prior cycle opened 20 Oct 2025 (for Sept 2026 intake); Sept 2027 open date UNVERIFIED,27 Jan 2026 (Sept 2026 intake) — PRIOR CYCLE - confirm new date for Sept 2027,https://resound-ma.eu/application/,"Best-fit primary track: builds real sound design, production and composition skills across film/games/immersive; portfolio-driven and arts-leaning rather than DSP-heavy, but CS background is an asset.",Unverified,verification agent returned nothing
"DIGICREA — Erasmus Mundus Joint Master in Digital Creativity, Art & Science","Jean Monnet University Saint-Étienne (coordinator), Universidade Católica Portuguesa, University of Silesia in Katowice","France, Portugal, Poland",Consortium,Sound/Music-Tech,English,UNVERIFIED,Erasmus Mundus Joint Master (EMJM) scholarship,Full,"EUR 1,400/month for the full programme for ~75% of admitted students; participation costs covered for scholarship holders (exact travel/installation split UNVERIFIED)",Y,Y,Bachelor (180 ECTS) in a relevant field; certified English C1 (e.g. IELTS 6 / TOEFL iBT 90); portfolio of artistic/professional works in new technologies; 2 recommendation letters + motivation letter.,2026 call open (per program site); exact date UNVERIFIED,2025 intake closed 15 Feb 2025 — PRIOR CYCLE - confirm new date (2026/2027 deadline not yet confirmed on official page),https://master-digicrea.univ-st-etienne.fr/en/join-digicrea/how-to-apply.html,"Strong fit: explicitly covers sound, music, audio-visual new media, AI and XR at the art/tech/science intersection — leverages the CS/software background while building creative production skills.",Unverified,verification agent returned nothing
REPLAY (RE_PLAY) — Erasmus Mundus Joint Master in Games / Creative Game Design,"Universidade Lusófona (coordinator), LUCA School of Arts, Aalto University","Portugal, Belgium, Finland",Consortium,Sound-Design/Production,English,UNVERIFIED,Erasmus Mundus Joint Master (EMJM) scholarship,Full,"EUR 1,400/month stipend + travel + insurance; academic/participation fees covered for scholarship holders",Y,Y,"Bachelor (EQF6/NFQ8) in game design, arts, CS or related (professional-experience exceptions); IELTS 6.0 / TOEFL 80 or equivalent unless prior degree was in English; showreel/portfolio + project post-mortems required.",Prior cycle opened Oct 2025 (2026-28 cohort); Sept 2027 open date UNVERIFIED,Mid-January 2026 (2026-28 cohort) — PRIOR CYCLE - confirm new date,https://erasmusscholarships.com/re-play-erasmus-mundus-program/,"Adjacent fit: game design more than music, but strong route into game-audio/interactive sound and directly rewards the software background; less direct for a DJ/producer goal.",Unverified,verification agent returned nothing
Media Arts Cultures (MediaAC) — Erasmus Mundus Joint Master Degree,"University for Continuing Education Krems (coordinator), Aalborg University, University of Lodz, LASALLE College of the Arts","Austria, Denmark, Poland, Singapore",Consortium,Sound/Music-Tech,English,UNVERIFIED,Erasmus Mundus Joint Master (EMJM) scholarship,Full,"Participation fees covered + EUR 1,000/month stipend; Partner Country grantees also get EUR 5,000-7,000 travel by distance (amounts per prior cycle; confirm for new edition)",Y,Y,"Bachelor (min 180 ECTS); English B2+ (TOEFL iBT 80 / IELTS 6.5 / Cambridge C1 / Versant 56-60, <2 yrs old); submit an example of relevant work + essay on state-of-the-art/future of media arts.",Rules/dates for 2026-2028 intake to be published Feb 2026 (per official site),PRIOR CYCLE - confirm new date (2026-2028 dates not yet published as of check),https://www.mediaartscultures.eu/mediaac/application/,"Moderate fit: media-art theory, curatorial and preservation focus (culture-centered) rather than hands-on music production; strengthens network/critical framing but weaker on DJ/producer craft.",Unverified,verification agent returned nothing
IMLEX — Erasmus Mundus Joint Master in Imaging and Light in Extended Reality,University of Eastern Finland / KU Leuven / Université Jean Monnet / Toyohashi Univ. of Technology (consortium),"Finland, Belgium, France, Japan",Consortium,Sound/Music-Tech,English,UNVERIFIED,Erasmus Mundus Joint Master (EMJM) scholarship,Full,"EMJM scholarship (participation, travel, living); exact amount UNVERIFIED",Y,N,"Bachelor in a relevant STEM field (imaging, optics, computer/electrical engineering, physics); English test required; strong technical/CS background expected. UNVERIFIED specifics.",UNVERIFIED,PRIOR CYCLE - confirm new date,https://www.imlex.org/,"Low music fit: imaging/light/XR, not audio; included only as a CS-heavy creative-tech option (includes a Japan mobility). Verify all fields on imlex.org before relying on this entry.",Unverified,verification agent returned nothing
RE:Anima — Erasmus Mundus Joint Master in Animation,LUCA School of Arts / Aalto University / Universidade Lusófona (FilmEU alliance consortium),"Belgium, Finland, Portugal",Consortium,Sound-Design/Production,English,UNVERIFIED,Erasmus Mundus Joint Master (EMJM) scholarship,Full,"EMJM scholarship (participation waived + monthly allowance ~EUR 1,400 + travel); amount UNVERIFIED on official page",Y,Y,Bachelor in a relevant field; portfolio/showreel required; English proficiency required. UNVERIFIED exact test levels and prerequisites.,UNVERIFIED,PRIOR CYCLE - confirm new date,https://www.filmeu.eu/education/erasmus-mundus-masters,Low fit for a DJ/producer: animation filmmaking (includes sound design components) — only relevant if pivoting toward audiovisual/sound-for-picture. Confirm details on the FilmEU/RE:Anima official site.,Unverified,verification agent returned nothing
FilmMemory — Erasmus Mundus Joint Master in Film Heritage and Audiovisual Preservation,FilmEU alliance consortium (coordinator UNVERIFIED; IADT among partners),Four European countries (UNVERIFIED exact list),Consortium,Sound/Music-Tech,English,UNVERIFIED,Erasmus Mundus Joint Master (EMJM) scholarship,Full,EMJM scholarship (participation waived + monthly allowance + travel); amount UNVERIFIED,Y,Check,Bachelor in a relevant field; English proficiency; details UNVERIFIED on official page.,Prior cycle open for 2026-2027,20 Jan 2026 (2026-2027 intake) — PRIOR CYCLE - confirm new date,https://filmmemory.eu/application/call-for-applicants,"Low fit: audiovisual heritage preservation/restoration, not production or music; included as an in-slice creative/media EMJM for completeness. Verify on filmmemory.eu.",Unverified,verification agent returned nothing
Erasmus Mundus Joint Master (EMJM) in Sound — ReSound (Sound Design for Media Arts),"Consortium: IADT Dún Laoghaire (coordinator), Universidade Lusófona, Lithuanian Academy of Music and Theatre (LMTA)",Ireland / Portugal / Lithuania,Consortium,Sound-Design/Production,English,"EUR 15,000 total for 2 years (self-funded; EUR 7,500 x2) — waived for scholarship holders",Erasmus Mundus Joint Masters Scholarship,Full,"Participation costs/tuition waived + EUR 1,400/month (living + travel). Up to 24 places/year, awarded on merit.",Y,Y,"Bachelor's in sound, music, film, media studies OR computational/related field (other fields with relevant experience considered). English: IELTS 6.0 (all bands >=6.0) / TOEFL iBT 79 / Duolingo 110 / Cambridge B2. Interview.",20 Oct 2025 for the prior (2026) cycle; 2027 cycle UNVERIFIED,"27 Jan 2026 for the 2026 intake — PRIOR CYCLE - confirm new date (Sept 2027 intake expected to open ~Oct 2026, close ~Jan 2027)",https://resound-ma.eu/ (also https://iadt.ie/courses/erasmus-mundus-joint-ma-resound/),"STRONGEST fit for the DJ/producer goal — sound design, production, composition; explicitly welcomes computational-science backgrounds; fully funded. Mobility: Dublin -> Lisbon -> Vilnius -> thesis.",Unverified,verification agent returned nothing
"DIGICREA — Digital Creativity, Art & Science (Erasmus Mundus Joint Master)","Consortium: Université Jean Monnet Saint-Étienne (coordinator), University of Silesia in Katowice, Universidade Católica Portuguesa (Porto)",France / Poland / Portugal,Consortium (public universities),"Sound-Design/Production (audio-visual new media, music, AI, XR)",English,UNVERIFIED (participation cost applies to non-scholarship holders; figure not on official page read),Erasmus Mundus Joint Masters Scholarship,Full,"~EUR 1,400/month for 24 months + travel/installation allowance for non-EU residents; participation costs waived for scholarship holders",Y,Y,Bachelor's (min 180 ECTS); English B2 minimum (C1 recommended); artistic portfolio of 3-5 works (max 5 years old) in specialisation,14 Nov 2025 for prior cohort; 2027 cohort ~Nov 2026 (expected),16 Feb 2026 for 2026-2028 cohort (closed) — PRIOR CYCLE - confirm new date; 2027-2029 cohort expected to open ~Nov 2026,http://master-digicrea.univ-st-etienne.fr/en/index.html,"Strong fit — trains creators at art/tech/science intersection incl. music, audio-visual, AI, XR; CS/software background is a real asset. Study starts in France, then Poland/Portugal.",Unverified,verification agent returned nothing
Media Arts Cultures (MediaAC) — Erasmus Mundus Joint Master of Arts (120 ECTS),"Consortium: University for Continuing Education Krems (coordinator), Aalborg University, University of Łódź, LASALLE College of the Arts",Austria / Denmark / Poland / Singapore,Consortium,"Media-Arts/Creative (Business track-2, curatorial/creative industries)",English,UNVERIFIED (waived for scholarship holders),Erasmus Mundus Joint Masters Scholarship,Full,"Programme-country grantees: all participation fees paid + EUR 1,000/month for 24 months + EUR 1,000/yr travel. Partner-country (Tunisia) students: additional EUR 5,000 travel + installation allowance. (Rates reflect prior cycle; confirm.)",Y,Check (creative/curatorial materials may be requested; not confirmed on official page),At least a first (bachelor's) degree; requirements/chances identical for all nationalities. English proficiency required.,UNVERIFIED (announced ~Feb each cycle),Rules and dates for 2026-2028 intake to be published Feb 2026 per official site — PRIOR CYCLE - confirm new date for Sept 2027,https://www.mediaartscultures.eu/mediaac/ (scholarships: https://www.mediaartscultures.eu/mediaac/scholarships/erasmus-scholarships/),Media-arts theory/curatorial + creative-and-cultural-sector careers; useful for industry/creative-industries network rather than hands-on production. Weaker on production skills than ReSound/DIGICREA.,Unverified,verification agent returned nothing
IMLEX — Imaging and Light in Extended Reality (Erasmus Mundus Joint Master of Science),"Consortium: University of Eastern Finland (coordinator), Université Jean Monnet (France), KU Leuven (Belgium), Toyohashi University of Technology (Japan)",Finland / France / Belgium / Japan,Consortium (public universities),"Computing/Media-Tech (XR, imaging — CS-leverage)",English,UNVERIFIED,Erasmus Mundus Joint Masters Scholarship,Full,"EMJM scholarship (participation waived + monthly living contribution ~EUR 1,400 + travel/installation) — exact amount UNVERIFIED on page read",Y,N,"Bachelor's (>=180 ECTS) in IT, Computer Science, Physics, Mathematics, Electronic Engineering, Photonics or related; TOEFL iBT 92 / IELTS Academic 6.5 / PTE 62 (exemptions for English-medium degrees)",15 Dec 2025 for prior cycle; 2027 ~Dec 2026 (expected),21 Jan 2026 (3pm EET) for 2026 intake — PRIOR CYCLE - confirm new date (2027 intake opens ~Dec 2026),https://www.imlex.org/ (admission: https://www.imlex.org/how-to-apply/admission-criteria/),Computing-heavy XR/imaging — great CS leverage but tangential to audio/music (visual not sound). Include only if candidate broadens to interactive/immersive media tech. Note Japan mobility.,Unverified,verification agent returned nothing
"BDMA — Big Data Management and Analytics (Erasmus Mundus Joint Master, 120 ECTS)","Consortium: Université Libre de Bruxelles (coordinator), Universitat Politècnica de Catalunya, TU Eindhoven, CentraleSupélec, Università di Padova",Belgium / Spain / Netherlands / France / Italy,Consortium (public universities),Computing/Data-AI (CS-leverage),English,"EUR 4,500/yr (Programme-country self-funded; TU/e specialisation may differ) — waived for scholarship holders",Erasmus Mundus Joint Masters Scholarship,Full,"Partner-country (Tunisia): participation waived + EUR 1,000/month x24 + EUR 1,000 installation + EUR 2,000-3,000/yr travel (by distance). NOTE: EUR 1,000/month is a prior-cycle rate; newer EMJM cycles pay ~EUR 1,400 — confirm.",Y,N,Bachelor's (>=180 ECTS) in Computer Science or closely related; English min B2 CEFR (IELTS/TOEFL),UNVERIFIED (typically ~Nov/Dec),PRIOR CYCLE - confirm new date (scholarship-track deadline typically ~Jan; self-funded ~May),https://bdma.ulb.ac.be/ (fees/scholarships: https://bdma.ulb.ac.be/home/students/tuition-fees-scholarships/),Directly leverages software-engineering degree; data/BI/analytics. Not music-specific — value is a fully-funded elite CS credential + EU network the candidate could pivot into music-tech/streaming analytics.,Unverified,verification agent returned nothing
EDISS — Engineering of Data-intensive Intelligent Software Systems (Erasmus Mundus Joint Master),"Consortium: Åbo Akademi University (coordinator, Finland), Mälardalen University (Sweden), University of the Balearic Islands (Spain), University of L'Aquila (Italy)",Finland / Sweden / Spain / Italy,Consortium (public universities),Computing/Software (CS-leverage),English,Waived for scholarship holders (self-funded participation cost UNVERIFIED),Erasmus Mundus Joint Masters Scholarship,Full,"Participation costs waived + EUR 1,400/month subsistence + health insurance coverage",Y,N,"Bachelor's (>=180 ECTS) in Computer Science, Software Engineering or closely related; strong English proficiency",3 Nov 2025 for prior intake; next ~Nov 2026 (expected),"8 Jan 2026 (3pm Helsinki) for 6th intake (Sept 2026-2028), closed — PRIOR CYCLE - confirm new date (7th intake ~Nov 2026-Jan 2027)",https://www.master-ediss.eu/ (scholarships: https://www.master-ediss.eu/scholarship/),"Pure software-engineering fit (ML + data + distributed systems); fully funded. Not audio/music — include only as a strong CS fallback/credential, not toward the DJ/producer goal.",Unverified,verification agent returned nothing
"MULTICOM — Data Science of Human Multimodal Communication (Erasmus Mundus Joint Master, 120 ECTS)","Consortium: University of Murcia (coordinator), Lund University, Friedrich-Alexander-Universität Erlangen-Nürnberg",Spain / Sweden / Germany,Consortium (public universities),Sound/Music-Tech (data science of speech/audio/gesture — CS + media),English,UNVERIFIED,Erasmus Mundus Joint Masters Scholarship,Full,"EMJM scholarship (participation waived + monthly living + travel/installation) — exact amount UNVERIFIED; standard EMJM ~EUR 1,400/month",Y (open to Bachelor holders of any nationality — confirm),N,"Bachelor's or equivalent; strong background in language, communication, cognitive science or a relevant field (CS/data acceptable given data-science focus). English (level UNVERIFIED).",Fall 2025 for first edition; 2027 UNVERIFIED,Applications for first edition open fall 2025 to ~March 2026 (first cohort starts 1 Sept 2026) — PRIOR/first CYCLE - confirm 2027 dates,https://multicom-em.eu/ (also https://multicom.um.es/),Bridges humanities + tech: analysing speech/audio/gesture with data science. Software background is an asset; adjacent to audio/media. Newer programme — verify eligibility breadth for a pure-CS applicant.,Unverified,verification agent returned nothing
DCLead — Digital Communication Leadership (Erasmus Mundus Joint Master; POLINN/TECMAN/ICT4D tracks),"Consortium: Paris-Lodron University of Salzburg (coordinator), Vrije Universiteit Brussel, Aalborg University Copenhagen, Wageningen University & Research",Austria / Belgium / Denmark / Netherlands,Consortium (public universities),General-Business/MBA (digital media strategy & management),English,UNVERIFIED (waived for scholarship holders),Erasmus Mundus Joint Masters Scholarship,Full,"EUR 1,000/month x24 + EUR 1,000/yr travel + EUR 1,000 installation; at least 15 scholarships/year (prior-cycle rates — confirm)",Y (open internationally — confirm),N,Bachelor's; English proficiency required; track chosen by qualifications/selection (level UNVERIFIED),UNVERIFIED,PRIOR CYCLE - confirm new date (2026-2027 intake status: 'may be offered' per official site — verify the call is open for Sept 2027),https://dclead.eu/ (scholarships: https://dclead.eu/scholarships-fees/scholarships/),"Business/management angle for the music-industry goal: digital communication strategy, media policy, ICT. Good for industry/network + business-of-media knowledge; TECMAN track suits a technologist. Confirm it's funded for 2027.",Unverified,verification agent returned nothing
MAGMa — Managing Art & Cultural Heritage in Global Markets (Erasmus Mundus Joint Master),"Consortium: University of Glasgow (coordinator), ISCTE-IUL Lisbon, Universidade de Lisboa (Humanities), IESA Arts & Culture Paris, Erasmus University Rotterdam",United Kingdom / Portugal / France / Netherlands,Consortium (public universities + IESA private arts school),Music-Business (arts & cultural management / creative-industries business),"English (UNVERIFIED explicit, but English-medium)","EUR 22,224 (£19,000)/yr = EUR 44,448 (£38,000) for 2 years for self-funded international students",Erasmus Mundus Joint Masters Scholarship,Full,"Up to EUR 33,600 total — covers tuition, travel insurance, and monthly living stipend across mobility locations",Y,N,"2:1 Honours degree (preferably related field); English test required if English not first language (IELTS score UNVERIFIED); transcripts, CV, references, passport",1 Oct 2025 for prior cycle; 2027 ~Oct 2026 (expected),Scholarship deadline 19 Jan 2026 for 2026 intake; self-funded ~late Aug 2026 — PRIOR CYCLE - confirm new date for Sept 2027,https://www.gla.ac.uk/postgraduate/erasmusmundus/magma/,"Track-2 business fit: art-market economics, cultural management, marketing, law — leverageable toward music-business/entertainment management and industry network. Not production/tech.",Unverified,verification agent returned nothing
"Mundus Journalism — Journalism, Media and Globalisation (Erasmus Mundus Joint Master)","Consortium: Aarhus University (coordinator) + second-year partner (e.g. Hamburg, City St George's London, Amsterdam, Swansea)",Denmark + partner (Germany / UK / Netherlands),Consortium (public universities),Media/Communication (Business track-2 adjacent),English,Waived for scholarship holders (self-funded fee UNVERIFIED),Erasmus Mundus Joint Masters Scholarship,Full,"Full tuition waiver (both years) + ~EUR 1,400/month for up to 24 months (living, visas, set-up, part of travel); 10-15 fully funded scholarships/cohort",Y,Check (journalistic profile/samples weighed in selection),Bachelor's degree; strong academic + journalistic profile; English proficiency (level on official admissions page — UNVERIFIED exact score),1 Nov 2025 for prior cycle; 2027 ~Nov 2026 (expected),"10 Jan 2026 (23:59 CET) for 2026-2028 intake, closed — PRIOR CYCLE - confirm new date (Sept 2027 call ~Nov 2026-Jan 2027)",https://mundusjournalism.com/ (admissions: https://mundusjournalism.com/admissions/tuition-stipends-and-scholarships),"Weaker direct fit — journalism/media, not music. Relevant only for media-industry/communications network and strategic media analysis. Highly competitive. Include as a stretch/adjacent option.",Unverified,verification agent returned nothing
DAAD Study Scholarships – Master Studies for All Academic Disciplines,DAAD (German Academic Exchange Service),Germany,Public,Sound/Music-Tech,Depends on chosen master (German or English),"N/A (scholarship, not a program)",DAAD Study Scholarship – Master Studies for All Academic Disciplines,Full,EUR 992/month stipend + health/accident/liability insurance + travel allowance + one-off study allowance; does NOT cover tuition (most public masters are tuition-free anyway). Possible rent/family subsidies and German course.,Y,N/A (portfolio depends on target program),"First degree (Bachelor) completed by funding start, normally within last 6 years; strong grades; admission or application to a German master. This is the general-purpose route to fund a taught audio/tech master.",UNVERIFIED (varies by region/year),Set per DAAD Tunis regional office; typically autumn for the following academic year. PRIOR CYCLE - confirm new date via portal,https://www2.daad.de/deutschland/stipendium/datenbank/en/21148-scholarship-database/?detail=50026200,Best general funding vehicle for the candidate: can fund ANY of the audio/music-tech or business masters below; CS degree + good grades makes candidate competitive; IELTS/TOEFL will be needed for English programs.,Unverified,verification agent returned nothing
DAAD Study Scholarships – Postgraduate Studies in the Field of Music,DAAD (German Academic Exchange Service),Germany,Public,Sound-Design/Production,German (host Musikhochschule),N/A (scholarship),DAAD Study Scholarship – Postgraduate Studies in the Field of Music (artistic),Full,EUR 992/month + travel allowance + one-off study allowance + insurance; does NOT cover tuition. Funds 2-4 semesters at German state music colleges.,Y,Y - work samples (audio/video) must be uploaded to DAAD media database,First degree IN MUSIC obtained within 6 years of deadline; must not have lived in Germany >15 months. Requires written CONFIRMATION OF SUPERVISION from a German music-college teacher + host admission.,~June 1 annually (UNVERIFIED exact date for 2027 cycle),Applications open ~June 1 annually; deadline set per year/region. PRIOR CYCLE - confirm new date,https://www2.daad.de/deutschland/stipendium/datenbank/en/21148-scholarship-database/?detail=57135743,"Artistic-only funding; requires a MUSIC first degree, which the candidate (Software Engineering) does NOT hold - likely INELIGIBLE unless entering as music graduate. Flagged as a caution, not a primary route.",Unverified,verification agent returned nothing
DAAD Development-Related Postgraduate Courses (EPOS),DAAD (German Academic Exchange Service),Germany,Public,General-Business/MBA,English or German (per course),Covered where the EPOS course charges fees,DAAD EPOS Scholarship (Development-Related Postgraduate Courses),Full,EUR ~992/month + travel + insurance + study/research allowance + possible rent/family subsidy + preparatory German course. Fully funded.,Y,"N (academic, not artistic)",Bachelor + at least 2 YEARS relevant professional experience; from an eligible developing country (Tunisia listed). Course list is fixed (~40 development-related programmes).,Varies by course (UNVERIFIED),Set per individual EPOS course (many Jul-Oct). PRIOR CYCLE - confirm new date; see 2026-27 EPOS brochure,https://www.daad.de/en/information-services-for-higher-education-institutions/further-information-on-daad-programmes/epos/,"Fully funded and Tunisia-eligible, BUT the EPOS course catalogue is development-themed (governance, economics, engineering) - NO music/audio courses. Only marginally relevant unless candidate pivots to a management/dev course; also needs 2 yrs work experience the new-grad candidate lacks.",Unverified,verification agent returned nothing
"Chevening Scholarship (Tunisia) - funding, applies to ANY UK master's above",UK Government (FCDO) - tenable at any UK university,United Kingdom,Consortium,General-Business/MBA,English,,Chevening Scholarship,Full,Full tuition + monthly living stipend + return airfare + other allowances (1-yr master's),Y (country eligible),N,"Tunisian citizen; undergraduate degree; MUST have ~2 years / 2,800 hours work experience AFTER graduation; commit to return to Tunisia 2 years; secure UK unconditional offer by ~8 July 2027",Early August 2026 (annual pattern; confirm),"6 October 2026, 11:00 UTC (2027/28 intake - CURRENT, verified)",https://www.chevening.org/scholarship/tunisia/,"CRITICAL: candidate is a FRESH graduate with NO post-degree work experience, so NOT eligible for the Sept-2027 cycle. Best path: work 2 yrs, then apply for a later intake. Keep on radar, not actionable now.",Unverified,verification agent returned nothing
Commonwealth Master's Scholarship - NOT open to Tunisians,Commonwealth Scholarship Commission (UK),United Kingdom,Consortium,General-Business/MBA,English,,Commonwealth Master's Scholarship (CSC),Full,Full tuition + stipend + airfare (for eligible nationals only),N,N,Must be a citizen/permanent resident of an eligible Commonwealth country,N/A,N/A for this candidate,https://cscuk.fcdo.gov.uk/scholarships/commonwealth-masters-scholarships/,"Tunisia is NOT a Commonwealth member, so Tunisian nationals are INELIGIBLE for Commonwealth Scholarships. Listed only to document that this route is closed for this candidate.",Unverified,verification agent returned nothing
"Fulbright Foreign Student Program (funds a full US master's in any eligible field, incl. music technology/business)",US Dept. of State / Amideast Tunisia (host = any accredited US university),USA,Public,Sound/Music-Tech,English,N/A - award covers tuition,Fulbright Foreign Student Program (Tunisia),Full,"Tuition and required fees, monthly living stipend, round-trip international travel, and a limited health benefits plan (per official Amideast/US Embassy Tunisia notices)",Y,Check - depends on host program (music-tech/arts host programs will require portfolio),Tunisian citizen/permanent-passport-holder residing in Tunisia through selection; US-equivalent bachelor's by start date; strong English (TOEFL/IELTS/Duolingo or a Long-Term English program before study); intent to return to Tunisia; preference for little/no prior US experience; clinical medicine/nursing excluded (public health OK),2027 cycle opened 16 April 2026 (via apply.iie.org/ffsp2027),2027 cycle deadline was 30 June 2026 (now CLOSED). Next (2028 entry) cycle expected to open ~April 2027 - confirm new date,https://www.amideast.org/fulbright-foreign-student-program-for-tunisia,Best full-funding route for this Tunisian candidate; can fund NYU/GaTech/CMU/Frost music-tech OR a music-business MA. 2027 deadline just missed - target the 2028 cycle (Sept 2028 entry).,Unverified,verification agent returned nothing
Australia Awards Scholarships — funding scheme,Australian Government (DFAT),Australia,Consortium,General-Business/MBA,English,N/A (full scholarship),Australia Awards Scholarships,Full,Full tuition + travel + stipend + OSHC (for eligible countries only),N,N,"Restricted to listed partner countries. Africa list includes Algeria, Egypt, Morocco, and Sub-Saharan states — Tunisia is NOT on the eligible-countries list",N/A for this candidate,N/A for this candidate,https://www.dfat.gov.au/people-to-people/australia-awards/participating-countries,NOT available to Tunisians — Tunisia is absent from the DFAT participating-countries list (neighbouring Algeria/Morocco/Egypt are included). Rule out for this candidate.,Unverified,verification agent returned nothing
Manaaki New Zealand Government Scholarships — funding scheme,Education New Zealand / NZ Government (MFAT),New Zealand,Consortium,General-Business/MBA,English,N/A (full scholarship),Manaaki New Zealand Scholarships,Full,Full tuition + living allowance + travel (eligible countries only),N,N,"Eligible-countries page lists Pacific and Asian countries (Cambodia, Indonesia, Philippines, Vietnam, etc.). No Africa/Middle East section — Tunisia is not listed",N/A for this candidate,N/A for this candidate,https://www.nzscholarships.govt.nz/check-eligible-countries/,NOT available to Tunisians per the official eligible-countries page (Pacific + Asia only). Some aggregators wrongly list Tunisia — the official list does not. Rule out.,Unverified,verification agent returned nothing
"Music (MA) — Sonic Arts / Sound Engineering & Design concentration, Dr. Erol Üçer MIAM",Istanbul Technical University (ITU),Turkey,Public,Sound/Music-Tech,English (MIAM MA delivered in English) — confirm per concentration,Covered by scholarship (public university),Türkiye Bursları (Türkiye Scholarships) — Art Scholarship Programme,Full,"Full tuition + 6,500 TL/month master stipend (2x under Merit) + accommodation (dorm 1st yr, then 5,000-6,000 TL/mo housing allowance) + health insurance + one-way flight + 1 yr free Turkish course",Y,Y,Bachelor's completed; master applicants under 30; min ~75% GPA; MIAM admission (portfolio/interview). English proof; IELTS/TOEFL not always mandatory for TB but check MIAM.,~10 January (annually),PRIOR CYCLE - confirm new date; window ~10 Jan – 20 Feb 2026 (Art Scholarship). Sept-2027 window expected ~Jan-Feb 2027,https://miam.itu.edu.tr/en/1st-education-masters/,"Very strong PRIMARY fit: sonic arts + music/audio tech, fully funded; CS/software background is an asset for DSP/programming; builds production skills for DJ/producer goal.",Unverified,verification agent returned nothing
"Music (MA) — Music Business and Management concentration, MIAM",Istanbul Technical University (ITU),Turkey,Public,Music-Business,English — confirm,Covered by scholarship (public university),Türkiye Bursları (Türkiye Scholarships) — Art Scholarship Programme,Full,"Same as TB Art Scholarship: tuition + 6,500 TL/mo master stipend + accommodation + insurance + flight + Turkish course",Y,Check,Bachelor's; master under 30; ~75% GPA; MIAM admission requirements,~10 January (annually),PRIOR CYCLE - confirm new date; ~10 Jan – 20 Feb 2026 window,https://miam.itu.edu.tr/en/1st-education-masters/,Secondary (business) track fully funded at same institute as the sonic-arts option — industry/network + music-business knowledge for a producer/DJ career.,Unverified,verification agent returned nothing
"Master of choice at a Hungarian public university (e.g., music/music-tech at Liszt Academy or business/management) — programme-agnostic scheme",~30 Hungarian public universities (900+ programmes),Hungary,Public,General (fund a music-tech OR business master),English (mainly) — programme-dependent,Covered by scholarship,Stipendium Hungaricum,Full,Full tuition + monthly stipend + accommodation contribution (or dormitory) + health insurance,Y,Check (music programmes require audition/portfolio; business/tech do not),Bachelor's; apply to max 2 programmes; language proof per programme. Tunisia had a 250-scholarship quota for 2026/27 under the bilateral MoU.,~November (annually),"PRIOR CYCLE - confirm new date; 2026/27 deadline was 15 Jan 2026, 14:00 CET. Next (2027/28) call opens ~November 2026, deadline ~mid-Jan 2027",https://stipendiumhungaricum.hu/apply/,Strong fully-funded scheme with a large Tunisia quota; flexible — can target a music-tech or a music-business master. Confirm chosen programme's language and audition rules.,Unverified,verification agent returned nothing
"Master of choice (e.g., Music/Sound-Tech at Univ. of Limerick or DkIT; or Music Business/Management) — programme-agnostic scheme",Eligible Irish higher-education institutions (must secure admission first),Ireland,Public/Consortium (any eligible Irish HEI),General (fund a music-tech OR business master),English (IELTS/TOEFL likely required by the programme),Covered by scholarship (host institution waives fee),Government of Ireland — International Education Scholarships (GOI-IES),Full,"EUR 10,000 stipend for 1 year + full tuition-fee waiver from host institution (1-year taught master)",Y,Check (programme-dependent),Domicile of origin outside EU/EEA/Switzerland/UK (Tunisia qualifies). Must already hold a conditional/final admission offer from an eligible Irish HEI at application. 60 awards/yr; NFQ level 9/10.,UNVERIFIED (call typically ~January),"PRIOR CYCLE - confirm new date; 2026 deadline was 12 March 2026, 17:00 Irish time. Next (2027 entry) call expected ~Jan–Mar 2027",https://hea.ie/policy/internationalisation/goi-ies/,"Attractive fully-funded, English-language route; must first win admission to an Irish master (Ireland has solid music-tech/production programmes). One-year master = fast, funded.",Unverified,verification agent returned nothing
Master's degree at a participating Swedish university (any field) — programme-agnostic scheme,Swedish universities (admitted via universityadmissions.se),Sweden,Public,General-Business/MBA or Sound/Music-Tech,English,Covered by scholarship,Swedish Institute Scholarships for Global Professionals (SISGP),Full,"Full tuition (paid to university) + SEK 12,000/month living allowance + SEK 15,000 travel grant + insurance",Y (Tunisia is on the SISGP eligible-country list),Check (programme-dependent),"MUST have >=3,000 hours of work experience + demonstrated leadership experience. Must be admitted to an eligible master and have paid the application fee. NOTE: a fresh graduate does NOT meet the work-experience bar — likely ineligible until 1.5-2 yrs of work.",UNVERIFIED (SISGP window ~February),"PRIOR CYCLE - confirm new date; programme apply by ~15 Jan 2026, SISGP documents 9–25 Feb 2026",https://si.se/en/apply/scholarships/swedish-institute-scholarships-for-global-professionals/,"Fully funded and Tunisia-eligible, BUT the 3,000-hour work-experience requirement makes it a poor fit for a graduating student now. Flag for future (post-work-experience).",Unverified,verification agent returned nothing
Master in Management / Economics (or Engineering & Advanced Technologies / Design) — business track,Participating Italian universities (Invest Your Talent network),Italy,Public/Consortium,General-Business/MBA (Music-Business adjacent via management),English (min B2 required),UNVERIFIED (often waived/covered for scholarship holders; confirm per university),Invest Your Talent in Italy (MAECI / ICE / Uni-Italia),Full,Scholarship for selected candidates (monthly allowance); details per edition — plus internship in an Italian company,Y (Tunisia is a participating country),N,"Permanent resident of an eligible country incl. Tunisia; B2 English; bachelor's. Fields limited to Engineering/Advanced Tech, Economics/Management, Design/Architecture — NOT music/audio.",UNVERIFIED (~December annually),PRIOR CYCLE - confirm new date; IYT call typically opens ~Dec and closes ~Feb,https://investyourtalentapplication.esteri.it/SitoIYT/EN/invest-your-talent-in-italy,Business/management route only (no music-tech field). Useful for the entertainment/arts-management angle plus an industry internship; leverages CS background if taken in advanced-tech stream.,Unverified,verification agent returned nothing
Master's in science / technology / high-tech / development fields (STEM-oriented) — programme within IsDB partner universities,IsDB partner universities worldwide,Multiple (IsDB member states / partners),Public/Consortium,Acoustics/Audio-Eng or General (STEM only),Programme-dependent,Covered by scholarship,IsDB Scholarship Programme (Master's track),Full,Tuition + monthly stipend + accommodation + round-trip air ticket + health/medical + book allowance (per programme guide),Y (Tunisia is an IsDB member country; member-country track applies — the separate 'Muslim communities in non-member countries' list does NOT apply to Tunisia),N,"Focus on applied sciences, technology, innovation, high-tech and development-priority fields. Music/production is NOT a priority field; an audio-engineering or software/tech master would fit better.",UNVERIFIED (~December annually),PRIOR CYCLE - confirm new date; 2026/27 deadline was 31 January 2026. Next cycle call ~Dec 2026,https://www.isdb.org/scholarships,"Fully funded and Tunisia-eligible, but STEM/development-focused — best matched to a tech/audio-engineering master, not a music-production degree. Leverages the software-engineering background.",Unverified,verification agent returned nothing
Master / specialization (development-oriented fields) — ARES international training scheme,French-speaking Belgian universities & high schools (ARES network),Belgium,Public,General-Business/MBA (development-oriented),French (fluent French required — candidate qualifies),Covered by scholarship,ARES — Bourses de Formations Internationales (Wallonia-Brussels),Full,Full registration fees + monthly subsistence allowance + insurance + round-trip ticket + visa fees,Y (Tunisia eligible for ARES since 2022),N,"At least 2 years of relevant professional experience; under 40; specific approved master's/specialization list (development-focused, not music). NOTE: fresh graduate does NOT meet the 2-year work-experience requirement.",~August (annually),PRIOR CYCLE - confirm new date; 2025/26 call closed 19 Sept 2025 (call opens ~August annually),https://www.ares-ac.be/fr/cooperation-au-developpement/bourses-et-cours-internationaux,"French-language, fully funded, Tunisia-eligible — but requires 2 yrs work experience and offers no music-tech programme. Business/general fallback for later, not now.",Unverified,verification agent returned nothing
MSc (Tech) Acoustics and Audio Technology (CCIS major),Aalto University,Finland,Public,Acoustics/Audio-Eng,English,"EUR 17,000/yr for non-EU/EEA; EU free","Aalto University Scholarship (tuition-fee waiver, 50% or 100%)",Full,Tuition waiver only (50-100%); no living stipend; apply within the programme application,Y,N,Bachelor in eng/CS/physics with strong math + programming; English test required. Very DSP/acoustics + coding heavy — excellent CS fit.,Typically Dec; UNVERIFIED for 2027,PRIOR CYCLE - confirm new date (Finnish joint apply round typically closes early Jan for Aug intake),https://www.aalto.fi/en/study-options/acoustics-and-audio-technology-master-of-science-technology,Rigorous audio DSP/acoustics engineering; merit tuition waivers make it potentially fully funded on tuition; research-oriented rather than DJ/production.,Unverified,verification agent returned nothing
Music Business Management MA,University of Westminster,United Kingdom,Public,Music-Business,English,"£16,000 (2026-27, verified on official course page); 1 year","Westminster Full International Scholarship (postgraduate; ~6 awards/yr for developing-country students - Tunisia eligible) + Chevening Scholarship (Tunisia eligible; 2027/28 cycle opens 5 Aug 2026, closes early Oct 2026)",Full,Westminster Full International Scholarship: full tuition + accommodation + living expenses + flights. Chevening: full tuition + monthly stipend + flights. Both = genuinely fully funded,Y,N,"2:1 (2:2 considered) in relevant field + some music-industry experience/aptitude; IELTS 6.0 at application, 6.5 (6.0 writing) at course start - candidate must book IELTS; Chevening also requires ~2,800 hours (~2 yrs) work experience - fresh graduate may need to wait or count internships/freelance DJ work",Chevening: 5 August 2026 (confirmed for 2027/28 cycle),"Course: rolling - Check. Chevening for Sept 2027: apply 5 Aug - ~7 Oct 2026 (CURRENT cycle, opens in 3 weeks). Westminster scholarship deadline - Check (typically ~May for Sept entry)",https://www.westminster.ac.uk/music-courses/2026-27/september/full-time/music-business-management-ma,"One of the best UK music-business-specific MAs, in London's industry heart; the two full-funding routes make this a top target - but Chevening's 2-year work-experience rule is the main eligibility risk for a new graduate",Unverified,verification agent returned nothing
MAGMa - Managing Art and Cultural Heritage in Global Markets (Erasmus Mundus Joint Master),"University of Glasgow (with ISCTE & Universidade de Lisboa, IESA Paris, Erasmus University Rotterdam)",UK / Portugal / France / Netherlands (mobility across consortium),Consortium,Music-Business,English (UNVERIFIED on page but consortium teaching is in English - Check),"€22,224 / £19,000 per year (€44,448 for 2 years) - waived for scholarship holders","Erasmus Mundus Joint Masters scholarship - up to €33,600 covering tuition, travel/insurance and monthly stipend over 2 years",Full,"Full tuition + insurance + monthly living stipend (max €33,600 total)",Y,N,"2:1 Honours degree (preferably related field - candidate should frame software engineering + music activity in motivation docs); English test required; CV, references, transcripts. Erasmus Mundus rules: study mobility across >=2 program countries; cannot hold another EU-funded scholarship for the same study period",~1 October 2026 expected (prior cycle opened 1 Oct 2025),PRIOR CYCLE: scholarship deadline was 19 Jan 2026 for Sept 2026 entry - confirm ~Jan 2027 deadline for Sept 2027; self-funded deadlines run to late July,https://www.gla.ac.uk/postgraduate/erasmusmundus/magma/,"The strongest fully-funded option in this track that is open worldwide including Tunisia; arts/cultural-market management rather than pop-music business, but timeline (apply Oct 2026-Jan 2027) matches the Sept 2027 plan exactly",Unverified,verification agent returned nothing
MA Cultural Management (joint programme with Estonian Business School),Estonian Academy of Music and Theatre,Estonia,Public,Music-Business,English,"€6,000/year for non-EU students (2-year programme)",EAMT admission-ranking scholarships: 1 award covering 100% of annual tuition + 4 awards covering 50% (open to international applicants; same criteria for Estonians and internationals),Full,Tuition only (100% or 50%); living costs self-funded (Tallinn is comparatively cheap),Y,N,Bachelor's in ANY field; motivation letter + CV in English; case-study exam + interview (online possible); no specific English certificate level stated - Check,"Check (DreamApply, likely early 2027)",Check via DreamApply portal (official page confirms next intake is 2027 - matches target exactly; expect spring 2027 deadline),https://eamt.ee/en/departments/musicology/cultural-management/masters-studies/admission/,Low tuition + a genuine 100%-tuition scholarship + any-degree entry + 2027 intake confirmed = one of the most accessible funded routes in this track; music/theatre management specializations available,Unverified,verification agent returned nothing
"Any one-year taught master's of applicant's choice (e.g., MBA, music/creative-industries management)","UK universities (Chevening Scholarship scheme, UK FCDO)",United Kingdom,Public (scheme; most UK universities eligible),General-Business/MBA,English,Covered by scholarship (varies by chosen university),Chevening Scholarship,Full,"Full tuition, monthly living stipend, return airfare, visa cost, arrival/departure allowances, UK events travel grant",Y (Tunisia has a dedicated Chevening page),N (depends on chosen course),"Undergraduate degree qualifying for a UK master's; 2+ years work experience (~2,800 hours - part-time/freelance/internships count); commit to return to Tunisia for 2 years; Chevening itself no longer requires IELTS upfront but the chosen university will","4 August 2026, 11:00 UTC (verified)","6 October 2026, 11:00 UTC (verified on official timeline; for autumn 2027 UK intake)",https://www.chevening.org/scholarship/tunisia/,"Best-fit flagship for this candidate's Sept-2027 timeline (window opens 4 Aug 2026); the 2,800-hour work requirement is the hurdle for a fresh grad - documented freelance DJ/software work can count; could fund an MBA or a London creative-business MA",Unverified,verification agent returned nothing
Master's degree in most fields including business/MBA at a US university (placed by Fulbright),US universities via Fulbright Foreign Student Program (administered by Amideast Tunisia),United States,Public/Private (US placement varies),General-Business/MBA,"English - TOEFL/IELTS/Duolingo required, OR placement in a Long-Term English program first (verified; helpful since candidate has no test yet)",Covered by award,Fulbright Foreign Student Program (Tunisia),Full,"Tuition and required fees, monthly living allowance, round-trip travel, limited health benefits (verified)",Y (Tunisian citizens residing in Tunisia; US citizens/permanent residents excluded),N,US-equivalent bachelor's by program start; reside in Tunisia throughout selection; no formal work-experience minimum (verified),UNVERIFIED (2028 cycle expected early 2027 at apply.iie.org),30 June 2026 for the 2027-28 intake - NOW CLOSED (verified); next cycle (2028-29) expected to open ~early 2027 - confirm,https://www.amideast.org/fulbright-foreign-student-program-for-tunisia,"MBA explicitly possible (a 2024 Tunisian Fulbrighter is doing an MBA at Univ. of Utah); the 2027 window closed 30 June 2026, so this serves a 2028 fallback intake; the English-training option offsets the missing IELTS",Unverified,verification agent returned nothing
"English-taught Master's in Business Administration / Management (e.g., MSc Business Administration listed on the SH course portal)","Hungarian universities (e.g., Corvinus University of Budapest) via Stipendium Hungaricum",Hungary,Public,General-Business/MBA,English (nearly 900 English-taught programmes reported); some programmes Hungarian,Covered by scholarship,Stipendium Hungaricum Scholarship Programme,Full,"Full tuition + monthly stipend (HUF 43,700 reported) + housing allowance (HUF 40,000 reported) + health insurance - amounts from call documents, confirm current-year figures",Y (Tunisia has an official SH partner-country page; ~50 nominations/year reported via the Tunisian sending partner),N,Must be nominated by Tunisia's sending partner (Ministry of Higher Education) in addition to the SH online application; programme-level English requirements vary,~November 2026 (expected - confirm),"PRIOR CYCLE - confirm new date (pattern: opens ~mid-Nov, closes 15 January for the following September; expect 15 Jan 2027 for Sept 2027)",https://stipendiumhungaricum.hu/country/tunisia/,One of the most accessible fully-funded routes for Tunisians (no work-experience requirement - suits a fresh grad); business/management programmes plentiful; Budapest has a strong electronic-music scene as a side benefit,Unverified,verification agent returned nothing
Master's including Business Administration at Turkish universities (placement included),Turkish universities via Turkiye Burslari (Turkiye Scholarships),Turkey,Public and private universities in the scheme,General-Business/MBA,Turkish or English depending on programme; a 1-year Turkish course is part of the award (verified),Covered by scholarship,Turkiye Burslari Graduate Scholarship,Full,"Tuition, monthly stipend (6,500 TL for master's, verified), accommodation, health insurance, round-trip airfare, 1-year Turkish language course (verified)",Y (open to international students worldwide; Turkish citizens/prior Turkish students excluded),N,Bachelor's degree; reported minimum GPA ~75% and age under 30 for master's - Check; merit-track programmes may ask ALES/GRE and TOEFL iBT 90 / IELTS 7.0,"10 January 2027 (annual pattern, verified)",10 January - 20 February annually (verified window); next window Jan-Feb 2027 for the 2027-28 year,https://www.turkiyeburslari.gov.tr/fulltimeprograms,Complete zero-cost package with no work-experience requirement - very fresh-grad friendly; check for English-taught business programmes to avoid the extra Turkish year; Istanbul offers a large music/entertainment market,Unverified,verification agent returned nothing
Any AUC graduate programme including the MBA,The American University in Cairo (AUC),Egypt,Private,General-Business/MBA,English (TOEFL iBT or academic IELTS required for admission - verified),Covered by fellowship,African Graduate Fellowship,Full,"Tuition (up to 9 credits/semester), monthly stipend, housing allowance or on-campus accommodation, health insurance, student-services fees (verified); fellows work 12 hrs/week in academic duties",Y (non-Egyptian African nationals; dual non-African citizenship excluded - verified),N,Admission to an AUC graduate programme (GPA ~3.2 to retain fellowship); open to all disciplines - MBA admission itself may require GMAT/work experience: Check MBA-specific rules,Check,Check (AUC fellowship deadlines page; typically early spring for fall intake),https://www.aucegypt.edu/admissions/fellowships/listings/african-graduate,"Regionally close, fully funded, Arabic/French-friendly environment; Cairo is the largest Arab music/entertainment market - strong network value for a MENA-focused DJ/producer career",Unverified,verification agent returned nothing
Master of Global Affairs (one-year leadership programme with business/economics concentration options),Tsinghua University - Schwarzman College,China,Private college within a public university,General-Business/MBA,English (TOEFL 100 / IELTS 7 / Duolingo 130 / Cambridge 185; waived after 2+ years of English-medium instruction - verified),Covered by fellowship,Schwarzman Scholars (fully funded fellowship),Full,"Reported: tuition, room & board, travel to/from Beijing, health insurance and a personal stipend - core coverage stated across official program materials; confirm figures on site",Y (open to all nationalities),"N (essays, video introduction, recommendations)",Undergraduate degree completed before Aug 2027; age 18-28 as of 1 Aug 2027; NO work-experience requirement (verified) - fresh graduates apply directly,8 April 2026 (already open),"9 September 2026, 3pm EDT - VERIFIED and OPEN NOW (applications opened 8 April 2026) for the class enrolling August 2027",https://www.schwarzmanscholars.org/admissions/,One of the very few elite fully-funded options a 2026 fresh grad can apply to RIGHT NOW for an Aug-2027 start; builds a world-class leadership/business network (useful for entertainment entrepreneurship) though it teaches no audio skills; English test needed by Sept 2026 unless waiver applies,Unverified,verification agent returned nothing
Master's including business administration at GKS partner universities (1-year Korean language + 2-year degree),Korean universities via Global Korea Scholarship (GKS-Graduate),South Korea,Public and private partner universities,General-Business/MBA,Korean + English; scholars must generally reach TOPIK level 3 during the language year to proceed (reported),Covered by scholarship,Global Korea Scholarship (GKS) - Graduate,Full,"Reported: full tuition, round-trip airfare, monthly living allowance, health insurance, 1-year Korean language training (official portal was unreachable during verification - details UNVERIFIED)",Check (embassy-track country quotas change yearly - confirm with the Korean Embassy in Tunis when the 2027 guideline is published),N,Bachelor's degree; GPA threshold (reported ~80th percentile); age limit (reported under 40 for graduate); embassy or university track,~February 2027 (expected - confirm),PRIOR CYCLE - confirm new date (GKS-Graduate guidelines typically published ~February with embassy deadlines ~March for the September intake; next relevant cycle: Feb-Mar 2027 for Sept 2027),https://www.studyinkorea.go.kr/in/plan/scholarship.do,"Fully funded with no work-experience requirement, and Korea's entertainment/music industry (K-pop production ecosystem) is world-class - but the mandatory Korean language year adds a year and the K-industry is Korean-language-heavy",Unverified,verification agent returned nothing
"France Excellence Eiffel Scholarship (funding vehicle to pair with a French master, e.g. ATIAM, IMDEA, Dauphine)",Campus France / French Ministry for Europe and Foreign Affairs,France,Public,Sound/Music-Tech,N/A (follows host program),N/A (scholarship): tuition is explicitly NOT covered - pair with low-tuition public programs,France Excellence Eiffel,Full,"EUR 1,200/month (from Jan 2026) + international travel, insurance, housing assistance, cultural activities; 12-24 months at master level","Y (all non-French nationals; max age 29 at master level; cannot hold another French-government, Erasmus+ or AUF grant; must NOT already be studying in France; nomination ONLY via the French host institution)",N,Excellence-based; eligible fields include mathematics/digital and engineering sciences (covers ATIAM/IMDEA-type programs) and economics-management (covers business masters); arts programs generally NOT eligible - Check field mapping with each institution,PRIOR CYCLE: 1 October (annual),"PRIOR CYCLE - confirm new date (2026-27 cycle: institutions submitted files 1 Oct 2025 - 8 Jan 2026, results 30 March 2026; expect Oct 2026 - Jan 2027 for Sept 2027 entry)",https://www.campusfrance.org/en/the-france-excellence-eiffel-scholarship-program,The main realistic full-funding route for a Tunisian in France: apply to the program early (Oct-Nov 2026) and simultaneously ask the university's international office to nominate you for Eiffel before its January 2027 internal cutoff,Unverified,verification agent returned nothing
"Swiss Government Excellence Scholarships - Art Scholarships (funding umbrella for a first master's at any Swiss conservatory or university of the arts, incl. ZHdK, HEM, HKB, FHNW Basel, HSLU, CSI Lugano)","State Secretariat for Education, Research and Innovation (SBFI/SERI)",Switzerland,Public (federal scholarship scheme),Sound/Music-Tech,Depends on host program (German/French/English per school),"n/a (scholarship, not a program)",Swiss Government Excellence Scholarship - Art Scholarship for master's degree students in artistic fields,Full,UNVERIFIED on page read (scheme covers living stipend and typically fees/insurance; exact amounts published with country factsheets in Aug 2026),"Check - Tunisia is in the 183-country scheme, but the ART scholarship country list for 2027-28 is published 20 Aug 2026; verify Tunisia is on it via the Swiss embassy in Tunis","Y - portfolio demonstrating artistic maturity required, plus admission letter or proof of application to a Swiss arts/music university",First master's only (no prior master's held); bachelor completed by 31 July 2027; age limit (born after 31 Dec 1991 per current cycle info); art scholarships open to a LIMITED country list,"20 August 2026 (official, for 2027-28 cycle)",Country-specific embassy deadlines roughly Oct-Dec 2026 for the 2027-28 award; decisions by end of May 2027,https://www.sbfi.admin.ch/en/swiss-government-excellence-scholarships,"The single most important funding lever for the whole Swiss arts-track list: if Tunisia is on the 2027-28 art-scholarship list, it can fully fund a ZHdK/HKB/HEM/Basel sound master - timeline (apply Oct-Dec 2026) exactly matches the Sept 2027 intake.",Unverified,verification agent returned nothing
"WAVES - Erasmus Mundus Joint Master in Waves, Acoustics, Vibrations, Engineering and Sound (semester 2 at UPV Spain; consortium with Coimbra and Aix-Marseille)",Universitat Politecnica de Valencia (Spanish partner) - WAVES consortium,Spain (mobility: Portugal + Spain + France),Consortium,Acoustics/Audio-Eng,English,"EUR 7,000 total for self-funded non-EU (EUR 4,000 EU) - waived for scholarship holders",Erasmus Mundus Joint Master (EMJM) scholarship,Full,"Tuition + travel + living costs for selected students (official program statement); standard EMJM rules: mobility across >=2 program countries required, and recipients may NOT hold another EU-funded scholarship for the same study period",Y (Erasmus Mundus is open worldwide; Tunisians eligible as third-country nationals),N,"Bachelor (>=180 ECTS) in acoustics, physics, maths, mechanical/electrical/civil engineering OR computer science (candidate's CS degree explicitly qualifies); English CEFR B2 (TOEFL/Cambridge/EF SET accepted); Europass CV, 2 recommendation letters, 500-word cover letter, certified transcripts",UNVERIFIED (EM scholarship round typically opens autumn),UNVERIFIED - registration platform currently closed between cycles; EM scholarship deadlines are typically Dec-Feb for the following Sept - confirm on master-waves.eu for Sept 2027,https://www.master-waves.eu/ (UPV page: https://www.upv.es/estudios/master/muemwaves/en/home/),"The ONLY realistically fully-funded sound-related route in this slice: full EM scholarship covering tuition+travel+stipend, English-taught, CS bachelors explicitly eligible; content is acoustics/engineering rather than music production - positions him as an audio-tech expert, needs B2 English cert",Unverified,verification agent returned nothing
"FUNDING SCHEME - Italian Government (MAECI) Scholarships for Foreign Students: covers Laurea Magistrale AND AFAM 1st/2nd-cycle programmes (i.e., conservatory bienni)",Italian Ministry of Foreign Affairs (MAECI) - any eligible Italian public/recognized institution,Italy,Public,Sound/Music-Tech,"Programme-dependent: B2 Italian for Italian-taught, B2 English for English-taught (no Italian proof needed for English programmes)",n/a - some universities exempt MAECI holders from tuition; regional fees still due (VERIFIED in call),MAECI Scholarship (Borse di studio del Governo Italiano),Full,"EUR 10,800 total over 9 months (Nov-Jul), paid in 3 installments (5,500/2,300/3,000) + collective health insurance + possible tuition exemption; renewable (VERIFIED in official call)",Y (Tunisia on the Study in Italy eligible-country list; selection is per-country),N (but host programme's own admission/audition still applies),Age <=28 at deadline (he must check his age at the 2027 deadline); bachelor completed; B2 language certificate (English or Italian) - IELTS/equivalent must be obtained; online application via Study in Italy portal,Expected ~Feb 2027 on studyinitaly.esteri.it (prior cycle opened March),PRIOR CYCLE - 2026-27 call closed 26 March 2026; 2027-28 call expected ~Feb-Mar 2027 - confirm,https://www.esteri.it/wp-content/uploads/2026/03/Bando-26-27-ENG.pdf,THE key full-funding route for this candidate in Italy - uniquely covers conservatory (AFAM) electronic-music bienni as well as university LMs; cannot be cumulated with other Italian government grants.,Unverified,verification agent returned nothing
"NAWA Banach Scholarship Programme (funding vehicle for any 2nd-cycle degree in Poland at science-ministry public universities, Polish- or English-taught)","NAWA — Polish National Agency for Academic Exchange (applies to e.g. AGH, Gdansk Tech, University of Silesia)",Poland,"Public (consortium of universities with NAWA framework agreements, supervised by Minister of Science and Higher Education)",Sound/Music-Tech,"Polish (B2, or B1 + 1-year funded preparatory course) OR English (B2)",Tuition exemption at public universities for scholarship holders (verified in 2026 call),Prof. Stefan Banach NAWA Programme,Full,"PLN 2,500/month (max 12 months/academic year) + tuition exemption + international travel lump sum; selection ~70% weight on bachelor GPA + video self-presentation (1-3 min)","Y — Tunisia explicitly listed (Group 3) in Call No. 16/2026; must not hold a master's; bachelor obtained in a programme country no earlier than 2024 (a 2026 SMU MedTech graduate qualifies for the next call — confirm SMU's recognition as first-cycle degree and note private-university degrees from Tunisia are fine, but the POLISH host must be public for tuition exemption)",N (video self-presentation + GPA-based selection),Citizenship of eligible country; no Polish citizenship; proof of participation in admission at a qualifying Polish university; language certificate B2 (English path) — IELTS/TOEFL needed,April 2027 expected (2026 call announced 13 April 2026),"PRIOR CYCLE - confirm new date (2026 call: 8 May 2026, 15:00 Warsaw, or when country-group quota of 300 applications reached)",https://nawa.gov.pl/en/students/foreign-students/the-banach-scholarship-programme,The single best fully-funded route in this slice for a Tunisian; pairs with AGH Acoustic Engineering or Gdansk Tech Sound & Vision; NOT usable at music academies (culture-ministry) or private schools; cannot be combined with another NAWA 2nd-cycle scholarship; candidate must take IELTS/TOEFL (B2) in time.,Unverified,verification agent returned nothing
"Stipendium Hungaricum-funded master's study in Hungary (umbrella scheme across ~30 host universities incl. Liszt Academy, Pécs, Debrecen, Corvinus)",Tempus Public Foundation / Government of Hungary,Hungary,Public (state scholarship scheme),Sound/Music-Tech,English-taught programmes (900+ across partner universities),Not applicable - scholarship waives 100% of tuition,Stipendium Hungaricum,Full,"Full tuition + monthly stipend HUF 43,700 (MA level, 12 months/yr) + housing allowance HUF 40,000/month or dormitory + medical insurance; travel NOT covered",Y - Tunisia has a dedicated official country page; dual application required: SH DreamApply portal + nomination by Tunisia's Ministere de l'Enseignement Superieur (sending partner). Note: SH recipients cannot simultaneously hold another scholarship for the same studies - relevant if also pursuing Erasmus Mundus (EMJM rules likewise bar holding another EU-funded grant for the same study period),Check per host programme (music programmes require video audition materials),"Bachelor's degree, programme-specific requirements, language certificate usually required (TOEFL/IELTS/Cambridge for arts programmes - candidate should book a test before Nov 2026), medical certificate",PRIOR CYCLE: 17 Nov 2025 for 2026/27 intake; expect ~mid-Nov 2026 for Sept 2027,PRIOR CYCLE - confirm new date (was 15 Jan 2026 for the 2026/27 cycle; expect ~15 Jan 2027),https://stipendiumhungaricum.hu/country/tunisia/,"THE key funding vehicle for this candidate in this slice: fully funded, Tunisia-eligible, ~250 scholarships/yr for Tunisia (per 2026-27 aggregator reports - confirm quota officially). Main gap: Hungary's SH-eligible music masters are classical, so best combined with Corvinus (business) or checked yearly for new music-tech programmes in the SH study finder.",Unverified,verification agent returned nothing
Chevening Scholarship - fully funded 1-year master's at ANY UK university (portable; combine with any program above),UK Government (FCDO) - Chevening,United Kingdom,Consortium,General-Business/MBA,English,N/A - scholarship scheme,Chevening Scholarship,Full,Full tuition + monthly living stipend + return flights + visa + arrival allowances,Y (Tunisia has a dedicated Chevening page),N (essays + references + interview at UK embassy),"Tunisian citizens explicitly eligible; undergraduate degree qualifying for UK master's; AT LEAST 2 YEARS' work experience (2,800 hours) - KEY RISK for a fresh graduate; must return to Tunisia for 2 years after; apply to 3 UK courses; no IELTS required by Chevening itself (university requirements still apply)","August 2026 (expected, per Chevening timeline)",For Sept 2027 intake: applications expected to open Aug 2026 and close early Oct/Nov 2026 (aggregators cite 6 Oct 2026) - CONFIRM exact date on chevening.org when the cycle opens,https://www.chevening.org/scholarship/tunisia/,"THE main fully-funded route for a Tunisian into any UK program in this list (Westminster MA MBM, York MSc, QMUL MSc etc.); the 2-years-work-experience rule means he may need to bank freelance/DJ/software work hours before the Oct 2026 deadline - freelance and part-time work count toward the 2,800 hours.",Unverified,verification agent returned nothing
Government of Ireland International Education Scholarship (GOI-IES) - applies to ANY taught masters at eligible Irish HEIs (incl. all public programs above),"Higher Education Authority (HEA), Ireland",Ireland,Public,Sound/Music-Tech,English (must meet the host program's own requirements),N/A - scholarship scheme,Government of Ireland International Education Scholarships,Full,"EUR 10,000 stipend for one year + FULL tuition fee waiver from the host institution (1 year of NFQ L9 taught masters); ~60 awards/yr",Y - requires domiciliary of origin OUTSIDE EU/EEA/Switzerland/UK (Tunisia qualifies; only Russia/Belarus excluded in 2026 call),N (competitive application on merit after securing/holding an offer from an eligible Irish HEI),"First apply for admission to a masters at a participating Irish HEI, then apply to the HEA call; all disciplines eligible",Prior call published Jan 2026; 2027 call UNVERIFIED,PRIOR CYCLE - confirm new date (2026 call closed 12 March 2026; 2027/28 call expected to open ~Jan 2027 - perfectly timed for a Sept 2027 start),https://hea.ie/policy/internationalisation/goi-ies/,"The single most important funding lever for this Tunisian candidate in Ireland: converts ANY of the public-university programs above (TCD MMT, Maynooth SMC, UCC, UL, TU Dublin, DkIT) into a fully funded year - apply to programs Nov-Dec 2026, then GOI-IES ~Feb-Mar 2027.",Unverified,verification agent returned nothing
MFA in Sonic Practice (successor to the MA in Digital Musics),Dartmouth College (Guarini School / Dept. of Music),USA,Private (Ivy League),Sound/Music-Tech,English,Covered by funding (nominal tuition UNVERIFIED),Dartmouth Guarini fellowship funding - program is fully funded like its Digital Musics predecessor,Full,Tuition coverage + stipend for admitted students (Dartmouth news/official announcement); exact stipend for this program Check,Y,Y - 3 work samples + three 250-word essays + musical background supplement; 3 recommendations; personal statement; GRE optional; $100 fee,"Bachelor's in a relevant field + demonstrated experience in sonic arts (electronic music, spatial audio, sound installation, songwriting, improvisation etc.); TOEFL/IELTS/Duolingo required for non-US-educated internationals",UNVERIFIED (Guarini application typically opens Sept),Jan 15 (fall intake) - PRIOR CYCLE - confirm for Fall 2027,https://graduate.dartmouth.edu/academics/programs/sonic-practice,"THE standout for funding: the only fully funded (tuition + stipend) sound/electronic-music graduate program found in the US sweep; 3-year MFA, experimental rather than commercial - electronic-music portfolio from DJ/production work plus CS skills is a credible application",Unverified,verification agent returned nothing
Fulbright Foreign Student Program for Tunisia (funds a US master's in any of the above),US Dept. of State / AMIDEAST Tunisia (placement at a US university),USA,Consortium,Sound/Music-Tech,English (Long-Term English track available for near-miss English levels),Fully covered by the grant,Fulbright Foreign Student Program (administered by AMIDEAST Tunisia),Full,"Tuition, living allowance/monthly stipend, round-trip travel, books/equipment, limited health benefits",Y,"N (academic application: transcripts, 3 recommendations, personal statement, study objectives)","Tunisian citizen residing in Tunisia through selection; US-equivalent bachelor's; English test scores; must not have lived in US 5+ of last 6 years; most disciplines eligible incl. technology/engineering (music-tech placement Check with AMIDEAST); note: Fulbright places you, you don't always pick the exact school",Expected ~Feb-Apr 2027 for the 2028 cohort (UNVERIFIED - monitor AMIDEAST/US Embassy Tunis),"2027-intake cycle closed Jun 30, 2026 (application currently CLOSED); next cycle (2028 intake) expected to open early 2027 - confirm with AMIDEAST",https://www.amideast.org/fulbright-foreign-student-program-for-tunisia,"The single most important full-funding vehicle for a Tunisian heading to ANY US program on this list (esp. unfunded ones like Stanford CCRMA, USC, NYU); 2027 deadline just passed on Jun 30, 2026 - for a Sept 2027 self-placed intake use university assistantships instead, or target Fulbright for a 2028 start",Unverified,verification agent returned nothing
"Master of Music in Music Production, Technology, and Innovation (MPTI)",Berklee College of Music - Valencia Campus,Spain,Private,Sound-Design/Production,English,"USD 1,615/credit for 2026-27 (verified); MPTI is 32-33 credits over 3 semesters (1 academic year) => ~USD 52,000-53,500 tuition, plus USD 1,600 comprehensive fee, USD 150 application fee, USD 2,500 deposit (credited), software bundle USD 200-850","Berklee General Scholarship (all master's applicants, merit-based, automatic via scholarship application); Berklee Valencia Diversity Scholarship up to 50% tuition (4/yr); Outstanding Women Scholarship up to 70% tuition (1 per programme); total awards capped at 90% of tuition. (The '>EUR 125,000 pool' figure was NOT found on the current official page.)",Partial,Tuition-only awards split across the 3 semesters; no living stipend,Y (no nationality restrictions on the main scholarships),Y,"Bachelor's degree; excellent musicality, facility with technology, artistic + academic success; creative portfolio/submission; English if degree not English-taught: recommended IELTS 7.5 / TOEFL iBT ~80 (pre-2026 scale) / Duolingo 120 - a HIGH English bar given tests not yet taken; placement exams (Engineering, Ableton) after admission",Check (typically autumn before entry year; scholarship application submitted after program application via portal),"Recurring annual pattern verified on official deadlines page (year not stated): Early Action 1 Nov (scholarship 15 Nov), Regular 15 Jan (scholarship 1 Feb), Extended 10 Mar. For Sept 2027 entry expect 1 Nov 2026 / 15 Jan 2027 / 10 Mar 2027 - confirm cycle year when portal opens. 2026-entry deadlines have passed.",https://valencia.berklee.edu/graduate-programs/mpti/music-production-technology-and-innovation,"Verified best career-goal match: official page explicitly targets producers, DJs, electronic composers and music technologists; 1-year, 3-semester format with optional internship semester; remains an expensive private option (~USD 55k+ all-in) softened by merit scholarships up to 50-90% for exceptional candidates",Verified,"Verified on official Berklee Valencia pages: programme content/audience, 3-semester structure, credit count, 2026-27 per-credit tuition (USD 1,615) and fees, scholarship lineup and caps, and the Nov 1 / Jan 15 / Mar 10 deadline structure. Deadline page does not state the entry year - treat as recurring pattern. English scores are 'recommended' minimums per Berklee admissions."
Master of Arts in Global Entertainment and Music Business (GEMB),Berklee College of Music - Valencia campus,Spain,Private,Music-Business,English,"USD 50,430 tuition + USD 1,600 comprehensive fee = USD 52,030 (September 2026 entry, 3 semesters/1 year; $1,615 per credit)",,Partial,General merit awards (variable) + Diversity Scholarship up to 50% of tuition; combined awards capped at 90%; no living stipend,Y,N (business track; essay and interview instead - confirm specifics on admissions page),Bachelor's degree (any field - software engineering accepted); application essay/interview; English proficiency test required (candidate has not yet taken IELTS/TOEFL); scholarship consideration requires admission application by the matching deadline,Program application: Nov 1 (early action) / Jan 15 (regular action) annually,"Scholarship deadlines: Nov 15 (early action) / Feb 1 (regular action, also Diversity Scholarship deadline) - annual cycle, confirm 2027 dates when published",https://valencia.berklee.edu/scholarships-financial-aid/scholarships-for-graduate-programs,"Top music-business master's directly serving his DJ/producer industry-knowledge goal. Scholarship menu confirmed: Berklee General Scholarship (variable), Diversity Scholarship up to 50% of tuition (up to 4/year, for demonstrated leadership in underrepresented/diverse communities - a Tunisian applicant can argue fit), stacking capped at 90%. Outstanding Women Scholarship (up to 70%, GEMB-eligible) not applicable to a male candidate. Even at 50% award, ~$26k tuition + Valencia living costs remain self-funded.",Verified,"Official Berklee Valencia scholarships page fetched 12 Jul 2026: deadlines (Nov 1/Nov 15 early; Jan 15/Feb 1 regular; Diversity Feb 1), Diversity up to 50%, 90% stacking cap all confirmed. Tuition verified on official tuition page: $50,430 + $1,600 fee for Sept 2026 graduate entry. 2027-cycle dates follow the same annual pattern but confirm when published. No nationality restrictions stated."
Master of Music in Sonology (Institute of Sonology),Royal Conservatoire The Hague (Koninklijk Conservatorium),Netherlands,Conservatory,Sound/Music-Tech,English,"EUR 11,488/yr non-EEA institutional fee (2026-27, confirmed on koncon tuition page); EU statutory EUR 2,694","NL Scholarship (non-EEA) and Koncon Excellence Scholarship (all nationalities) - both confirmed on koncon scholarships page; limited number, cannot combine",Partial,"NL Scholarship = EUR 5,000 one-off (national scheme); Excellence Scholarship amount not published - awarded by the Principal on head-of-department nomination (by 1 July) for exceptional entrance-exam performance. No full funding, no living stipend",Y (non-EEA; NL Scholarship targets non-EEA students),"Y (selection on portfolio of previous compositions, sound installations, recordings of live performances, or research results such as computer programs/articles/theses; NO live admission exam; plus a two-page study plan with project, research question, and 4-semester timeline)","Bachelor of Music in Sonology or equivalent - page explicitly notes many students hold bachelors in 'composition, computer science, musicology' or as performers; 2-year research-driven program; non-EU/EEA admits must prove English before 1 Sept: minimum IELTS 6.0 or TOEFL 80 (TOEIC/Cambridge also accepted)",Check (via Studielink under 'Royal Academy of Art/Royal Conservatoire The Hague'; new cycle expected to open autumn 2026 for Sept 2027),"PRIOR CYCLE - confirm new date (2026 cycle: Studielink registration deadline 26 February, decision by 1 April; program page currently shows 'Applications closed')",https://www.koncon.nl/en/programmes/master/sonology/master-sonology,World-famous electronic/computer-music institute that explicitly admits computer-science graduates and selects on portfolio with no live audition - strong fit for this CS grad; note candidate must pass IELTS 6.0/TOEFL 80 by 1 Sept of entry year (test not yet taken),Verified,"Program page, tuition page (EUR 11,488 non-EEA 2026-27), scholarships page (NL + Excellence), and apply-page details (26 Feb Studielink deadline, portfolio/study plan, IELTS 6.0/TOEFL 80 before 1 Sept) all confirmed 12 Jul 2026 via koncon.nl (apply details corroborated by koncon apply page and sonology.org). Excellence Scholarship amount/coverage not published - check with department."
MA in Global Entertainment and Music Business (GEMB),Berklee College of Music - Valencia Campus,Spain,Private,Music-Business,English,"USD 1,615/credit for 2026-27 (verified); GEMB is 34-35 credits (60 ECTS) over 3 semesters => ~USD 55,000-56,500 tuition, plus USD 1,600 comprehensive fee and standard fees",Berklee General Scholarship (all master's applicants); Outstanding Women Scholarship up to 70% tuition specifically names GEMB (1 recipient); Diversity Scholarship up to 50% (4/yr campus-wide); awards capped at 90% of tuition,Partial,Tuition-only discounts; no living stipend,Y,N,"Bachelor's degree; profile sought: executive/managerial or entrepreneurial goals, business knowledge, understanding of entertainment industry and tech, leadership experience; no audition/portfolio mentioned on official page; English if degree not English-taught: recommended IELTS 7.5 / TOEFL ~80 / Duolingo 120",Check,"Recurring annual pattern (verified, year unstated): Early 1 Nov / Regular 15 Jan / Extended 10 Mar, scholarship deadlines 15 Nov / 1 Feb / 10 Mar. For Sept 2027 expect Nov 2026 - Mar 2027 windows; confirm cycle year.",https://valencia.berklee.edu/graduate-programs/gemb/global-entertainment-and-music-business,"Track-2 flagship confirmed: 1-year music-industry MA inside a working music school with 50+ networking events, 40+ guest speakers and live projects with Sony Music Germany / Kobalt - strongest industry-network play; self-pay ~USD 57k all-in with partial merit aid only",Verified,"sourceUrl upgraded from the scholarships page to the verified official GEMB programme page. Verified: programme existence/content, 34-35 credits / 60 ECTS / 3 semesters, 2026-27 per-credit tuition, scholarship eligibility (incl. GEMB-specific Outstanding Women up to 70%), deadline structure. Not fully pinned: 2027-cycle dates and whether an interview is formally required."
"MA Cultural Economics and Entrepreneurship (1 year, 60 ECTS)",Erasmus University Rotterdam (ESHCC),Netherlands,Public,Music-Business,English,"EUR 21,000 non-EEA institutional fee (ESHCC masters 2026-27, confirmed on EUR tuition-fee page); EU statutory EUR 2,694","NL Scholarship (non-EEA, EUR 5,000) + Erasmus Trustfonds Scholarship (amounts vary - check)",Partial,"NL Scholarship EUR 5,000 one-off; Trustfonds amounts vary - Check",Y,N,"Research-university bachelor with good results PLUS 'some training in economics at university level' and documented sustained interest in arts/culture - a pure CS/software degree is unlikely to qualify without economics coursework; IELTS 7.0 (6.5 subscores) / TOEFL iBT 100 (23 subscores), test max 2 years old; no GMAT/GRE mentioned",Check (~Oct 2026 for Sept 2027),PRIOR CYCLE - confirm new date (EEA deadline shown as 15 May; non-EEA English-proof deadline 1 May; full non-EEA application deadline for Sept 2027 not yet published),https://www.eur.nl/en/master/cultural-economics-and-entrepreneurship,"Leading economics-of-creative-industries program in Europe, strong for music-business/label/event economics - but admissions explicitly require university-level economics training, a real hurdle for this CS candidate; expensive for non-EEA with only partial scholarships",Verified,"Program, 1-year/60 ECTS, English, and admission page confirmed. Tuition EUR 21,000 non-EEA (2026-27) confirmed on EUR institutional-fee page (single ESHCC master rate). Key correction: admission requires economics training at university level - CS admission is doubtful, not merely 'to be checked'. English bar is higher than typical (IELTS 7.0/TOEFL 100). Non-EEA application deadline for 2027 intake not yet published."
"Master's Programme in Live Electronics (MMus, 2 years, 120 ECTS)",Conservatorium van Amsterdam (AHK),Netherlands,Conservatory,Sound/Music-Tech,English,"EUR 8,250/yr non-EEA institutional fee for CvA Master Music (2026-27, AHK tuition page); note AHK states institutional fees will 'gradually increase to a minimum of EUR 10,000'; EU statutory EUR 2,694","NL Scholarship via AHK - confirmed: AHK participates with 13 NL Scholarships for 2026 (EUR 5,000, non-EEA; 2026 application window was 1 Feb - 30 Apr)",Partial,"EUR 5,000 one-off; no living stipend; no full-funding scheme found at AHK",Y (non-EEA; Switzerland/Suriname are the only extra exclusions),Y (links to audio/video recordings of a live electronic music performance + motivation letter; selected candidates give a live electronic performance of max 10 minutes followed by ~10-minute interview; online audition possible for internationals),"Instrumental bachelor's degree or equivalent; explicitly 'targeted towards performers with a music-driven interest in electronics and technology, which could also include laptopists, or software-based musicians' with proficiency in music theory and sufficient performance level; own recent MacBook Pro, Max (Cycling '74), Ableton Live, professional audio/MIDI interface, mics/cabling required",Check (apply via https://apply.conservatoriumvanamsterdam.nl/; new cycle expected autumn 2026 for Sept 2027),"PRIOR CYCLE - confirm new date (closing date was 1 March 2026 for the Sept 2026 intake, per CvA closing-dates page)",https://www.conservatoriumvanamsterdam.nl/en/study/focus-masters/live-electronics/,"Explicitly welcomes laptop/Ableton/Max performers - directly relevant to live electronic performance and DJ practice; the bar is demonstrable music-theory and live-performance level, which the candidate must evidence in the audition",Verified,"Program page confirmed 12 Jul 2026 (language, ECTS, laptopist wording, equipment list, audition format). Deadline 1 March 2026 confirmed on CvA closing-dates page (prior cycle). Tuition EUR 8,250 (Master Music) from AHK tuition-fees page 2026/27. AHK NL Scholarship participation (13 awards, EUR 5,000) confirmed via ahk.nl/en/nl-scholarship."
MA Music Business Management,"University of Westminster, London",United Kingdom,Public,Music-Business,English,"GBP 16,000/year (official 2026-27 course page; aggregator's GBP 15,000 was wrong)","International Postgraduate Excellence Award (GBP 3,000)",Partial,"GBP 3,000 International Postgraduate Excellence Award (tuition-fee reduction only; cannot offset the GBP 5,500 CAS deposit); Richard Antwi Scholarship on course page is Home-fee only, not applicable",Y,N,"2:1 or 2:2 honours degree; personal statement showing understanding of the course; IELTS 6.0 (min 5.5 speaking and writing) at application, 6.5 (min 6.0 writing) by course start - candidate has NOT yet taken IELTS",Rolling applications; September 2026 and September 2027 intakes both listed on official course page,Course: rolling (see How to apply page). International Postgraduate Excellence Award: 26 June 2026 for Sept 2026 start (PASSED); Sept 2027 round not yet published - PRIOR CYCLE - confirm new date,https://www.westminster.ac.uk/music-courses/2026-27/september/full-time/music-business-management-ma,Confirmed strong music-business MA fit for DJ/producer career; software-engineering degree meets the 2:2+ bar; IELTS is the actionable gap,Verified,"Official course page confirms program, both Sept 2026 and Sept 2027 intakes, GBP 16,000 intl fee, and entry/IELTS requirements. Excellence Award page confirms GBP 3,000, open to overseas-fee students of any nationality, min UK-equivalent good 2.1; but its published deadline (26 Jun 2026) was for Sept 2026 and has passed - Sept 2027 cycle dates not yet published. Prior record's '30 Nov 2026 / Jan 2027 intake' deadline not found on the official award page. No full scholarship found for this program."
"Master of Music, pathway Music Design (Music & Technology - strands: Composition, Music Production, Music Technology, Sound Design)",HKU University of the Arts Utrecht,Netherlands,Public,Sound/Music-Tech,English (page confirms: 'The lessons that are offered to the MMus are taught in English'),"UNVERIFIED - non-EEA institutional fee published only via HKU Tuition Fee Calculator (no flat figure on site); EU statutory EUR 2,694 (2026-27)","NL Scholarship - CONFIRMED on hku.nl for the HKU Master of Music (also MFA/Scenography): EUR 5,000 for non-EEA students",Partial,"EUR 5,000 one-off in first year only; HKU page explicitly notes it is 'not a full-tuition scholarship'; no living stipend; applicant must show a feasible financial plan for the whole study period",Y (Tunisia is non-EEA and not excluded; NL Scholarship requires no prior Dutch degree),Y,"Bachelor in relevant field OR professional experience at comparable level (exception possible for candidates without a Bachelor of Music given 'exceptional talent and a steady track record'); portfolio, motivation letter, study plan, CV; English proficiency per HKU general requirements. Four strands (Music Technology, Music Production, Sound Design, Composition) which students may combine",1 October 2026 (official page states applications for 2027-2028 open October 1),PRIOR CYCLE - confirm new date (2026-27 cycle upload deadlines were 24 Nov / 12 Jan / 16 Feb / 13 Apr; non-EU/EEA advised to apply before 1 April; expect similar pattern for Sept 2027),https://www.hku.nl/en/study-at-hku/music-and-technology/master-of-music-pathway-music-design,"Best-fit NL option for this candidate: explicit Music Production/Music Technology/Sound Design strands, combinable, and open to non-music bachelors with strong portfolio - ideal for a software engineer turned producer/DJ; NL Scholarship participation for MMus confirmed",Verified,"Program page fetched 12 Jul 2026: strands, English teaching, entry requirements, rolling deadlines, 1-Oct opening for 2027-28, and NL/Holland Scholarship mention all confirmed. NL Scholarship details (EUR 5,000, non-EEA, MMus eligible, application from mid-Nov) confirmed via hku.nl NL Scholarship page surfaced in search. Only gap: exact non-EEA institutional tuition (calculator-only; site warns fees 'may rise considerably in coming years')."
"Master in Immersive Audio (MMus, 2 years, 120 ECTS)",Conservatorium van Amsterdam (AHK),Netherlands,Conservatory,Sound-Design/Production,English,"EUR 8,250/yr non-EEA institutional fee for CvA Master Music (2026-27, AHK tuition page; rising toward minimum EUR 10,000 in coming years); EU statutory EUR 2,694","NL Scholarship via AHK - confirmed: 13 NL Scholarships for 2026 (EUR 5,000, non-EEA)",Partial,"EUR 5,000 one-off; no living stipend",Y (non-EEA),"Y (motivation letter covering journey/interests/career goals, detailed CV, at least three high-quality stereo recordings in diverse musical styles; Stage 2: on-the-spot 10-minute stereo mix of a pre-recorded 24-track session in Pro Tools)","BA in Music or closely related field; candidates with sound-engineering or music-technology credentials (e.g. Abbey Road Institute, SAE or equivalent) may be considered; 'significant experience in audio engineering at a professional level is required'; proficiency in Pro Tools (or main DAW), Ableton or other industry-standard DAWs mandatory",Check (apply via https://apply.conservatoriumvanamsterdam.nl/; new cycle expected autumn 2026 for Sept 2027),"PRIOR CYCLE - confirm new date (closing date was 1 March 2026 for the Sept 2026 intake, per CvA closing-dates page)",https://www.conservatoriumvanamsterdam.nl/en/study/classical-music/principal-subjects/immersive-audio/,"Cutting-edge spatial-audio production master (music, gaming, VR/AR) that considers sound-engineering/music-tech backgrounds - strong producer-oriented option, but the stated requirement of professional-level audio-engineering experience plus the timed Pro Tools mix test is a real hurdle for a fresh software-engineering graduate",Verified,"Program page confirmed 12 Jul 2026 (entry requirements, 3-stereo-recordings portfolio, Pro Tools 24-track mix test, DAW requirement, English, 120 ECTS). Deadline 1 March 2026 (prior cycle) from CvA closing-dates page; tuition and NL Scholarship from AHK pages as for Live Electronics."
"Master of Music (individual study route, artistic identity focus)","ArtEZ University of the Arts, Arnhem",Netherlands,Public,Sound/Music-Tech,English,"EUR 13,030/yr institutional fee for master's programmes, 2026-27 (official ArtEZ tuition-fees page); statutory fee EUR 2,694 for EU","NL Scholarship (EUR 5,000, non-EEA, first year only; ArtEZ participates - official page) + ArtEZ Scholarship (EUR 5,000 per year for degree duration, for excellent non-EU students)",Partial,"EUR 5,000 one-off (NL Scholarship) and/or EUR 5,000/yr (ArtEZ Scholarship) against EUR 13,030/yr fee; no living stipend; non-EU financial guarantee required by 31 May",Y,Y (entrance exam required; apply before 1 Feb for main exam round 30 Mar-1 Apr; the specific '45-min audition + video introduction' format was NOT re-confirmed on the fetched page - verify format with conservatoire),"Relevant bachelor + entrance exam (audition/interview, 5-step admission); English proficiency (exact test scores not stated on page); non-EU financial guarantee by 31 May","Check (entrance-exam application window not published for 2027 cycle; NL Scholarship application opened 1 Feb 2026 after admission, docs by 1 May 2026 - prior cycle)",PRIOR CYCLE - confirm new date (2026 cycle: apply by 1 Feb for main entrance exams 30 Mar-1 Apr; non-EU/EEA enrolment deadline 31 May; start 31 Aug 2026),https://www.artez.nl/en/programmes/master/master-of-music-arnhem,Design-your-own-path 2-yr MMus (120 ECTS) - viable only if the candidate can pass a music-performance entrance exam; net cost ~EUR 8-13k/yr after EUR 5k-level scholarships,Verified,"Official programme page fetched 12 Jul 2026: confirms existence, English, 2 yrs/120 ECTS, Arnhem, start 31 Aug 2026, exam apply-by 1 Feb, non-EU enrolment deadline 31 May. Tuition EUR 13,030 (2026-27 masters institutional) from official ArtEZ tuition page. NL Scholarship EUR 5,000 and ArtEZ Scholarship EUR 5,000/yr confirmed on official artez.nl scholarship pages. Not confirmed: exact audition format (45-min claim) and English test thresholds - check admission-requirements subpage. All dates are 2026-cycle; 2027 dates unpublished."
Master of Music - study routes New York Jazz and NAIP (New Audiences & Innovative Practice),"Prince Claus Conservatoire, Hanze University of Applied Sciences, Groningen",Netherlands,Conservatory (public - part of Hanze UAS),Sound/Music-Tech,English,"EUR 9,302/yr non-EU institutional master fee per Hanze 2025-26 master booklet - confirm 2026-27/2027-28 rate via Hanze fee calculator","Built-in funded NY semester (NY Jazz route); NL Scholarship at Hanze (EUR 5,000 one-off, non-EEA, confirmed on Hanze pages); Hanze Scholarship (EUR 10,000/yr living allowance paid EUR 1,000/month, non-EEA) - confirm Master of Music eligibility for the latter",Partial,Third semester in New York is compulsory and 'financed and guided by the Prins Claus Conservatorium' (not an exchange) - verified on official route page; plus personal lesson budget for private lessons with NY teachers; NL Scholarship cannot reduce tuition (one-off payment),Y,"Y (pre-selection: 3 performance videos on YouTube + 1 introduction video max 2 min, CV max 2 pages, study plan max 2 pages; then live audition = performance + interview)",Bachelor of Music-level performance ('convincing musical and artistic capacities'); video pre-selection + audition (performance + interview); English proficiency; NAIP route also exists for innovative-practice profiles,Check (via Studielink; 2027-28 window not yet announced),PRIOR CYCLE - confirm new date (Studielink by 1 March 2026 for 2026-27 intake; official page states 'Information about the application deadline for study year 2027-2028 will follow'),https://www.prinsclausconservatorium.nl/en/programmes/master-of-music,"The funded New York semester is real and verified, but the jazz-performance audition (3 performance videos) makes this a stretch for a DJ/producer without instrumental performance chops",Verified,"Old hanze.nl URL 301-redirects to prinsclausconservatorium.nl - sourceUrl updated. Official pages fetched 12 Jul 2026: routes (Classical, New York Jazz, NAIP), English, 2 yrs/120 ECTS, Sept start, Studielink 1 Mar 2026 deadline (prior cycle), audition materials confirmed. NY-route page verbatim: third semester 'financed and guided by the Prins Claus Conservatorium'. Route page: https://www.prinsclausconservatorium.nl/en/programmes/master-of-music/study-routes/new-york-jazz. Tuition figure is 2025-26 booklet value - confirm current year. Hanze NL Scholarship and Hanze Scholarship confirmed at university level; programme-level eligibility to confirm."
"MSc Creative Intelligence & Technology (formerly Media Technology MSc) - creative research with technology, incl. sound/installation work",Leiden University (LIACS + Academy of Creative and Performing Arts),Netherlands,Public,Sound/Music-Tech,English,"EUR 22,500/yr institutional fee (2026-27, per Leiden tuition-fees pages) - higher than the ~EUR 20k estimate in the lead","Leiden University Excellence Scholarship (LExS) - Faculty of Science IS listed as eligible and CRIT sits in the Faculty of Science (LIACS), so programme qualifies; fixed award levels EUR 10,000 / 15,000 / 17,500 / 18,500 / 19,000 for full programme duration",Partial,"LExS is a partial tuition waiver only - no living costs; ~25 awards/year vs 1,000+ applicants; indicative bar = top 10% of graduating class",Y,N (no portfolio requirement found; motivation/research-fascination driven admission),Bachelor in ANY field (official/testimonial: 'very open to any field of previous Bachelor education'); shared fascination for research and technology; English proficiency required (exact IELTS/TOEFL thresholds not re-confirmed - candidate must sit a test),Via Studielink; for Sept 2027 apply from ~Oct 2026; Feb 2027 intake application already actionable (non-EU deadline 15 Oct 2026),"Sept 2027 intake: non-EU deadline 1 April 2027; Feb 2027 intake: non-EU deadline 15 October 2026 (per Leiden programme pages - both future dates, still confirm on the deadlines subpage nearer the time)",https://www.universiteitleiden.nl/en/education/study-programmes/master/creative-intelligence--technology,"Best on-paper fit in this batch for a software engineer into creative audio/interactive work: any-bachelor admission, Feb AND Sept intakes, and the Sept 2027 non-EU deadline (1 Apr 2027) is already known; research/exhibition-first though, not production training",Verified,"Official programme + admission pages fetched 12 Jul 2026: existence, rename from Media Technology, English, 2 yrs, Sept+Feb starts, open-field admission all confirmed on universiteitleiden.nl. Tuition EUR 22,500 (2026-27) and deadlines (15 Oct 2026 for Feb 2027 non-EU; 1 Apr 2027 for Sept 2027 non-EU) from Leiden pages via search. LExS eligibility (Science faculty) and amounts confirmed via official LExS page in search results. Not pinned down: exact English test scores and LExS application deadline for 2027 entry."
"MA Applied Musicology (1 year, 60 EC - music industry infrastructure, internship + thesis)",Utrecht University,Netherlands,Public,Music-Business,English,"EUR 21,342/yr non-EU/EEA institutional fee 2026-27 (verbatim from official UU programme page)","NL Scholarship (UU participates - listed on official UU scholarships page; national scheme = EUR 5,000 one-off). Utrecht Excellence Scholarship CONFIRMED DISCONTINUED for programmes starting 2026-27 onward due to budget cuts (no longer on UU's scholarship list)",Partial,"EUR 5,000 one-off vs EUR 21,342 tuition; no living stipend; also Bright Minds Fellowships exist but are geared to other faculties - check",Y,N (academic/selective admission: motivation letter + seminar paper or BA thesis demonstrating musicology theory),VERIFIED BARRIER: at least 60 EC of Music/Musicology components at bachelor level (official wording) + ability to interpret/apply musicology theory shown via seminar paper or BA thesis + convincing motivation letter; English: IELTS Academic 6.5 overall (min 6.0 each) or TOEFL iBT 93 (R24/L22/S20/W20) - candidate must sit a test; programme is selective; internships at concert halls/ensembles/agents/media confirmed as part of programme,1 October (annual; i.e. 1 Oct 2026 for the Sept 2027 intake),"Annual pattern on official page (no year attached): applications open 1 Oct; scholarship candidates 1 Feb; non-EU passport holders 1 Apr; EU 1 Jun - for Sept 2027 this implies non-EU deadline 1 Apr 2027, confirm when 2027 cycle publishes",https://www.uu.nl/en/masters/applied-musicology,"Industry-facing musicology with a built-in internship is appealing, but the verified 60-EC musicology prerequisite is a hard barrier for a CS graduate - effectively inadmissible without prior music credits; UES funding is also gone",Verified,"Official UU pages fetched 12 Jul 2026: existence, English, 1 yr (2 yrs part-time), EUR 21,342 non-EU fee 2026-27, internships, Sept start all confirmed. 60-EC music/musicology requirement and IELTS 6.5/TOEFL 93 confirmed on official admission pages (degree-from-a-non-dutch-university subpage). Deadlines (open 1 Oct; scholarship 1 Feb; non-EU 1 Apr; EU 1 Jun) taken from official subpage - stated without year, treat as recurring pattern and re-confirm for 2027. UES discontinuation from 2026-27 confirmed via official UU scholarship pages; NL Scholarship amount (EUR 5,000) is the national-scheme figure, not restated on the UU page fetched."
"MA Media & Creative Industries (Media Studies specialisation, 1 year, 60 EC)",Erasmus University Rotterdam (ESHCC),Netherlands,Public,Music-Business,English,"EUR 21,000 non-EEA (ESHCC masters 2026-27, confirmed); EU statutory EUR 2,694","NL Scholarship (EUR 5,000) + Erasmus Trustfonds",Partial,"NL Scholarship EUR 5,000 one-off",Y,N,Bachelor from a research university in social sciences or humanities - a CS degree does not fit the stated requirement (a pre-master route exists but is aimed at related-field degrees; case-by-case); IELTS 7.0 (6.5 subscores) / TOEFL iBT 100 (23 subscores),Check,PRIOR CYCLE - confirm new date (EEA deadline shown as 15 May; non-EEA English-proof deadline 1 May; Sept 2027 non-EEA deadline not yet published),https://www.eur.nl/en/master/media-creative-industries,"Creative-industries management/production/marketing with possible live-music-industry thesis topics - good industry-side complement, but admission from a CS bachelor is a significant risk per the official admission criteria",Verified,"Program, duration, English, Sept intake confirmed on official pages; tuition confirmed via EUR 2026-27 institutional-fee page (ESHCC master rate EUR 21,000). Admission page states social sciences/humanities research-university bachelor required - CS eligibility downgraded from 'to be checked' to unlikely without pre-master. English bar IELTS 7.0/TOEFL 100. 2027 non-EEA deadline not yet published."
NL Scholarship (Holland Scholarship) - cross-cutting funding scheme for all listed Dutch institutions that participate,Dutch Ministry of Education + participating universities (via Study in NL),Netherlands,Consortium,Sound/Music-Tech,"n/a (scheme, not a program)",n/a,"NL Scholarship - EUR 5,000, first year only, once per student",Partial,"EUR 5,000 one-off contribution in the first study year; official page explicitly states it is NOT a full-tuition scholarship",Y,N,"Non-EEA nationality (Tunisia qualifies - no country list/restriction on the official page); enrolling full-time in a bachelor's or master's at a participating institution; no prior degree from a Dutch institution; meet the chosen institution's own selection requirements. NOTE (unchanged, from prior research): Orange Tulip Scholarship is NOT open to Tunisia (NESO countries only)","Check per institution (~Nov 2026 for 2027-28, based on prior cycle)",Check per institution (each participating university sets its own NL Scholarship deadline; 2026-27 round opened 1 Nov 2025 - expect the 2027-28 round ~Nov 2026),https://www.studyinnl.org/finances/nl-scholarship,"The default partial-funding lever for this Tunisian candidate at almost any participating Dutch institution - applied for via each university, not centrally",Verified,"studyinnl.org confirms: EUR 5,000, first year only, explicitly not full funding, non-EEA nationality, no prior Dutch degree, decentralized application via each institution with institution-specific deadlines; 2026-27 applications opened 1 Nov 2025. No country exclusions listed, so Tunisia is eligible. Orange Tulip NESO restriction not re-verified in this pass but consistent with known scheme rules."
Mestrado em Som e Imagem - Sound Design specialization (Master in Sound and Image),"Universidade Catolica Portuguesa - Escola das Artes, Porto",Portugal,Private,Sound-Design/Production,Portuguese (page and admissions materials in Portuguese; English support at School of Arts not confirmed - Check),"EUR 657/month x 10 instalments = ~EUR 6,570/yr (~EUR 13,140 for the 2-year, 120 ECTS programme, 2026/27); no separate international rate; application fee EUR 50; enrollment EUR 460 + annual inscription EUR 365","UCP merit scholarships (Regulamento de Bolsas de Merito) - competitive, details on porto.ucp.pt; Erasmus mobility grant for one semester abroad",Partial,Check - merit scholarship coverage not quantified on official pages,Y,Y,Bachelor's degree (or transcript if pending); CV; link to portfolio required; interview for applicants from outside the School of Arts; 45 places across 3 phases; minimum admission score may be set per phase; pos-laboral (evening) regime,"2026/27: phase 1 Feb 2 - Apr 9; phase 2 Apr 30 - Jun 11; phase 3 Jul 1 - Aug 26, 2026","3rd phase closes 26 Aug 2026 for Sept 2026 intake - STILL OPEN as of 12 Jul 2026 (interviews Sep 1-2, results Sep 7); Sept 2027 cycle not yet published - confirm new dates",https://artes.porto.ucp.pt/en/academics/all-programs/sound-and-image-0 (admissions: https://admissions.porto.ucp.pt/pt/mestrado-em-som-e-imagem),"Sound design for cinema, games and installations with surround studios; evening classes fit DJ/producer gigging; ~EUR 6,570/yr private tuition is the trade-off; Portuguese comfort needed (French helps him learn fast). 2026 entry still possible via 3rd phase.",Verified,"Programme with Sound Design specialization, pos-laboral regime, 2026/27 phase dates, EUR 657/month tuition, portfolio-link requirement and EUR 50 application fee confirmed on official UCP admissions page (12 Jul 2026). Language of instruction not explicitly stated (materials in Portuguese). Merit scholarship existence confirmed but coverage unquantified. The prior-cycle dates in the draft were superseded by the published 2026/27 calendar."
Mestrado em Musica (specializations: Interpretacao and Composicao - Jazz NOT listed as a branch on the official page),Universidade de Evora - Escola de Artes,Portugal,Public,Sound/Music-Tech,"Portuguese and English (official page states 'Portugues, Ingles')","EUR 2,500/yr international; drops to EUR 1,200/yr with merit scholarship or EUR 1,400/yr with cooperation/development scholarship (confirmed on official page)","UEvora merit scholarship for international students (fee reduced to EUR 1,200/yr) and cooperation/development scholarship (EUR 1,400/yr)",Partial,"Tuition reduction only (EUR 2,500 -> 1,200 or 1,400/yr); no stipend",Y,Y,Licenciatura in Music or equivalent qualification; interview with minimum grade 12/20 including instrument interpretation test (Interpretacao) OR portfolio of original compositions (Composicao); 4 semesters / 120 ECTS (60 mandatory + 12 optional in course units),Per UEvora application calendar (calendario de candidaturas) - phases for international students,PRIOR CYCLE - confirm new date (2027/28 international call not yet published),https://www.uevora.pt/estudar/cursos/mestrados?cod=6198,"Cheapest verified public option (EUR 1,200/yr possible with merit scholarship) and partly English-taught per official page; composition branch accepts a portfolio of original works, a realistic route for his productions; note the page requires a music degree 'ou habilitacao equivalente', and orientation is classical - Jazz is not a listed branch (correcting earlier record).",Verified,"Official page confirmed all key fields: two specializations (Composicao, Interpretacao - no Jazz branch), Portuguese+English teaching, intl fee EUR 2,500/yr with scholarship reductions to EUR 1,200/1,400, interview min 12/20 with interpretation test or composition portfolio, 120 ECTS/4 semesters. Exact application dates behind calendar link, not shown on page."
Mestrado em Gestao de Industrias Criativas / Enterprise Management for the Creative Industries,"Universidade Catolica Portuguesa - Escola das Artes + Catolica Porto Business School, Porto",Portugal,Private,Music-Business,English (official page confirms 'taught entirely in English for international students'),"EUR 504/month x 10 months/yr = ~EUR 5,040/yr; EUR 10,080 total for 2 years (2026/27 admissions page); + EUR 50 application fee + EUR 460 enrollment fee",Bolsas de Merito e Incentivo a Investigacao (Escola das Artes merit/research-incentive scholarships for master's students) - amount to Check,Partial,Check (merit-based reduction; no stipend),Y,N,"Bachelor's in Arts, Humanities, Social Sciences, Communication, Business or Engineering (his software-engineering degree qualifies), or equivalent foreign credential (Bologna), or relevant professional experience; interview per phase; 120 ECTS, 20 places; Friday evenings + Saturdays (post-work); year 2 pathway choice: creative-entrepreneurship project, dissertation, or internship",3 phases for 2026/27: Feb 2-Apr 9; Apr 30-Jun 11; Jul 1-Aug 26 (interviews and results per phase),"2026 intake STILL OPEN: 3rd phase closes Aug 26, 2026 (interviews Sep 1-2, enrollment Sep 9-10); 2027/28 phases expected on same Feb-Aug pattern",https://artes.porto.ucp.pt/en/academics/all-programs/enterprise-management-creative-industries (admissions: https://admissions.porto.ucp.pt/pt/mestrado-gestao-industrias-criativas),"Best business-track fit in Portugal, now fully confirmed: English-taught, Friday-evening/Saturday schedule compatible with DJing/producing, engineering degrees explicitly admissible, curriculum spans creative-sector strategy, legislation, marketing/branding, creative technologies and business plans; drawback is ~EUR 10k total private tuition with only merit-scholarship relief.",Verified,"Admissions page (admissions.porto.ucp.pt) confirmed 2026/27 fees, 3 application phases with exact dates, 20 places, entry requirements, and merit scholarships; English program page confirmed fully-English teaching, Friday-evening+Saturday schedule, 120 ECTS and 3 year-2 pathways. Note candidaturas.porto.ucp.pt now 301-redirects to admissions.porto.ucp.pt. Scholarship amounts not published on checked pages."
"Graduate Studies Grants (portable top-up for any audio master's, incl. named awards)",AES Educational Foundation (Audio Engineering Society),International (US-registered foundation; usable at European universities),Private,Acoustics/Audio-Eng,English (application),"N/A (grant, not a degree program)",AESEF Graduate Studies Grants (named awards exist per the page but are not listed by name there - Dolby Institute Scholarship not individually confirmed this pass),Partial,"Paid directly to the graduate school toward the student's tuition account (confirmed); one renewal possible after completing at least one year (confirmed). Amounts NOT stated on the official page - the USD 2,000-5,000 range is unverified",Y - page confirms 'students worldwide may apply',Check - SlideRoom application at aesef.slideroom.com; page does not detail portfolio contents; recommendations required for renewal,Confirmed on official page: completed undergraduate degree from an accredited institution; accepted to or pending application for master's-level or higher graduate studies; active AES membership in any grade; demonstrated commitment to audio engineering or related profession,March 15 annually (confirmed - forms accessible at aesef.slideroom.com starting March 15),"PRIOR CYCLE - confirm new date (May 15 annually confirmed; May 15, 2026 closed; awards announced in August; expect Mar 15-May 15, 2027 for 2027/28 study)",https://www.aeseducationalfoundation.org/grants,"Stackable grant paid straight to any accredited graduate school's tuition account, explicitly worldwide - Tunisian software grad eligible once holding/pending a master's offer in audio. Action item: join AES (any membership grade) before March 2027",Verified,"Official grants page confirmed: eligibility (worldwide, undergrad degree, AES membership any grade, accepted/pending master's), timeline (opens Mar 15, deadline May 15, announced Aug), payment direct to school, one-time renewal. Grant amounts are NOT published on the page - USD 2,000-5,000 remains an estimate; Dolby Institute Scholarship name not visible on the grants page (named scholarships referenced generically)"
Taught master's programmes (incl. MMus Music); Institute of Sound Recording (IoSR/Tonmeister) is UG-taught/research-only at PG level,University of Surrey,United Kingdom,Public,Acoustics/Audio-Eng,English,Check (varies by programme; not on the award page),International Excellence Award (Postgraduate),Partial,"GBP 5,000 tuition fee waiver (first year only on two-year programmes; cannot be deferred)",Y,Check (depends on chosen programme),"Hold an offer for a full-time Surrey master's; overseas fee-payer, any nationality; fully self-funded (no other sponsorship/scholarship); not via Surrey International Study Centre; must apply before CAS allocation; cannot combine with alumni/early-bird discounts",Award applications open now for Sept 2026 entry; apply before CAS is issued,"International Excellence Award: 3 August 2026 for Sept 2026 entry (CURRENT, still open as of Jul 2026, first-come first-served); 8 Jan 2027 for Feb 2027 entry; Sept 2027 window not yet published - confirm",https://www.surrey.ac.uk/fees-and-funding/scholarships-and-bursaries/international-excellence-award-postgraduate,"GBP 5,000 fee waiver explicitly open regardless of nationality (Tunisians eligible); real caveat stands - Tonmeister is undergraduate and IoSR postgrad is research (MPhil/PhD), so confirm a suitable taught music/audio master's exists before banking on this award",Verified,"Official award page confirms GBP 5,000 fee waiver, 'regardless of nationality or domicile', self-funded full-time masters only, first-come first-served with monthly panel reviews, deadlines 3 Aug 2026 (Sept 2026) and 8 Jan 2027 (Feb 2027). This is a CURRENT cycle, not prior - the 3 Aug 2026 deadline is live but only serves a Sept 2026 start; for the candidate's Sept 2027 target the equivalent window is TBC. Suitability of Surrey's taught music-tech portfolio for the candidate remains unchecked - verify programme choice separately."
"GREAT Scholarships (GBP 10,000 toward a one-year taught master's at 60+ UK universities)",British Council + participating UK universities,United Kingdom,Consortium,Sound/Music-Tech,English,N/A,GREAT Scholarships 2026-27,Partial,"GBP 10,000 toward tuition fees (140+ scholarships across 60+ universities in 2026-27)",N,N,Passport holder/permanent resident of a listed eligible country with an offer for a one-year taught postgraduate course at a participating UK university,Varies by university (2026-27 round underway),Varies by university; 2027-28 country list not yet published - re-check in case Tunisia is added,https://study-uk.britishcouncil.org/scholarships-funding/great-scholarships,"CONFIRMED NOT ELIGIBLE: Tunisia is absent from the official 2026-27 list of 18 eligible countries (Bangladesh, China, Egypt, France, Ghana, Greece, India, Indonesia, Italy, Kenya, Malaysia, Mexico, Nigeria, Pakistan, Spain, Thailand, Turkey, Vietnam) - Egypt remains the only MENA entry. Keep only as a 2027-28 re-check item",Verified,"Official British Council page fetched 12 Jul 2026. Correction to draft: the 2026-27 list has 18 countries, not 15 - France, Greece and Italy are also included - but Tunisia is still absent, so the not-eligible verdict stands. Deadlines are set per participating university"
"Postgraduate Study Awards (up to GBP 5,000 toward postgraduate music performance degrees - MMus, MA, PGDip, Artist Diploma - at 11 UK conservatoires/performing-arts colleges)",Help Musicians (UK charity),United Kingdom,Private,Sound/Music-Tech,English,N/A,Help Musicians Postgraduate Study Awards,Partial,"Up to GBP 5,000 toward study and living costs for the academic year","N (residency-based, not nationality-based: requires 3+ years lived and studied in the UK)",Y (audition; musical potential and career ambition assessed; shortlisted candidates audition in London),"Must currently live in the UK with legal right to live/work, have lived AND studied in the UK for at least 3 years, be 18+, hold a UK bank account, savings under GBP 10,000, no Help Musicians student support in past 2 years; postgraduate music PERFORMANCE degree (instrumental, musical theatre, opera/vocal) at one of 11 named conservatoires; musical potential assessed via audition",PRIOR CYCLE - confirm new date (2026 applications closed; page states 2027 details forthcoming),PRIOR CYCLE - confirm new date (annual cycle for Sept-start courses; 2026 auditions were 7-17 April in London),https://www.helpmusicians.org.uk/get-support/develop-as-a-musician/support-your-studies,"CONFIRMED NOT ELIGIBLE now: 3-year UK lived-and-studied residency requirement rules him out, and the scheme funds performance degrees (instrumental/vocal/MT), not production or music-tech - so even after 3 UK years it would only fit a performance qualification. Keep only as a documented future re-check",Verified,"Official page fetched 12 Jul 2026: confirms GBP 5,000 cap, 3-year UK lived-and-studied requirement, right to live/work + current UK residence, savings cap GBP 10k, 11 eligible conservatoires (RAM, Guildhall, RCM, etc.), performance-degree scope. 2026 round closed with 2027 details 'forthcoming' - deadline flagged PRIOR CYCLE. Additional caveat vs draft: scheme covers performance degrees only, further limiting future relevance for a production/DJ track"
"MSc Sound and Music Computing (Centre for Digital Music, C4DM; streams: AI & Music Data Science / Audio & Music Systems Engineering)",Queen Mary University of London,United Kingdom,Public,Sound/Music-Tech,English,"GBP 31,450 (overseas, full-time 1 year, September 2026 entry - official course page; corrects prior GBP 28,900 aggregator figure); Sept 2027 fees announced September 2026",,Partial,"QMUL Global Talent Scholarship GBP 5,000 fee waiver for international PGT students confirmed; Global Excellence GBP 7,000 and President's Global GBP 10,000 from prior research not re-verified this pass; awards competitive, not stackable with other QMUL awards; no living stipend",Y,N (technical MSc - application via academic credentials; no portfolio listed on course page),"Good undergraduate degree in computer science/engineering or related; AI & Music Data Science stream explicitly wants 'strong software engineering skills' plus solid interest in music - ideal fit; IELTS required (QMUL EECS standard ~6.5 - candidate has not yet taken it, confirm exact band on entry-requirements section)",September 2027 intake application already open on QMUL portal (fees to be announced September 2026),Rolling PGT admissions; Sept 2026 and Sept 2027 intakes both open for application - scholarship rounds for 2027 not yet published; confirm when 2027/28 fees announced (Sept 2026),https://www.qmul.ac.uk/postgraduate/taught/coursefinder/courses/sound-and-music-computing-msc/,"World-leading audio-DSP/music-informatics group (C4DM) with modules in machine learning, deep learning for audio and music, music informatics, computational creativity - the single best technical fit for a software engineer targeting music tech. Sept 2027 intake confirmed listed. Funding remains only partial (GBP 5k-10k awards against a GBP 31,450 fee).",Partial,"Official course page scraped 12 Jul 2026 (WebFetch 403, firecrawl used): program, C4DM link, two streams, module list, and fees confirmed - Home GBP 13,250 / Overseas GBP 31,450 FT 2026 entry (CORRECTED from GBP 28,900); Sept 2027 FT intake listed with fees TBA Sept 2026. Global Talent GBP 5,000 international PGT award corroborated via search; GBP 7,000/GBP 10,000 award tiers and exact IELTS band not re-verified on official pages this pass - confirm on QMUL scholarships hub."
"Master of Music (Classical, Jazz, Pop, Global Musics; own artistic project + research)",Codarts Rotterdam (Codarts University of the Arts),Netherlands,Public,Sound/Music-Tech,English,"EUR 11,000/yr institutional fee for Codarts masters excluding Choreography and Arts Therapies (from search snippets of the official codarts.nl tuition page; the earlier aggregator figure of ~EUR 2,601 is the EU statutory fee, NOT the non-EU rate) - confirm on codarts.nl","NL (Holland) Scholarship EUR 5,000 for non-EU - referenced in search results citing Codarts pages; confirm participation for 2027 directly with Codarts",Partial,"EUR 5,000 one-off if NL Scholarship confirmed; no living stipend","Y (non-EEA scholarship criteria; statutory-fee nationality list is EU/EEA + Suriname/Switzerland, so Tunisians pay institutional fee)","Y (online portfolio pre-selection + audition per department - unverified this cycle, from prior research)",Bachelor of Music or equivalent; department audition after portfolio pre-selection; English proof for internationals (unverified this cycle - site gated),Check (Studielink + Codarts portal),PRIOR CYCLE - confirm new date (second-round audition deadline was 7 May 2026 per earlier research; could not re-verify - site gated),https://www.codarts.nl/en/education/masters/master-of-music/admission/,"Pop/Jazz departments in a major music city, but performance-centred rather than production-centred - weaker fit than HKU/CvA unless the candidate applies as a pop performer/producer with an audition-ready act",Partial,"codarts.nl is behind a Cloudflare browser-check; WebFetch returned only the verification page on both the admission and tuition URLs (12 Jul 2026). Program existence, EUR 11,000 institutional master fee, statutory-fee nationality rules and Holland/NL Scholarship mention were corroborated only via search-result snippets citing official Codarts pages. Deadline, audition process and English requirements not re-verified - treat as prior-cycle data and confirm directly on codarts.nl or by email."
Cross-cutting funding note: Portuguese scholarships for non-EU master's students,"DGES/IES + individual universities (system-level entry, not a degree programme)",Portugal,Public,General-Business/MBA,Portuguese/English,"Context confirmed: students with 'international student status' (Tunisians) pay international rates; UEvora page verified at EUR 2,500/yr for internationals; typical public-university international rates ~EUR 2,500-7,000/yr (other unis not re-verified in this batch)",DGES social-action/merit grants (restricted); university merit scholarships (e.g. UEvora); Erasmus Mundus as only systematic full-funding route,Partial,"Varies; Erasmus Mundus = full package (fees waived + ~EUR 1,400/month per ReSound); university merit = fee reduction off the EUR 2,500 base at UEvora","Y for university merit schemes and Erasmus Mundus; N for DGES social-action grants (unless holding permanent/long-term residence, refugee status, or covered by a Portugal cooperation agreement); N for UEvora development-cooperation scholarships (PALOP nationals only - Tunisia is NOT PALOP)",N,Varies per scheme,Varies,Varies,https://www.dges.gov.pt/pt/pagina/bolsas-de-estudo (Evora: https://www.uevora.pt/estudar/candidaturas/licenciaturas-mestrados-integrados/Concursos-para-Estudantes-Fora-da-Uniao-Europeia/estudantes-internacionais),"Strategy holds: aim ReSound (verified full funding, EUR 1,400/month) for full funding; otherwise Portugal is a strong LOW-COST self-pay destination. CAVEAT: the verified UEvora EUR 2,500/yr + merit page covers licenciaturas/integrated masters only - standalone master's fees/merit rules sit on separate UEvora pages and need per-programme confirmation. Development-cooperation scholarships exclude Tunisians (PALOP-only).",Partial,"DGES page verified: grants restricted to enrolled students in Portuguese HEIs; non-EU eligibility limited to permanent residents, long-term residents, cooperation-agreement countries, refugees/stateless - ordinary international-status students effectively excluded, confirming draft claim. UEvora verified: EUR 2,500/yr international fee, merit scholarship (annual threshold), development-coop scholarship PALOP-only (draft implied Tunisian access - corrected). UEvora page scope is bachelor's/integrated master's, not taught master's. FCT-PhD-only and IPDJ claims not re-verified (plausible, unchecked)."
"Biennio (2nd-level academic diploma, master-equivalent) in Musica Elettronica / Electronic Music","Conservatorio di Musica Santa Cecilia, Rome (equivalent bienni at most Italian state conservatories)",Italy,Conservatory,Sound-Design/Production,Italian (B1-B2 required for foreign students - not re-verified this pass; standard AFAM requirement),"Low, income-based via ISEE (typically a few hundred to ~EUR 1,500/yr - Check per conservatory; not re-verified, official site unreachable)","DSU regional grant (LazioDiSCo) - income-based, internationals eligible with ISEE parificato (Check - not re-verified)",Partial,Fee waiver + grant (amount Check),Y (foreign qualifications assessed case-by-case; Italian language requirement is the real gate),Y,Entrance examination/audition in electronic music; foreign degree suitability assessed by the institution (not re-verified this pass - source page unreachable),Reopened-admissions notice for Musica Elettronica a.y. 2026/27 CONFIRMED to exist (official notice title verified via search: 'Avviso riapertura termini ammissioni MUSICA ELETTRONICA e TROMBONE a.a. 2026-2027') but the page timed out repeatedly - the reopened window may already be closing; check conservatoriosantacecilia.it or the Esse3 portal (consrm.esse3.cineca.it) immediately,Check URGENTLY - reopened 2026/27 window dates could not be retrieved (site timeout); 2027/28 not published,https://conservatoriosantacecilia.it/avviso-riapertura-termini-ammissioni-musica-elettronica-e-trombone-a-a-2026-2027/,"Hands-on electronic-music training in the state conservatory system at income-based fees - artistically closest Italian option to the DJ/producer goal, but requires Italian (B1-B2) which the candidate does not currently list; the reopened 2026/27 call is a live but time-critical 2026 lead",Partial,"conservatoriosantacecilia.it timed out on repeated fetches (60s), so the notice content, deadline, fees, and grant details could NOT be read. The notice's existence and exact title for a.y. 2026-2027 were confirmed via web search hitting the official URL. All other fields carried over unverified. Candidate has no stated Italian - treat as a stretch option pending language"
"Artist mobility travel grants (General Fund; ALFinMOTION, TAE'THIR, J-MED, Gil Mendo calls) - supplementary travel funding, not a degree",Roberto Cimetta Fund,France (Euro-Mediterranean/Arab-world scope),Private,Sound/Music-Tech,Gil Mendo: Portuguese/English; ASF'ART: French; other calls vary - Check per call,N/A,Roberto Cimetta Fund mobility grants (General Fund / ALFinMOTION / TAE'THIR / J-MED / Gil Mendo),Partial,"Approx EUR 500-1,500 lump sum per grant (Gil Mendo figure from official page; earlier EUR 500-700 figure was for other funds) covering travel tickets, visas, accommodation",Check (historically Y via South-zone priority; no currently open call explicitly covers Tunisia as of Jul 2026),N (motivation letter + CV based),"Individual cultural professionals (artists, managers, producers, researchers) from the Euro-Mediterranean/Arab region; motivation letter (max 5,000 chars) + CV (max 2 pages); trip must show constructive long-term impact on home-country arts sector",Call-by-call; monitor the mobility-grants page,"Periodic calls. As of Jul 2026 the listed calls are Gil Mendo Mobility Grant (last deadline 14 Oct 2024 - PRIOR CYCLE - confirm new date) and ASF'ART (rolling, Morocco-internal only, ages 18-30). ALFinMOTION/TAE'THIR/J-MED last editions were 2024-25 - confirm new calls",https://www.cimettafund.org/en/mobility-grants/,"Fund confirmed real and historically Tunisia-friendly (South/East Mediterranean priority), but NO currently open call covers a Tunisia-based artist as of Jul 2026: Gil Mendo requires a Portugal link (North Africa eligible as the other leg) and its 2024 deadline has passed; ASF'ART is Morocco-only. Useful mobility top-up to watch, not a fundable option today",Partial,"Official site confirms the fund exists (nearly 2,000 mobilities funded) and lists its grant lines, but the homepage/grants page shows no currently open call that a Tunisia-based artist can apply to: Gil Mendo (EUR 500-1,500, Portugal-MENA axis) shows a passed Oct 2024 deadline; ASF'ART is Morocco-internal. Prior record's EUR 500-700 amount and 'Tunisia priority' could not be confirmed against a live call. Contact cimetta@cimettafund.org or monitor for 2026-27 editions of ALFinMOTION/TAE'THIR/J-MED."
"Intercultural project grants - Mediterranean Capitals of Culture and Dialogue 2026 call (Matera, Italy / Tetouan, Morocco) - project funding, not a degree scholarship",Anna Lindh Foundation,Euro-Mediterranean network (43 countries incl. Tunisia; HQ Alexandria),Consortium,Sound/Music-Tech,English/French/Arabic proposals per ALF practice - Check per call,N/A,Mediterranean Capitals of Culture and Dialogue 2026 call,Partial,"EUR 2,500-5,000 per project; total call budget EUR 30,000 (2026 call, confirmed)",Y (Tunisia among the 43 ALF countries; via registered organisations only),N (project proposal),Legally registered organisations (not individuals) from the 43 Euro-Mediterranean countries; must secure a local partner in Matera or Tetouan before applying; non-profit cultural initiatives,Call-by-call; second 2026 call was open until early July 2026,Second 2026 call closed 4 July 2026 23:59 CET (JUST PASSED as of 12 Jul 2026) for activities Oct-Dec 2026 in Matera/Tetouan - watch for future calls,https://alf.website/en/mediterranean-capitals-of-culture-and-dialogue/,"Confirmed NOT a study scholarship - organisation-level project grants for intercultural cultural activities; only relevant if the candidate works through a Tunisian ALF-network entity, and the current call's deadline has just passed. Low priority for the master's plan",Partial,"The grants portal grants.annalindhfoundation.org returned HTTP 503 during verification; details confirmed via web search corroborated by ALF's site (alf.website) and multiple funding-news outlets: EUR 2,500-5,000 grants, EUR 30,000 total, 43-country eligibility incl. Tunisia, organisations only, local partner in Matera/Tetouan required, deadline 4 July 2026 (now passed). Amounts/eligibility match the prior record; deadline updated from 'Jun-Aug 2026 activities' to the confirmed closed 4 Jul 2026 call with Oct-Dec 2026 activities."
BA/BSc Higher Education courses incl. BA (Hons) Music Production & DJ Practice and BSc (Hons) Music Production & Software Engineering (undergraduate only - NO master's/MA offered in London),"Point Blank Music School, London",United Kingdom,Private,Sound-Design/Production,English,"UNVERIFIED - international fees not published on scholarship page (home UG fee approx GBP 9,250/yr; EU-waiver savings imply intl fees roughly GBP 14,000-15,200/yr); confirm with the school",Goldie Scholarship (London); MuSE Scholarship; We Are Europe Scholarship (EU-only); Denis Sulta x DJ Mag Future S.T.A.R.S. (UK disabled applicants only),Partial,"Goldie Scholarship: up to 1 year of study on any London course. MuSE: GBP 3,000/yr fee waiver (internationals eligible). We Are Europe: home-fee rate for EU/EEA only (saves GBP 4,750-5,960/yr - NOT open to Tunisians). Bursaries/hardship funds: UK student-finance students only or max GBP 500",Check - Goldie Scholarship and MuSE state no nationality restriction; We Are Europe (EU/EEA) and Denis Sulta x DJ Mag (UK-based disabled) are NOT open to Tunisians; UK bursaries require UK student finance,Check - Goldie Scholarship needs a motivation statement (form); course-level demo/mix requirements not stated on this page,Offer/acceptance on a London Higher Education course; Goldie Scholarship requires a written application form (motivation/inspiration statement); MuSE scholarship auto-awarded to all students enrolling on the MuSE BSc/CertHE,Rolling course applications; October 2026 intake fees published; scholarships tied to enrolment (MuSE auto-applied AY 26/27 and 27/28),Check with scholarships@pointblankmusicschool.com (Goldie Scholarship application form open on page; no deadline published),https://www.pointblankmusicschool.com/locations/london/joining-pointblank-london/scholarship-bursaries-and-funds/,"School itself is highly DJ-career-aligned and the MuSE BSc (Music Production & Software Engineering, GBP 3,000/yr fee waiver incl. for international private payers) matches his software-engineering background - BUT it is an undergraduate degree, he already holds one, and the two scholarships named in the draft do not help him: no 'We Are International Scholarship' exists on the current page (only 'We Are Europe' = EU/EEA nationals, Tunisia excluded) and the Denis Sulta x DJ Mag Future S.T.A.R.S. scholarship (GBP 9,250/yr x 3 yrs fee waiver, BA Music Production & DJ Practice) is restricted to UK-based disabled applicants. Best realistic angles: Goldie Scholarship (up to one year of study, any London course, no nationality restriction stated) or paid short/specialist DJ + production courses",Partial,"Official page 403-blocked WebFetch; scraped via firecrawl 12 Jul 2026. Draft entry corrected: (1) no 'We Are International Scholarship' appears on the current London scholarships page - the international-facing waiver is 'We Are Europe', EU/EEA nationals only, so a Tunisian does NOT qualify; (2) Denis Sulta x DJ Mag scholarship verified via djmag.com and Point Blank's own page as GBP 9,250/yr x 3 fee waiver for UK-based disabled applicants on the BA Music Production & DJ Practice - not open to this candidate; (3) Point Blank London offers BA/BSc/CertHE and short courses - no MA/postgraduate degree found, so this is not a master's option; (4) newly found MuSE Scholarship (GBP 3,000/yr, AY 26/27-27/28, fee waiver for privately-paying internationals) and Goldie Scholarship (up to 1 year of study) are the only schemes plausibly open to him. Amounts/2027 cycles for Goldie: confirm via scholarships@pointblankmusicschool.com"
France Excellence Eiffel Scholarship Programme (master's level funding scheme),Campus France / French Ministry for Europe & Foreign Affairs (institution-nominated),France,Public,General-Business/MBA,French or English depending on host program,UNVERIFIED (Eiffel does not pay tuition; separate exemption may be sought),France Excellence Eiffel Scholarship,Partial,"Monthly allowance EUR 1,200 (from Jan 2026); plus international + national transport, insurance, housing assistance, cultural activities. NOTE: tuition fees are NOT covered by Eiffel.",Y,N,Foreign nationality (dual FR nationality excluded); master applicants <=29 at selection; must NOT already be studying in France; grades ~15/20 average over last 3 years. Cannot apply directly - a French institution must nominate you.,UNVERIFIED (institutions run internal pre-selection ~Oct-Dec 2026),PRIOR CYCLE - confirm new date; Campus France 2026/27 campaign closed early January - institution internal deadlines are earlier (Oct-Dec),https://www.campusfrance.org/en/the-france-excellence-eiffel-scholarship-program,"Cross-track scholarship. Eligible fields are Engineering Sciences / Mathematics-Digital (covers ATIAM-type audio DSP) and Economics-Management (covers music business/MBA). Pure ARTS/music-performance programs are NOT eligible fields - so pair Eiffel with a computing-heavy or management program, not a conservatoire.",Unverified,verification agent returned nothing
France Excellence Eiffel Scholarship - Campus France Tunisia page (Tunisian-specific),Institut Francais de Tunisie / French Embassy (Campus France Tunisie),France,Public,General-Business/MBA,French / English,UNVERIFIED,Eiffel (via Campus France Tunisie) + BGF Bourse du Gouvernement Francais,Partial,"Eiffel ~EUR 1,181/month (master) per Campus France Tunisie; BGF ~700-800 EUR/month often coupled with tuition exemption + social security, but BGF master funding is tied to a Franco-Tunisian inter-university/double-degree partnership at M2.",Y,N,Tunisians apply to connected institutions via the 'Etudes en France' platform (up to 7 master choices). Campus France Tunisie itself does not award or process scholarships - it points to embassy/IFT calls.,PRIOR CYCLE: Etudes en France 2026 window opened 1 Oct 2025,PRIOR CYCLE - confirm new date; 2026 Etudes en France window closed 15 Jan 2026 (extended to 23 Jan 2026),https://www.tunisie.campusfrance.org/les-bourses-exonerations-et-aides-proposees,Primary procedural gateway for a Tunisian national. BGF requires a partnership/double-degree at M2 - worth checking whether any target audio/business master has a Tunisian partner. Eiffel remains the strongest full-ish scheme but must be institution-nominated.,Unverified,verification agent returned nothing
MSc in International Music Business,Rennes School of Business (with EMIC - Ecole de Management des Industries Creatives),France,Private,Music-Business,English (100%),UNVERIFIED (see 'Fees and scholarships' section - not published on program page),Merit- and social-criteria awards (school-internal; amounts not specified),Partial,UNVERIFIED (tuition-reduction scholarships only),Y,N,"Bachelor (180 ECTS) for M1 entry, or Bachelor + 3 yrs experience for M2. English: min TOEIC 785 / IELTS 6.0 / TOEFL 80 / Cambridge B2 (IELTS 6.5 / TOEFL 80 required to graduate). Apply with CV, recommendation, transcripts + recorded online interview.",Check (rolling),Check - rolling admissions; apply early,https://www.rennes-sb.com/programmes/master-of-science/msc-international-music-business/,"Strong English-taught music-business fit: artist management, marketing, distribution, IP; direct access to Sony, Spotify, TikTok/SoundOn, Deezer, Believe execs. No portfolio; interview-based. Private school - expect high tuition, funding only partial. IELTS/TOEFL needed (candidate has not yet taken).",Unverified,verification agent returned nothing
MM in Music Technology,New York University (Steinhardt),USA,Private,Sound/Music-Tech,English,UNVERIFIED (NYU graduate tuition is high; confirm on Steinhardt tuition page),Steinhardt Scholarships/Grants and Assistantships (partial; competitive),Partial,Merit scholarships/grants and graduate assistantships/on-campus jobs available (amounts not published on program page) - UNVERIFIED amounts,Y,Y - online portfolio (SoundCloud/Vimeo/website) + descriptions of up to 3 works,"Bachelor's; 40-45 credits, full- or part-time, Fall start; music/technology background expected",UNVERIFIED (typically opens ~Sept/Oct),January 15 (per official program page; PRIOR CYCLE - confirm new date for Sept 2027),https://steinhardt.nyu.edu/degree/mm-music-technology/how-apply,Strong computing-heavy audio/DSP fit for CS background; NYC industry network ideal for producer/DJ goal. Funding only partial - pair with Fulbright.,Unverified,verification agent returned nothing
MS in Music Technology,Georgia Institute of Technology (School of Music),USA,Public,Sound/Music-Tech,English,UNVERIFIED (waived for assistantship holders),Graduate Assistantships (tuition waiver + stipend; limited),Partial,"Assistantships give a full tuition waiver + monthly stipend for 15-20 hrs/week work; positions are limited, allocated mostly at admission - exceptional candidates funded at acceptance (can be effectively full for those who get one)",Y,Y - portfolio of creative and technical work reviewed by committee,"Undergrad degree in music, computing, engineering or related; musical background (performance/composition/theory) + basic computing/engineering competency; 48 credits, 4 semesters, Project or Thesis track",UNVERIFIED,UNVERIFIED (typically ~Jan 15 for funding consideration - confirm on School of Music site),https://catalog.gatech.edu/programs/music-technology-ms/,Excellent fit: computing-heavy program that explicitly welcomes CS/engineering backgrounds; assistantships can make it near-full funding. Research/DSP oriented.,Unverified,verification agent returned nothing
MS in Music Engineering Technology,University of Miami (Frost School of Music),USA,Private,Acoustics/Audio-Eng,English,UNVERIFIED (waiver-dependent),Graduate Tuition Waivers (40-100%) + Graduate Assistantships (automatic consideration),Partial,"All grad applicants auto-considered for tuition waivers covering 40-100% of tuition, plus auto-consideration for a Graduate Assistantship (stipend) - can reach full tuition for strong candidates",Y,Y - portfolio uploaded and evaluated with transcripts,BS in EE/CE/CS/math/physics/music technology or related preferred (other majors considered via portfolio); min 3.0 GPA; 2-year/30-credit program with research project + manuscript; includes music-industry electives,UNVERIFIED,UNVERIFIED (confirm on Frost graduate admissions page),https://musicengineering.frost.miami.edu/degrees/graduate-music-engineering-technology/index.html,Excellent for a software-engineering grad: engineering-heavy audio program with generous auto-considered tuition waivers (up to 100%) - one of the better funding-odds options.,Unverified,verification agent returned nothing
MA in Music Business,New York University (Steinhardt),USA,Private,Music-Business,English,UNVERIFIED (NYU tuition high; confirm),Steinhardt Scholarships/Grants and Assistantships (partial; competitive),Partial,Merit scholarships/grants and assistantships available (amounts not published) - UNVERIFIED,Y,N - no audition or portfolio; note statistics prerequisite,"Bachelor's; 42-credit, ~2-year program; NO audition; no standardized test required (GRE recommended); STATISTICS is a prerequisite (needs prior stats coursework, B or better); non-US degree needs WES/ECE credential evaluation; $75 fee",UNVERIFIED,UNVERIFIED (confirm on program 'How to Apply'; NYU Steinhardt MA deadlines vary),https://steinhardt.nyu.edu/degree/ma-music-business/how-apply,Track-2 business fit in NYC with deep industry access; no portfolio needed. Watch the statistics prerequisite - candidate's CS/software background likely satisfies it. Fulbright-fundable.,Unverified,verification agent returned nothing
"NL Scholarship (formerly Holland Scholarship) — funding scheme, not a program",Dutch research universities + universities of applied sciences (via Nuffic/Ministry OCW),Netherlands,Consortium,General-Business/MBA,English,N/A (funding scheme),NL Scholarship,Partial,"One-off €5,000 in first year (NOT full tuition; awarded once)",Y (Tunisia is non-EEA),N,Non-EEA nationality; not eligible for Dutch study grant/loan; first-time enrolment (no prior Dutch degree); meet the institution's own admission requirements; apply via the Dutch institution,1 November (2026-2027 cycle opened 1 Nov 2025),PRIOR CYCLE - confirm new date (set per institution; typically ~1 Feb-1 May; check chosen university),https://www.studyinnl.org/finances/nl-scholarship,Realistic partial funder for a Tunisian at UvA (participates) and possibly HKU (confirm HKU is on the participating-institutions list). Stackable with an admission offer; not full funding.,Unverified,verification agent returned nothing
"Sound and Music Computing, MSc in Engineering",Aalborg University (Copenhagen campus),Denmark,Public,Sound/Music-Tech,English,UNVERIFIED (non-EU/EEA tuition applies; confirm exact amount on AAU finance-and-fees page),"Aalborg University Scholarship (tuition-fee waiver + stipend; ~15/yr, competitive)",Partial,"Scholarship holders: tuition-fee waiver + monthly stipend ~11,225 DKK (~EUR 1,503) for the 4 semesters. Limited number; not guaranteed.",Y,N,Relevant bachelor (engineering/CS/medialogy/media technology); programming background beneficial. English proficiency (IELTS/TOEFL) required.,UNVERIFIED (usually opens ~November/December),PRIOR CYCLE - confirm new date; non-EU deadline typically ~15 January for September intake,https://www.en.aau.dk/education/master/medialogy-cph/sound-and-music-computing,"Excellent PRIMARY fit for a software-engineering graduate: audio DSP, music informatics, programming-heavy — directly builds producer/audio-tech skills. Funding competitive, so pair with a scheme.",Unverified,verification agent returned nothing
"Sound in New Media, Master of Arts (Art and Design)",Aalto University,Finland,Public,Sound-Design/Production,English (thesis may be English/Finnish/Swedish),"EUR 20,000 / academic year (non-EU/EEA)","Aalto University Scholarship Programme (tuition-fee waiver, competitive)",Partial,Scholarship = tuition-fee waiver only (50% or 100%); no living stipend. Living costs self-funded.,Y,Y,"Relevant bachelor; mandatory portfolio (PDF, up to 1 GB, 10-min presentation); English test. Close ties to Sibelius Academy for music-tech courses.",~1 December (annually),PRIOR CYCLE - confirm new date; application window was 1 Dec 2025 – 2 Jan 2026 (next round expected ~Dec 2026),https://www.aalto.fi/en/study-options/sound-in-new-media-art-and-media-master-of-arts-art-and-design,"Strong creative sound-design/production fit; portfolio-driven. Only partial funding (tuition waiver), so budget for living costs or stack a scheme.",Unverified,verification agent returned nothing
"Acoustics and Audio Technology, MSc (Technology)",Aalto University,Finland,Public,Acoustics/Audio-Eng,English,"UNVERIFIED (Aalto MSc Technology non-EU fee; commonly ~EUR 15,000/yr — confirm on official page)","Aalto University Scholarship Programme (tuition-fee waiver, competitive)",Partial,Tuition-fee waiver (50%/100%) for top applicants; no stipend.,Y,N,Bachelor in engineering/CS/physics or related; strong quantitative background. English test required.,~1 December (annually),PRIOR CYCLE - confirm new date; Aalto MSc apply window typically ~Dec–early Jan,https://www.aalto.fi/en/study-options/acoustics-and-audio-technology-master-of-science-technology,Engineering-side audio track that directly leverages the candidate's software/CS degree; no portfolio needed. Good for audio-DSP/tech depth rather than production.,Unverified,verification agent returned nothing
Master's (MSc) at University of Southern Denmark (Vejle / Sønderborg campuses) — business/engineering,University of Southern Denmark (SDU),Denmark,Public,General-Business/MBA or tech,English,Waived for scholarship holders (otherwise non-EU tuition applies),Danish Government Scholarship (at SDU),Partial,"Full tuition-fee waiver for the degree duration (some also with a stipend, limited). Automatic consideration on admission — no separate application.",Y (non-EU/EEA eligible),N,Non-EU/EEA citizen; admitted to a designated SDU programme at Vejle/Sønderborg; not eligible for Danish state grant (SU). Best-qualified admits auto-considered.,UNVERIFIED,PRIOR CYCLE - confirm new date; non-EU master admission deadlines at SDU typically ~15 Jan for September intake,https://studyindenmark.dk/study-options/scholarships,No dedicated music-tech programme at these SDU campuses — relevant mainly for the business/general track. Funding is a tuition waiver (living costs self-funded).,Unverified,verification agent returned nothing
Master of Science in Music Technology,"Georgia Institute of Technology (Georgia Tech), School of Music",United States,Public,Sound/Music-Tech,English,UNVERIFIED (out-of-state/international graduate tuition — confirm on GT bursar),Assistantships / fellowships (allocated at admission for exceptional candidates),Partial,GTA/GRA can cover tuition + stipend for top applicants; not guaranteed — check music.gatech.edu/scholarships-fellowships-assistantships,Y,"Y (portfolio: code/software, compositions, production, writing, research)","Undergrad in music, engineering or science; English test (TOEFL/IELTS) required. Values programming, ML, DSP alongside musical skills.",UNVERIFIED,PRIOR CYCLE - confirm new date (Fall deadline Jan 15),https://music.gatech.edu/master-science-music-technology,Strong for computing + creative music tech; portfolio rewards both software projects and production/DJ work; funding competitive but real for standout CS applicants.,Unverified,verification agent returned nothing
MA in Music Technology,McGill University (Schulich School of Music / CIRMMT),Canada,Public,Sound/Music-Tech,English,UNVERIFIED (confirm McGill international graduate tuition),"CIRMMT Student Awards, McGill Tomlinson, external councils (NSERC/SSHRC etc.), RA-ships",Partial,Top-ranked students receive funding offers (often in admission letter); RA support via supervisor,Y,Y (work samples: research papers/reports/thesis),"Bachelor in Music Tech or related scientific/technical field (engineering, CS, physics); CGPA >=3.0/4.0; English proficiency. CS background explicitly welcomed.",UNVERIFIED,PRIOR CYCLE - confirm new date (apply by Dec 1; documents by Dec 15),https://www.mcgill.ca/music/programs/ma-music-technology/admissions,Research-strong (CIRMMT) with real funding routes for strong CS applicants; thesis/research emphasis over DJ-performance.,Unverified,verification agent returned nothing
"MM in Music Production, Technology, and Innovation (MPTI)",Berklee College of Music — Valencia Campus,Spain,Private (conservatory),Sound-Design/Production,English,"UNVERIFIED (high private tuition, ~EUR 30k+ range — confirm on Berklee Valencia)","Berklee Valencia graduate scholarships (merit; e.g. up to 70% women-in-music award; >EUR 110,000 total pool 2025-26)",Partial,Tuition reduction only (partial); no living stipend,Y (no Tunisia-specific scholarship found — check general merit awards),Y (portfolio/audition/interview),"Bachelor + application; strong musicianship. English test may apply. Covers electronic production, live performance, DJ/producer skills, app development.",UNVERIFIED,PRIOR CYCLE - confirm new date (rolling admissions rounds),https://valencia.berklee.edu/graduate-programs/mpti/music-production-technology-and-innovation,"BEST direct fit for the international DJ/producer goal — electronic production, live performance, industry network in Europe; software background helps the app-development/tech side; funding only partial and tuition high.",Unverified,verification agent returned nothing
Master of Music (M.Mus.) in Sound Recording,McGill University (Schulich School of Music),Canada,Public,Sound-Design/Production,English,UNVERIFIED,"Schulich School of Music entrance funding (top-ranked students, offered with admission)",Partial,UNVERIFIED (funding offers vary; none for Qualifying Year),Y (Check music-degree prerequisite),Y,"Bachelor of Music or equivalent, CGPA 3.0/4.0; 30-60 min demo of recorded music with written technical descriptions; 2 recommendation letters; English proficiency",UNVERIFIED (typically Sept),Dec 1 (documents by Dec 15) - annual pattern; PRIOR CYCLE - confirm for Fall 2027,https://www.mcgill.ca/music/programs/mmus-sound-recording/admissions/apply,The Tonmeister-style program of North America; CAUTION: requires a music bachelor's - a Software Engineering graduate would likely be routed to an unfunded Qualifying Year first; top-ranked admits receive funding offers,Unverified,verification agent returned nothing
MM in Music Technology,New York University (NYU Steinhardt),United States,Private,Sound-Design/Production,English,UNVERIFIED,"NYU Steinhardt graduate scholarships (e.g. Coverdell Fellowship, 50% tuition + health insurance)",Partial,Tuition percentage + basic health insurance (Coverdell); no full living stipend,Y,Y,Bachelor's degree; no GRE; work samples via SoundCloud/Vimeo + description of up to 3 works; 2 recommendations; SOP; music theory entrance exam (up to 8 remedial credits possible); English test for internationals,UNVERIFIED,Jan 15 for Fall start (annual pattern; PRIOR CYCLE - confirm for Fall 2027),https://steinhardt.nyu.edu/degree/mm-music-technology,"Covers music production, electronic music, DSP, immersive audio and machine learning - ideal blend for a CS grad producer; NYC industry network; very high self-pay cost, scholarships only partial (e.g. Coverdell 50% tuition)",Unverified,verification agent returned nothing
MA Music Business,New York University (Steinhardt),United States,Private,Music-Business,English,UNVERIFIED (42-credit program; NYU per-credit tuition - check NYU bursar page),NYU Steinhardt merit scholarships (limited for internationals; no assistantships in this program); pair with Fulbright Foreign Student Program (Tunisia) for full funding,Partial,"Steinhardt scholarships: partial tuition only. Fulbright (via AMIDEAST Tunisia): full tuition, fees, books, travel, monthly stipend, health plan for 2 years",Y,N,"Bachelor's degree; no GRE; resume, 800-word music business essay, personal data outline, 2 recommendations, WES/ECE credential evaluation for Tunisian degree, TOEFL/IELTS required (scores - Check)",UNVERIFIED (application portal typically opens ~Sept),"January 15 annually for Fall intake (for Sept 2027: Jan 15, 2027 - confirm). NOTE: Fulbright Tunisia deadline for 2027 intake was June 30, 2026 (just closed); next Fulbright cycle funds 2028 intake",https://steinhardt.nyu.edu/degree/ma-music-business/how-apply,"Top-tier NYC industry network (labels, live sector); expensive with limited international aid - realistic only with Fulbright (2028 cycle) or self-pay",Unverified,verification agent returned nothing
Master of Entertainment Industry Management (MEIM),Carnegie Mellon University (Heinz College),United States,Private,Music-Business,English,"~US$57,420/year, 24-month program (per CMU Student Financial Services 2025-26 page - confirm current)","Heinz College merit-based scholarships (>95% of MEIM students receive one; partner awards range 30-100% of tuition) + $2,500/semester second-year support, $1,200 relocation stipend",Partial,Partial tuition for nearly all admits; small relocation/second-year stipends; no full living stipend,Y,N,"Bachelor's degree; year 2 is in Los Angeles (film/TV/entertainment focus); resume, essays, recommendations; TOEFL/IELTS for internationals (scores - Check)",UNVERIFIED (Heinz applications typically open ~Sept),January 10 final deadline for scholarship/fellowship consideration (PRIOR CYCLE - confirm new date for Fall 2027),https://www.heinz.cmu.edu/programs/entertainment-industry-management-master/financial-aid-and-scholarships-meim,"Entertainment-wide (film/TV heavy) rather than music-specific, but elite management training + LA industry immersion; near-universal partial scholarships make net cost lower than sticker",Unverified,verification agent returned nothing
MA in Music Industry (MIND),University of Miami (Frost School of Music),United States,Private,Music-Business,English,UNVERIFIED (UM graduate per-credit rate - check bursar),Frost Teaching Assistantships - 2 first-semester students selected each fall receive full-tuition scholarship + stipend (20 hrs/week work),Partial,"TA: full tuition + stipend (only 2 positions/yr, awarded after enrollment); otherwise self-funded",Y,N,Any undergraduate degree accepted (software engineering fine); NO audition; applicants who already hold an undergrad music-industry degree are excluded; TOEFL/IELTS - Check,UNVERIFIED,"December 1 annually for international applicants (for Sept 2027: Dec 1, 2026 - confirm)",https://musicindustry.frost.miami.edu/degrees/master-of-arts-in-music-industry/index.html,"Billboard-ranked music industry program in a major US music market (Miami - big electronic/Latin scene, Ultra Music Festival city); CS degree is an accepted background; funding is a lottery (2 TA slots)",Unverified,verification agent returned nothing
MA Cultural Economics and Entrepreneurship,Erasmus University Rotterdam,Netherlands,Public,Music-Business,English,UNVERIFIED (non-EEA institutional fee - check EUR fees page; typically ~€13-14k for this school),"Erasmus University Holland Scholarship (€5,000 / €10,000 / €15,000 for non-EEA students) + Erasmus Trustfonds Scholarship",Partial,One-off awards toward tuition/living (€5k-15k); not full funding,Y,N,Relevant bachelor (economics/business/social science preferred - CS may need motivation/pre-master check); IELTS/TOEFL required (scores - Check); GMAT not stated,Check (typically Oct-Nov 2026),"15 May annually for EEA (PRIOR CYCLE pattern - non-EEA deadline earlier, Check; for Sept 2027 expect spring 2027)",https://www.eur.nl/en/master/cultural-economics-and-entrepreneurship,"Ranked #2 worldwide in arts & cultural management per EUR; 1-year, economics-of-creative-industries angle suits an analytically trained software engineer; only partial funding available",Unverified,verification agent returned nothing
MA Arts Management (Sibelius Academy),University of the Arts Helsinki (Uniarts),Finland,Public,Music-Business,English,"€28,000/year for non-EU students starting Aug 2026 or later (2-year, 120 ECTS)","Finland Scholarship (€5,000 first-year relocation grant for non-EU fee-paying master's students); NOTE: Uniarts states it does not grant tuition-fee-covering scholarships for students starting Aug 2026+",Partial,"€5,000 one-off; tuition and living otherwise self-funded",Y,N,"Bachelor's degree + some arts-management work experience; adequate English proficiency; curriculum explicitly covers arts management, entrepreneurship and music business",TBA - not before the 2028 cycle,NO ADMISSION IN 2027 (official page: 'Next possible time to apply will be announced later') - biennial intake of ~15 students; earliest realistic entry 2028,https://www.uniarts.fi/en/study-programmes/arts-management/,Curriculum fit is good (music business inside a top music academy) but EXCLUDED for Sept 2027 - no 2027 intake and heavy fees with no tuition scholarships; keep only as a 2028 backup,Unverified,verification agent returned nothing
Master of Management in International Arts Management (MMIAM),"HEC Montreal (with international partner schools; study in Montreal, Dallas, Asia, Italy, Bogota)",Canada (multi-country mobility),Consortium,Music-Business,English,"US$52,800 for the year, includes inter-city travel and some accommodation (per official program FAQ - Check current figure)","Francois Colbert Scholarship for Arts Management (for citizens of developing countries living in their country of origin - Tunisia plausibly eligible, Check); Programme Canadien de Bourses de la Francophonie (Tunisia is a Francophonie member - Check country priority list); Mecenat Musica Prix HEC",Partial,UNVERIFIED (award amounts not published on fetched pages),Check,N,Bachelor's degree; English proficiency; management aptitude (GMAT requirement - Check),Check,Check (official site; typically rolling with spring deadline),https://master-in-international-arts-management.com/faq/,Unique 4-continent arts-management master; French-fluent Tunisian fits the Francophonie funding angle; expensive and funding is external/uncertain - mid-priority,Unverified,verification agent returned nothing
MSc Arts & Cultural Management,"Burgundy School of Business (BSB), Dijon",France,Private,Music-Business,English,"~€15,500 for the 1-year MSc (via aggregator - Check on official page)",BSB international merit scholarships - up to 100 awards covering up to 50% of first-year tuition; all admitted international students automatically considered,Partial,Tuition discount only (up to 50%); living costs self-funded,Y,N,Bachelor's degree (any field accepted for MSc - Check); English test (IELTS ~6.0-6.5 - Check); no portfolio,Check (typically Oct 2026 for Sept 2027),Rolling (early-bird discounts for early applicants) - Check,https://global.bsb-education.com/bsbs-programmes/msc-arts-cultural-management/,English-taught arts/cultural management in France - lets the French-fluent candidate live in France without needing French-language academics; automatic 50% merit consideration softens the private-school price,Unverified,verification agent returned nothing
M.A. Creative Production (Music),"Catalyst - Institute for Creative Arts and Technology, Berlin (degree validated by Plymouth Marjon University, UK)",Germany,Private,Sound-Design/Production,English (IELTS 6.0 / B2 equivalent; free 90-min online test offered in lieu of certificate),"EUR 6,028/semester full-time (2 semesters, approx. EUR 12,056 total; EUR 11,693/yr with 3% upfront discount) + EUR 895/yr enrolment fee (incl. visa support); EUR 1,000 priority-deadline discount","Catalyst master's scholarships (EUR 2,000, per Catalyst site) - Check current terms; early-enrolment EUR 1,000 discount",Partial,Tuition discount only; no living stipend,Y (visa-track deadlines apply),Y (portfolio + project proposal),"Bachelor in relevant discipline (approx. UK 2:1); non-standard entry via professional experience considered; application incl. project proposal, academic writing sample, portfolio; English B2/IELTS 6 (free in-house test available - useful since candidate has no IELTS yet)",UNVERIFIED (rolling),"For Sept 2026 intake: visa-required applicants Apr 30, 2026 (PASSED); EU/visa-exempt late deadline Aug 28, 2026. Sept 2027 cycle: PRIOR CYCLE - confirm new date (expect visa deadline around April 2027)",https://catalyst-berlin.com/music/course/creative-production-music-masters,"Berlin Funkhaus-based, electronic-music-scene school with Ableton-certified training; practice-led production MA aligned with DJ/producer goal; private tuition but in-house English test removes IELTS hurdle",Unverified,verification agent returned nothing
"Music Business and Culture, MA (CE) — continuing-education master, 5 semesters, 120 ECTS, blended learning","University for Continuing Education Krems (Danube University Krems), Department of Arts and Cultural Studies",Austria,Public (continuing-education university; full-cost tuition model),Music-Business,English,"EUR 12,000 total programme fee (per official page)","IFPI Austria partial scholarships for the Music Management/Music Business master (application deadline 31 August 2026, awarded on social criteria — per official page)",Partial,Partial tuition only,Check (IFPI scholarship social criteria; programme itself open to all nationalities),"N (selection interview, no artistic audition)",Bachelor's (min 180 ECTS) + several years of relevant professional experience in music or related fields,"Open (contact programme, online application UM 999 123, selection interview)",Next start: 5 October 2026 (winter semester 2026/27) — a still-open 2026 intake; confirm 2027/28 cycle for Sept 2027,https://www.donau-uni.ac.at/de/studium/ma-music-business-and-culture.html,"The dedicated music-industry management master in Austria, English-taught and blended (can run alongside a DJ career) — but the multi-year professional-experience requirement is a real obstacle for a fresh graduate, and it is tuition-funded",Unverified,verification agent returned nothing
"Post-master programme in audiovisual/digital art creation (2-year, includes sound creation)",Le Fresnoy - Studio National des Arts Contemporains (Tourcoing),France,Public,Sound-Design/Production,French (working language; French ability needed - Check required level),EUR 760/year attendance fees (2026-27); otherwise free for all nationalities; free application,None found as in-house grant; Le Fresnoy states it supports admitted students' applications for French and foreign scholarships,Partial,UNVERIFIED (students produce fully-financed art works each year; personal stipend: UNVERIFIED),"Y (open to all nationalities, max age 35 on 1 Jan)",Y (selection on artistic dossier then interview/tests),Age 35 max; artistic practice/higher-education background; two-stage selection on portfolio and interview,UNVERIFIED (concours procedure published each autumn/winter),"PRIOR CYCLE - confirm new date (2026 concours: dossier late April/early May, final selection late June-early July)",https://www.lefresnoy.net/en/school/admissions/,"Prestigious, near-free production-based art school where each student creates funded audiovisual/sound works with pro crews; strong for an artist identity but competitive and art-world (not club/DJ) oriented",Unverified,verification agent returned nothing
MSc Arts & Creative Industries Management (Paris campus),KEDGE Business School,France,Private,General-Business/MBA,English (English test required - Check accepted tests/waivers),"EUR 22,500 (12-month MSc); long track adds EUR 9,500 pathway year; EUR 120 application fee","KEDGE international scholarships: early-bird discounts, diversity scholarships, Welcome to France scholarship",Partial,Tuition discounts only (no stipend) - percentages Check,Y,N (interest/experience in a creative field expected),M1 completed OR 4-year bachelor (240 ECTS); English proficiency; dossier + interview,Rolling - Check,"Rolling with scholarship early-bird cutoffs (10% before 30 Nov, 5% before end Feb; Welcome-to-France scholarship before 10 April) - PRIOR CYCLE pattern, confirm for 2027",https://student.kedge.edu/programmes/arts-creative-industries-management,English-taught creative-industries management in Paris at a triple-crown school; expensive - only worthwhile with scholarship stacking; broad creative industries rather than music-specific,Unverified,verification agent returned nothing
"Master Communications, Media and Creative Industries (School of Management and Impact)","Sciences Po, Paris",France,"Private (grand etablissement, semi-public)",General-Business/MBA,English (and French-track options); English test normally required - Check waivers,"EUR 0 - 20,640/year (2026-27), set by household income for non-EU-tax-resident students","Emile Boutmy Scholarship (non-EU students; up to EUR 18,500/year tuition exemption for both master years)",Partial,"Tuition exemption up to EUR 18,500/yr; no living stipend at top tier (some tiers include grant) - Check tiers","Y (non-EU household, first-time applicants)",N,"Bachelor's degree (any field), strong dossier, essays and references; English proficiency evidence",PRIOR CYCLE: early October (annual),PRIOR CYCLE - confirm new date (2026 entry committees: 19 Oct 2025 and 30 Nov 2025; expect Oct-Nov 2026 deadlines for Sept 2027),https://www.sciencespo.fr/ecole-management-impact/en/academics/masters/master-communications-media-creative-industries/,Creative-industries strategy/management with elite brand and the best non-EU scholarship in French business-adjacent education (Boutmy); income-based fees can also drop sharply for a Tunisian household; not music-specific,Unverified,verification agent returned nothing
"Master of Music (MMus) - pathway Music Design (strands: Music Technology, Music Production, Sound Design, Composition)",HKU University of the Arts Utrecht,Netherlands,Public (university of the arts),Sound/Music-Tech,English (some elective bachelor-level classes taught in Dutch),"UNVERIFIED amount - official page confirms non-EEA pay higher 'institutional' rate (portals cite ~EUR 11,835/yr - confirm on HKU fee calculator); EEA statutory ~EUR 2,601/yr","Holland Scholarship (named on official programme page, 'awarded to most talented candidates')",Partial,"Holland/NL Scholarship = EUR 5,000 one-time, first year (studyinnl.org/finances/nl-scholarship)",Y (non-EEA eligible; NL Scholarship requires non-EEA nationality - Tunisia qualifies),Y - portfolio + motivation letter + CV + preliminary study plan; committee assesses a musical work created with available technological means,Relevant bachelor + portfolio; English proficiency proof required (level per general HKU enrolment requirements),1 October 2026 for the 2027-28 intake (stated on official page),PRIOR CYCLE - confirm new date (2026-27 closed; non-EU/EEA advised to apply before 1 April for visa),https://www.hku.nl/en/study-at-hku/music-and-technology/master-of-music-pathway-music-design,Best single-fit programme in NL: dedicated Music Production and Music Technology strands; software engineering degree is a direct asset for the Music Technology strand.,Unverified,verification agent returned nothing
"MA Applied Musicology (60 EC, 1 year)",Utrecht University,Netherlands,Public,Music-Business,English,"EUR 21,342/yr non-EU/EEA institutional (2026-27); EU statutory EUR 2,694 (figures reported for 2026-27 - confirm on uu.nl)",NL Scholarship (UU participates: uu.nl/en/masters/.../nl-scholarship); Utrecht Excellence Scholarships - Check,Partial,"NL Scholarship EUR 5,000 one-time",Y (NL Scholarship = non-EEA nationals),N (academic; motivation and musicological background assessed),Bachelor with sufficient musicology background - CS graduate would likely need to demonstrate music knowledge (Check); English test required,UNVERIFIED (typically Oct 2026 for Sept 2027),PRIOR CYCLE - confirm new date (non-EU deadline reported as 1 April; EU later),https://www.uu.nl/en/masters/applied-musicology,"Career-oriented musicology (programming concerts, music sector work) - closer to arts-management than production; moderate fit.",Unverified,verification agent returned nothing
NL Scholarship (Holland Scholarship) - cross-cutting funding for Dutch entries above,"Participating Dutch universities (incl. HKU, UU, EUR, UvA - confirm per institution list)",Netherlands,Public (Ministry of Education + institutions),Sound/Music-Tech,n/a (funding scheme),n/a,NL Scholarship,Partial,"EUR 5,000 one-time, paid in first study year (explicitly 'not a full-tuition scholarship')",Y (Tunisia is non-EEA; meets nationality criterion),N,Non-EEA nationality; first degree obtained outside NL; no prior Dutch education; apply via the chosen institution's own deadline,With the host institution's application cycle (autumn 2026 for Sept 2027),Set per institution - Check each (typically Feb-May for Sept intake),https://www.studyinnl.org/finances/nl-scholarship,"Main partial-funding lever for every Dutch programme in this list; combine with institution-specific excellence scholarships (AES Amsterdam, Utrecht Excellence, Erasmus Trustfonds).",Unverified,verification agent returned nothing
Master in Media Management,"Universita della Svizzera italiana (USI), Lugano",Switzerland,Public,Music-Business,English (English certificate IELTS/TOEFL/Cambridge/TOEIC required unless bachelor taught in English),"CHF 4,000/semester international (CHF 2,000 if Swiss/Liechtenstein resident at secondary diploma) - from USI official fees page","USI one-off merit scholarships: 60 x CHF 4,000 for first-year master students (merit + need based)",Partial,"CHF 4,000 one-off (about one semester's tuition); no stipend",Y,N,Relevant bachelor's degree; English certificate (candidate must take IELTS/TOEFL); no GMAT indicated - Check,UNVERIFIED,Check - USI master deadlines not confirmed on pages read (program page blocked); typically earlier for non-EU visa applicants,https://www.usi.ch/en/education/master/media-management,Closest Swiss equivalent to an entertainment/media business master - management of media/creative industries in English; useful for the music-industry/label side of a DJ career.,Unverified,verification agent returned nothing
Master in Multimedia — specialization Interactive Music and Sound Design (Mestrado em Multimedia),"University of Porto (joint: FEUP, FBAUP, FCUP, FEP, FLUP)",Portugal,Public,Sound/Music-Tech,Portuguese (some materials in English) — Check exact teaching language for this specialization,"EUR 4,700/yr for international students (2025/26; CPLP nationals EUR 2,600) — official U.Porto fees page (www.up.pt), confirm 2027/28",No program-specific scholarship found; U.Porto lists no automatic intl waiver — Check U.Porto/Santander merit calls,Partial,UNVERIFIED,"Y (applies via International Student statute, pays intl fee)",Check (selection mainly by CV/academic record; portfolio helpful),"Bachelor's degree (any area incl. engineering/CS); selection by CV/degree grade; no IELTS stated but Check language proof; 120 ECTS, 2 yrs",UNVERIFIED (U.Porto intl phases typically open late 2026 for Sept 2027),PRIOR CYCLE - confirm new date (2026/27 phases closed; check sigarra.up.pt for 2027/28 edital),https://dei.fe.up.pt/mm/specializations/interactive-music-and-sound-design/,"Top fit: interactive music systems, sound synthesis, sound design for games/film taught across 5 faculties — his software-engineering degree is a direct asset; low public tuition.",Unverified,verification agent returned nothing
Mestrado em Som e Imagem — Sound Design specialization (Master in Sound and Image),"Universidade Católica Portuguesa — School of Arts, Porto",Portugal,Private (Catholic university),Sound-Design/Production,Portuguese primarily (English page exists) — Check,UNVERIFIED (private tuition; request from candidaturas.porto@ucp.pt),UCP Social Support + Merit and Portfolio Scholarships (individually analyzed),Partial,UNVERIFIED (typically partial tuition reduction),Y (international applicants accepted),Check (arts school — portfolio strongly expected; merit 'Portfolio Scholarships' exist),"Bachelor's in cinema, audiovisual, multimedia, fine arts, design, ENGINEERING etc.; evening/post-work classes 18h-22h",PRIOR CYCLE reference: 1st phase opened 19 Feb (2024/25 cycle),PRIOR CYCLE - confirm new date (2024/25 phases: Apr 18 / Jun 27 / Sep 16),https://artes.porto.ucp.pt/en/academics/all-programs/sound-and-image-0,"Strong production fit: 24h-access studios, surround-sound cinema; audio production for film/concert/installation; engineering grads explicitly welcome; private fees offset by merit/portfolio scholarships.",Unverified,verification agent returned nothing
"Mestrado em Música (branches: Performance, Composition, Musicology, Conducting)",Universidade de Aveiro (DeCA),Portugal,Public,Sound/Music-Tech,Portuguese (Check per branch),"EUR 5,000/yr for international students in Arts (2026/27, per UA Deliberação 16/CG/2025 on ua.pt)",UA incentive/merit scholarships for international master's applicants — can reach full tuition-fee waiver (per ua.pt intl pages; confirm current call),Partial,Up to tuition waiver; no living stipend found,Y (international special-access route),Y/Check — audition/portfolio expected for Performance/Composition branches,Bachelor's in music or related; branch-specific tests,"UNVERIFIED (UA international special-access edital, usually several phases from late in prior year)",PRIOR CYCLE - confirm new date,https://www.ua.pt/pt/curso/99,"Weaker direct fit (classical performance/composition focus, audition-heavy) but UA also runs a Studio Sound Recording Technologies microcredential (ua.pt/pt/curso/1642); intl merit scholarship up to tuition waiver is attractive.",Unverified,verification agent returned nothing
Master in Enterprise Management for the Creative Industries (Mestrado em Gestao de Industrias Criativas),Universidade Católica Portuguesa — School of Arts + Católica Porto Business School,Portugal,Private (Catholic university),Music-Business,English (taught entirely in English for international students — confirmed on official page),UNVERIFIED (private; request via candidaturas.porto@ucp.pt),UCP Merit and Portfolio Scholarships; UCP Social Support (financial support applications individually analyzed); DGES grants listed but Check non-EU eligibility,Partial,UNVERIFIED (typically tuition reduction),Y (international intake explicit),N/Check (management program; portfolio not indicated),"Bachelor's (any field); Friday-evening + Saturday classes (compatible with DJ/production work); 120 ECTS, 2 yrs","2026/27 cycle: 1st phase opened Feb 2, 2026 (intl until Apr 24); expect similar calendar for 2027/28","2026/27: 3rd phase Jun 1 - Aug 26, 2026 (still open for Sept 2026 entry); Sept 2027: confirm new dates ~Feb 2027",https://artes.porto.ucp.pt/en/ensino/cursos/mestrado-em-gestao-de-industrias-criativas/about,"Best music-business fit in Portugal: English-taught creative-industries management (strategy, marketing, IP legislation, business plan) at an arts school with a music/sound department; weekend schedule leaves weekdays free for producing/DJing.",Unverified,verification agent returned nothing
International Master in Management (MiM; also CEMS MIM and double degrees),"Nova School of Business and Economics (Nova SBE), Carcavelos/Lisbon",Portugal,Public (foundation; triple-crown-level business school),General-Business/MBA,English,"~EUR 11,650 base 3-semester track (CEMS MIM ~EUR 18,767 for 2 yrs) — figures from 2026 cycle; confirm on official fees page",Nova SBE merit-based scholarships (awarded automatically with application) + need-based aid portfolio (official scholarships page novasbe.unl.pt/en/programs/scholarships-funding/masters),Partial,Tuition reductions; amounts vary by profile — UNVERIFIED specifics,Y (fully international intake; merit aid open to all nationalities),N,Bachelor's (any field incl. engineering); GMAT/GRE or Nova admission test typically; English proficiency proof (IELTS/TOEFL — he must take one),"UNVERIFIED for 2027 intake (2026/27 round ran to Apr 30, 2026; intl/CEMS Mar 23, 2026)",PRIOR CYCLE - confirm new date (expect ~Mar-Apr 2027 for Sept 2027),https://www.novasbe.unl.pt/en/programs/masters/management/fees,"Fallback business track: top-ranked English MSc Management with automatic merit-scholarship consideration; good for music-entrepreneurship credibility and network, no music content.",Unverified,verification agent returned nothing
"MA Composition and Music Technology (fields: Electroacoustic Composition, Audiovisual Composition, Recording Arts, Classical Composition)","Estonian Academy of Music and Theatre (EAMT), Tallinn",Estonia,Public (conservatory),Sound/Music-Tech,English and Estonian,"Check - EAMT fees range EUR 1,750-14,000/year depending on programme and country of origin (application fee EUR 75)",Limited EAMT scholarships for international students (auditions end of Sept) + Estonian national scholarship for degree students,Partial,Estonian national scholarship: EUR 350/month for master's (tuition not covered); EAMT scholarship amounts UNVERIFIED,Y - Tunisia is explicitly on the Estonian national scholarship eligible-country list (harno.ee); apply 2 Sept-1 Oct after admission,Y - entrance audition/interview (~20-30 min) assessing musical skills; portfolio of works expected for composition fields,"Bachelor's degree; proof of English proficiency (level assessed at interview, no fixed IELTS score listed); audition",UNVERIFIED,UNVERIFIED - apply via DreamApply; EAMT admission-dates page references 2026-27 additional admission; confirm 2027 cycle,https://eamt.ee/en/departments/composition-and-improvisational-music/composition-and-music-technology/,"Electroacoustic/audiovisual composition + Recording Arts (studios, Estonian Public Broadcasting collaboration) maps directly onto producer/DJ goals; interview-based English check helps an applicant without IELTS",Unverified,verification agent returned nothing
"MA in Art Law and Arts Management (English-taught, weekend format)",International Hellenic University — University Center of International Programmes of Studies,Greece (Thessaloniki),Public (fee-charging international arm),Music-Business,English (exclusively),"EUR 3,000–4,000 total (sources conflict; official site intermittently unavailable — Check; non-EU pay EUR 1,500 advance)",IHU Academic Excellence Scholarship + need/merit-based tuition reductions (Greek-citizen fee exemption does NOT apply to foreigners),Partial,Tuition reduction only; no stipend,Y — program explicitly recruits non-Greek applicants,N,"Any bachelor's (law, economics, arts, etc.); English proficiency evidence (IELTS/TOEFL — Check exact scores); 90 ECTS over 3 terms",Rolling until places filled,31 Aug 2026 for non-Greek applicants (Sept 2026 intake — STILL OPEN as of Jul 2026); 2027 cycle expected similar,https://www.ihu.gr/ucips/postgraduate-programmes/alam,Cheapest English-taught arts-management master in the region; covers art-market management/law fundamentals transferable to the music industry; weekend teaching allows parallel DJ/production work. Note IELTS/TOEFL not yet taken.,Unverified,verification agent returned nothing
MSc/PgDip Audio Production,University of Salford (Manchester),United Kingdom,Public,Sound-Design/Production,English,"£17,520 (2026/27); £18,000 (2027/28) - already published for his intake","Salford international scholarships (up to ~£3,000)",Partial,Tuition discount only,Y,Check (degree must show audio elements; demonstrable audio work likely needed for a software grad),2:2+ degree containing significant audio technology/production elements (working professionals with relevant expertise also welcomed); IELTS 6.0 (min 5.5 each),UNVERIFIED,Check - September AND January intakes each year (Jan 2027 intake could bridge to a 2027 start),https://www.salford.ac.uk/courses/postgraduate/audio-production,Practical sound-engineering/music-production MSc at a famous acoustics school; among the cheaper public options; 2027/28 fee already confirmed; January intake adds flexibility.,Unverified,verification agent returned nothing
"MMus Music (flexible specialisms incl. music technology, composition, performance)",University of Surrey,United Kingdom,Public,Sound/Music-Tech,English,"£22,700 (full-time)","International Excellence Award (£5,000); 20% Surrey alumni discount",Partial,"£5,000 tuition reduction",Y,"Y - portfolio incl. 2,000-word writing sample plus discipline-specific creative work (recordings/compositions)",2:1 in relevant subject (lower considered case-by-case); IELTS 6.5 (min 6.0 each). NOTE: Surrey's famous Tonmeister program is UNDERGRADUATE only - no PG Tonmeister exists,UNVERIFIED,PRIOR CYCLE - confirm new date (2026 entry: overseas 24 July 2026; UK 1 Sept 2026),https://www.surrey.ac.uk/postgraduate/music-mmus,"Surrey checked as requested: the Tonmeister brand is undergrad-only; the MMus is a general music degree with a possible music-tech specialism - weaker fit than QMUL/York for a CS grad, and portfolio-heavy.",Unverified,verification agent returned nothing
MA in Experimental Sound Practice,University College Cork (UCC),Ireland,Public,Sound-Design/Production,English (UCC-approved English requirements; scores not on course page - Check),"EUR 18,500 (non-EU); EU EUR 8,100",Sydney V. Regan Scholarships (3 awards across UCC Music taught masters); Choctaw-Ireland Scholarship referenced,Partial,UNVERIFIED (amounts not stated),Y (Check scholarship-specific criteria),"Y - 3 creative works (recordings, videos, scores, installation documentation, live-electronics code) + commentary","Min 2H2 honours degree (NFQ L8) in any area; NO formal music background required, but DAW experience (Reaper/Ableton Live) expected and music-tech/acoustics knowledge desirable",UNVERIFIED,Rolling until filled; non-EU no later than 15 June (2026 cycle - confirm for 2027),https://www.ucc.ie/en/cke78/,"Strong fit: no music degree needed, Ableton/DAW experience is the entry currency; covers music technology, sound art, field recording, improvisation - creative breadth for a producer identity.",Unverified,verification agent returned nothing
"MA in Scoring for Film, TV and Interactive Media (QQI L9, with Griffith College)","Pulse College (Windmill Lane Recording Studios, Dublin) - private",Ireland,Private,Sound-Design/Production,English CEFR B2+ (no IELTS floor stated),"EUR 34,000 international/EU-outside-Ireland; EUR 28,000 Irish/EU resident (+ EUR 560 learner protection charge)","Jeff Atmajian Scholarship (EUR 5,000); Gary Schyman Scholarship (EUR 5,000); Richard Bellis Mentorship Scholarship",Partial,"EUR 5,000 tuition reductions / individual mentoring only - no living costs","Y (Check - private college, GOI-IES only applies at eligible HEIs, Check Griffith/Pulse eligibility)","Y - diverse compositional portfolio; non-degree route requires ABRSM Grade-8-level theory, score reading, orchestration, DAW/notation proficiency","L8 honours music degree with composition specialization (min 2.2) OR demonstrated equivalent competency; curriculum includes music technology, music business, orchestral recording at Windmill Lane","Open now for Sept 2027 (per official page, July 2026)",Check - applications open for September 2027 enrollment (interview after online application),https://www.pulsecollege.com/audio/master-of-arts-in-scoring-for-film-tv-and-interactive-media/,"Windmill Lane studio access + Hollywood-composer faculty and music-business modules, and the ONLY program already advertising its Sept 2027 intake - but entry assumes strong composition/notation skills and cost is the highest in Ireland (self-pay fallback).",Unverified,verification agent returned nothing
MA in Creative Media and Technology (specializations: Songwriting & Production; Live Experience Design),"Berklee NYC (Berklee College of Music, Power Station studios)",USA,Private (music college),Sound-Design/Production,English,UNVERIFIED (1-year program: fall+spring+summer),Berklee graduate merit scholarships (Check; international students not eligible for institutional need-based aid),Partial,UNVERIFIED,Y,Y - portfolio of recent artistic work with role explanations; 500-word essay or 2-4 min video; resume; 1 recommendation; no music degree required,Any accredited bachelor's degree; English materials; English test for internationals (Check),UNVERIFIED,Jan 15 (fall 2026 cycle; decision by Mar 31) - PRIOR CYCLE - confirm Fall 2027 date,https://nyc.berklee.edu/master-of-arts-creative-media-technology,"One-year, production-centric degree inside a working commercial studio (Power Station) - the most directly DJ/producer-relevant curriculum on this list; funding merit-based and partial at best",Unverified,verification agent returned nothing
MA in Sound Arts and Industries,Northwestern University (School of Communication),USA,Private,Sound-Design/Production,English,UNVERIFIED (1-year private-university program),"Program merit scholarships (limited number, awarded at admission)",Partial,"UNVERIFIED (merit scholarships are tuition-oriented, limited)",Y,"Y - 1-5 samples of sound-related work (audio, time-based media, or written)",Bachelor's in any field; interest in sound across art + industry; English test for internationals (Check),UNVERIFIED,Priority Jan 15 for full scholarship consideration; final ~June space permitting - PRIOR CYCLE - confirm for Fall 2027,https://sound.northwestern.edu/admissions/,"One-year Chicago program spanning sound design, podcasting, audio industries - broad industry framing complements a producer career; only partial merit funding",Unverified,verification agent returned nothing
"WAVES - Erasmus Mundus Joint Master in Waves, Acoustics, Vibrations, Engineering and Sound",University of Coimbra + Universitat Politecnica de Valencia + Aix-Marseille University + Centrale Mediterranee (4 institutions; 20 associated + 21 industrial partners),Portugal / Spain / France,Consortium,Acoustics/Audio-Eng,English (verified: 'fully taught in English'),UNVERIFIED (not published while recruitment is paused; covered for EM scholarship holders when scheme runs),Erasmus Mundus scholarship (historically),"Full (historically, when Erasmus Mundus cycle active) - CAUTION VERIFIED: recruitment currently CLOSED",Standard EMJM package when active - UNVERIFIED for future cohorts,Y (historically open to all nationalities; nothing on site contradicts),N,Bachelor 180 ECTS in acoustics or related engineering; English CEFR B2+ (per prior cycles - not re-published on current site); awards multiple national degrees + Joint Diploma Supplement over 4 semesters with mobility,Check master-waves.eu for any relaunch; no future dates published,CONFIRMED PAUSED: site states (1 Oct 2025) 'it has been decided not to open the recruitment campaign for a 2026-2028 cohort' and the application platform is unavailable; a 2027-2029 relaunch is unannounced - monitor only,https://master-waves.eu/,"Engineering-heavy acoustics track suiting his software background, but programme pause verified on official site - keep as low-priority watch item; if it relaunches for 2027 the window would likely be ~Oct 2026-Feb 2027",Verified,"Official site fetched: 4-partner consortium, English-taught, and the 2026-2028 recruitment cancellation (announced 1 Oct 2025) all confirmed verbatim. Fees, scholarship package and entry requirements no longer displayed while paused - carried from prior cycles as unverified. Draft's core caution stands."
M.Sc. Audio Communication and Technology,Technische Universität Berlin (TU Berlin),Germany,Public,Sound/Music-Tech,German (C1 for foreign qualifications) with substantial English literature/some instruction (English B2 required),EUR 0 tuition (Berlin public university); semester contribution approx EUR 300/sem (amount not on program page - Check current figure),"DAAD Study Scholarship / Deutschlandstipendium (external, competitive - not program-attached)",None (tuition-free); external scholarships only,DAAD approx EUR 992/month if won (Check current rate; not confirmed on TU Berlin page),Y,N,Bachelor in science/engineering/humanities/social science/arts/business/law; min 10 CP mathematics (analysis + linear algebra); competency in a programming language or computer algebra system (good fit for SE grad); OPEN admission (no NC - corrects earlier note); German C1 + English B2; winter start only; Early-Bird math course available if math CP missing,"01 June (open-admission masters, per TU Berlin dates page for WiSe 2026/27) - confirm for 2027",PRIOR CYCLE - confirm new date (open-admission masters WiSe 2026/27: 01.06.2026-31.08.2026; foreign-degree applicants need uni-assist VPD well in advance),https://www.tu.berlin/en/studying/study-programs/all-programs-offered/study-course/audio-communication-and-technology-m-sc,"Flagship Berlin electroacoustics/audio-tech program, essentially free, and admission is open (not NC) with math+programming prerequisites the candidate meets - but German C1 remains the decisive hurdle for this candidate",Verified,"Official program page fetched 2026-07-12: confirms German C1 + English B2, OPEN admission (draft's 'restricted/NC' was wrong), math 10 CP + programming requirement, winter-only start, no portfolio/audition mentioned. Deadline window taken from TU Berlin central dates page (WiSe 2026/27 cycle) - Sept 2027 dates not yet published. Semester fee amount and DAAD stipend rate not confirmed on official pages."
M.A. Music and Creative Industries,Popakademie Baden-Württemberg (Mannheim),Germany,Public,Music-Business,German - at least C1 required (per official facts page),"No tuition for domestic students; international (non-EU) and second-degree students pay fees - Baden-Württemberg non-EU fee EUR 1,500/sem expected (exact figure in linked fee PDF - Check) + student services fee",None found (external DAAD/Deutschlandstipendium - Check),None found,Check,Y,N,"Bachelor in Music Business/Popular Music Design (Popakademie), Economics, Cultural Studies, Social Sciences, Music/Musicology, or Media & Communication; PLUS relevant practical experience (vocational training, or internship/volunteer work of at least 6 months); pre-selection on grades/experience/motivation letter, then personal interview (assesses industry knowledge, English skills, motivation, personality); German C1; winter intake only; 20 places; 4 semesters / 120 ECTS",Check (prior cycle closed 15 June),"PRIOR CYCLE - confirm new date (prior cycle: 15 June, entrance interviews 20-24 July 2026; winter intake only)",https://www.popakademie.de/en/studium/music-and-creative-industries-ma/facts/,"Germany's state pop-music/music-business school with strong industry network - ideal Track 2 content, but German C1 is required and the candidate's software-engineering bachelor is NOT in the listed admissible subjects; the 6-month industry-experience requirement is a further hurdle. Weak eligibility fit despite great content",Verified,"Official facts + admission pages fetched 2026-07-12: German C1 confirmed, deadline June 15 (prior cycle) with exams 20-24 July 2026, winter intake, 120 ECTS/4 sem, 20 places, non-EU fee applies (exact amount in PDF not fetched). Important: admissible bachelor subjects list does NOT include engineering/CS - candidate's degree eligibility is doubtful (set tunisianEligible=Y for nationality, but degree-subject match is the real barrier)."
"Master's Programme Electrical Engineering and Audio Engineering (Toningenieur, joint TU Graz + KUG)",TU Graz + University of Music and Performing Arts Graz (KUG),Austria,Public,Acoustics/Audio-Eng,German (official page: 'Language of instruction: German'; some courses held in English). Proof of German competence explicitly required - a hard barrier for this candidate,"EUR 726.72/semester for non-EU third-country nationals (~EUR 1,453/yr) + OeH student union fee - confirmed via TU Graz tuition-fee pages",None found (OeAD scholarship database worth checking separately; no program-attached funding),None found,None found,Y (pays standard third-country fee; no nationality bar),Check - certificates demonstrating musical/artistic education required with application; colloquium/entrance exam may include musical assessment,"Confirmed on official page: relevant completed bachelor required; TU Graz/KUG own EE-and-audio bachelor grads admitted unconditionally; other graduates must attend an admission colloquium; must submit bachelor transcript + certificates of musical/artistic education by 30 June, then interviews and possibly a September entrance examination; proof of German required. A pure software-engineering bachelor without documented musical training faces a genuine matching hurdle",Check (documents due by June 30 each cycle),"PRIOR CYCLE - confirm new date (June 30, 2026 has passed for the 2026 intake; expect ~June 30, 2027 for Sept 2027 entry)",https://www.tugraz.at/en/studying-and-teaching/degree-and-certificate-programmes/masters-degree-programmes/electrical-engineering-and-audio-engineering,"Europe's storied Toningenieur program (IEM - spatial audio, Ambisonics) at ~EUR 1,450/yr, but German instruction with required German proof plus expected documented musical training make it a poor near-term fit unless the candidate commits to German study first",Verified,"Official TU Graz page confirmed: joint program, German instruction (some English courses), admission colloquium for external grads, June 30 document deadline, German-proof requirement, and requirement to evidence musical/artistic education. Non-EU fee EUR 726.72/semester confirmed via TU Graz fee pages. No scholarships attached to the program"
"Master en Produccion de Musica Electronica (8 months, UDIMA-accredited)",SAE Institute Spain (Madrid & Barcelona),Spain,Private,Sound-Design/Production,Spanish,UNVERIFIED - not published; request via SAE admissions,None found,None found,None found,Y (non-EU student-visa pathway with SAE support for housing and study permits),N,"University degree (for the Master de Formacion Permanente 25 ECTS UDIMA track) OR 2+ years professional experience (Master Profesional track); 18+; interview; curriculum covers Ableton Live, Logic Pro X, Native Instruments, Universal Audio plugins, Moog/Roland/modular hardware synths; includes official Ableton Live certification",Rolling - admissions questionnaire + interview with educational advisor,Still-open intakes: Madrid Oct 2026; Barcelona Oct 2026 and Feb 2027 (Feb 2026 Madrid intake has passed),https://www.sae.edu/esp/courses/produccion-musica-electronica/,"Most directly aligned with the DJ/electronic-producer goal of anything found in Spain (electronic production, synths, Ableton certification); short 8-month format could pair with a business master; candidate's degree qualifies him for the 25 ECTS UDIMA credential; Spanish required",Verified,"Official SAE Spain page fetched (Jul 2026). Confirmed: 8 months, Spanish, Madrid+Barcelona, intakes Oct 2026 (Madrid, BCN) and Feb 2027 (BCN), 25 ECTS UDIMA Master de Formacion Permanente, Ableton certification, non-EU visa support. Tuition not published - unverified."
Master Universitario en Ingenieria Acustica (MUIA),Universitat Politecnica de Valencia - Campus de Gandia,Spain,Public,Acoustics/Audio-Eng,Spanish,"70.68 EUR/credit for non-EU non-resident students = ~4,241 EUR for the 60 ECTS program (2026-27 rates; EU/residents pay 35.34 EUR/credit, ~2,120 EUR). CONFIRMED on official page",None found on program page; general UPV/Ministry becas mostly EU-resident-restricted,None found (very low public tuition makes it a strong self-pay fallback),None found,Y (dedicated non-EU pre-registration phase; foreign-degree equivalency check via UPV),N,"60 ECTS, 1 academic year (Sep-Jul), on-campus at Gandia, 20 places; covers architectural, environmental, electroacoustic and underwater acoustics; engineering degree suitable","Non-EU international Phase 0 typically opens mid-November of the prior year; later phases (Mar-Apr, Jun, Jul-Sep) open to all applicants","For Sept 2026 intake: Phase 3 pre-registration runs Jul-Sep 2026 (open to all applicants NOW, subject to remaining places among 20). For Sept 2027: PRIOR CYCLE - confirm new date (expect non-EU Phase 0 ~Nov 2026 - Feb 2027 by pattern; 2026 cycle Phase 0 ran Nov 2025 - Feb 2026)",https://www.upv.es/estudios/master/muia/en/home/,Cheapest verified official audio/acoustics engineering master in this set (~4.2k EUR total non-EU); Spanish-taught is the main barrier; a late 2026 entry may still be possible via Phase 3 (Jul-Sep 2026) if places remain,Verified,"Official UPV page confirmed (Jul 2026): 60 ECTS, Spanish, 20 places, non-EU rate 70.68 EUR/credit (~4,240.80 EUR total), phased pre-registration calendar including non-EU Phase 0 Nov 2025-Feb 2026 and Phase 3 Jul-Sep 2026 for the 2026-27 intake. No scholarship scheme listed."
Master de Formacion Permanente en Industria Musical y Estudios Sonoros (MiMeS),Universidad Carlos III de Madrid,Spain,"Public university, titulo propio (formacion permanente)",Music-Business,Spanish (confirmed; optional English B1/B2 certificate may be submitted),"EUR 5,900 confirmed (EUR 1,000 reservation counted toward tuition; payable in full or 2 x EUR 2,450 installments due 31 Oct and 15 Mar)",None found,None found (confirmed - no scholarship information on program page),None,"Check - no international-student section on page; as formacion permanente (titulo propio) foreign degrees typically accepted without homologation, but confirm degree-equivalency and visa support with mimes@postgrado.uc3m.es",N (confirmed - documents + interview only),"Confirmed: recommended degrees incl. communication, business, sociology, sound engineering, musicology, marketing; documents: application form, CV, motivation letter, TWO recommendation letters, transcript + degree, optional English B1/B2 certificate; curriculum review then personal/video interview; 60 ECTS, Mon-Thu 17:00-20:15, Puerta de Toledo campus Madrid",Open (confirmed 'ABIERTO'),Admissions confirmed OPEN for the 2026-27 edition starting 15 Sep 2026 (still-open 2026 intake); no fixed close date published - rolling until seats fill; 2027-28 window not yet posted,https://www.uc3m.es/formacion-permanente/industria-musical-estudios-sonoros,"Confirmed bridge of both candidate tracks (industry/business + sound studies) at a reputable public university for a moderate EUR 5,900; evening schedule could pair with gigging; Spanish-taught and zero funding are the drawbacks",Verified,"Official UC3M page fetched 2026-07-12: confirms EUR 5,900 tuition and payment plan, open admissions, 15 Sep 2026 start (2026-27 edition), 60 ECTS, Spanish, full document list incl. 2 recommendation letters and interview, no scholarships listed. Sound-engineering degrees explicitly among recommended backgrounds. International/Tunisian specifics not addressed on page - flagged Check."
Master de Formacion Permanente en Industria Musical (with Music Business Academy & Pitch Music Marketing),Universidad Autonoma de Madrid (UAM),Spain,Public (titulo propio),Music-Business,Spanish,"EUR 6,000 (payable in 2 installments of EUR 3,000)",UAM program scholarships (becas for 10% of enrolled students),"Partial (scholarships for 10% of enrolled students; criteria: unemployment 35%, academic record 35%, professional connection to music industry 30%)",Tuition reduction only - exact amount not published on program page; Check with UAM Centro de Formacion Continua,Y - foreign qualifications accepted without homologation if equivalent to a Spanish degree,N,"Bachelor's degree or equivalent (up to 60 pending ECTS acceptable); professional music-industry experience can substitute; selection: GPA 70% + CV/specialization 30%; 60 ECTS; 150h internship (6 ECTS, past hosts incl. Pitch Music Marketing, Analog Agency, Monoloco Festival); classes Wed 18:00-21:00, Thu-Fri 17:30-21:00, Cantoblanco campus",Open (online preregistration),"Still-open 2026 intake: program runs Oct 2026 - May 2027; online preregistration required, no explicit deadline published (60-100 places)",https://www.uam.es/CentroFormacionContinua/nuevo-MFP_industria_musical/1446835293258.htm,"Most industry-connected Madrid music-business program with built-in 150h internship at real music companies; ~10% scholarship chance; entirely Spanish-taught - candidate is French/Arabic/English speaker, so Spanish must be acquired first",Verified,"Official UAM page confirms all core fields: EUR 6,000 tuition, 60 ECTS, Spanish, Oct 2026 - May 2027, scholarships for 10% of enrolled students with 35/35/30 weighting, foreign degrees accepted without homologation, 150h internship, evening schedule at Cantoblanco. No published application deadline - preregistration is open; confirm cutoff with UAM directly. Scholarship amount (full vs partial tuition) not stated."
"Master Universitario en Gestion Empresarial en la Industria Musical (official, 100% online)",UNIR - Universidad Internacional de La Rioja,Spain (online - study from Tunisia possible),"Private university, OFFICIAL degree (ANECA-accredited - confirmed)",Music-Business,Spanish (confirmed),UNVERIFIED - exact price not shown on page (revealed via admissions/scholarship calculator); 35% discount confirmed for enrollments before 15 Jul 2026,UNIR internal becas + periodic discount campaigns (35% off until 15 Jul 2026 confirmed),Partial (confirmed: institutional discount campaigns - currently 35% until 15 Jul - plus UNIR internal becas via calculator; no full funding),N/A (online program),"Y - online interactive format, international students accepted; exams online or at in-person centers (fixed centers in Spain and Latin America: Bogota, Quito, Mexico City - confirm online-exam option from Tunisia)",N (confirmed - no portfolio),"Confirmed: official university degree OR music-related university qualification OR conservatory Professional Music Title/related vocational training OR demonstrable professional music-industry experience; 60 ECTS, 1 year, ANECA-accredited titulo oficial",Rolling (confirmed open),"Still-open 2026 intake confirmed: next cohort starts 19 Oct 2026; enrollment open now (15 Jul 2026 deadline applies to the 35% discount, not admission); multiple cohorts per year",https://www.unir.net/musica/master-gestion-industria-musical/,"Best logistics fit in batch: official degree, no relocation/visa, runs alongside a DJ career, candidate's SE degree meets entry bar; Spanish-taught is the main obstacle; self-pay with sizable discount",Verified,"Official page fetched 2026-07-12: confirms official ANECA-accredited status, 60 ECTS/1 year online, Spanish, 19 Oct 2026 cohort, entry routes incl. professional experience, online/in-person exams, and 35% discount until 15 Jul 2026. Only gaps: exact tuition figure (calculator-gated) and whether Tunisia-based students can sit all exams online - both flagged Check."
"MA Arts and Culture (tracks incl. Arts, Policy and Cultural Entrepreneurship / Arts in Society)",University of Groningen (RUG),Netherlands,Public,Music-Business,English,"EUR 19,900/yr non-EU/EEA (2026-27, confirmed); EU statutory EUR 2,694","NL Scholarship (RUG participates, EUR 5,000 non-EEA); Eric Bleumink Fellowship - Tunisia IS on the eligible-country list (tier-3 priority), fully funded but NOMINATION ONLY (cannot apply directly)",Partial (NL Scholarship) with a fully-funded nomination-only path (Eric Bleumink Fellowship),"NL Scholarship EUR 5,000 one-off; Eric Bleumink Fellowship covers tuition + living for nominated candidates admitted before Feb 2027 (Sept 2027 intake only)",Y,N,"Bachelor in Arts, Culture and Media or related field (Arts Philosophy/Sociology/Policy, Film, Music, Theatre, Literature); a CS/software degree does not match the listed fields - admission would need case-by-case board review and is uncertain; IELTS 6.5 (min 6.0 all bands) / TOEFL iBT 90 (min 21 all sections)","Check (Studielink, typically ~Oct 2026)",1 May 2027 for non-EU/EEA (Sept 2027 intake - published and confirmed on official page); apply by 1 Dec 2026 to be considered for Eric Bleumink Fellowship nomination,https://www.rug.nl/masters/arts-policy-and-cultural-entrepreneurship/,"Cultural-entrepreneurship angle at a low-cost public university with a real published Sept-2027 deadline AND a Tunisia-eligible fully-funded fellowship route (Bleumink, nomination-only, admission needed before Feb 2027); main risk is admission from a CS bachelor",Verified,"Official RUG page confirms program, English instruction, EUR 19,900 non-EU fee (2026-27), 1 May 2027 non-EU deadline for 1 Sept 2027 start, IELTS 6.5/TOEFL 90, NL Scholarship participation. Fetched page presents the degree as MA Arts & Culture with the 'Arts in Society' track branding - confirm the exact track name (Arts, Policy and Cultural Entrepreneurship) when applying. Eric Bleumink upgraded from UNVERIFIED: RUG sources confirm Tunisia is eligible (tier-3 priority country), fellowship is nomination-based (no direct application), master application due ~1 Dec 2026 and admission offer before Feb 2027 for Sept 2027 intake."
Master de Formacion Permanente en Tecnologias en la Composicion de Bandas Sonoras y Musica para Videojuegos (MBSO),Universidad Complutense de Madrid (Facultad de Informatica),Spain,"Public (titulo propio / Master de Formacion Permanente, so full fee applies; UCM official study catalog lists it for 2026/27, online format)",Sound/Music-Tech,Spanish,"~5,150 EUR total reported (40 EUR pre-registration + 1,030 EUR matricula + 4,120 EUR program) - pre-registration fee of 40 EUR confirmed on official inscripcion page; full breakdown from aggregator, confirm with program (mousikegestioncultural@gmail.com)",None found,None found (titulo propio - full program fee applies; no becas mentioned anywhere on program site),None found,"Check (foreign-degree documentation required: passport, degree copy, transcript; titulo propio programs usually need equivalency check rather than full homologation). IMPORTANT: program is taught ONLINE (synchronous streaming via Moodle/Zoom, classes recorded), so it could potentially be followed from Tunisia without a Spanish visa - confirm with program","Y (application to Mousike requires brief bio, motivation letter, and THREE original compositions as PDF scores + audio/video)","60 ECTS (6 modules; modules 1-5 = 10 ECTS each, module 6 = 4 ECTS + 6 ECTS TFM); university degree + demonstrated musical composition knowledge; Computer Science engineers explicitly listed as eligible background (entrance assessment of musical/technical knowledge); non-degree holders may qualify with proven professional experience",Open now for 2026-27 via UCM preinscripcion + direct email application to Mousike,"Pre-registration OPEN NOW for 2026-27 (course runs 1 Oct 2026 - 30 Jun 2027, afternoon classes); 2027-28 cycle not yet announced - confirm later",https://www.ucm-musica-audiovisual.com/,"Run by UCM's Computer Science faculty and explicitly welcomes CS grads - strong fit for the candidate's software background; covers soundtrack/game-music composition, DAWs, production tech; taught online-synchronous so possibly doable from Tunisia; Spanish required; requires composition portfolio (3 original works) which the candidate should prepare; still-open 2026 intake",Verified,"Program site + official UCM catalog page + inscripcion page all fetched (Jul 2026). Confirmed: 60 ECTS, online synchronous format, Oct 2026-Jun 2027 dates, pre-registration open, CS grads eligible, 3-composition portfolio requirement, 40 EUR preinscripcion fee. Total ~5,150 EUR price cross-referenced from web search (Docenzia aggregator) - not on official page, so confirm by email. Correction vs prior batch data: portfolio IS required (was 'Check')."
"Master en Produccion de Audio (24 months, UDIMA-accredited)",SAE Institute Spain (Madrid & Barcelona campuses),Spain,Private,Sound-Design/Production,"Spanish (proficiency in speaking, listening, reading, writing must be demonstrated at admission)",UNVERIFIED - not published on page; request via admissions (barcelona@sae.edu / madrid@sae.edu),None found - Check SAE admissions for financing/payment plans,None found (self-pay fallback; ask admissions about financing plans),None found,"Y (explicit international-student pathway: student visa for non-EU, study-visa guidance, housing support via Spotahome, international student portal)",N,"University degree (Grado/Licenciatura) OR 2+ years professional experience; 18+; Spanish proficiency; admissions interview; dual credential: Master de Formacion Permanente 60 ECTS (UDIMA) or Master Profesional + SAE Professional Diploma; ~8 h/week in person over 4 days; includes Pro Tools, Ableton, Wwise, Midas, Digico certifications",Rolling - admissions questionnaire + interview (Zoom available),"Rolling admissions; still-open intakes: Oct 2026 (Madrid & Barcelona), Feb 2027 (Barcelona only). Feb 2026 intake has passed",https://www.sae.edu/esp/courses/produccion-de-audio/,"Broad production skillset (recording, mixing, film/TV post, game sound, live sound, immersive/Dolby Atmos) matching the producer career goal; Year 2 adds business/marketing/legal; Spanish-taught; tuition must be requested",Verified,"Official SAE Spain page fetched (Jul 2026). Confirmed: 24 months, Spanish, Madrid+Barcelona, intakes Oct 2026 (both) and Feb 2027 (BCN), UDIMA 60 ECTS accreditation, non-EU visa pathway, entry requirements, included vendor certifications. Tuition not published anywhere on page - remains unverified."
Master en Industria Musical 360 (UDIMA-accredited),SAE Institute Spain (Madrid & Barcelona),Spain,Private,Music-Business,"Spanish AND English (page requires advanced proficiency in BOTH - note candidate has no IELTS/TOEFL yet, though SAE tests via interview rather than standardized tests)",UNVERIFIED - not published; request via SAE admissions,None found,None found,None found,Y (same requirements as domestic applicants; dedicated international admissions support; non-EU student visa needed),N,"12-month in-person program (CORRECTION: not 2 years as previously listed); university degree qualifies for the 60 ECTS UDIMA Master de Formacion Permanente, otherwise 2+ years experience for Master Profesional; 18+; 3 modules: industry fundamentals/management/recorded+live music/copyright/publishing; digital content/legal/influencer management/business planning; audio-video production and live-event technical production",Rolling,Still-open intakes: Oct 2026 (Madrid & Barcelona); Feb 2027 (Barcelona only). Rolling admissions,https://www.sae.edu/esp/courses/master-en-industria-musical/,"Combines music business (copyright, publishing, live music, management) with production and live-event tech - matches the dual producer/business interest; taught by active industry professionals with SAE's 50+ campus network; requires advanced Spanish AND English; could stack with the 8-month electronic-production master",Verified,"Official SAE Spain page fetched (Jul 2026). Confirmed: 12-month duration (corrected from '2-year' in prior data), Madrid+Barcelona, intakes Oct 2026 and Feb 2027 (BCN), 60 ECTS UDIMA accreditation, dual Spanish+English language requirement (stricter than prior data indicated), international admissions support. Tuition not published - unverified."
"Master en Produccion Musical (titulo propio, 60 ECTS)","Escuela Universitaria de Artes TAI, Madrid",Spain,"Private (titulo propio, not official university degree - confirmed on page)",Sound-Design/Production,Spanish (confirmed on page),UNVERIFIED - not published; disclosed via admissions (admision@taiarts.com / +34 91 167 20 62),TAI internal scholarships and study aids (terms undisclosed - Check),"Partial - page confirms 'becas y ayudas al estudio' plus financing options, terms via academic guidance; no full funding",None - tuition aid/financing only,Check - international pathway exists but requirements not detailed on page; private titulo propio so no homologation barrier expected; confirm visa support and Spanish level with admissions,Check - CV + interview confirmed; formal portfolio not explicitly required but musical/production background expected,"Confirmed: 60 ECTS, 1 year, in-person; explicitly accepts 'tecnicos/as de sonido, musicos/as, DJs, compositores/as o productores/as autodidactas'; DAW familiarity and basic recording knowledge expected; CV with prior studies required","Open - process: appointment request, documentation, in-person or video interview, admission decision, reservation fee, enrollment","October 2026 start confirmed (still-open 2026 intake, in-person Madrid, Calle Recoletos 22); no fixed deadline published - rolling with interview; Oct 2027 edition not yet posted",https://taiarts.com/estudios/master-produccion-musical/,"Strongest profile match in this batch: page literally names DJs and self-taught producers as target applicants; but Spanish-taught, self-pay with only internal partial scholarships, and non-official title",Verified,"Official page fetched 2026-07-12: confirms program existence, 60 ECTS titulo propio, Spanish, Oct 2026 start, DJ/self-taught-producer admission profiles, interview-based process, and existence of TAI becas/financing. Tuition and international-student specifics intentionally undisclosed pending admissions contact - those fields remain Check."
Master en Industria Musical (IL3-UB),Universitat de Barcelona - Instituto de Formacion Continua IL3,Spain,Public (titulo propio via UB's continuing-education arm),Music-Business,Spanish,"EUR 6,020 (60 ECTS, includes UB administrative fees)",None found (association-member and alumni discounts only),"None found (only 10% discounts for members of professional music associations ARC/APECAT/ASACC, alumni discounts, and Spanish employer-training bonification - none applicable to an international fresh graduate)",N/A - no scholarship scheme,"Check - titulo propio programs normally accept foreign degrees, and 'graduates in engineering' are explicitly eligible, but the page does not address foreign-credential recognition; confirm with IL3 admissions",N,"University graduates in arts, humanities, social sciences, law, or ENGINEERING (candidate's software-engineering degree fits); or 2+ years music/cultural sector experience with higher vocational qualification; in-person Barcelona, Mon/Wed/Thu 18:00-21:00 plus weekend workshops; professional internships in recognized companies + technical visits to festivals, venues, studios",Open,"Still-open 2026 intake: starts 14 Oct 2026, runs to 22 Jul 2027 (40 weeks); enrollment currently open (matricula abierta)",https://www.il3.ub.edu/master-industria-musical,"Barcelona = major electronic-music scene (Sonar, Primavera); engineering graduates explicitly admitted; internships included; but zero scholarship route and entirely Spanish-taught",Verified,"Official IL3-UB page confirms EUR 6,020, 60 ECTS, Spanish, in-person 3 evenings/week (Mon/Wed/Thu 6-9pm - slightly different from earlier note of Wed-Fri), 14 Oct 2026 - 22 Jul 2027, open enrollment, engineering graduates eligible, internships included. Confirms no scholarships - only association/alumni discounts and Spanish tripartite-foundation bonification for employed workers. Foreign-degree acceptance not stated on page."
Master Universitario en Gestion Cultural (official),Universitat de Barcelona,Spain,Public,Music-Business,Catalan 78% / Spanish 12% / English 10%,"Non-EU/non-resident: EUR 82/credit x 90 ECTS = ~EUR 7,380 total (2025-26 rates); EU/residents: EUR 19.37/credit (~EUR 1,743)",None found (check UB general master's scholarships / Catalan AGAUR aid),None found (program refers only to UB's general master's funding system; no program-specific scholarship),Check - UB general funding system referenced without details,Y (non-EU fee track exists; any university graduate may apply),N,"Any bachelor's degree; 90 ECTS over 2 years (3 semesters: 50 compulsory + 40 elective credits); admission evaluates organisational/problem-solving skills incl. an admission exam on set dates; no formal language certificate but reading comprehension in Catalan/Spanish/English needed; final project may be in Catalan, Spanish, English, French, Italian or Portuguese",Late January (annually) for September start; expect ~Jan 2027 opening for Sept 2027,"PRIOR CYCLE - confirm new date (2026-27 pre-enrollment ran 29 Jan - 26 Mar and 28 Mar - 9 Jul 2026; second period closed 9 Jul 2026, days before today - 2026 entry effectively closed; 2027-28 dates not yet published)",https://www.ub.edu/cultural/master-universitari-en-gestio-cultural/?lang=en,"Official (RUCT) arts-management degree, respected since 2007 - BUT 78% Catalan-taught is a serious barrier for this candidate (Arabic/French/English speaker); only shortlist if committed to learning Catalan AND Spanish; no funding identified",Verified,"Official UB page confirms language split (Catalan 78% / Spanish 12% / English 10%), 90 ECTS over 2 years, EUR 82/credit non-EU vs EUR 19.37/credit EU (2025-26 rates - 2026-27/2027-28 rates may change), and both 2026-27 pre-enrollment periods (incl. admission exams 27 Mar and 10 Jul 2026). Second 2026 period closed 9 Jul 2026. No program-specific scholarship confirmed."
"MAEC-AECID Programa Africa-Med Master scholarship (applies to any official in-person master in Spain, max 60 ECTS)",AECID - Spanish Agency for International Development Cooperation (Ministry of Foreign Affairs),Spain,Public,General-Business/MBA,"Spanish (must certify Spanish, or the master's teaching language if different)","N/A - scholarship scheme, not a program","Becas MAEC-AECID Africa-Med Master 2026-2027 (up to 30 scholarships; BOE-B-2026-22411, Resolucion 29 Jun 2026)","Partial-to-Full: EUR 2,000/month stipend + health insurance (up to EUR 80/month), 1 Sep 2026 - 31 Jul 2027; tuition coverage NOT explicit in the call - Check (stipend must likely cover public-university fees)","EUR 2,000/month + health insurance in Spain (up to EUR 80/month, pre-existing conditions excluded); non-renewable, 11 months","Y - Tunisia (Tunez) explicitly on the 33-country Africa/Middle East list, BUT restricted to PERMANENT (non-temporary) civil servants / public-system employees, including public education and university staff",N,Must ALREADY hold admission to an official presencial master of max 60 ECTS in Spain when applying; bachelor's degree; employer authorization required; certified Spanish (or program teaching language); competitive selection,"Early July (annually, via AECID electronic registry)",2026-27 cycle: apply 2-15 Jul 2026 via AECID Sede Electronica (CLOSING 15 Jul 2026 - 3 days from today); for 2027-28: PRIOR CYCLE - confirm new call ~May-Jul 2027,https://www.aecid.es/becas-para-ciudadanos-de-paises-de-america-latina-africa-y-asia,The main Spanish government scholarship open to Tunisians - but the permanent civil-servant requirement EXCLUDES a fresh graduate today; flag as a future route only if the candidate first takes a permanent Tunisian public-sector/university post; pairs with official 60-ECTS presencial masters (note: UB Gestio Cultural at 90 ECTS would NOT qualify),Verified,"AECID official page + BOE extract (BOE-B-2026-22411) confirm: Tunisia on the eligible-country list; permanent civil servants/public employees only; up to 30 scholarships; EUR 2,000/month + health insurance up to EUR 80/month; period 1 Sep 2026 - 31 Jul 2027; official presencial masters max 60 ECTS; prior master's admission and Spanish certification required; application window 2-15 Jul 2026. Explicit tuition-fee coverage not stated in the call."
Mestrado em Multimedia (Master in Multimedia) - specialization Interactive Music and Sound Design,Universidade do Porto - FEUP (cross-faculty programme),Portugal,Public,Sound/Music-Tech,English (official MM site states 'LANGUAGE: ENGLISH'; U.Porto course catalogue lists 'Portuguese - suitable for English-speaking students' - confirm delivery of the IMSD track with coordination),"EUR 4,700/yr international (2025/26, U.Porto fee table; CPLP internationals EUR 2,600/yr); 2027/28 value to be set annually",None found on official page; U.Porto merit awards exist university-wide but are competitive and post-entry,None (no scholarship mentioned on programme page; only Erasmus+ mobility),N/A - no systematic funding,Y,Y,Bachelor's or equivalent; transcript with ECTS; CV; mandatory portfolio of academic/personal/professional projects; motivation letter (max 1 page); research proposal (max 5 pages); EUR 55 application fee. Software engineering background fits the interactive-music-systems track (coordinator Prof. Gilberto Bernardes),"Annual phases; U.Porto general calendar 2026/27 ran Mar-Jul (3rd phase 12 Jun - 22 Jul 2026), but FEUP applies its own calendar - check sigarra",PRIOR CYCLE - confirm new date (2026/27 3rd phase closing ~22 Jul 2026 per U.Porto general calendar - verify on FEUP sigarra if attempting 2026 entry; Sept 2027 cycle not yet published),https://fe.up.pt/estudar/mm/?lang=en,"Top academic fit: English-taught interactive music systems and sound design at a strong public university with low international tuition (~EUR 4,700/yr); his coding background is explicitly welcomed via the required research proposal and portfolio.",Verified,"Programme, IMSD specialization, English language, portfolio, motivation letter, 5-page research proposal and EUR 55 fee all confirmed on official FEUP MM page (fetched 12 Jul 2026). Intl tuition EUR 4,700/yr (2025/26) confirmed via U.Porto course catalogue search result; sigarra fee page itself returned 403. No funding found. Exact 2026/27 FEUP-specific deadlines not confirmed (FEUP uses its own calendar)."
Mestrado em Producao e Tecnologias do Som (Master in Sound Production and Technologies),"Universidade Lusofona, Lisbon",Portugal,Private,Sound-Design/Production,Portuguese,"2026/27: EUR 12.68/ECTS, avg EUR 380.40/month for 30 ECTS/semester (~EUR 4,200-4,600/yr); application fee EUR 460 (or EUR 180 reduced); enrollment EUR 350 + EUR 50 school insurance",None found on official page (only free evening campus parking noted; ask about internal discounts),None,N/A,Y,Y,"Bachelor's or equivalent (foreign degrees recognized per Bologna), or exceptional professional/scientific CV; selection = 25% prior qualification grade + 75% interview and portfolio/CV (100% interview for non-degree candidates)",2026/27 4th epoch: 30 May - 17 Jul 2026,17 Jul 2026 for Sept 2026 intake - STILL OPEN as of 12 Jul 2026 (5 days left); Sept 2027 cycle to be confirmed,https://www.ulusofona.pt/lisboa/mestrados/producao-e-tecnologias-do-som,Immediate 2026 option closing this week; evening classes (weekdays from 18h) fit a working DJ/producer; interview+portfolio-weighted admission suits a non-music-degree applicant; Portuguese-taught; note enrollment fee corrected to EUR 350 (not EUR 300).,Verified,"All key fields confirmed on official Lusofona page (12 Jul 2026): accreditation R/A-Cr 34/2018/AL01, EUR 12.68/ECTS and EUR 380.40/month, application fees EUR 460/180, 25/75 selection split, evening schedule, and 4th application epoch closing 17 Jul 2026. Minor correction vs draft: enrollment is EUR 350 (+EUR 50 insurance), not EUR 300. Pro Tools/Max/MSP/Arduino content not re-verified on this fetch but consistent with curriculum."
Mestrado em Artes Musicais (Master in Musical Arts),NOVA FCSH - Universidade Nova de Lisboa,Portugal,Public,Sound/Music-Tech,Portuguese,"EUR 6,000 total for the 2-year programme for international students (2026/27, Despacho 29/2026: 1st yr EUR 3,600, 2nd yr EUR 2,400); nationals EUR 2,600 total; + EUR 13 insurance and EUR 35 admin/yr",None found for internationals (NOVA FCSH Regulamento de Bolsas Despacho 1926/2023 exists; merit propina reductions apply only to graduates of Portuguese public institutions),None,N/A,Y,Check,Bachelor's degree; 15 places; selection criteria set in each annual edital (CV + qualifications; audition/portfolio not stated on course page - Check edital),Check annual edital at fcsh.unl.pt/candidatos/mestrados-doutoramentos/ (2025/26 had an extraordinary late phase; typically multiple phases Jan-Jul),"PRIOR CYCLE - confirm new date (2027/28 edital not yet published; a 2025/26 'fase extraordinaria' was announced, suggesting late phases sometimes open)",https://www.fcsh.unl.pt/cursos/mestrado_em_artes_musicais/,"Unusual blend of music-and-technology and music-industry topics matching both his tracks; corrected international tuition (EUR 3,600 then EUR 2,400) is higher than the EUR 2,700/yr in the draft but still moderate; Portuguese-taught, so language prep needed.",Verified,"Programme (2-year, Dept. of Musical Sciences, 15 places) confirmed on official page; international tuition confirmed from NOVA FCSH Despacho 29/2026 fee PDF for 2026/27 (Artes Musicais: intl total EUR 6,000 = 3,600 + 2,400) - replaces the draft's UNVERIFIED EUR 2,700/yr figure. Selection criteria/portfolio and application dates remain in the annual edital, not yet published for 2027/28."
"Mestrado em Ciencias Musicais (specializations: Historical Musicology, Ethnomusicology, Psychology of Music and Human Development - no formal 'popular music studies' branch; popular-music research sits within Ethnomusicology/INET-md)",NOVA FCSH - Universidade Nova de Lisboa,Portugal,Public,Music-Business,Portuguese,"EUR 6,000 total for the 2-year course for international students (1st yr EUR 3,600 + 2nd yr EUR 2,400) per Despacho 29/2026 for 2026/27; national total EUR 2,400 (1,800 + 600)",None found (fee reductions in Despacho 29/2026 apply only to graduates of Portuguese public institutions / NOVA staff),None,Check,Y,N,"Licenciado degree, recognized foreign equivalent, or professional CV approved by Scientific Council; 2 years / 120 ECTS (60 taught + 60 dissertation/project/internship); ranked per annual edital criteria (academic record + CV); research via CESEM and INET-md centres","Per annual edital (master's phases historically Jan-Jul; PhD extraordinary phase for 2026/27 ran Jun 22-Aug 31, 2026, illustrating the calendar pattern)",PRIOR CYCLE - confirm new date (2027/28 master's edital not yet published),"https://www.fcsh.unl.pt/en/courses/musicology/ (2026/27 fee dispatch: https://www.fcsh.unl.pt/static/documentos/gestao/academicos/Valores.pdf; note the previously listed edital PDF URL now serves the PhD edital, not the master's)","Confirmed as academic musicology with no production or industry-management training; ethnomusicology/INET-md is the only angle touching popular music; EUR 6,000 intl total with no scholarship - secondary option at best.",Verified,"Program page confirmed structure, three specializations and entry routes; 2026/27 fees confirmed from official Despacho 29/2026 PDF (intl EUR 3,600 + 2,400; national EUR 1,800 + 600). Correction: original sourceUrl edital PDF now contains the Doutoramento (PhD) 2026/27 edital (intl EUR 12,000 total), not the mestrado - master's application dates must be taken from the mestrado edital when published. 'Popular music studies' is not a named specialization."
Master in Sound and Music Computing,"Universitat Pompeu Fabra (Music Technology Group), Barcelona",Spain,Public,Sound/Music-Tech,English,"~EUR 5,750/year for non-EU internationals (EU/EEA ~EUR 1,302/yr) per current third-party listing consistent with prior official figure - reconfirm on UPF fees page for 2027-28",Check UPF SMC Scholarships page (upf.edu/web/smc/scholarships) + Spanish/Catalan masters grants; no full-ride scheme identified,UNVERIFIED (self-pay baseline at moderate public tuition; official SMC 'Scholarships' page exists - check UPF/Catalonia masters grants; no program-specific full funding found),UNVERIFIED,Y (open international admission; early application periods recommended for visa/legalisation),N,"Undergraduate degree + transcript, 1 academic recommendation letter, motivation letter in English; CS/engineering backgrounds explicitly well-suited (audio DSP, machine learning, interactive systems); no audition; 1-year full-time or 2-year part-time",~November 2026 for Sept 2027 (2026-27 cycle opened 14 Nov 2025),PRIOR CYCLE - confirm new date (2026-27 cycle deadlines were 14 Jan / 4 Mar / 27 Apr / 5 Jun 2026 - all now passed; third-party listing already shows ~5 Jun 2027 final deadline for the 25 Sept 2027 start - confirm on UPF once the new cycle opens),https://www.upf.edu/web/smc,"World-leading audio-DSP/music-AI lab (Freesound, Essentia); the single best academic conversion of his software-engineering degree into music tech - no portfolio or audition, moderate public tuition, but no verified full-funding route",Verified,"Official SMC page (upf.edu/web/smc, retrieved via firecrawl after WebFetch 403) confirms program existence, MTG affiliation, curriculum (audio signal processing, ML, perception/cognition, interactive systems, semantic technologies), and dedicated Scholarships/Internships/FAQ sections. 2026-27 deadlines (Jan 14/Mar 4/Apr 27/Jun 5 2026, internationals urged to apply early) from official UPF MTG news via search. Tuition EUR 5,750 intl / EUR 1,302 EU and the 2027 dates from mastersportal.com (third-party but matching the prior official figure) - reconfirm on UPF. Scholarship specifics behind 403 remain unverified."
"MSc Sound and Music Computing (1 year, MU code MHT62)",Maynooth University,Ireland,Public,Sound/Music-Tech,English,"~EUR 14,000 (one-year programme) for non-EU per aggregators; official Maynooth fees page is WAF-blocked - confirm exact 2026/27 figure","None found at programme level; external option: Government of Ireland International Education Scholarship (GOI-IES: EUR 10,000 stipend + full tuition waiver for 1 year, open to non-EU/non-EEA incl. Tunisians, ~annual March deadline - confirm)",None found (program-specific); external full-funding route exists,"GOI-IES only: full tuition waiver + EUR 10,000 for the year; nothing programme-specific",Y,N,"Verified on official page: bachelor honours degree (NFQ Level 8) with minimum 2.1 in ANY discipline (broader than previously listed - not restricted to technical degrees); RPL route for non-graduates with 3+ years experience; personal statement (min 500 words), transcripts, passport via MU Apply portal. English proficiency required - Maynooth PG norm is IELTS 6.5 (no band below 6.0) / TOEFL iBT 90 per aggregators; the previously listed IELTS 6.0 was NOT confirmed.",Rolling via MU Apply portal (open now for 2026 entry),14 August 2026 (verified on official page - 2026 intake STILL OPEN as of July 2026; expect similar mid-August deadline for Sept 2027),https://www.maynoothuniversity.ie/study-maynooth/postgraduate-studies/courses/msc-sound-and-music-computing,"Confirmed strong technical option: music application development, audio DSP, sound synthesis, acoustics, programming in the Music Technology Lab (dir. Prof. Victor Lazzarini, Csound author); 1-year duration and any-discipline 2.1 entry are pluses, but the low IELTS 6.0 bar claimed earlier did not verify (6.5 is the realistic bar)",Verified,"Official page scraped in full (firecrawl; WebFetch 403). Verified: programme content, 1-year duration, 2.1 any-discipline entry, application documents, 14 Aug 2026 closing date, programme director contact. Fees (EUR 14,000) from aggregators only; English scores from aggregators citing Maynooth (official English-requirements page not reachable). Correction vs input: entry is any discipline, and IELTS bar is 6.5 not 6.0."
"MA Arts Management, Society and Creative Entrepreneurship","Sibelius Academy, University of the Arts Helsinki (Uniarts)",Finland,Conservatory,Music-Business,English,"EUR 28,000/year for non-EU students starting August 2026 or later (verified on official Uniarts fees page - the previously listed EUR 5,000 applied only to cohorts that started 2017-2024; Jan 2025-Jul 2026 starters pay EUR 12,000)",None - Uniarts states explicitly it grants NO scholarships to cover the tuition fee for students starting August 2026 or later (the old tuition-waiver scheme is closed to new intakes and terminates by July 2030),None,None; Uniarts grants no living-expense scholarships and requires proof of self-funding,Y (pays the full non-EU fee; no fee waivers available),N,"Bachelor's degree, work experience in arts management preferred, adequate English; ~15 students admitted per biennial cycle; 2-year, 120-credit programme",Not before the next biennial round (TBA; no 2027 intake),N/A for Sept 2027 - officially NO admission in 2027 (biennial intake); next application round to be announced (likely Jan 2028 for an Aug 2028 start),https://www.uniarts.fi/en/study-programmes/arts-management-society-and-creative-entrepreneurship-master/,"DOWNGRADED after verification: the two facts that made this attractive have both collapsed - fees jumped from EUR 5,000 to EUR 28,000/year for Aug 2026+ starters with zero scholarships available, AND there is no 2027 intake at all. Effectively not viable for this candidate's Sept 2027 plan; only relevant as a self-funded 2028 long shot.",Verified,"Verified on official Uniarts pages: EUR 28,000/yr non-EU fee from Aug 2026, explicit no-scholarship policy for Aug 2026+ starters, no living-cost stipends, biennial admission with no 2027 intake (~15 admitted per cycle), English instruction, 2-year/120cr structure. Input fields for EUR 5,000 fee and tuition-waiver scholarship were accurate only for pre-Aug-2026 cohorts and are now obsolete."
M.Sc. Communications and Multimedia Engineering (CME),FAU Erlangen-Nürnberg,Germany,Public,Acoustics/Audio-Eng,English (no German required for admission),EUR 0 tuition (Bavaria public); semester fee approx EUR 150/sem (not confirmed on CME page - Check); note EUR 100 application fee per application for non-EU applicants,DAAD Study Scholarship / Deutschlandstipendium (external - Check),None (tuition-free); external scholarships only,Check,Y,N,"Engineering-related bachelor; qualification assessment (QFV) covering engineering mathematics, signals & systems, digital communications, digital signal processing; overall GPA 2.5 (German scale) or better; 30-minute aptitude interview; English B2: IELTS 6.0 / TOEFL iBT 80 (or Medium of Instruction certificate); no audition; winter intake only",15 February (portal opened 15 Feb 2026 for WiSe 2026/27) - confirm for 2027,July 15 annually (winter intake); 15 May recommended for visa applicants. 2026 intake technically still open until 15 July 2026 (3 days from today - unrealistic for visa); for Sept 2027 confirm the 2027 window when published,https://www.cme.studium.fau.de/prospective-students/application-process/,"Direct pipeline environment to International AudioLabs Erlangen (Fraunhofer IIS, birthplace of MP3/AAC); English-taught, tuition-free, no German needed - arguably the strongest audio-DSP fit for a software engineer, though the QFV expects signals/DSP coursework a pure-SE transcript may lack (Check)",Verified,"Official CME application-process page fetched 2026-07-12: confirms English instruction, IELTS 6.0/TOEFL 80, no German, portal 15 Feb-15 Jul 2026, deadline July 15, winter-only intake, QFV assessment + interview, EUR 100 non-EU application fee. Semester fee amount and AudioLabs affiliation not restated on fetched pages (AudioLabs link is well-established via FAU/Fraunhofer IIS). English requirement is B2 - candidate must still take IELTS/TOEFL."
"Master in Music, Communication and Technology / Creative Music Technology (MMUST)",NTNU Trondheim,Norway,Public,Sound/Music-Tech,English,"NOK 198,800/yr for non-EU/EEA (2025/26, per official admission page); page states NTNU does NOT offer scholarships covering tuition; 2026/27+ fee-waiver speculation NOT confirmed on official page",None found (official page: 'NTNU does not offer scholarships covering tuition fees'; some fee exemptions may apply - Check categories),None,None,Y (for admission; no fee exemption for Tunisians identified),N,"Bachelor with music-technology specialization of at least 80 ECTS (or equivalent), minimum grade C average in specialization courses; mandatory 1-page motivation letter; English test (IELTS/TOEFL/Pearson, max 2 years old); only Kristiania Music Production BA auto-qualifies, others individually assessed; pre-semester audio-programming intensive for those lacking it. A software-only degree almost certainly fails the 80-ECTS music-tech requirement",Autumn via NTNU application portal (Check exact opening),"December 1 (non-EU/EEA, for following autumn) - confirm for Sept 2027 intake",https://www.ntnu.edu/studies/mmust/admission,"Confirmed non-viable on two fronts: NOK 198,800/yr non-EU tuition with no NTNU scholarships, and the 80-ECTS music-technology prerequisite that a software-engineering bachelor does not satisfy. Keep only as a watch item in case Norway's fee policy changes; deprioritize",Verified,"Official NTNU admission page fetched 2026-07-12: confirms 80 ECTS music-tech requirement, grade C, English instruction + test requirement, Dec 1 non-EU deadline, NOK 198,800/yr (2025/26) and explicit statement that NTNU offers no tuition scholarships. The 'fees may drop to zero from 2026/27' claim is NOT supported by the official page and remains speculation. UiO MCT discontinuation claim not re-verified here."
MSc in Sound and Music Technologies (Technologies Ichou kai Mousikis),"Hellenic Mediterranean University (ELMEPA/HMU), Dept. of Music Technology & Acoustics, Rethymno, Crete",Greece,Public,Sound/Music-Tech,"Check - program page and materials published in English, but the official 2026-27 call is Greek-only and applications use Greek TaxisNet credentials; B2 English certificate required of all applicants; confirm actual instruction language with department (chrisoula@hmu.gr / maximoskp@hmu.gr)",EUR 0 - official 2026-27 call confirms 'den apaiteitai i katavoli telous foitisis' (no tuition fee required),None found (tuition-free by design; students hold scholar status and support department teaching),Full (tuition-free; no stipend),None - living costs self-funded (Rethymno is low-cost),"Y (call explicitly admits graduates of corresponding departments of recognized foreign institutions; other profiles decided case-by-case by Department Assembly) - but online application requires TaxisNet codes, so internationals should contact secretariat (secretariat-mta@hmu.gr) about submission",N (no portfolio in the official document list; interview instead),"Verified from 2026-27 call: degrees in sciences, engineering/polytechnic, music technology, music studies, audiovisual arts etc. (software engineering fits 'Polytechnic Schools' category); documents: ID/passport, CV, degree + transcript, ENGLISH B2 CERTIFICATE (mandatory - candidate must obtain one), 2 recommendation letters, 1-page statement of interest, optional publications/experience; selection includes personal interview (can be remote); 3 semesters full-time (8 courses + thesis, 90 ECTS: audio DSP, audio programming, acoustics, sound synthesis, applied ML for sound/music, sound & motion, optoacoustics); physical presence in Rethymno required; max 15 students/yr",27 April 2026 (2026-27 call),7 September 2026 - 2026-27 intake OPEN NOW (window 27 Apr - 7 Sep 2026 via morpheus.hmu.gr); 2027-28 call expected ~April 2027,https://mta.hmu.gr/en/postgraduate/msc-in-sound-and-music-technologies/,"TOP FIND confirmed: zero-tuition DSP/ML-for-music MSc that explicitly welcomes foreign engineering graduates, interview-based (remote possible), and the 2026 intake is still open until 7 Sep 2026 - but the candidate needs a B2 English certificate to file, and instruction language plus TaxisNet application access must be confirmed with the department first",Verified,"Full official 2026-27 call PDF (mta.hmu.gr, PROSKLISI_PMS_2026_27) read directly: dates, zero fee, 15-student cap, eligibility incl. foreign graduates, document list, interview all confirmed. Two caveats: (1) instruction language not explicitly stated - Greek-language call suggests Greek or mixed delivery despite English program page; (2) online portal requires TaxisNet (Greek tax) login - foreign applicants must arrange submission with secretariat."
"Master 2 ATIAM - Acoustics, Signal Processing and Computer Science Applied to Music (with IRCAM & Telecom Paris)","Sorbonne Universite, Paris",France,Public,Sound/Music-Tech,"French (most courses; good English required, 'un bon niveau de francais est conseille' for non-francophones) - candidate's fluent French is a real asset","Not stated on program site; standard French national master registration ~EUR 250/yr + EUR 105 CVEC; non-EU differentiated fee (EUR 3,879/yr) may apply - Sorbonne's exemption practice UNVERIFIED, confirm at registration","Eiffel Excellence Scholarship (Tunisians eligible; institution must nominate - Check age limit and Sorbonne's internal nomination deadline, typically Nov-Dec)",Partial (near-zero cost if exemption applies) - external stipends possible,"Eiffel ~EUR 1,181/month if won (Check current amount)",Y (foreign M1-equivalent degrees assessed; Tunisians apply via Campus France 'Etudes en France' for visa),N (dossier + scientific/motivation interview; no artistic portfolio),"Verified: M1 or equivalent (engineering/foreign degree assessed); must show excellent command of at least 2 of 3 domains (acoustics, signal processing, computer science) + strong musical interest + good English; 2-stage selection: dossier via Sorbonne eCandidat, then motivation interview at IRCAM for pre-selected candidates; two entry tracks (computer-science or acoustics/engineering profile); 1-year M2 (Master in CS or Engineering Science, parcours ATIAM)",Late March (2026-27 cycle opened 26 Mar 2026 on eCandidat),"PRIOR CYCLE - confirm new date (2026-27 cycle: 26 Mar - 11 Jun 2026, now closed; Sept 2027 cycle expected ~Mar-Jun 2027)",https://www.atiam.ircam.fr/en/,"Confirmed as described: the IRCAM master, Europe's most prestigious music-DSP research training, French-taught (candidate fluent), recruiting exactly software-engineering profiles with musical interest; near-zero cost pending fee-exemption confirmation; interview asks scientific questions - brush up DSP/acoustics fundamentals",Verified,"Program, partners (Sorbonne/IRCAM/Telecom Paris), degree awarded, entry requirements, 2-stage selection, interview, and 2026 dates (26 Mar - 11 Jun 2026) all confirmed on atiam.ircam.fr (incl. /en/candidature/ page). Tuition not stated on program site and Sorbonne's non-EU differentiated-fee exemption practice could not be confirmed on this pass; Eiffel compatibility and age cap also unconfirmed."
"International Master's Degree in Electroacoustics and Audio (IMDEA), Institut d'Acoustique Graduate School",Le Mans Universite,France,Public,Acoustics/Audio-Eng,"English (verified: 'All the courses being taught in English only'; B2 minimum proof required - TOEIC, IELTS, TOEFL accepted; candidate must take one)",Check - fees page (course-fees.html) blocked on this pass; prior claim of ~EUR 254/yr + EUR 105 CVEC with same rate for non-EU NOT re-confirmed; program is supported by the EMV Foundation (Institut de France),"IMDEA scholarship EUR 7,000/student/yr; IA-GS excellence scholarship EUR 4,000/yr (renewable once), open to French or foreign M1/M2 acoustics students; Eiffel also Check",Partial (low French public tuition expected + program scholarships),"EUR 7,000/yr (IMDEA) or EUR 4,000/yr (IA-GS excellence, paid ~October, renewable once) - selection criteria on IAGS scholarship pages","Y (open to graduates of any foreign university; Tunisia is among the ~72 'Etudes en France' countries, so Campus France procedure required for visa)","N (no artistic portfolio, but a written technical project report is required - a personal audio/DSP project would serve)","Verified: M1 entry with BSc in electronics, acoustics or related field from any French or foreign university (software engineering arguably 'related' - confirm with imdeacoustics@univ-lemans.fr); M2 entry needs 1+ yr electroacoustics specialization; 4-step admission: (1) online scientific evaluation test (min 50%), (2) project report (bachelor project max 20pp or personal project 3-4pp on electroacoustics/acoustics/electronics/signal processing), (3) 20-min video interview (scientific + motivation), (4) registration platform; B2 English proof mandatory",Early January (2026 cycle: 5 Jan 2026),"PRIOR CYCLE - confirm new date (Sept 2026 intake: 5 Jan - 1 Jun 2026, strict, steps 1-2 done by then; Sept 2027 cycle expected ~Jan-Jun 2027)",https://iags.univ-lemans.fr/en/education-programs/master-s-degrees-in-acoustics/parcours-en-anglais/imdea.html,"Verified as one of the best cost/quality options: English-taught electroacoustics/audio (transducers, real-time signal processing) at Europe's leading acoustics school, EUR 4,000-7,000/yr scholarships exist, and admission is test+project+interview (no audition) - the scientific test and electroacoustics-focused report are the hurdles for a software grad; needs B2 English certificate",Verified,"Program page scraped in full (firecrawl; WebFetch 403): English-only teaching, B2 test requirement, 4-step admission, exact 2026 window (5 Jan - 1 Jun 2026), EMV Foundation support, Etudes en France note all confirmed. Scholarship amounts (EUR 7,000 IMDEA / EUR 4,000 IA-GS renewable) confirmed via IAGS scholarship-program pages in search results. Exact tuition amount NOT re-confirmed (fees page blocked) - treat 'EUR ~254 + CVEC, same for non-EU' as unverified until checked."
Master Musicologie - parcours Administration de la Musique et du Spectacle Vivant (M1+M2),Universite d'Evry / Universite Paris-Saclay,France,Public,Music-Business,French (verified: program conducted entirely in French),Check - official page does not state amounts ('amounts may vary depending on the programme and your personal circumstances'); standard national rate ~EUR 250/yr + EUR 105 CVEC; non-EU differentiated fee and Paris-Saclay exemption practice unconfirmed,Eiffel Excellence Scholarship (Check program compatibility - Eiffel targets degree-seeking masters and Tunisians are eligible nationals),Partial (near-zero cost expected; apprenticeship track can pay a salary),Check; apprenticeship (contrat de professionnalisation / work-study) verified as offered - would provide salary,"Y (applications via Paris-Saclay Inception platform; note candidates residing in Tunisia normally also go through Campus France 'Etudes en France', with earlier winter deadlines - Check)",N (dossier + possible interview),"Verified: bachelor's in music/musicology WITH administrative experience (training, internships, volunteering) OR bachelor's in administration, law, cultural management/mediation or related cultural field; ~25 students/yr; management/law/accounting/project curriculum. CAUTION for this candidate: a software-engineering degree matches neither stated profile - demonstrated music-sector practice and admin experience would need to carry the dossier","25 February 2026 (current cycle, Inception platform)",3 August 2026 - current 2026 cycle OPEN NOW (windows 25 Feb - 3 Aug 2026 and 17 - 31 Aug 2026 per official page); Sept 2027 cycle expected ~Feb 2027; non-EU residents abroad should verify earlier Etudes en France dates,https://www.universite-paris-saclay.fr/en/education/masters-degree/musicologie/m2-administration-de-la-musique-et-du-spectacle-vivant,"French-taught music-industry administration at public-university cost with a salaried apprenticeship option - plays to the candidate's fluent French and producer/DJ goal, and the 2026 window is still open to 3 Aug 2026; however the stated entry profiles (musicology or admin/law/culture degrees) make admission with a software-engineering degree a genuine stretch",Verified,"Official Paris-Saclay page confirmed: French-only instruction, entry profiles, Inception platform for applications, ~25 places, apprenticeship/professional-contract options, and 2026 application windows (25 Feb - 3 Aug and 17 - 31 Aug 2026) - corrects the earlier 'closed 24 Mar' assumption; program is open now for Sept 2026. Tuition amounts and non-EU differentiated-fee exemption not stated on page; Eiffel compatibility unconfirmed."
Master of Music: Music and Technology (Live Electronics / Computer Music Composition / Hybrid Performance),Koninklijk Conservatorium Brussel (Erasmushogeschool Brussel),Belgium,Conservatory,Sound/Music-Tech,Check - official program page does not state teaching language (page published in English; KCB operates in Dutch/English),"EUR 17,501.40/yr for non-EEA students in artistic programmes (2026-27 EhB rates: EUR 1,181.40 fixed fee + EUR 272/credit x 60) - MUCH higher than earlier 1k-9k estimate","Master Mind Scholarship (Government of Flanders, outstanding non-EU master students)",Full (only if Master Mind won) / otherwise None,"EUR 10,225/yr grant + tuition fee waiver (Master Mind, confirmed for 2026-27 cycle); 1 yr for 60-ECTS master, 2 yrs for 120-ECTS",Y - Master Mind open to all nationalities except Russian; prior degree must not be from a Flemish institution (candidate's Tunisian degree qualifies). Confirm EhB/KCB participates as host institution,Y,"Confirmed on official page: 3-part artistic entrance exam - (1) portfolio (CV, audio, video, scores, Max patches, Ableton Live sessions), (2) live computer-performance demonstration at KCB, (3) interview on portfolio/background/motivation. Page warns direct access to the master is not automatic; an accelerated bachelor may be required first to build foundations","PRIOR CYCLE - 2026 music admission-test registration closed ~Apr 17-29, 2026; tests ran May 13-22, 2026. Expect similar spring window for Sept 2027","PRIOR CYCLE - confirm new date (2026 cycle: registration by late Apr 2026, exams May 2026; Master Mind host-institution deadlines fell Feb 1-Apr 1, 2026 with VLUHR cutoff Apr 27, 2026)",https://www.kcb.be/en/Programmes/Music/Music-and-Technology,"Ableton/Max-centric live-electronics master - artistically ideal for a DJ/producer, but two hard gates: master-level entry presumes bachelor-level music-tech foundations (KCB may route him into an accelerated bachelor first), and non-EEA tuition is a steep EUR 17.5k/yr, making Master Mind essentially mandatory",Verified,"Program, three specializations, and full entrance-exam structure confirmed on official KCB page. Non-EEA artistic-programme tuition confirmed on EhB tuition page for 2026-27 (EUR 17,501.40/yr) - corrects the earlier vague 1k-9k estimate upward substantially. Master Mind amount (EUR 10,225 + waiver) and non-EU eligibility confirmed via studyinflanders.be/scholars4dev for 2026-27; EhB-specific participation not individually confirmed. Language of instruction and master-specific application dates not on page; contact secretariaat.kcb@ehb.be"
M.Sc. Music and Acoustic Engineering,Politecnico di Milano (Milano Leonardo + Cremona campuses),Italy,Public,Acoustics/Audio-Eng,English (confirmed on official page),"EUR 900-3,900/yr income-based (ISEE); non-EU without ISEE assessment pay top band ~EUR 3,900 (range confirmed via secondary sources; exact non-EU flat rate not re-verified on official fee page)","Polimi Merit-Based International Scholarships - incl. Gold Polo-Cremona Scholarship explicitly for Music and Acoustic Engineering at Cremona (EUR 5,000 gross) + DSU regional grant (income-based, open to internationals)",Full (if merit scholarship won) / Partial otherwise (tuition alone is already low),"Merit: tuition-fee exemption for the year + grant of EUR 2,500-10,000 gross or accommodation depending on tier; Gold Polo-Cremona = EUR 5,000 gross. DSU covers fees + ~EUR 5-7k/yr (income-based, Check exact amount)",Y - merit scholarships are for international students applying to English-taught MSc first year; no nationality restriction found,N,"Confirmed on official page: open to non-Italian bachelor holders with adequate background in computer engineering, electronics, telecommunications, mathematics, physics - a software engineering degree fits the stated profile; admission by Admission Committee evaluation of curriculum and preparation; no audition or portfolio mentioned",Check - international application calls typically open early autumn (Sept-Nov 2026 for a.y. 2027/28); official page states current info is for a.y. 2025/26 and may change for 2026/27,PRIOR CYCLE - confirm new date (2027/28 international call not yet published as of July 2026),https://www.polimi.it/en/education/laurea-magistrale-programmes/programme-detail/music-and-acoustic-engineering,"Purpose-built engineering-meets-music MSc (audio DSP, sound synthesis/modelling, music technologies, multimedia) in English that treats a CS/software degree as the entry ticket, with low ISEE-based fees plus a named merit scholarship covering this exact program at Cremona - still the strongest Italy option for this candidate",Verified,"Official page scraped (WebFetch got 503; firecrawl used): program, English language, 2-yr duration, both campuses, and non-Italian-degree eligibility criteria (computer engineering et al.) all confirmed verbatim. Tuition range and merit-scholarship details (incl. Gold Polo-Cremona EUR 5,000 for this program) confirmed only via secondary scholarship sources - re-verify amounts on polimi.it scholarships page when the 2027/28 call opens. Coordinator: Prof. Fabio Antonacci; program site suono.polimi.it"
Master in Popular Music - Music Business and Management specialization,"University of Agder, Kristiansand",Norway,Public,Music-Business,Check - official page does not state language; program rates page groups it with Norwegian-taught listings while portals label the Popular Music master English-taught. Assume substantial Norwegian until UiA confirms,"NOK 135,000/yr (~EUR 11,500) for non-EU/EEA - Category B (music), confirmed on UiA current-rates page FOR 2026/27. Norway's proposal to let universities zero non-EU fees from Aug 2026 did NOT zero UiA's music fees: 2026/27 rates are published and apply",None - UiA page explicitly states 'The University of Agder does not offer any scholarships for 2026/2027',None,None,Y (pays NOK 135k/yr; non-EU application window applies),N,"Official page: bachelor (min 3 yrs/180 ECTS) with minimum grade C overall AND at least 80 credits in performing music, music pedagogy or musicology at level 2 (stricter than the 20 credits previously recorded - the 20-credit level-2 rule is the general UiA master minimum; this program demands 80 music credits). A software-engineering bachelor does NOT meet this - candidate is effectively ineligible without prior formal music credits",Non-EU/EEA window: November 1 - December 15 (for the following autumn); confirmed on official page,"December 15, 2026 for September 2027 intake (non-EU window Nov 1-Dec 15; EU window Feb 1-Mar 1)",https://www.uia.no/english/studies/programmes/popular-music-music-business-and-management-master/,"Content matches Track 2, but verification downgrades this sharply: 80 music credits required (candidate has none), NOK 135k/yr tuition confirmed for 2026/27, zero UiA scholarships, and probable Norwegian-language teaching - recommend dropping to lowest priority or removing",Verified,"Official program page + UiA current-rates page checked. Corrections vs. draft: entry needs 80 (not 20) level-2 music credits; non-EU fee confirmed NOK 135,000/yr for 2026/27 (Norway fee-abolition hope did not materialize at UiA); UiA explicitly offers no 2026/27 scholarships; non-EU deadline window Nov 1-Dec 15 confirmed. Mastersportal's 415,000 NOK figure contradicts the official page - official 135,000 NOK figure used"
MSc Audio Engineering and Music Technology - Andrew Scheps Scholarship,SAE Institute London (AD Education group),United Kingdom,Private,Acoustics/Audio-Eng,English,"GBP 17,000/year (September 2026 international fee, per SAE UK international fees page)",,"Partial (international: GBP 9,950 reduction) / Full (UK home-fee student only)","GBP 9,950 tuition fee reduction for one international student; no living stipend","Y (international applicants eligible for the GBP 9,950 reduction award)",Check (scholarships page lists no composition/video requirement - prior note of 'original composition + video' not found on official page),Hold and accept an offer for the MSc Audio Engineering & Music Technology at SAE London for September 2026 entry; scholarship application via SAE portal (scholarships page does not list a composition/video requirement - confirm with ukenquiries@ad-education.ac.uk),Open now (must hold and accept an offer for September 2026 entry first),"Sunday 19 July 2026 (extended) for September 2026 intake - OPEN NOW, closes in days; 2027 round not yet announced",https://www.sae.edu/gbr/scholarships/,"URGENT still-open 2026 opportunity (deadline 19 July 2026, one week from today). International winner gets GBP 9,950 off the GBP 17,000 international fee (net ~GBP 7,050 payable + living costs); full tuition covered only for one UK home-fee student. MSc profile suits a software-engineering graduate moving into audio tech, but note offer must already be secured and candidate has no IELTS yet - realistically a 2027-round target.",Verified,"Official SAE UK scholarships page fetched 12 Jul 2026: Andrew Scheps MSc Audio Engineering Scholarship confirmed - full tuition for one UK student, GBP 9,950 reduction for one international student, extended deadline Sunday 19 July 2026, September 2026 intake. International MSc fee GBP 17,000/yr confirmed via SAE international fees page. CORRECTION: the composition+video requirement could not be confirmed on the official page - verify with SAE. Separate GBP 4,000+ scholarship exists but is EU/EEA/Swiss-resident only (Tunisian not eligible)."
MA Audio Production (JAMES-accredited),"University of Westminster, London",United Kingdom,Public,Sound-Design/Production,English,"GBP 16,000/year (2026/27 international fee, official course page - corrects ~GBP 15,000 aggregator figure); fee fixed for duration of study",,"Partial (GBP 3,000 confirmed); Full only via external Chevening (UK govt) - Westminster's own historic full awards not currently offered","GBP 3,000 tuition-only International Postgraduate Excellence Award confirmed; Chevening (external) covers course fees, flights and accommodation if won",Y,Y (portfolio of audio and/or audiovisual production work demonstrating potential to work in audio at a high level),"Minimum lower second class honours (2:2), or lower with substantial experience; portfolio of audio/audiovisual work + personal statement on career aspirations required; IELTS 6.5 with at least 6.0 in writing and no element below 5.5 (candidate has not yet taken IELTS)",Check (course applications via Westminster portal; no fixed deadline stated on course page),International Postgraduate Excellence Award: 30 November 2026 (for January 2027 intake) - confirmed open; September 2026 round closed; Sept 2027 scholarship round not yet published,https://www.westminster.ac.uk/music-courses/2026-27/september/full-time/audio-production-ma,"Long-established London audio-production MA; 2:2-or-experience entry is forgiving and a software degree + production portfolio can work. CONFIRMED this pass: Westminster's own full international scholarships (tuition+accommodation+flights) are NOT currently listed - the only fully-funded route shown on the scholarships page is the external UK-government Chevening Scholarship (Tunisians eligible; applications 'opening soon' as of Jul 2026 - a strong Sept 2027 pathway to pair with this MA). Otherwise only GBP 3,000 partial award.",Verified,"Official course page fetched 12 Jul 2026: entry (2:2 or lower with experience), portfolio requirement, IELTS 6.5 (6.0 writing), intl fee GBP 16,000/yr all confirmed. Official scholarships page confirmed: GBP 3,000 International Postgraduate Excellence Award for Jan 2027 intake, deadline 30 Nov 2026; Sept 2026 round closed; only fully-funded listing is external Chevening ('applications opening soon'). Westminster's historic in-house full international scholarships are not on the current page - monitor for reopening ahead of Sept 2027."
Erasmus+ International Credit Mobility (ICM) - EU-funded exchange (typically 2-12 months) at European partner universities while enrolled in a Tunisian master's,European Commission Erasmus+ (via inter-institutional agreements between Tunisian and European universities),EU-wide,Consortium,Sound/Music-Tech,Depends on host university,N/A (no tuition charged by host during the exchange),Erasmus+ International Credit Mobility grant,"Full (for the mobility period only, not the whole degree)",Monthly individual support plus travel contribution at standard Erasmus+ ICM rates (exact per-country rates in the Programme Guide/handbook),Y,N,"Enrolled student at a Tunisian HEI holding an Erasmus+ inter-institutional agreement with the European host; selection criteria set by the partner universities; covers Bachelor, Master and PhD levels",Set by each university's internal call - check SMU MedTech international office and Tunisian partner universities,No central student deadline - each Tunisian HEI/European host pair runs its own selection calls under annual Erasmus+ project cycles,https://erasmus-plus.ec.europa.eu/document/erasmus-international-credit-mobility-handbook-for-partner-countries,"Tunisia confirmed as an eligible Erasmus+ partner (third) country on the official EU site; a funded European semester is realistic from a Tunisia-based master's, but hinges entirely on SMU (or the enrolling Tunisian university) holding an agreement with a relevant host - music-tech partners rare, so check engineering/media agreements",Verified,"Official Erasmus+ (erasmus-plus.ec.europa.eu) sources confirm the ICM scheme, that Tunisia is an eligible partner country, that students at partner-country HEIs can do funded credit mobility to Europe at master's level, and that selection runs through inter-institutional agreements. The original sourceUrl (ec.europa.eu/assets/eac/... Call-2026.pdf) does resolve to a 43-page Commission handbook PDF, but the official document page above is the stable reference; exact monthly rates were not extracted and should be read from the current Programme Guide."
"Women-in-music mentorship/scholarship programmes (mentorship program, She Is U college initiative, industry partnerships)","She Is The Music (non-profit, Alicia Keys/Ann Mincielli)",United States (global network),Private,Sound-Design/Production,English,N/A,None applicable (women-only programmes),None,N/A,N,N/A,"Programmes are restricted to women in music (songwriters, engineers, producers, artists, industry professionals); mentorship rather than degree funding",N/A for this candidate,N/A for this candidate,https://www.sheisthemusic.org/,"CONFIRMED NOT ELIGIBLE (male candidate): mission and all programmes (SITM Mentorship Program, Step Up high-school girls partnership, Latin GRAMMY Leading Ladies mentorship) target women/girls; offerings are US-centric mentorship and industry access, not European degree funding. Correctly excluded",Verified,"Official site returned HTTP 503 twice on 12 Jul 2026; women-only scope confirmed via SITM's own indexed programme pages (sheisthemusic.org/mentorship, /college) plus Billboard and Recording Academy coverage. Exclusion stands regardless of site downtime"
"Study Abroad support programme (Paris, France focus)",Wells International Foundation,France / United States,Private,General-Business/MBA,English,N/A,None found (no formal scholarship scheme published),None,N/A - no scholarship amounts or funding details published at all,N,N/A,"Targets U.S. university-level students and underserved U.S. youth experiencing culture abroad (Paris programmes, ELEVATE Aviation, Paris Internship Program); no scholarship amounts, formal criteria or application process published",N/A for this candidate,N/A for this candidate,https://wellsinternationalfoundation.org/study-abroad/,"CONFIRMED POOR FIT: official page addresses U.S.-based students studying abroad in Paris; no funding scheme, no published eligibility for a Tunisian applicant studying from Tunisia. Correctly excluded",Verified,"Official study-abroad page fetched 12 Jul 2026: confirms U.S.-student audience (Paris study/internships, virtual field trips for under-resourced U.S. youth); page publishes no scholarship amounts, eligibility criteria or application procedure. Exclusion confirmed"
Master Universitario en Ingenieria Acustica,Universidad Politecnica de Madrid (ETSIST),Spain,Public,Acoustics/Audio-Eng,"Spanish (not explicitly stated on page, but site and program materials are entirely in Spanish)",UNVERIFIED - not published on program site; Madrid public-master rates with non-EU surcharge apply; ask secretaria.macustica@upm.es,Check 'Becas y Ayudas' section on program site; no named scheme found,UNVERIFIED - site has a 'Becas y Ayudas' menu section but no details extractable; Spanish Ministry becas are generally restricted to EU residents,Check,Y (Check legalization/equivalency of Tunisian degree and student visa),N,"Official 60 ECTS master; 'Perfil de Ingreso' section exists but details not on landing page; engineering background suits electroacoustics/audio modules. Contact coordinator Guillermo de Arcas, coordinador.macustica@upm.es (+34 91 336 4969) or secretaria.macustica@upm.es (+34 91 067 3247)",Check with coordinator (typically spring for Sept intake; page is not being updated promptly),"PRIOR CYCLE - confirm new date (site banner still shows 'ABIERTO EL PLAZO DE ADMISION PARA EL CURSO 2024/2025' - stale page, no 2026-27 or 2027-28 dates posted)",https://blogs.upm.es/masteracustica/,"Official public master in acoustic engineering, technically strong fit for a software engineer, but taught in Spanish and the program website is stale (still showing 2024/25 admission banner) - direct email contact required for current cycle info",Partial,"Program existence and contacts confirmed via WebFetch of official blog (Jul 2026). Tuition, scholarship details, ECTS/duration and current admission dates NOT confirmable from page - landing page last updated for 2024/25 cycle. Coordinator email verified as listed."
MA Creative Music Technologies,Maynooth University,Ireland,Public,Sound/Music-Tech,English,"~EUR 14,000 international per aggregators - confirm on official fees page (page WAF-blocked)",None found at programme level; Government of Ireland International Education Scholarship as external option,None found (program-specific); GOI-IES external full-funding option as for the MSc,"GOI-IES only: full tuition waiver + EUR 10,000",Y,"Y (portfolio-based audition for non-music graduates, plus interview - stronger requirement than the 'Check' previously listed)",Honours degree normally min 2.1; skills-conversion programme aimed at graduates with musical abilities - non-music graduates must demonstrate musical training/affinity; entry for other disciplines conditional on audition via portfolio of material; interview required; two academic references; English proficiency (Maynooth PG norm IELTS 6.5 - confirm),Rolling via MU Apply portal,"Check (official page WAF-blocked; sibling MSc closes 14 Aug 2026, so a similar late-summer 2026 date is likely - confirm)",https://www.maynoothuniversity.ie/study-maynooth/postgraduate-studies/courses/ma-creative-music-technologies,"Confirmed conversion route into creative music tech for any-degree graduates with demonstrable musical ability - as a producing DJ the portfolio audition is an opportunity rather than a barrier, but the MSc remains the better fit for a software engineer",Partial,"Official page returned 403 to WebFetch and the single permitted firecrawl was spent on the higher-priority MSc. Programme existence, conversion nature, 2.1 entry, musical-training requirement, portfolio-audition + interview verified via multiple aggregators quoting official text (idp.com, study.edu.eu, shiksha). Fees and deadline unconfirmed against official source."
"Master of Music (tracks: Classical, Jazz, Music Theatre, Pop, Creator Performer) - AMPA","Fontys Academy of Music and Performing Arts (AMPA), Tilburg",Netherlands,Public,Sound/Music-Tech,English,"UNVERIFIED - no figure on official page (page points to Fontys tuition-fee calculator); third-party sources indicate roughly EUR 8,570-10,210/yr institutional for non-EEA - confirm via Fontys calculator",None found on program page (no scholarships mentioned); check Fontys central scholarship/NL Scholarship participation for 2027,Check,"Check; the 'personal study budget' confirmed on the page is for external lessons with artists worldwide, not living costs",Y (no nationality restriction for admission; scholarship eligibility unconfirmed),Y (audition + Personal Development Plan outlining professional goals + single-A4 research proposal of 500-1000 words),"Relevant bachelor's degree ('If you have completed a relevant bachelor's degree, you are eligible for admission'); minimum English proficiency required; audition/assessment; Personal Development Plan + 500-1000 word research proposal; 2-year full-time, September start",Check (via Studielink; Studielink typically opens 1 Oct for the next Sept intake),PRIOR CYCLE - confirm new date (page still lists: Pop 1 Feb; Jazz & Classical 9 Apr non-EEA / 1 Jun EEA; Music Theatre 6 May - these match the 2026 cycle),https://www.fontys.nl/en/Programmes/Music-master-full-time.htm,"Pop and Creator Performer tracks plus a confirmed personal budget to take lessons with artists globally - flexible and producer-friendly on paper, but admission presumes an existing performance/artistic level demonstrated at audition",Partial,"Official program page fetched 12 Jul 2026: five tracks, English teaching, entry requirements, PDP + research proposal, deadlines (Pop 1 Feb / Jazz & Classical 9 Apr non-EEA, 1 Jun EEA / Music Theatre 6 May - prior 2026 cycle) and personal study budget all confirmed. NOT verified: non-EU tuition amount (calculator only; aggregator range EUR 8,570-10,210) and any scholarship - marked Check."
MA/MSc Professional Practice in Creative Media Industries (Audio Production pathway),SAE Institute Amsterdam,Netherlands,Private,Sound-Design/Production,English,UNVERIFIED - not published on public pages; SAE has a 'Course Fees 2026/2027' page but MA/MSc fee requires requesting the info pack,None found,None,None,Y,Check (programme is built around a self-designed Major Project incl. viva voce; portfolio/experience evidence typically expected - confirm with admissions),"Relevant bachelor OR substantial professional creative-media experience; 1-year full-time, 3 modules ending in a Major Project (MA = creatively driven projects, MSc = technical practice focus); Audio Production is a confirmed pathway (MA Module 3 'Professional Practice in Audio Production')",Rolling/Check - contact SAE Amsterdam directly,"Check (fees and application dates not published online; SAE distributes an Information Pack with fees, payment plans and application procedure)",https://www.sae.edu/nld/courses/ma-msc-professional-practice/,"Producer-friendly 1-year practice master in Amsterdam and the MSc route suits his technical background, but strictly a self-pay fallback - no funding found",Partial,"Direct WebFetch of the course page returned HTTP 404 twice (page is live in search index - likely bot-blocked/JS-gated); firecrawl not used since this is a no-funding fallback, not a fully-funded option. Programme existence, 1-yr structure, MA/MSc split and Audio Production module confirmed via SAE's own indexed pages (sae.edu/nld/masters/, sae.edu/gbr equivalent) in search results. Tuition, intake dates, validating university NOT verified - candidate must request the SAE info pack."
"MA Music Studies (Arts and Culture) - musicology incl. computation, cognition, popular music",University of Amsterdam (UvA),Netherlands,Public,Music-Business,English,"UNVERIFIED (UvA humanities non-EU institutional fee not pinned; ~EUR 17-19k range - e.g. UvA PPLE 2026-27 is EUR 19,100; confirm on UvA tuition-fees page) + EUR 100 non-refundable application fee (confirmed)","Letje Lips Amsterdam Merit Scholarship (LLAMS): 4 awards of EUR 37,500 for 2026-27, non-EU/EEA, non-privileged background, first-time NL student, one-year non-selective English-taught GSH master (Music Studies qualifies). A separate generic 'Amsterdam Merit Scholarship tuition + EUR 5,000' for Humanities was NOT confirmed - GSH presents LLAMS as its AMS variant",Partial (near-full possible via LLAMS),"EUR 37,500 toward tuition + living, but official GSH page states 'the LLAMS does not cover the full amount of your study and stay' - recipient must fund the remainder; no other scholarships may be held concurrently",Y,"N (academic admission; the gate is prior musicology coursework, not a portfolio)",VERIFIED BARRIER: bachelor in any discipline BUT with a minor in music/musicology or at least 30 ECTS in music history/musicology; degree must equal 3 yrs Dutch research-university level (Nuffic assessment); pre-Master's in Music Studies exists for those with deficiencies; English test (IELTS/TOEFL) required - candidate has not yet sat one; EUR 100 application fee,Check (~Oct 2026 for Sept 2027; LLAMS portal opened 9 Dec 2025 for the 2026 cycle),"PRIOR CYCLE - confirm new date (2026 intake: non-EU/EEA 1 March 2026, EU 15 May 2026; LLAMS scholarship + Master's application both by 15 January 2026)",https://www.uva.nl/en/programmes/masters/music-studies-arts-and-culture/music-studies.html,The 30-EC musicology prerequisite likely disqualifies this software-engineering graduate for direct admission despite the attractive LLAMS money - realistic only via the pre-Master detour (which also breaks LLAMS 'first-time one-year master' timing - check),Partial,"Programme existence, English, 60 ECTS/12 months, Sept start confirmed on official UvA page (fetched 12 Jul 2026). Entry requirement (minor or 30 ECTS musicology - stricter than the lead implied), EUR 100 fee, and 2026 deadlines (non-EU 1 Mar) confirmed via official UvA application-and-admission page in search results. LLAMS (4 x EUR 37,500, deadline 15 Jan 2026, coverage caveat) confirmed on official gsh.uva.nl page. UNVERIFIED: exact humanities non-EU tuition figure, and the claimed standalone 'AMS = tuition + EUR 5,000' scheme for Humanities (not found - treat LLAMS as the GSH scholarship). Downgraded fundingLevel from 'Full': official page explicitly says LLAMS does not cover full cost."
"Erasmus Mundus Joint Master in Waves, Acoustics, Vibrations, Engineering and Sound (WAVES)",Universitat Politecnica de Valencia (Gandia campus) with Aix-Marseille Universite / Ecole Centrale Marseille and Universidade de Coimbra,Spain (consortium: Portugal/Spain/France),Consortium,Acoustics/Audio-Eng,English,"EUR 39.27/credit x 120 ECTS = ~EUR 4,712 total at UPV public rate if unfunded (confirmed on UPV page, same rate for EU and non-EU); EM scholarship covers costs when the program runs funded cohorts",Erasmus Mundus Joint Master scholarship,Full (Erasmus Mundus scholarship: participation + living + insurance + travel) - BUT recruitment currently suspended,Tuition/participation + living expenses + insurance + travel contribution per EM rules (not re-verifiable while recruitment is closed),Y,N,"Prior cycle: bachelor min 180 ECTS in acoustics, physics, math, mechanical/electrical/civil engineering or computer science; English B2. Could NOT be re-verified on the current pages (admission details removed while suspended) - treat as prior-cycle info",Check master-waves.eu - program title in process of renewal; no 2027 recruitment announced as of Jul 2026,"SUSPENDED - CONFIRMED: master-waves.eu announcement (1 Oct 2025) states the consortium decided NOT to open the recruitment campaign for the next cohort, and UPV shows 'Not available (course 26-27)' with the title 'in process of renewal'. Monitor master-waves.eu for a renewed Sept-2027 cohort",https://www.upv.es/estudios/master/muemwaves/en/home/,Would be the best fully-funded acoustics option in the Spain slice with CS explicitly accepted (per prior cycle) - but recruitment is confirmed suspended; keep on a watch list only and check master-waves.eu in autumn 2026 for any renewed 2027 cohort,Partial,"Suspension CONFIRMED on both official sources: master-waves.eu (Oct 2025 decision not to open recruitment for the next cohort) and UPV ('Not available (course 26-27)', title in renewal). English instruction, 120 ECTS, and EUR 39.27/credit tuition confirmed on UPV. Entry requirements (CS accepted, English B2) and EM scholarship coverage could not be re-verified because admission pages are offline during suspension - retained as prior-cycle data. Do not count on this for Sept 2027 unless a renewal is announced."
Master en Produccion Musical,"CEV Escuela Superior de Comunicacion, Imagen y Sonido (Madrid)",Spain,Private (titulo propio / non-official title; official status not claimed on page),Sound-Design/Production,"Spanish (not explicitly stated on page, but all content and delivery are in Spanish; presencial Madrid)","~EUR 7,245-7,835 per third-party listings (educaweb, Docenzia); NOT published on official page - confirm with CEV admissions",CEV academic merit and progression scholarships; Spanish Ministry of Education / Comunidad de Madrid aid (latter typically restricted to Spanish residents - Check for Tunisians),Partial at best - page mentions Ministry of Education and Comunidad de Madrid aid plus CEV-exclusive merit/progression scholarships; no full funding,"None - tuition discounts/aid only, amounts undisclosed","Check - international admission process not detailed on page; private school so no state degree-equivalency barrier expected, but confirm visa-support and Spanish-level requirements",Check - no portfolio/audition requirement stated on official page,"Confirmed: 720 lecture hours + 180 practical hours (1,200h total per listings), 1 year, in-person Madrid; accepts sound-technician grads, audiovisual students, or applicants with basic sound/music-theory notions; internships via 1,300+ company agreements (80% employment via partners)",Open (rolling via CEV registration department),"Next intake confirmed November 2026 (still-open 2026 intake); rolling enrollment, no fixed deadline published; 2027 dates not yet posted",https://www.cev.com/master-en-produccion-musical/,"Low entry bar and heavy practical hours suit a producer/DJ profile, but Spanish-taught (candidate lists Arabic/French/English), self-pay ~EUR 7-8k, and non-official title - fallback option only",Partial,"Official page fetched 2026-07-12: confirms Nov 2026 intake, 720h+180h structure, entry profiles, 1,300+ internship partners, and existence of CEV/public aid mentions. Tuition (~EUR 7,245-7,835) comes from third-party aggregators, not the official page. Language, international admission, portfolio, and deadline not published - contact CEV. No full-funding route found."
Master de Formacion Permanente en Produccion Musical Sinfonica,Universidad de Sevilla,Spain,"Public university, titulo propio (formacion permanente)",Sound-Design/Production,Spanish (site entirely in Spanish; not explicitly stated),UNVERIFIED - no fee published on program site; check US Centro de Formacion Permanente (cfp.us.es) listing,None found,UNVERIFIED - no scholarship information on program site,None found,"Check - formacion permanente (titulo propio) at a public university normally accepts foreign degrees without homologation, but not stated; confirm with CFP",Check - not stated,"Confirmed structure: 60 ECTS across modules incl. Produccion Musical (20 ECTS) and Postproduction/Mastering (9 ECTS); hands-on recording of choirs, bands and symphony orchestras with commercial CD publication; formal admission prerequisites not published",Check - no open call visible; program director contact: fjtorres@us.es,"PRIOR CYCLE - confirm new date (site still describes first edition, curso 24/25; no 2026/27 enrollment window found as of Jul 2026)",https://master.us.es/producsinfonica/,"Niche symphonic recording/post credential - secondary fit vs electronic production; continuation beyond first edition (24/25) unconfirmed, so treat as speculative until a new call opens",Partial,"Official page fetched 2026-07-12: program and 60-ECTS module structure confirmed, but page still reflects first edition 24/25. Web search found no second-edition preinscription announcement. Tuition, deadlines, entry requirements, scholarships all unpublished - must contact director (fjtorres@us.es) or US CFP. Risk: program may not repeat."
Master Universitario en Postproduccion Digital,Universitat Politecnica de Valencia - Campus de Gandia,Spain,Public (official master universitario),Sound-Design/Production,Spanish and Valencian (confirmed); Spanish B2 required for admission - a hurdle for this candidate (Spanish not among stated languages),"Non-EU non-resident students pay DOUBLE the public rate (confirmed UPV-wide policy); public master rates run ~25-70 EUR/credit, so expect roughly EUR 4,200-4,300 total for 60 ECTS at the doubled rate - confirm exact MUPD figure in UPV tasas PDF",None found,None found (low-cost public tuition is the funding story; no program scholarship),None,Y - UPV has a dedicated international access route for non-EU degree holders (confirmed via UPV master international admission pages); note residence-visa holders still pay the doubled non-EU rate,N (not required per page; committee evaluates academic record),"Confirmed: 60 ECTS = 32 obligatory + 16 electives + up to 4 internship + 12 thesis; modules: audiovisual technology, audiovisual narrative content (9 ECTS), AUDIO editing (10 ECTS), video editing/composition (10 ECTS); aimed at audiovisual communication and related degrees, academic committee evaluates individually; Spanish B2 required",Check - UPV international pre-registration phase for non-EU applicants; monitor upv.es/admision/internacional,"PRIOR CYCLE - confirm new date (2027-28 phases not published; UPV runs phased preinscripcion with an early international/non-EU phase, historically ~Nov-Feb for the following September)",https://www.upv.es/estudios/master/mupd/detalle/,"Official public degree at low cost with a genuine audio-editing module (10 ECTS audio vs 10 video - roughly half AV/video), but Spanish B2 entry requirement is a real barrier for this candidate; software background helps with the tech modules",Partial,"Official UPV page fetched 2026-07-12: program, 60-ECTS structure, ES/VAL languages, Spanish B2 requirement, and audio/video curriculum split confirmed. Non-EU pricing rule (double public rate, ~25-70 EUR/credit range) confirmed via UPV matricula pages; exact MUPD per-credit figure and 2027-28 application phases not yet published - the earlier '~70 EUR/credit' note is consistent with the doubled rate."
"Diploma en Produccion Musical (2-year, pathway to UK BA(Hons) top-up year)","Microfusa - Escuela de Tecnologia Musical, Sonido y DJ (Barcelona, Madrid, online)",Spain,Private,Sound-Design/Production,Spanish (separate English-language school exists at school.microfusa.com),UNVERIFIED - prices not published on program page; contact Madrid (917 024 592) or Barcelona (934 353 688),None found,None found,N/A,"Check - private vocational school, admission requirements not published; visa feasibility for non-degree study must be confirmed",N,"NOT a master - 2-year full-time diploma (production, mixing, DJ, music tech; Ableton/Logic/Pro Tools); '2+1' structure grants direct access to final year at partner UK universities (Solent University or University of Winchester) for a BA(Hons); 1-year part-time certifications also offered",Rolling,"Rolling - four intakes per year: October, January, April, July (summer courses)",https://escuela.microfusa.com/cursos-de-produccion-musical,"Non-master vocational lead: legendary Spanish DJ/producer school with named UK top-up partners (Solent, Winchester); only relevant if candidate prefers hands-on vocational training over a master's credential; English-track option exists",Partial,"Official page confirms 2-year diploma structure, 2+1 UK pathway with named partners (Solent University, University of Winchester), four intakes (Oct/Jan/Apr/Jul), Madrid/Barcelona/online delivery, and an English-language option (school.microfusa.com). Tuition, entry requirements, and scholarships NOT published on page - remain unverified; inquire directly."
Mestrado em Artes e Tecnologias do Som - MATS (Master in Sound Arts and Technologies),"ESMAE - Escola Superior de Musica e Artes do Espetaculo, Politecnico do Porto",Portugal,Public,Sound/Music-Tech,Portuguese (site entirely in Portuguese; no English accommodation stated - Check with esmae@esmae.ipp.pt),"EUR 6,500/yr for international students; EUR 2,000/yr national (Deliberacao IPP/CG-01/2025, 2025/26: ESMAE 'Restantes Mestrados'; up to 75% reduction possible at IPP President's discretion). 2027/28 value to be re-fixed",None found on programme page (a generic 'Bolsas de Investigacao' section exists without details),None,N/A,Y,Check,"Aimed at candidates with background in music technologies, musical creation, audiovisual arts, acoustics or interdisciplinary sound fields; selection details not published on public page (portfolio/interview expected) - Check the annual edital via Domus portal",Check - applications via Domus portal; no dates published on programme page,PRIOR CYCLE - confirm new date (no 2026/27 or 2027/28 edital dates found on official page),https://www.esmae.ipp.pt/cursos/mestrados/mestrado-artes-tecnologias-som,"Curriculum squarely on-target (3D audio, sound design, creative programming, psychoacoustics) and creative-programming units reward his software skills, but at EUR 6,500/yr international with no funding found it is a self-pay option; Portuguese instruction is the main hurdle.",Partial,"Programme existence confirmed on official ESMAE page (12 Jul 2026). International fee EUR 6,500/yr confirmed from IPP Deliberation 01/2025 PDF (2025/26). Language, portfolio/interview requirements and application dates NOT published on the public page - contact esmae@esmae.ipp.pt (+351 225 193 760). Draft's 'UNVERIFIED' tuition now resolved."
"Mestrado em Musica (4 branches: Performance incl. Jazz voice/instruments - piano, guitar, vibraphone, drums, bass, sax, trumpet, trombone; Composition; Musicology; Conducting)",Universidade de Aveiro - DeCA,Portugal,Public,Sound/Music-Tech,Portuguese,"EUR 5,000/yr for international students in Arts area, 2026/27 (UA fee deliberation 16/CG/2025); national/EU rate EUR 1,000/yr",None found (no UA scheme for non-EU master's confirmed; check UA incentive schemes per annual edital),None,Check,Y,Y,Bachelor's in music or demonstrable musical competence; limited places per branch; audition/artistic evaluation per annual edital (acesso.ua.pt) - admission specifics not re-verifiable this pass (course page JS-gated),Check annual edital at acesso.ua.pt; jazz-branch application phases announced by Centro de Estudos de Jazz UA,PRIOR CYCLE - confirm new date (2027/28 edital not yet published),https://www.ua.pt/pt/curso/99 (fees: https://www.ua.pt/pt/sga/page/8248; fee deliberation: https://api-portal.ua.pt/api/v1/file/90553),"Confirmed jazz-performance branch and Portugal's strongest music-research hub (INET-md pole), but audition-based performance entry is a high bar for a producer without formal music credentials; EUR 5,000/yr with no confirmed scholarship makes this effectively self-pay.",Partial,"Program existence, 4 branches incl. Jazz performance, and 2026/27 fees (intl EUR 5,000 Arts / national EUR 1,000) confirmed via UA official fee documents surfaced in search (Deliberacao 16/CG/2025, Circular 13-REIT/2026). Both ua.pt pages (curso/99 and internacional-taxas) are JS-gated and returned title-only to WebFetch, so audition/edital details could not be re-read from the official course page. No scholarship for non-EU master's students found."
"Mestrado em Musica (specializations incl. Jazz, Composition, Instrument, Conducting, Early Music)","ESML - Escola Superior de Musica de Lisboa, Politecnico de Lisboa",Portugal,Public,Sound/Music-Tech,Portuguese (application text may be submitted in Portuguese or English),"EUR 6,900/yr for non-CPLP international students in Arts (per IPL 2024/25 fee table; Tunisia is non-CPLP) - confirm 2027/28 value; payable in up to 10 installments",None found,None,Check,Y,Y,Bachelor's or equivalent foreign qualification recognized by the Master's Scientific Commission; selection via portfolio + written justification text (PT or EN) + interview + CV evaluation; candidate selects specialization (variante/ramo) at application. Music technology (Tecnologias da Musica) exists only at bachelor's level at ESML,2026/27 calls listed at esml.ipl.pt/candidaturas-corrente (site currently returning 'temporarily unavailable'),PRIOR CYCLE - confirm new date,https://www.esml.ipl.pt/cursos/candidaturas/mestrado-em-musica (candidaturas 2026/27: https://www.esml.ipl.pt/candidaturas-corrente; IPL fees: https://www.ipl.pt/sites/default/files/propinas/propinas_ipl_2024_2025.pdf),"Low priority confirmed: EUR 6,900/yr with no scholarship is the most expensive public option in this batch, the tech programme he'd want is undergraduate-only, and only the Jazz performance route fits; portfolio+interview selection (no compulsory live audition stated) is the one mildly favorable point.",Partial,"ESML website was down during verification (redirects to ipl.pt/site-esml-temporariamente-indisponivel; direct pages 503). Program existence, selection method (portfolio, written text PT/EN, interview, CV) and 2026/27 application-page confirmed via search of official esml.ipl.pt pages. Intl fee EUR 6,900/yr (Arts, non-CPLP) comes from the IPL 2024/25 fee document - prior cycle, confirm. Vagas count (30) not re-confirmed."
Mestrado em Musica,"Universidade do Minho - Departamento de Musica (ELACH), Braga",Portugal,Public,Sound/Music-Tech,Portuguese,UNVERIFIED - international rate set in Annex 1 of annual Rector's dispatch (Despacho RT-96/2025 for 2025/26; PDF unreachable during check); national rate EUR 697/yr 2025/26,None found,None,Check,Y,Y,"2 years / 120 ECTS; 23-45 places, minimum enrollment required for course to run; classes Mondays-Tuesdays plus individually scheduled instrument lessons; degree certificate with final grade, detailed CV and proof of required music credits submitted via alunos.uminho.pt; performance-oriented with specific tests",Check UMinho academic portal (alunos.uminho.pt),PRIOR CYCLE - confirm new date (2027/28 not yet published),https://dm.elach.uminho.pt/mestrado/ (applications: https://alunos.uminho.pt/PT/candidatos/mestrados/; fees: Despacho RT-96/2025 Anexo 1),Weak fit confirmed: performance/instrument-lesson structure (Mon-Tue classes + instrument tuition) presumes formal music background he likely lacks; no scholarship found; keep only for sweep completeness.,Partial,"UMinho web infrastructure returned 503 on all direct fetches (dm.elach page, ELACH propinas page, RT-96/2025 PDF). Program structure (120 ECTS, Mon-Tue classes, 23-45 vacancies, application documents) and national fee EUR 697 (2025/26) confirmed via search results quoting official uminho.pt pages. International fee amount could not be verified."
Producao e Criacao Musical / Producao de Musica Eletronica (professional/vocational courses - NOT a master's degree),"ETIC - Escola de Tecnologias Inovacao e Criacao, Lisbon",Portugal,Private,Sound-Design/Production,"Portuguese (English course-page versions exist at etic.pt/en/, but instruction is in Portuguese - Check with school)",UNVERIFIED - fee table shown on course page but amounts not published clearly online; bank financing options offered; contact info@etic.pt,ETIC mentions 'Bolsas' (in-house grants) with no details published - Check directly; no external scholarship route,None,Check,"Check (visa risk confirmed as real concern: these are DGERT-certified 'Outra Formacao Profissional' diplomas, semestral ~170h evening courses - short non-degree training may not support a Portuguese study visa)",Y,"Open-enrollment professional training: preferably 12th-grade or professional experience, motivation letter, PORTFOLIO/SHOWREEL, interview (in-person or online); max 16 students/class; electronic-music course covers Ableton Live, synths, remixing, mastering, interactive live performance; Pro Tools HD/UAD studios; Erasmus+ internship possible on completion",March 2026 (applications accepted March-September for October 2026 start),September 2026 for Oct 2026 start; expect similar Mar-Sep window for a 2027 start - Check,https://etic.pt/curso/producao-e-criacao-musical/ and https://etic.pt/curso/musica-eletronica/,"SELF-PAY FALLBACK ONLY, not an academic master's: hands-on electronic-music production and live-set training closest to his DJ goal, but Portuguese-taught, evening-format vocational courses with real visa uncertainty for a non-EU student; correction vs draft - a portfolio/showreel IS requested at application",Partial,"Producao e Criacao Musical page verified directly (WebFetch): course exists, Portuguese, 170h semestral, Oct 2026 start, Mar-Sep application window, portfolio+interview required, vocational DGERT certificate confirmed. Musica-eletronica URL returned 404 to direct fetch but Google-indexed official page at that exact URL confirms course exists with Ableton Live, remixing, mastering, live-performance content. Fees not published online. No scholarship details published. SAE Portugal: still none found."
InMICS - International Master in Composition for Screen,CNSMD Lyon + Conservatorio G.B. Martini Bologna + KASK/School of Arts Gent (HOGENT) + Universite de Montreal (+ Brussels IFF and professional partners),France / Italy / Belgium (+ Canada),Consortium,Sound-Design/Production,English (Check - not stated on homepage; consortium teaching language unconfirmed),UNVERIFIED - not published on inmics.org homepage,Programme co-funded by Erasmus+ and Creative Europe; individual student scholarships UNVERIFIED,UNVERIFIED,UNVERIFIED,Check (site confirms it targets 'international students wishing to work as composers for audiovisual media'),Y,Bachelor in music or equivalent; assessed primarily on creative ability composing for screen (detailed requirements not on homepage),Next cycle likely early 2028 (biennial),"BIENNIAL intake CONFIRMED - 2026 admissions ran 2 Mar - 7 Apr 2026 (deadline was extended); programme 'opens every two years', so next intake is 2028 and MISSES his Sept 2027 target",https://www.inmics.org/,"Film/media composition focus, but DECONFIRMED for his timeline: biennial cycle means no Sept 2027 entry - keep only as a 2028 watch item; funding for individual students never verified, and he'd compete as a screen composer against conservatory-trained applicants",Partial,"Official site fetched: consortium confirmed (Gent is School of Arts Gent/HOGENT, plus Brussels Intl Film Festival as partner), biennial intake confirmed, 2026 window 2 Mar - 7 Apr 2026 confirmed with extension note. Teaching language, fees, scholarships, and detailed entry requirements not published on fetched pages - remain UNVERIFIED. International-student targeting confirmed."
MediaAC - Erasmus Mundus Joint Master in Media Arts Cultures,University for Continuing Education Krems + Aalborg University + University of Lodz + LASALLE College of the Arts Singapore,Austria / Denmark / Poland (+ Singapore),Consortium,Music-Business,English (English for academic purposes required; dedicated FAQ on proficiency evidence),UNVERIFIED for self-funded (site has a 'Cost Overview' page but figures not retrievable); participation fees fully waived for Erasmus Mundus scholarship holders,"Erasmus Mundus / Erasmus+ scholarship (open to all nationalities, highly competitive); also Erasmus+ mobility top-up and external scholarships",Full (via Erasmus Mundus scholarship) - BUT site says scholarships only 'might be available' for the 2026-2028 intake; confirm renewal before counting on it,"Prior cycles: all participation fees paid + EUR 1,000/month stipend for 24 months + travel: EUR 1,000/year (Programme countries) or EUR 5,000-7,000 travel & installation (Partner countries - Tunisia qualifies)","Y (official page: 'requirements and chances for acceptance are the same for all applicants from all countries'; Tunisia is an Erasmus+ Partner country, getting the higher travel allowance)",Check (no portfolio requirement found on application pages; assessment is dossier-based),"First (bachelor's) degree minimum; assessed on academic quality, motivation, experience and potential, English skills, and content relevance to the course",Historically ~October of the year before intake; watch mediaartscultures.eu/mediaac/application/ from autumn 2026,PRIOR CYCLE - confirm new date (historical pattern: application window ~Oct-Dec of year before start; 2026-2028 rules were published Feb 2026 and that window has closed; existence of a 2027-2029 intake and its scholarships NOT yet confirmed),https://www.mediaartscultures.eu/mediaac/,"Media-art curation/histories/management, not music production - a funded fallback linking digital arts and cultural industry; fit is indirect for a DJ/producer goal",Partial,"Official site confirms program, consortium (LASALLE partner since 2018; City U Hong Kong only 2014-2019), 120 ECTS joint MA, equal treatment of all nationalities, and that 2026-2028 application rules were published Feb 2026. Scholarship coverage figures (fee waiver + EUR 1,000/month x24 + travel/installation) verified for prior cycles via official scholarship pages surfaced in search; official site currently hedges that Erasmus Mundus scholarships 'might be available' for 2026-2028 - future-cohort funding is NOT guaranteed. Self-funded participation fee amount not retrievable from site."
"Master of Arts in Music - concentrations incl. Sound Engineering & Design, Sonic Arts, Music Business & Management",Istanbul Technical University - MIAM (Dr. Erol Ucer Center for Advanced Studies in Music),Turkiye,Public,Sound/Music-Tech,English (official site: Turkey's first music masters 'that gives education in %100 English language'),"UNVERIFIED (public-university international rates, not published on MIAM English site; fully waived under Turkiye Burslari)",Turkiye Burslari (Turkiye Scholarships) - fully funded government scheme,Full (via Turkiye Burslari) / self-pay otherwise,"Verified for 2026 cycle: full tuition, university placement, free accommodation, health insurance, round-trip airfare, 1-year Turkish language course, monthly stipend 6,500 TL for masters",Y (open to citizens of all countries except Turkiye; Tunisians eligible. Note masters applicants must be UNDER 30 and have min ~75% academic average),Y (official 2025-26 Entrance Exam Handbook guides portfolio submission as an additional MIAM requirement; content varies by concentration),"MIAM entrance exams + interview per concentration (register via ITU Registrar sis.itu.edu.tr); portfolio submission required per official Entrance Exam Handbook; 1st and 2nd Education Masters paths exist (2nd Education suits career-changers); English proficiency per handbook. Turkiye Burslari adds: under 30, >=75% grades",Turkiye Burslari opens ~10 January annually; MIAM entrance-exam registration per ITU academic calendar,PRIOR CYCLE - confirm new date (Turkiye Burslari 2026 window ran 10 Jan - 25 Feb 2026 [extended from 20 Feb]; expect similar Jan-Feb 2027 window for Sept 2027. MIAM runs its own entrance-exam calendar per term - 2026-2027 interview schedules already referenced on site),https://miam.itu.edu.tr/en/,Rare single English-taught program spanning sound engineering + sonic arts + music business with a realistic fully-funded route for a Tunisian under 30 via Turkiye Burslari; portfolio + entrance exam mean he needs production work samples,Partial,"Official MIAM site confirms 100% English instruction, masters since 1999, concentration areas incl. sound engineering & design, sonic arts, music business & management, 1st/2nd Education Masters paths, and entrance exam + interview + portfolio (handbook PDF on official domain). Turkiye Burslari 2026 dates, Tunisian eligibility, under-30 rule, 75% minimum, and 6,500 TL/month package verified via turkiyeburslari.gov.tr search results. International self-pay tuition figure not found on official pages."
MMus Master of Music - Music Technology concentration,University of Nicosia,Cyprus,Private,Sound/Music-Tech,English,"UNVERIFIED exact MMus rate; UNIC non-EU postgraduate fee schedule (official PDF) starts around EUR 9,540/year - confirm MMus-specific total on unic.ac.cy",None found (institutional scholarships restricted to undergraduates),None (self-pay). UNIC scholarship schemes are stated NOT applicable to postgraduate (masters/doctoral) programs,None,Y (open international admission),Y,Accredited bachelor's degree; English proficiency IELTS ~6.0-6.5 or equivalent (6.0 per third-party listing - confirm exact band with UNIC); audition/portfolio demonstrating musical competency for the concentration,Rolling; apply several months before Feb or Sept intake,Check (rolling admission with February and September intakes confirmed; no fixed published deadline found),https://www.unic.ac.cy/music-mmus-1-5-years-or-3-semesters/,"Short 1.5-year (3-semester) English MMus with a confirmed music-technology track; pure self-pay fallback with no postgrad scholarships - weakened by unverified but likely EUR 9,500+/yr private tuition",Partial,"Official UNIC page loaded but content truncated; duration (1.5 years / 3 semesters) confirmed from official URL/title. Four tracks incl. music technology, Feb+Sept intakes, and IELTS 6.0 confirmed only via third-party listing (britannicaoverseas.com) - confirm with UNIC. 'Scholarships not applicable to postgraduate programs' and non-EU fee range from search of official UNIC fee PDF. Exact MMus tuition unverified."
"MA Composition and Music Technology (specialisations: Recording Arts, Electroacoustic Composition, Audiovisual Composition, Classical Composition)",Estonian Academy of Music and Theatre (EAMT),Estonia,Conservatory,Sound/Music-Tech,"English (confirmed listed among EAMT's English-taught MA curricula, applied to via DreamApply)","EUR 1,750 - 14,000/year depending on programme and country of origin (official range; exact rate for this MA and for Tunisian nationals unverified - note studies IN ESTONIAN are free for all nationalities, but this MA is English-taught)","EAMT international-student scholarships (limited number, audition-based); Check Estonian national scholarship schemes separately","Partial possible / self-pay baseline - 'a limited number of scholarships are available for international students', awarded via auditions usually held end of September","UNVERIFIED (scholarship amounts for this MA not published; the advertised EUR 6,500 scholarships are for the CPPM programme, not this one)","Y (international admission via DreamApply, EUR 75 application fee)",Y,"Recording Arts: ~10 min recorded work (acoustic + overdub samples), works list, colloquium; Composition tracks: 3+ own compositions (~15 min) + portfolio + colloquium (per prior cycle - reconfirm); bachelor's degree; English proficiency",Check eamt.ee/en/admissions/ (main round typically spring; additional 2026-27 round announced as of July 2026),PRIOR CYCLE - confirm new date (no 2027 dates published; site currently announces an ADDITIONAL admission round with a small number of places for 2026-2027 - a possibly still-open 2026 route worth checking immediately),https://eamt.ee/en/departments/composition-and-improvisational-music/composition-and-music-technology/,Only classical/pop recording-arts masters in the Baltics; flexible multi-mentor model and COMMUTE festival; portfolio-driven so he needs recorded production samples; low-end tuition can be very affordable by EU standards,Partial,"Official pages confirm the programme, all four specialisation fields, English-taught MA status, DreamApply route, EUR 75 fee, tuition range EUR 1,750-14,000/yr, and limited audition-based international scholarships. Programme-specific tuition, scholarship amounts, and 2027 deadlines not published; portfolio specifics carried from prior-cycle requirements. Additional 2026-27 admission round currently announced - check if this MA is included."
NAIP - European Master of Music: New Audiences and Innovative Practice,Iceland University of the Arts (host option) + Royal Conservatoire The Hague + Prince Claus Conservatoire Groningen,Iceland / Netherlands,Consortium,Music-Business,English,"UNVERIFIED (set by chosen host institution; students enrol at ONE host which awards the degree - Dutch hosts charge non-EU institutional tuition, Iceland University of the Arts charges tuition; no figures on musicmaster.eu)","None found (Erasmus+ funds program development and student mobility/exchange, not full student scholarships)",UNVERIFIED / weak - no student scholarships found,UNVERIFIED,Check (apply via chosen host institution's international admission),Y (audition/portfolio at host),"High-level performance/artistic skills; audition/interview at host institution; curriculum: creative project development in artistic/community/cross-sectoral settings, leadership, collaboration, entrepreneurship","Check host institution (lhi.is, koncon.nl, hanze.nl)","Check (per host institution's annual admission round, typically winter-spring for Sept entry)",http://www.musicmaster.eu/,"Entrepreneurship + creative-project leadership for performing musicians - matches DJ/producer career development but demands a strong performance audition; funding weak, so low priority vs funded options",Partial,"musicmaster.eu confirms the program, the three degree-awarding hosts (Iceland University of the Arts, Royal Conservatoire The Hague, Prince Claus Conservatoire Groningen), Erasmus+ backing, and enrol-at-one-host structure. Tuition, deadlines, audition specifics, and non-EU eligibility all sit with host institutions and were not retrievable (Iceland Univ of Arts NAIP page returned 404; musicmaster.eu/admission 404). No student scholarship scheme found - consistent with original 'funding weak' assessment."
"MSc in Engineering - Medialogy, specialisation in Sound and Music Computing (standalone SMC MSc closed for admission from 2024)",Aalborg University (Copenhagen campus),Denmark,Public,Sound/Music-Tech,English,"Non-EU tuition applies; AAU 2026 rates are DKK 57,850/semester (~EUR 7,745) for engineering/technical programmes, DKK 39,550 (~EUR 5,295) intermediate tier, DKK 27,800 (~EUR 3,725) lower tier - confirm which tier Medialogy/SMC sits in (likely technical tier, so ~EUR 15,500/year). Plus EUR 150 application fee.","Danish government scholarships via AAU (~15 per year across all non-EU applicants; automatic consideration, no separate application)",Partial-to-Full possible but rare,"Tuition-fee waiver PLUS monthly stipend of DKK 11,225 (~EUR 1,503, 2026 rate) for 4 semesters; AAU warns stipend may not cover all living costs and not to rely on receiving one",Y (standard non-EU admission; automatically considered for the state scholarship),N,"Bachelor in technical sciences, engineering or natural science; other bachelors accepted with min 10 ECTS programming OR 10 ECTS project-oriented music-technology work (software engineering degree fits well). English equivalent to Danish level B (roughly IELTS 6.5).",Check (AAU application portal typically opens a few months before the 1 March non-EU deadline),"PRIOR CYCLE - confirm new date (established annual pattern: non-EU deadline 1 March for September intake, so expect 1 Mar 2027 for Sept 2027)",https://www.en.aau.dk/education/master/medialogy-cph/sound-and-music-computing,"Strong technical fit for a software engineer moving into audio DSP/interactive sound; key structural change verified - SMC is now a specialisation inside the Medialogy MSc, not a standalone programme, and full funding exists but only ~15 government scholarships/year university-wide",Partial,"Verified on official AAU pages: non-EU fee tiers and 2026 amounts, Danish state scholarship (~15/yr, waiver + DKK 11,225/mo stipend, automatic consideration), non-EU 1 March deadline for Sept intake, and AAU curriculum/search confirming standalone SMC closed from 2024 with admission now via the Medialogy specialisation. NOT verified: exact fee tier for Medialogy CPH (engineering vs intermediate) and 2027-cycle dates - the program subpage rendered only navigation/contact content in WebFetch. Entry-requirement wording (10 ECTS programming / music-tech) from AAU-sourced search result."
"M.Sc. Research in Media Engineering (120 ECTS, 4 semesters)",Technische Universität Ilmenau,Germany,Public,Sound/Music-Tech,Bilingual German/English (can be completed in English); English C1 required (TOEFL iBT 95 / IELTS 7.0 per DAAD/aggregator listing - confirm),EUR 0 tuition (public); semester fee approx EUR 275/sem incl. transport - not confirmed on program page (Check),DAAD Study Scholarship / Deutschlandstipendium (external - Check),None (tuition-free); external scholarships only,Check (no program-attached funding found),Y,N,Bachelor in a similar field (media technology or comparable engineering/CS-heavy degree); NC-free per official page; English C1; intake April 1 OR October 1 (both semesters possible); no audition. Software engineering background plausible fit but subject match assessed individually - Check,"16 January (non-EU, winter intake, prior cycle) - confirm for 2027",PRIOR CYCLE - confirm new date (non-EU winter-intake window 16 Jan-15 May per DAAD/aggregator; EU window 16 Apr-15 Sept),https://www.tu-ilmenau.de/en/study/before-the-study/range-of-courses/master/research-in-media-engineering-msc,"Ilmenau hosts Fraunhofer IDMT (leading audio/media-tech institute); strong engineering-audio research environment at near-zero cost; correction: program is 120 ECTS / 4 semesters, not 90 ECTS. Sister English M.Sc. 'Communications and Signal Processing' also relevant",Partial,"Official page fetched: confirms program exists, bilingual DE/EN, NC-free, 120 ECTS / 4 semesters (draft's 90 ECTS corrected), April 1 or Oct 1 intake. English C1 level (IELTS 7.0) and non-EU deadline 15 May come from DAAD/mygermanuniversity listings, not the official page - confirm with TU Ilmenau. Semester fee not confirmed."
MA/M.Mus Composition (incl. electronic composition & sound art specializations; NAIP option separate),"Iceland University of the Arts (Listaháskóli Íslands), Reykjavík",Iceland,Conservatory,Sound-Design/Production,English (official page: 'The Master Programme of Composition is an international programme conducted in English'),"Non-EEA tuition fees apply from Autumn 2026 per official program page (amount per LHI fee schedule - UNVERIFIED, confirm with school); annual registration fee approx ISK 100,000 additionally reported. Earlier 'ISK 75,000/yr registration only' aggregator claim is outdated",None found,UNVERIFIED (no scholarships found; free-tuition angle is closed for non-EEA),Check,Y (admissible; but as non-EEA national pays the new tuition fees),Y,"Bachelor in composition, music theory or related arts field - OR demonstrable comparable knowledge/experience/technical ability in musical composition; portfolio of 5 original works (electronic composition/sound-art applicants submit 5 complete works, audio-based); English proficiency; 120 ECTS / 2 years",Early January (prior cycle opened around 8 Jan) - Check,PRIOR CYCLE - confirm new date (prior cycle deadline: 2 March 2026 for Autumn 2026),https://www.lhi.is/tonsmidar-ma,"English-taught and open to non-composition bachelors who can show comparable ability - a DJ/producer portfolio of 5 electronic works could plausibly qualify. But CORRECTION to earlier warning: LHI's official page says non-EEA tuition starts already Autumn 2026 (not 2027), so the free-tuition angle is already gone for this candidate; fee amount unknown, so total cost is the open question",Partial,"Official program page (lhi.is/tonsmidar-ma) fetched 2026-07-12: confirms English instruction, 5-work portfolio, 120 ECTS/2 yrs, prior-cycle deadline 2 March 2026, and non-EEA tuition from fall 2026. Fee AMOUNT not published on fetched page (fee schedule PDF not retrieved) - hence Partial. Note University of Iceland (the registration-fee public uni) offers no sound/music-tech master, so this conservatory is Iceland's only relevant option."
Continuing Master 'Sound Production and Music Direction' (Zvukova tvorba a hudebni rezie),HAMU - Academy of Performing Arts in Prague (AMU),Czech Republic,Public,Sound-Design/Production,Czech only - official page states 'Since this programme is designed for Czech-speaking students an English description is not available'; Czech-taught study at Czech public HEIs carries no tuition for any nationality,CZK 0 if studied in Czech (statutory for Czech-taught public study; not restated on program page); application fee CZK 990,"None found (Czech Government Scholarships for developing countries - Tunisian quota varies by year, Check)",Full (tuition-free in Czech),Check,Y (must pass multi-round Czech-language entrance exams; graduates of related bachelor programs at other institutions admissible if they pass the exam),Y (practical rounds + audiogram; specifics set annually by Dean's Decree),"Verified: 2-year continuing master, two specializations (Sound Production / Music Direction); applicants must match HAMU Sound Design & Music Directing bachelor-graduate level; multi-round in-person entrance exam (hearing tests, acoustics/electro-technology knowledge, practical mixing, interview); current audiogram from ENT specialist mandatory - admission terminated if hearing disorder found; mandatory paper attachments by post",Mid-March (2026/27 cycle: 15 Mar 2026),"PRIOR CYCLE - confirm new date (2026/27 cycle: applications 15 Mar - 15 Apr 2026, exams 8-19 Jun 2026 - NOT Nov-Dec as previously estimated)",https://sp.amu.cz/en/program27083491805.html,"Genuinely free studio-grade sound-production training and non-HAMU tech graduates can qualify via exams, but everything (exams included) is in Czech at roughly B2 - a 12+ month language investment before Sept 2027; audiogram requirement is an extra gate",Partial,"Program existence, Czech-only teaching, 2-year duration, exam structure, audiogram and CZK 990 fee verified on sp.amu.cz and hamu.cz admission pages. Corrected: application window is mid-March to mid-April (hamu.cz 2026/27 admissions page), not Nov-Dec. Tuition-free status of Czech-taught study is statutory but not restated on the program page. Czech-language proficiency requirement for foreign applicants referenced but exact level not published on the fetched pages. Czech Government Scholarship availability for Tunisia unverified."
"MA Sonic Arts and Audio Technologies (DPMS Technes kai Technologies tou Ichou, interdepartmental)","Ionian University, Corfu (Depts. of Music Studies + Audio & Visual Arts)",Greece,Public,Sound/Music-Tech,Greek (program site and materials in Greek; no English-taught option found),"EUR 2,700 total for the program (per prior-cycle call via eduguide/Study in Greece; payable in 5 installments) - corrects earlier EUR 2,400 estimate; confirm current amount",Internal fee-exemption scholarships (recipients provide laboratory/tutorial support to the two departments) - Check current terms,Partial (low total fee; fee-exemption/scholarship positions exist in exchange for lab/tutorial support work),"None found - fee waiver only, no stipend",Check (graduates of recognized foreign HEIs admissible in principle; Greek language ability effectively required),Check,"Graduates of Greek or recognized foreign HEIs; program running since 2018-2019, focused on contemporary sound recording, processing and reproduction technologies in art and production; full regulation in FEK gazette PDF linked from program page - details Check",Check (spring/summer calls typical; no 2026 or 2027 call found on this pass),PRIOR CYCLE - confirm new date (last call details found are from 2022-2023 cycle; verify program still admits via music.ionio.gr/sonarts or audiovisual@ionio.gr),https://avarts.ionio.gr/en/studies/postgraduate/sonarts/,"Low-fee sound-recording/processing arts MA, but Greek-taught and no recent (2025/2026) call surfaced - clearly secondary to HMU's tuition-free, still-open MSc; only worth pursuing if the candidate learns Greek",Partial,"Program existence and 2018-19 start confirmed on official avarts.ionio.gr and music.ionio.gr pages; both are thin directory pages. EUR 2,700 fee and support-work scholarship scheme come from the 2022-2023 call (eduguide/studyingreece) - prior cycle, unconfirmed for 2026/27. No recent admissions call located; recommend emailing audiovisual@ionio.gr to confirm the program is still recruiting."
French government scholarships for Tunisian students via IFT/Campus France Tunisie (incl. Programme de bourses partenariales niveau Master 2 - 10-month funded mobility within Franco-Tunisian partnerships; Campus Bourse directory),Institut Français de Tunisie / Campus France Tunisie,France,Consortium,Sound/Music-Tech,French (most programs),French public university registration fees are low (typically a few hundred EUR/year for national-diploma masters - confirm per program; some apply differentiated non-EU fees),Programme de bourses partenariales pour le niveau Master 2 (IFT/French government); plus Eiffel and Campus Bourse-listed aids,Partial (10-month mobility grant confirmed; exact monetary coverage UNVERIFIED - monthly allowance/social-coverage details not published on the pages checked),10 months (September to June) funded mobility for the M2 scheme; allowance amount UNVERIFIED - contact IFT/Campus France Tunis,Y (Tunisia-specific scheme),Check (depends on the French host master's),"Tunisian students; M2 scheme requires enrolment in a Master 2 research year within a Franco-Tunisian inter-university partnership agreement or double-degree; other IFT lines (Eiffel relay, religion studies, engineer double-degree, SSHN) have separate criteria",Bourses partenariales M2: annual call in May (May 2025 for the 2025-26 cycle per official Campus France Tunisie brochure); May 2027 call would fund a Sept 2027 M2 year,PRIOR CYCLE - confirm new date (last documented call: candidature May 2025; expect the annual May call - watch IFT and Campus France Tunisie in spring 2027),https://www.tunisie.campusfrance.org/les-bourses-exonerations-et-aides-proposees,"Confirmed real Tunisia-specific channel: the M2 'bourse d'excellence' funds a 10-month (Sept-June) research mobility, and French public-university fees are low - with fluent French this is one of the candidate's most realistic funded routes IF the target French music-tech master sits inside a Franco-Tunisian partnership (must verify per program); Campus Bourse directory also confirmed for finding further aid",Partial,"Campus France Tunisie official page confirmed (lists Eiffel, Major, Campus Bourse, and directs to IFT/French Embassy). Official Campus France Tunisie brochure PDF (Bourses 2024-2025) confirmed the M2 partnership scheme verbatim: excellence scholarship funding a Master 2 research mobility within a Franco-Tunisian inter-university agreement or double-diplomation, 10-month duration Sept-June, candidature in May. Stipend amount and full/partial coverage still unpublished on checked pages; the dedicated IFT scholarships URL returned 404. Next call (expected May 2027 for Sept 2027) must be confirmed directly with IFT/Campus France Tunis."
"Arts & culture philanthropy: ad-hoc study scholarships (Columbia SIPA, Imperial College, Smith College, Yehudi Menuhin) and Prix Fondation Rambourg for contemporary creation",Rambourg Foundation (Tunis),Tunisia,Private,Sound/Music-Tech,French/Arabic (site also in English),N/A,Prix Fondation Rambourg; ad-hoc study scholarships (no named open scheme),UNVERIFIED,"UNVERIFIED - past awards were full scholarships to named individuals; no published scheme, amounts or coverage",Y (Tunisia-focused foundation; past beneficiaries all Tunisian),Check - Prix Rambourg used project submissions to an international jury; no current call to verify,"Tunisian creators/students; criteria vary per program; past study scholarships were ad-hoc individual grants, not an open application scheme",No open call published as of 12 Jul 2026,"No current call - monitor site / contact info@rambourg-foundation.com; Prix Fondation Rambourg last held 2021 (3 editions: 2017, 2019, 2021)",https://rambourg-foundation.com/,"Confirmed as the main Tunisia-focused private arts funder with a track record of fully funding Tunisian students abroad (Columbia SIPA, Imperial College) and supporting musicians (Yehudi Menuhin school violinist) - but there is NO open scholarship call and no published application route today; worth a direct email pitch and monitoring, not a plannable funding source for Sept 2027",Partial,"Official site fetched 12 Jul 2026: confirms past full scholarships (Columbia SIPA for 3 Tunisian women, Imperial College, Smith College, Menuhin violin) and 3 editions of the Prix (2017/2019/2021), but contains NO current funding announcements, deadlines or application guidelines. 'Columbia partnership 2018' framing broadly confirmed. Status: monitor + email info@rambourg-foundation.com; cannot be counted as available funding"
"WAVES — Waves, Acoustics, Vibrations, Engineering and Sound (Erasmus Mundus Joint Master)","Consortium: University of Coimbra, Universitat Politècnica de València, Aix-Marseille Université & École Centrale de Marseille",Portugal / Spain / France,Consortium (public universities),Acoustics/Audio-Eng (CS/engineering-leverage),English,UNVERIFIED,Erasmus Mundus Joint Masters Scholarship (status of new cycle uncertain),UNVERIFIED (was Full in prior cycles),Standard EMJM package in prior cycles (participation waived + monthly living + travel) — UNVERIFIED for any new cohort,Y (was open to non-EU in prior cycles),N,Bachelor in engineering/physics/acoustics or related; English required (score UNVERIFIED),UNVERIFIED / suspended,WARNING: 2026-2028 recruitment is NOT opening and the application platform is unavailable per official site — confirm whether a future cohort will be funded before relying on this,https://master-waves.eu/ (applications: https://www.master-waves.eu/waves-applications-menu/waves-applications-2),Acoustical engineering — excellent technical fit for audio DSP/sound engineering and leverages a strong maths/software background. CAVEAT: current cohort suspended; include only if a new funded call reopens.,Unverified,verification agent returned nothing
Audio Communication and Technology (M.Sc.),Technische Universität Berlin (TU Berlin),Germany,Public,Sound/Music-Tech,German (main C1 required) + English B2 for literature/some courses,"No tuition fee; only semester fee (~EUR 300+/semester, includes transit ticket) - UNVERIFIED exact 2027 amount",None found (fundable via DAAD Study Scholarship above),None (program); tuition-free public,N/A,Y,N (no artistic portfolio; math + programming instead),"First degree in science/engineering/etc.; must prove higher mathematics (analysis, linear algebra) AND programming knowledge; German C1. Open admission (no NC). 4-week media internship required.",UNVERIFIED,Not published on program page; via Office of Student Affairs - Graduate Admissions. Check (winter-semester start),https://www.tu.berlin/en/studying/study-programs/all-programs-offered/study-course/audio-communication-and-technology-m-sc,STRONG technical fit - CS/software background directly satisfies the math + programming entry bar; tuition-free. Main barrier is German C1. Excellent for audio DSP / sound & music computing goals.,Unverified,verification agent returned nothing
Music Acoustics (M.Sc.),Hochschule für Musik Detmold (Detmold University of Music),Germany,Conservatory,Acoustics/Audio-Eng,English (international programme),UNVERIFIED (public music college; likely semester fee only),None found (fundable via DAAD Study Scholarship),None (program),N/A,Y,Y - aptitude test: written signal-processing/acoustics test + aural/music-theory oral + instrumental audition + colloquium,"Bachelor/diploma in Sound Transmission/Tonmeister or comparable (Acoustics, Physics, Communication Engineering); English TOEFL 80 iBT or IELTS 6.0; musical-artistic skills must be proven.",~1 Oct (prior window) - Check,Winter-semester entry: 15 Feb - 15 Mar (application window). PRIOR CYCLE - confirm 2027 dates,https://www.hfm-detmold.de/en/study/fields-of-study/music-acoustics/,English-taught (no German needed) and technical - communication-engineering background maps to candidate's software/DSP skills; but the musical/instrumental audition element may be a hurdle for a non-formally-trained musician.,Unverified,verification agent returned nothing
"Musikübertragung / Tonmeister, Musikregie (Master of Music)",Hochschule für Musik Detmold (Detmold University of Music),Germany,Conservatory,Sound-Design/Production,German,UNVERIFIED (semester fee only likely),None found (fundable via DAAD Study Scholarship / Music),None (program),N/A,Y (with German + aptitude),Y - must present 3 own recent productions + practical aptitude exam,Higher-education entrance qualification; German proficiency; PASS aptitude test (practical test + interview) which includes presenting a CD/DVD of 3 of your own productions from the last year.,1 Oct / 15 Feb windows (apply via muvac),Bachelor/Master windows: 15 Feb-15 Mar and 1 Oct-1 Nov. PRIOR CYCLE - confirm 2027,https://www.hfm-detmold.de/en/study/fields-of-study/music-recording/tonmeister-music-directing/,"Prestigious Tonmeister track (recording/production) that fits the producer goal, but it is highly music-conservatory oriented (strong classical musicianship + German) - demanding for a software grad without formal music training.",Unverified,verification agent returned nothing
Sound Studies and Sonic Arts (M.A.),Universität der Künste Berlin (UdK Berlin),Germany,Public,Sound-Design/Production,English,Tuition-driven / fee-based continuing-education master - UNVERIFIED exact amount (Check UdK),None found,None (fee-based continuing-education program),N/A,Y,Check (arts program - likely portfolio/work samples),First university degree; interdisciplinary profile across music/visual/media art. Portfolio/audition requirement not stated on overview page - Check.,UNVERIFIED,Check UdK apply section (not on overview page). UNVERIFIED,https://www.udk-berlin.de/en/courses/sound-studies-and-sonic-arts-master-of-arts/,"English-taught (no German barrier) and experimental sound/media-art focus; good for sound design and network in Berlin, but it is a PAID continuing-ed program (not tuition-free) so funding matters more here.",Unverified,verification agent returned nothing
Sound - Vision (Time-Dependent Media) (M.A.),Hochschule für Angewandte Wissenschaften Hamburg (HAW Hamburg),Germany,Public,Sound-Design/Production,German (C1) + English B1,No tuition; EUR 397/semester fee (includes semester ticket + Germany-wide rail pass),None found (fundable via DAAD Study Scholarship),None (program); tuition-free public,N/A,Y (with German C1),"Y - must submit a sample of your work demonstrating aptitude, followed by an interview",Bachelor/Diplom min. 210 ECTS in media technology/IT/design/media informatics/audio-video production; German C1 + English B1; two-part aptitude assessment.,1 Dec (formal application window) - Check 2027,Summer-semester entry only: aptitude registration closes 14 Oct; formal application 1 Dec - 15 Jan. PRIOR CYCLE - confirm 2027,https://www.haw-hamburg.de/en/master-sound-vision/,Media-technology/IT bachelors are explicitly welcomed - candidate's software background qualifies; covers film/game sound design & 3D audio production (fits producer/sound-design goal). Barrier is German C1.,Unverified,verification agent returned nothing
Popular Music (M.A.),Popakademie Baden-Württemberg (Mannheim),Germany,Public,Sound-Design/Production,German (B2 required by end of 1st semester),"No tuition for consecutive master, BUT international students / second-degree students may be charged - amount UNVERIFIED (Check Popakademie)",None found (fundable via DAAD Study Scholarship),"None (consecutive master, tuition-free for domestic)",N/A,Y (with German B2 + entrance exam),Y - practical entrance exam + must demonstrate high-level practical musical experience,"University degree in Pop Music Design, Music Business (Popakademie) or related music field (Classical/Jazz/Popular); high-level practical musical experience; German B2 by end of semester 1. 20 places.",Check (before 31 May deadline),Application by 31 May; entrance exam 29-30 June 2026. PRIOR CYCLE - confirm 2027 dates,https://www.popakademie.de/en/studium/popular-music-ma/bewerbung/,"Directly on the producer/artist path with strong German industry network, but admission expects an existing music degree + high-level performance ability, which a software grad may lack; German B2 needed.",Unverified,verification agent returned nothing
Music and Creative Industries (M.A.),Popakademie Baden-Württemberg (Mannheim),Germany,Public,Music-Business,German (C1 required),No tuition for consecutive master; international/second-degree students may pay - amount UNVERIFIED,None found (fundable via DAAD Study Scholarship),"None (consecutive master, tuition-free for domestic)",N/A,Y (with German C1 + experience),Check (portfolio not artistic; practical experience evidence required) + entrance exam,"University degree in Music Business/Pop Music Design, media/communication sciences or related; MIN 6 months practical experience in music/cultural/creative-industry organization or admin; German C1. 20 places.",Check,Application ~15 June; entrance exam 20-24 July 2026. PRIOR CYCLE - confirm 2027,https://www.popakademie.de/en/studium/music-and-creative-industries-ma/facts/,Best music-business fit for building industry knowledge/network for a DJ/producer career; consecutive so effectively tuition-free. Note: taught in GERMAN (C1) despite English program page - corrected from official facts page. Needs some prior industry experience.,Unverified,verification agent returned nothing
Research in Media Engineering (M.Sc.),Technische Universität Ilmenau (TU Ilmenau),Germany,Public,Acoustics/Audio-Eng,English (full programme completable in English; ~40% modules in English),No tuition; semester fee only - UNVERIFIED exact amount,None found (fundable via DAAD Study Scholarship),None (program); tuition-free public,N/A,Y,N,"Bachelor in electrical engineering, computer science or computer engineering, min. 6 semesters/180 ECTS; basic audio/video media-technology knowledge helpful. English proficiency.",Check,Non-EU applicants: 15 May (winter semester) / 15 Nov (summer). PRIOR CYCLE - confirm 2027 window,https://www.tu-ilmenau.de/en/study/before-the-study/range-of-courses/master/research-in-media-engineering-msc,"STRONG fit and English-taught (no German needed) - CS/software bachelor directly qualifies; Ilmenau is a leading audio/media-tech research hub (Fraunhofer/MP3 lineage). Research-oriented, less production/DJ-focused.",Unverified,verification agent returned nothing
Music Informatics (Master / Musikinformatik),Hochschule für Musik Karlsruhe (University of Music Karlsruhe),Germany,Conservatory,Sound/Music-Tech,German and/or English (offered in both per university; specifics UNVERIFIED),UNVERIFIED (public music college; likely semester fee only),None found (fundable via DAAD Study Scholarship),None (program),N/A,Y,Y - aptitude interview + assessment of submitted work samples,"Bachelor with major in music informatics, music informatics/musicology combo, or another relevant first degree; BASIC programming AND musical knowledge required.",UNVERIFIED,Winter-semester start; exact deadline not on page. Check HfM Karlsruhe,https://hfm-karlsruhe.de/en/university/institutes/institute-music-informatics-and-musicology/masters-degree-music-informatics,"Very good fit: creative-coding / interactive systems / sound & music computing, explicitly accepts 'another relevant first degree' + programming - candidate's CS background is an asset. Some musical knowledge expected.",Unverified,verification agent returned nothing
Music Management (M.A.),Macromedia University of Applied Sciences,Germany,Private,Music-Business,English,Private tuition - UNVERIFIED exact amount (page returned 403; confirm on Macromedia site),None found (private; check internal scholarships),None (self-pay unless scholarship),N/A,Check (open to internationals; confirm),N (business program) - Check,"First degree; English-taught, business-oriented. Detailed requirements UNVERIFIED (could not fetch official page).",UNVERIFIED,UNVERIFIED (rolling/winter+summer intakes typical for private unis),https://www.macromedia-fachhochschule.de/en/master/music-management/,English-taught music-business master for industry/management knowledge and network; private and self-pay is the trade-off. Verify tuition and any Tunisian-eligible scholarships before relying on it.,Unverified,verification agent returned nothing
Music Production (Master) - private option,BIMM University Berlin / SRH Berlin,Germany,Private,Sound-Design/Production,English,"Private tuition, roughly EUR 3,000-9,250/semester per aggregators - UNVERIFIED; confirm on official BIMM/SRH master page (one-off enrolment fee EUR 1,000 non-EU)",SRH offers partial scholarships for international students (confirm eligibility),Partial (some internal partial scholarships) / otherwise self-pay,Partial tuition reduction only where awarded,Check,Check (production program - likely portfolio/audition),Bachelor in relevant field; English proficiency; portfolio likely. Official MASTER program page not confirmed in this pass - treat as a LEAD to verify.,Rolling (Check),Rolling admissions typical - Check official site,https://www.bimm-institute.de/,"English-taught, hands-on production/industry focus in Berlin - attractive for the DJ/producer goal, but PRIVATE and largely self-pay; funding weak. Verify the exact master exists, tuition, and portfolio directly with BIMM/SRH before committing.",Unverified,verification agent returned nothing
"Master ATIAM - Acoustique, Traitement du signal et Informatique Appliques a la Musique",Sorbonne Universite (with IRCAM & Telecom Paris),France,Public,Sound/Music-Tech,French (most courses in French; good French recommended for non-francophones),"UNVERIFIED (public university - national fees; possible higher differentiated fees for non-EU, check)",None found (Eiffel-eligible as Engineering/Digital field; confirm with Sorbonne),None,UNVERIFIED,Y,N,"M1-level (or equivalent) in a related field; strong grasp of >=2 of acoustics / signal processing / computer science, plus strong interest in music. CS/software background is a direct asset. Ends with a 5-6 month research/industry internship.",PRIOR CYCLE: 26 March 2026,PRIOR CYCLE - confirm new date; 2026 cycle via eCandidat Sorbonne 26 Mar-11 Jun 2026 (international via Campus France has different dates),https://www.atiam.ircam.fr/candidatures/,"Best computing-heavy fit for a software engineer aiming at audio DSP / music tech. Research-oriented (IRCAM) rather than DJ/production skills, but the strongest credential + network. This is a full M2 (30 ECTS + internship); usually entered at M2 level so verify your degree maps to M1.",Unverified,verification agent returned nothing
Master Son (Sound) - Diplome / concours ENS Louis-Lumiere,Ecole nationale superieure Louis-Lumiere,France,Public,Sound-Design/Production,French (DELF B2 required if no francophone secondary diploma),UNVERIFIED (public school - low national tuition; exam registration fee EUR 120),None found (public grande ecole; CROUS/embassy aid may apply - check),None,UNVERIFIED,Y,Y,"Competitive concours (same for all nationalities). Must be under 27 on 31 Dec of exam year, hold baccalaureate + 2 validated years of higher ed in same field. Phase 1 = file by email; phases 2-3 in person in Ile-de-France.",PRIOR CYCLE: registration opened 1 Dec 2025,PRIOR CYCLE - confirm new date; 2026 concours registration 1 Dec 2025 - 14 Jan 2026 (fee by 21 Jan 2026),https://www.ens-louis-lumiere.fr/admissions/le-concours/inscriptions/,"Elite, prestigious French sound school - excellent for professional sound/production craft and network. Highly selective concours, in French, in-person exams in Paris region. Age cap under 27 - verify candidate meets it. Not English-taught.",Unverified,verification agent returned nothing
Master Acoustique et Musicologie - Parcours Ingenierie et conception sonore,Aix-Marseille Universite,France,Public,Sound/Music-Tech,French (C1 French certification <2yrs required for non-francophones; B2 English also required),UNVERIFIED (public - national fees; non-EU differentiated fees possible),None found,None,UNVERIFIED,Y,Check,"Bac+3 with strong science foundations; musical competency desired; coherent project. Covers acoustic physics, perception/cognition, signal processing, computer science, plus a 5-month final internship. Selective at M1 and M2.","PRIOR CYCLE (monmaster.gouv.fr, ~Feb-Mar)",PRIOR CYCLE - confirm new date; 2023 cycle applications 1 Mar-3 Apr via monmaster.gouv.fr,https://sciences.univ-amu.fr/fr/formation/masters/master-acoustique-musicologie/parcours-ingenierie-conception-sonore,"Strong technical/audio-engineering fit leveraging CS background; part of a 'Son, Musiques et Sciences' internationalization project. Requires high French level (C1). Public and low-cost. International applicants apply via Etudes en France.",Unverified,verification agent returned nothing
"Higher education in Music, Sound and Image - Sound option (Metiers du son / MSI)",Conservatoire national superieur de musique et de danse de Paris (CNSMDP),France,Conservatoire,Sound-Design/Production,"French (B1 before enrollment, B2 by December of year 1)",UNVERIFIED (public conservatoire - low fees),None found,None,UNVERIFIED,Y,Y,"Master-level 2nd-cycle diploma (240 ECTS over 4 yrs). Need Bac+3 in scientific/technical/audiovisual field + very good music theory knowledge and conservatoire-level training (DEM). Submit 3 original projects; oral exams, critical-listening tests, jury interview. No age limit.",PRIOR CYCLE: registration opened 12 Jan 2026,"PRIOR CYCLE - confirm new date; 2026 cycle registration 12 Jan-13 Apr 2026; selection 1 Jun, orals 16-19 Jun 2026",https://www.conservatoiredeparis.fr/en/curriculum/higher-education-music-sound-and-image-sound-option,"Top-tier French sound-engineering training combining science + music. Demands strong music-theory/conservatoire background (DEM) - a gap for a pure software engineer, so assess musical readiness. Public, prestigious, in French.",Unverified,verification agent returned nothing
Cursus Le Fresnoy (post-master creation cycle) - film/video/sound/installation,Le Fresnoy - Studio national des arts contemporains (Tourcoing),France,Public,Sound-Design/Production,French (verify),UNVERIFIED,None found (check institutional support),UNVERIFIED,UNVERIFIED,Y,Y,"Open to any nationality, max 35 years old on 1 Jan of the year. Submit PDF portfolio, 3-page note of intention, project proposals (may include sound / interactive installations), influences, and an MP4 work sample (<=8 min). Shortlisted candidates interviewed by jury.",Check (annual call for applications),"PRIOR CYCLE - confirm new date; annual call, typically closes ~January - verify current call",https://www.lefresnoy.net/en/school/admissions/,"Artistic/experimental rather than DJ/production-career oriented; relevant only if candidate leans toward sound-art/installation. Strong portfolio required. Nationality-open, age cap 35.",Unverified,verification agent returned nothing
Master Musicologie - Administration et gestion de la musique,Sorbonne Universite (Faculte des Lettres),France,Public,Music-Business,French (part of courses/conferences in English; English test in admissions),UNVERIFIED (public - national fees),None found (Eiffel-eligible under Economics-Management - confirm),None,UNVERIFIED,Y,N,"Bac+3 (musicology, management, administration, law, communication, or grande ecole). Written + oral exams on general/music culture + a 4-page research-project proposal on music economics/policy/organization. Only ~15 places.","PRIOR CYCLE (monmaster.gouv.fr, ~Feb-Mar)",PRIOR CYCLE - confirm new date; 2025 cycle 25 Feb-24 Mar via monmaster.gouv.fr,https://formations-lettres.sorbonne-universite.fr/fr/index/master-XB/arts-lettres-langues-ALL/master-musicologie-administration-et-gestion-de-la-musique-MMUSI1L_604.html,"Low-cost public route into music-business/management (labels, agencies, orchestras). Business-oriented and Eiffel-eligible field (economics/management), but taught mainly in French and expects music culture. Good for the industry-network / music-business goal.",Unverified,verification agent returned nothing
MSc Digital Marketing and Business of Entertainment (Music Business option),SKEMA Business School,France,Private,Music-Business,English (100%),UNVERIFIED (2026-27 fees not published on page; contact international.admissions@skema.edu),UNVERIFIED (school scholarships exist - confirm),UNVERIFIED,UNVERIFIED,Y,N,Rolling admissions (deadline the 15th of each month); application fee EUR 100. Taught by industry experts. Verify degree/English-test requirements with admissions.,Check (rolling monthly),Check - rolling; next cutoff the 15th of the month,https://www.skema.edu/en/programmes/academic-diploma-digital-marketing-entertainment-or-music-business,English-taught business/entertainment/music-marketing angle - fits the industry-network + music-business goal. Private (high tuition). Good complement if candidate wants marketing/entertainment-industry side rather than production.,Unverified,verification agent returned nothing
"Master in Recording & Music Production (MFA-level, 2 years)",3iS - International Institute of Image & Sound (Paris),France,Private,Sound-Design/Production,English,"EUR 15,300 (per year, per listing - confirm with school)",None found,None,UNVERIFIED,Y,Y,"Bachelor or equivalent (Fine Arts preferred, other fields considered); portfolio sample mandatory; English B2 (IELTS 5.5 / TOEFL 72 / TOEIC 785 / Cambridge 160 / Duolingo 95). Modules: recording, mixing, acoustics, beatmaking, music marketing; year 2 = full artistic+technical portfolio.",Check,Check - confirm intake dates with 3iS,https://3is-international.com/programs/master-in-recording-music-production-paris/,"Best direct match to the DJ/producer goal that is ENGLISH-taught and production-focused (beatmaking, mixing, music marketing) - no French required. Private, self-pay (~15.3k/yr), no funding found. English test needed (IELTS 5.5 threshold is attainable).",Unverified,verification agent returned nothing
"Master Musicologie - Creation musicale, nouvelles technologies, design sonore (Radio France partnership)",Sorbonne Universite,France,Public,Sound/Music-Tech,French,UNVERIFIED (public - national fees),None found,None,UNVERIFIED,Y,Check,Musicology bachelor / Bac+2 musicology / 3rd-cycle conservatoire diploma; some courses at partner sites incl. Radio France; motivation interview + file analysis for selection.,"Check (monmaster.gouv.fr, ~Feb-Mar)",PRIOR CYCLE - confirm new date; M1 campaign historically Feb-Mar via monmaster.gouv.fr,https://collegium-musicae.sorbonne-universite.fr/masters/master-atiam-acoustique-traitement-du-signal-informatique-apppliques-la-musique,"Sound-design/new-tech + Radio France link, cheaper public option. Expects a musicology/conservatoire background more than pure CS - assess music prerequisites. French-taught. Source URL is the closest official Collegium Musicae page; verify exact track page on Sorbonne Lettres catalogue.",Unverified,verification agent returned nothing
Master Music and Music Technology (Musique et Technologies Musicales),Universite Gustave Eiffel,France,Public,Sound/Music-Tech,UNVERIFIED (verify FR/EN - program has an English catalogue page),UNVERIFIED (public - national fees),UNVERIFIED,UNVERIFIED,UNVERIFIED,Y,Check,"Open to graduates of Music/Arts licences, conservatory graduates at equivalent level, or related masters (per related MIM program info). Confirm exact requirements - official detail page returned a server error during this sweep.",Check (monmaster.gouv.fr),Check - confirm via monmaster.gouv.fr,https://formations.univ-gustave-eiffel.fr/en/our-studies/detail?tx_formations_formationslistenplugin%5BparcoursId%5D=256,Public music-technology master with an English-language catalogue listing - potentially lower barrier and lower cost. Details UNVERIFIED because the official page returned HTTP 503; re-check language and entry requirements before relying on it.,Unverified,verification agent returned nothing
MSc Sound and Music Computing,"Queen Mary University of London (Centre for Digital Music, C4DM)",United Kingdom,Public,Sound/Music-Tech,English,"UNVERIFIED (aggregators conflict ~£15,750-£28,900/yr; confirm on official fees page)",None course-specific found (Chevening-eligible),None (self-pay; Chevening possible),UNVERIFIED,Y,N,Related discipline degree (CS/engineering/maths ideal); signal-processing/programming aptitude; IELTS to QMUL standard (confirm on page),UNVERIFIED,UNVERIFIED (rolling; confirm Sept-2027 cycle),https://www.qmul.ac.uk/postgraduate/taught/coursefinder/courses/sound-and-music-computing-msc/,"STRONGEST fit for a CS/software grad wanting audio DSP + coding; C4DM is a world-leading audio research centre; no portfolio needed, so English test is the main gate.",Unverified,verification agent returned nothing
MSc Audio and Music Technology,University of York,United Kingdom,Public,Sound/Music-Tech,English,"GBP 32,900 (full 1-yr, verified on page)",Chevening (external); York alumni 10% discount; School PET subject scholarships,Partial (fee discounts) / None internally; Full via Chevening,UNVERIFIED,Y,N,"2:2 or equivalent in music/music tech OR relevant tech/maths/science/engineering/computing; IELTS 6.0 (5.5 each), TOEFL 79 accepted",UNVERIFIED,UNVERIFIED (apply anytime; confirm Sept-2027 cycle),https://www.york.ac.uk/study/postgraduate-taught/courses/msc-audio-music-technology/,"Excellent CS-friendly fit: audio programming, DSP, acoustics; AudioLab links to Google/Abbey Road/BBC. No portfolio; software background counts. High intl tuition though.",Unverified,verification agent returned nothing
MMus Music (music technology / studio techniques / creative music technology pathways),University of Surrey,United Kingdom,Public,Sound/Music-Tech,English,"GBP 22,700 (full-time 1yr, verified)",None course-specific verified (Chevening-eligible),None internally verified; Full via Chevening,UNVERIFIED,Y,Y,"2:1 in relevant subject; portfolio incl. 2,000-word writing sample plus electronic productions/compositions; IELTS 6.5 (6.0 each)",UNVERIFIED,"24 July 2026 (overseas, 2026 entry) - PRIOR CYCLE - confirm new date for Sept 2027",https://www.surrey.ac.uk/postgraduate/music-mmus,Surrey is the Tonmeister/IoSR home (strong sound-recording reputation) but the taught MMus is arts-leaning and needs an artistic portfolio; note the Tonmeister degree itself is UNDERGRAD-only. Good if he can show production work.,Unverified,verification agent returned nothing
MSc/PgDip Audio Production,University of Salford,United Kingdom,Public,Acoustics/Audio-Eng,English,"GBP 17,520/yr (2026/27), GBP 18,000/yr (2027/28) - verified",Salford international scholarships (generic),Partial (merit scholarships) / None; Full via Chevening,UNVERIFIED,Y,Check (not required for entry; build one during course),Second-class honours with significant audio technology/production content; IELTS 6.0 (5.5 each),Open for Sept 2027 (verified intake exists),UNVERIFIED (Sept 2026 and Sept 2027 intakes open; no fixed date given),https://www.salford.ac.uk/courses/postgraduate/audio-production,Practical studio/audio-production focus with published Sept-2027 fees (rare this early). Lower tuition than York/QMUL. Solid production-skills route; entry expects some audio content in the prior degree.,Unverified,verification agent returned nothing
MSc Digital Audio Engineering,University of West London (UWL / London College of Music),United Kingdom,Public,Acoustics/Audio-Eng,English,UNVERIFIED (official page blocked; confirm directly),UNVERIFIED,UNVERIFIED (self-pay; Chevening possible),UNVERIFIED,Y,Check,UNVERIFIED - listed for engineering / music technology / computer science backgrounds (good CS fit); confirm IELTS on page,UNVERIFIED,UNVERIFIED,https://www.uwl.ac.uk/course/postgraduate/digital-audio-engineering,Explicitly welcomes computer-science backgrounds into digital audio systems - strong CS-to-audio bridge. Could not verify fees/deadline (site returned 403); confirm on UWL page directly.,Unverified,verification agent returned nothing
MA Advanced Music Technology,University of West London (UWL / London College of Music),United Kingdom,Public,Sound-Design/Production,English,UNVERIFIED (official page blocked; confirm directly),UNVERIFIED,UNVERIFIED (self-pay; Chevening possible),UNVERIFIED,Y,Check (likely Y for creative production),"UNVERIFIED - industry-focused, blends hands-on production with conceptual/creative practice; confirm IELTS",UNVERIFIED,UNVERIFIED,https://www.uwl.ac.uk/course/postgraduate/advanced-music-technology,Creative/production-oriented (contemporary audio practice) - closer to the DJ/producer goal than pure engineering. Fees/portfolio not verifiable (site 403); confirm directly.,Unverified,verification agent returned nothing
MA Music Industry Management and Artist Development,University of West London (UWL / London College of Music),United Kingdom,Public,Music-Business,English,UNVERIFIED (official page blocked; confirm directly),UNVERIFIED,UNVERIFIED (self-pay; Chevening possible),UNVERIFIED,Y,Check,UNVERIFIED - covers managing/developing a music career + entrepreneurial skills; confirm IELTS,UNVERIFIED,UNVERIFIED,https://www.uwl.ac.uk/course/postgraduate/music-industry-management-and-artist-development,"Directly targets artist development + industry networking, useful for a DJ/producer building a career and label/management knowledge. Fees not verifiable (site 403).",Unverified,verification agent returned nothing
MA Music Management,University of Leeds,United Kingdom,Public,Music-Business,English,"GBP 32,500 (full programme, verified)",Leeds international scholarships; School of Music subject scholarships,Partial / None; Full via Chevening,UNVERIFIED,Y,N (supporting statement instead),2:1 in Music or Business/related; IELTS 6.5 (6.0 each); professional experience may substitute,UNVERIFIED,UNVERIFIED (see How to Apply; confirm Sept-2027 cycle),https://courses.leeds.ac.uk/j849/music-management-ma,"Practical, industry-linked (live briefs, Global Industry Programme, joint with Leeds Business School); no portfolio. Good music-business network route, but expensive intl fee.",Unverified,verification agent returned nothing
MA Music Business Management,University of Westminster,United Kingdom,Public,Music-Business,English,"GBP 16,000/yr (verified) - among the lower London fees",Richard Antwi Scholarship (HOME/BME students only - not intl); general PG scholarships,None for intl on the named scholarship; Full via Chevening,UNVERIFIED,Y,N,2:1 or 2:2 in relevant degree (non-grads with industry experience considered); 'some experience of working in the music industry' expected; IELTS 6.0 at apply / 6.5 at start,UNVERIFIED,UNVERIFIED (see How to Apply; confirm Sept-2027 cycle),https://www.westminster.ac.uk/music-courses/2026-27/september/full-time/music-business-management-ma,London location + relatively affordable intl fee; strong for music-business/industry knowledge. Note the flagship scholarship excludes international students; expects some prior industry exposure.,Unverified,verification agent returned nothing
MSc Sound Design,University of Edinburgh (Edinburgh College of Art),United Kingdom,Public,Sound-Design/Production,English,UNVERIFIED (fee shown via programme-code link; confirm on page),Edinburgh College of Art scholarships; alumni 10% discount (Chevening-eligible),Partial / None; Full via Chevening,UNVERIFIED,Y,Y (minimum 3 pieces of sound-design work),UK 2:1 or intl equivalent in relevant subject; IELTS 6.5 (6.0 each); portfolio of 3+ sound works,Usually October (verified pattern),Round 1 15 Dec 2025 / Round 2 4 May 2026 (2026 entry) - PRIOR CYCLE - confirm new date for Sept 2027; opens ~October,https://study.ed.ac.uk/programmes/postgraduate-taught/51-sound-design,"Interdisciplinary (film sound, game audio, installation) - creative sound-design leaning. Requires an artistic portfolio, so needs sample work built first. Prestigious university.",Unverified,verification agent returned nothing
MA Music Business,"Institute of Contemporary Music Performance (ICMP), London",United Kingdom,Private (specialist music college),Music-Business,English,"GBP 14,000 (overseas PG, from ICMP fees page)",PG master's loan (UK only); scholarships/bursaries page (EU/EEA-focused),None for intl verified; Full via Chevening,UNVERIFIED,Y,N (interview required),Good honours degree (2:1/1st) or equivalent; all academic backgrounds welcome; personal statement + interview; English B2/CEFR,UNVERIFIED,UNVERIFIED (start 14 Sept 2026; confirm Sept-2027),https://www.icmp.ac.uk/course/ma-music-business,"Specialist music-industry college with strong network; welcomes any background (CS fine); interview not portfolio. Relatively low fee. Note: private college, funding is thin for intl.",Unverified,verification agent returned nothing
MMus Popular Music Performance,"Institute of Contemporary Music Performance (ICMP), London",United Kingdom,Private (specialist music college),Sound-Design/Production,English,"GBP 14,000 (overseas PG, from ICMP fees page)",EU scholarships (not intl); PG master's loan (UK only),None for intl verified; Full via Chevening,UNVERIFIED,Y,Y (audition/practice-based; confirm),Instrumental performance experience as basis for practice research; audition/portfolio likely; English B2/CEFR,UNVERIFIED,UNVERIFIED (confirm Sept-2027 intake),https://www.icmp.ac.uk/course/masters-in-music-performance,Performance/practice-research focus; more for instrumentalists than producers/DJs - weaker direct fit unless he frames DJ/production as practice research. Requires performance portfolio.,Unverified,verification agent returned nothing
MSc Music Technology and Sound Production,University of Huddersfield,United Kingdom,Public,Sound/Music-Tech,English,UNVERIFIED (confirm on official course page),UNVERIFIED (university international scholarships likely),UNVERIFIED (self-pay; Chevening possible),UNVERIFIED,Y,Check,UNVERIFIED - aimed at music-technology graduates developing technical/practical skills; confirm degree + IELTS,UNVERIFIED,UNVERIFIED,https://www.hud.ac.uk/subjects/music-technology/,One of the UK's largest music-tech PG communities; technical + practical production skills. Direct course URL 404'd during check - verify current page via the subject hub before applying.,Unverified,verification agent returned nothing
MSc Media and Arts Technology,Queen Mary University of London,United Kingdom,Public,Sound/Music-Tech,English,UNVERIFIED (confirm on QMUL fees page),UNVERIFIED (Chevening-eligible),UNVERIFIED (self-pay; Chevening possible),UNVERIFIED,Y,Check,UNVERIFIED - combines creative computing + HCI for the creative sector; strong CS fit; confirm degree/IELTS,UNVERIFIED,UNVERIFIED,https://mat.qmul.ac.uk/programmes/masters-programme/,Creative-computing bridge (HCI + digital innovation for creative industries) - good secondary CS-fit option alongside QMUL's Sound & Music Computing. Verify fees/portfolio on QMUL site.,Unverified,verification agent returned nothing
"MA in Music, Science, and Technology (MA/MST, CCRMA)",Stanford University (Dept. of Music / CCRMA),USA,Private,Sound/Music-Tech,English,UNVERIFIED (Stanford graduate tuition is high),None guaranteed (occasional fellowship/TA),None,Funding is quite limited; department/center do NOT typically fund MA/MST students; occasional fellowship or TA funding for eligible students - UNVERIFIED amounts,Y,"Y - evidence of accomplishment (scores, recordings and/or research papers) due with application","Undergrad in engineering, science, music, or arts, or degree with engineering-math coursework; writing sample required; GRE optional; two-year degree",Late September / early October (per Music dept.),Second Tuesday in December (per official page; PRIOR CYCLE - confirm new date). $125 filing fee,https://music.stanford.edu/academics/graduate-studies/graduate-programs/ma-music-science-and-technology,"Elite audio-DSP/computer-music research hub (CCRMA); great for CS background, but self-fund risk is high - only pursue with Fulbright/external funding.",Unverified,verification agent returned nothing
MS in Music and Technology,"Carnegie Mellon University (School of Music, College of Fine Arts)",USA,Private,Sound/Music-Tech,English,UNVERIFIED,UNVERIFIED (CFA/School of Music funding - confirm),UNVERIFIED,UNVERIFIED,Y,Y - portfolio + portfolio-review interview with Music & Technology faculty panel,"Bachelor's, desired GPA 3.0; 21 months/4 semesters; personal statement (650 words); Music Resume/CV; non-native English speakers submit TOEFL/IELTS/Duolingo; GRE optional",UNVERIFIED,December 1 (portfolio due; references by Jan 5; decisions Mar 15) (PRIOR CYCLE - confirm new date). $125 app/audition fee,https://www.cmu.edu/cfa/music/apply/audition-portfolio-review/requirements-by-area/music-technology-audition-requirements.html,Strong CS/engineering-friendly music-tech program at a top computing school; good research and interdisciplinary fit. Confirm funding availability.,Unverified,verification agent returned nothing
"MFA in Music Technology: Interaction, Intelligence, and Design (MTIID)",California Institute of the Arts (CalArts),USA,Private (arts conservatory),Sound/Music-Tech,English,UNVERIFIED,UNVERIFIED (CalArts merit scholarships - confirm),UNVERIFIED,UNVERIFIED,Y,"Y - portfolio of 3-5 works (compositions, performances, software/code, hardware schematics, a designed new musical interface); no formal audition",2-year MFA; strong preference for math/CS/physics/engineering background; email brief background to program (akapur@calarts.edu) before applying; artist statement 250-500 words; 3 recommendation letters; 60-90 sec intro video; possible virtual interview,UNVERIFIED,UNVERIFIED (confirm CalArts MFA deadline for the cycle),https://calarts.edu/apply/mfa-music-tech,"Great creative-technical fit: explicitly favors CS/engineering applicants, covers electronic composition, interactive/immersive audio, software/hardware for instruments - strong for a producer building novel tools. Confirm funding.",Unverified,verification agent returned nothing
MS in Music Industry,University of Southern California (USC Thornton School of Music),USA,Private,Music-Business,English,UNVERIFIED,UNVERIFIED (merit awards - confirm with Thornton),UNVERIFIED,UNVERIFIED,Y,N - no audition; SlideRoom supplemental materials (essays/video) instead,Bachelor's (not USC Music Industry BS holders); SOP 400-550 words + 2 short essays + 1-min video (2 prompts) + resume + >=1 recommendation; English test required for non-native speakers; NO audition,UNVERIFIED,December 1 (fall only) (PRIOR CYCLE - confirm new date). $105 USC app + $25 SlideRoom fee,https://music.usc.edu/admission/appreqs/music-industry-graduate/,"Track-2 business fit in LA (major music market) - strong industry network for artist/producer career. No portfolio barrier; verify funding, which is limited for this program.",Unverified,verification agent returned nothing
MA in Media Arts (Performing Arts Technology),"University of Michigan (School of Music, Theatre & Dance)",USA,Public,Sound/Music-Tech,English,UNVERIFIED,UNVERIFIED (SMTD funding/assistantships - confirm),UNVERIFIED,UNVERIFIED,Y,Y - portfolio/creative work required (per SMTD graduate audition/portfolio requirements),"Bachelor's; CV (education, research/professional experience, recordings/performances, awards); 2-3 page academic statement of purpose; artistic + academic review; contact PAT Director of Graduate Studies for program-specific portfolio details",UNVERIFIED,December 10 (Fall only; no mid-year) (PRIOR CYCLE - confirm new date),https://smtd.umich.edu/department/performing-arts-technology/,Research/creative music-technology program at a strong public research university; good for CS-leaning applicant. Confirm portfolio specifics and funding directly with PAT.,Unverified,verification agent returned nothing
MA in Audio Sciences: Recording Arts and Sciences,Johns Hopkins University (Peabody Institute),USA,Private (conservatory within JHU),Acoustics/Audio-Eng,English,"Approx. USD 56,313 first-year tuition (per third-party source; confirm on official Peabody/JHU page) - UNVERIFIED official",UNVERIFIED (scholarship info not published for this MA - confirm with Peabody),UNVERIFIED,UNVERIFIED,Y,Y - portfolio demonstrating range of live/studio recording experience,"Undergrad degree in architecture, audio technology, computer science, electrical/mechanical engineering, physics, or recording sciences; undergrad physics + calculus preferred; program for those with science/engineering/music background seeking advanced audio training",UNVERIFIED,UNVERIFIED (confirm on Peabody admissions page),https://e-catalogue.jhu.edu/peabody/degree-diploma-programs/audio-sciences-recording-production-master-arts/,Engineering/acoustics-heavy audio program well-suited to a software-engineering grad; heavy on recording science rather than DJ/production. High tuition - would need Fulbright/external funding.,Unverified,verification agent returned nothing
"Master of Music — Music Design pathway (strands: Music Technology, Sound Design, Music Production, Composition)",HKU University of the Arts Utrecht,Netherlands,Conservatory,Sound/Music-Tech,English,UNVERIFIED (institutional non-EEA rate; HKU notes it may rise; use HKU fee calculator),Possibly NL/Holland Scholarship (confirm HKU participation),UNVERIFIED,UNVERIFIED,Y,Y,Completed bachelor in composition/music production/music technology/sound design or equivalent professional experience; portfolio in round 1 + online interview; English required (specific IELTS/TOEFL on separate enrolment page),1 October (for 2027-2028 cycle),"2027-2028 upload rounds: 24 Nov 2026, 12 Jan 2027, 16 Feb 2027, 13 Apr 2027; non-EEA advised to apply before 1 Apr 2027 for immigration",https://www.hku.nl/en/study-at-hku/music-and-technology/master-of-music-pathway-music-design,Strongest primary-track fit: hands-on music production + sound/audio tech at a conservatory; CS background is an asset for the tech strand. Portfolio-gated and taught in English.,Unverified,verification agent returned nothing
Master of Music in Immersive Audio,Conservatorium van Amsterdam (Amsterdam University of the Arts),Netherlands,Conservatory,Sound-Design/Production,English,UNVERIFIED (not stated on program page),None found on page,UNVERIFIED,UNVERIFIED,Y,Y,Bachelor in music or sound engineering/music technology; significant professional audio-engineering experience; Pro Tools/Ableton proficiency. Stage 1 portfolio (min. 3 stereo recordings) + Stage 2 live 10-min Pro Tools mix test + interview,UNVERIFIED,UNVERIFIED (2-year program; confirm on official admissions page),https://www.conservatoriumvanamsterdam.nl/en/study/focus-masters/immersive-audio/,"Deep audio-engineering / mixing focus. Demands substantial prior pro audio experience, so may be a stretch straight out of a software-engineering BSc unless production portfolio is strong.",Unverified,verification agent returned nothing
"Master of Arts — Music Studies (Arts and Culture), specialisation Cognitive & Computational Musicology",University of Amsterdam (UvA),Netherlands,Public,Sound/Music-Tech,English,UNVERIFIED (non-EU rate not on program page; check UvA tuition page),Holland/NL Scholarship (UvA participates); Amsterdam Merit/Excellence scholarships,"Partial (NL Scholarship €5,000)",Partial tuition offset only,Y,N,"Relevant bachelor; English proficiency (IELTS/TOEFL) required; academic/musicology orientation. Computational musicology taught via UvA Institute for Logic, Language and Computation",UNVERIFIED,PRIOR CYCLE - confirm new date (non-EU deadline on UvA application page; starts September),https://www.uva.nl/en/programmes/masters/music-studies-arts-and-culture/music-studies.html,"Academic/computational rather than production-focused; CS background fits the computational-musicology angle, but this is theory-heavy and not a DJ/producer training program.",Unverified,verification agent returned nothing
Master of Media,RMIT University,Australia,Public,Sound-Design/Production,English,"AU$43,200 per year (2026 indicative)",RMIT international merit scholarships (check),None (Australia Awards not open to Tunisia),N/A,Y (program admission); no fully-funded national scheme for Tunisians,Check (portfolio central to coursework; not stated as mandatory entry criterion),"Bachelor degree or equivalent, OR 3+ years relevant professional experience (with CV + statement); IELTS Academic 6.5 overall, no band below 6.0",Rolling; intakes February and July,PRIOR CYCLE - confirm new date (Feb 2027 and Jul 2027 intakes; apply via RMIT online system),https://www.rmit.edu.au/study-with-us/levels-of-study/postgraduate-study/masters-by-coursework/master-of-media-mc188,Covers audio + cross-media production and industry projects/network in Melbourne. Broad media focus rather than pure music production; self-pay likely as no full funding for Tunisians.,Unverified,verification agent returned nothing
Master of Arts (Arts Management),RMIT University,Australia,Public,Music-Business,English,"AU$41,280 per year (2026)",RMIT international scholarships (check),None (no full-funding scheme for Tunisians),N/A,Y (program admission),N,"Australian bachelor or equivalent overseas qualification, OR 5+ years relevant work experience; IELTS Academic 6.5 (no band <6.0), TOEFL iBT 79, PTE 58",Rolling; intakes February and July,PRIOR CYCLE - confirm new date (Feb 2027 / Jul 2027 intakes),https://www.rmit.edu.au/study-with-us/levels-of-study/postgraduate-study/masters-by-coursework/master-of-arts-arts-management-mc280,"Secondary-track (business) fit: arts marketing, festivals/events, cultural-industries management — useful for the music-business/industry-network side of a DJ/producer career. No music-production content.",Unverified,verification agent returned nothing
Master of Interaction Design and Electronic Arts (Audio and Acoustics),University of Sydney,Australia,Public,Acoustics/Audio-Eng,English,"UNVERIFIED (course page did not load; USYD postgraduate international fees generally ~AUD 52,000-60,000/yr — confirm on course page)",None found (no Tunisian-eligible full scheme),UNVERIFIED,UNVERIFIED,Y (program admission),Check,UNVERIFIED (English via IELTS/TOEFL/PTE required for non-native speakers; confirm bands on course page),UNVERIFIED,UNVERIFIED (Semester 1 / Semester 2 intakes),https://www.sydney.edu.au/courses/courses/pc/master-of-interaction-design-and-electronic-arts-audio-and-acoustics.html,"Interactive sound / spatial audio / acoustics for entertainment and spaces — strong computing overlap with a software-engineering background, though more audio-tech/interaction than DJ performance.",Unverified,verification agent returned nothing
"Postgraduate music (Digital Music Composition / Master of Music Studies — production, synthesis, spatial audio)",University of Sydney (Sydney Conservatorium of Music),Australia,Public,Sound/Music-Tech,English,"~AUD 39,000-41,500/yr (Master of Music Studies Performance figure; confirm exact program) — UNVERIFIED for tech stream",None found (no Tunisian-eligible full scheme),UNVERIFIED,UNVERIFIED,Y (program admission),Y (audition/portfolio for music programs),"Relevant bachelor + audition/portfolio; IELTS ~6.5-7.0 typical (confirm). Uses Ableton Live, Logic Pro, Max MSP, modular synths",UNVERIFIED,UNVERIFIED (confirm on postgraduate courses & admission page),https://www.sydney.edu.au/music/study-music/postgraduate-courses-and-admission.html,"Production-oriented: electronic music, synthesis, spatial audio in pro studios — good DJ/producer skills fit. Verify whether a stand-alone tech-focused master exists vs. performance track, and exact fees.",Unverified,verification agent returned nothing
Master of Music (Interactive Composition / Composition — Research),University of Melbourne (Melbourne Conservatorium of Music),Australia,Public,Sound/Music-Tech,English,UNVERIFIED (research degree; confirm on Melbourne fees page),Melbourne International Research Scholarships (MIRS) / Fee Remission (MIFRS) — research students,Partial-to-Full possible (competitive research scholarships),MIRS can cover stipend + fee remission for research candidates (UNVERIFIED amounts),"Y (program admission; scholarships merit-based, not nationality-restricted)",Y (creative folio required),"Research master: relevant bachelor/honours + portfolio/folio (60-minute folio of music/sound-based creative work); uses Max/MSP, Pure Data, SuperCollider, Unity; English (IELTS) required",UNVERIFIED,UNVERIFIED,https://handbook.unimelb.edu.au/2026/courses/mr-musres/course-structure,"Now a RESEARCH master (folio-based), not coursework — heavy on interactive/creative-coding, excellent CS overlap, and research scholarships (MIRS/MIFRS) are the realistic full-funding route here. Less about club DJ performance.",Unverified,verification agent returned nothing
Master of Music (MMus) — specialisations incl. Composition and Music Technology/Production,University of Auckland,New Zealand,Public,Sound/Music-Tech,English,"NZ$47,221 per year (2026)",UoA Postgraduate scholarships for international students (merit); Manaaki NZ NOT open to Tunisia,Partial possible (university scholarships); no full national scheme for Tunisians,UNVERIFIED,Y (program admission),Y (audition portfolio; interview may follow),Bachelor of Music (Hons) or PG Diploma in Music with GPA/GPE 4.0-5.0; IELTS Academic 6.5 (no band <6.0); audition portfolio required,UNVERIFIED,PRIOR CYCLE - confirm new date (Sem 1 2026 was 8 Dec 2025; Sem 2 2026 was 8 Jun 2026; 2027 Sem 1 starts 1 Mar 2027),https://www.auckland.ac.nz/en/study/study-options/find-a-study-option/master-of-music-mmus.html,Entry expects a music (Hons) background — a pure software-engineering BSc may need a strong production portfolio to satisfy the music-degree prerequisite. Music-technology/production specialisation fits the producer goal.,Unverified,verification agent returned nothing
Master of Creative Industries (audio / music electives available),"SAE Creative Media Institute (University College), Sydney/Melbourne/Brisbane etc.",Australia,Private,Sound-Design/Production,English,UNVERIFIED (confirm on SAE course page),SAE merit/creativity scholarships (some need-based) — check,Partial possible (institutional),UNVERIFIED,Y (program admission),Check,Aimed at those with a creative-media qualification or industry experience; module choice across disciplines incl. Audio and Music; English requirement UNVERIFIED,UNVERIFIED,UNVERIFIED,https://sae.edu.au/,"Industry-focused, project-based; audio + music-business electives suit a producer/DJ pathway and network-building. Private provider — verify fees and whether a defined audio specialisation exists at master's level.",Unverified,verification agent returned nothing
Orange Tulip Scholarship (OTS) — funding scheme,Nuffic Neso (Netherlands Education Support Offices),Netherlands,Consortium,General-Business/MBA,English,N/A (funding scheme),Orange Tulip Scholarship,Partial to Full (varies),Varies by sponsor/university,N,N,"Only open to residents/nationals of Neso countries (Brazil, China, India, Indonesia, Mexico, Vietnam, South Korea, Turkey, Russia, etc.). Tunisia has no Neso office",Varies by Neso country,N/A for this candidate,https://en.wikipedia.org/wiki/Orange_Tulip_Scholarship,NOT available to Tunisians — OTS is limited to Neso countries and Tunisia is not one. Exclude from this candidate's plan.,Unverified,verification agent returned nothing
MENA Scholarship Programme (MSP) — short-course/professional training funding,Dutch institutions (via Nuffic / Dutch government),Netherlands,Consortium,General-Business/MBA,English,N/A,MENA Scholarship Programme (MSP),Full (for eligible short courses),Course fee + living/travel for short courses (UNVERIFIED specifics),Y (Tunisia is an MSP country),N,"Tunisian professionals up to age 45; aimed at mid-career 'impact makers'; 50% of country places reserved for women. For short courses, not degree programs",UNVERIFIED,PRIOR CYCLE - confirm new date,https://www.studyinnl.org/finances/mena-scholarship-programme-msp/msp-tunisia,"Tunisia IS eligible, but MSP funds short professional courses, not a full master's — so it does not fund the primary Sept-2027 master's goal. Possible add-on for a specific short audio/business course only.",Unverified,verification agent returned nothing
"Music Technology, Master of Music",University of the Arts Helsinki — Sibelius Academy,Finland,Conservatory,Sound/Music-Tech,English (and Finnish/Swedish options),"EUR 28,000 / year (non-EU/EEA, English-taught, from Aug 2026)",Uniarts Helsinki scholarships (limited) — confirm,UNVERIFIED (limited scholarships; largely self-pay for non-EU),UNVERIFIED,Y,Y,Entrance exam/audition + portfolio typical for conservatory; relevant background in music technology.,UNVERIFIED,PRIOR CYCLE - confirm new date; conservatory entrance applications usually cluster Nov–Jan,https://www.uniarts.fi/en/study-programmes/music-technology-bachelor-and-master/,Prestige conservatory music-tech program; strong for production/network but high tuition and limited funding — treat as self-pay fallback unless a scheme covers it.,Unverified,verification agent returned nothing
"Creative Music Technology, MSc (2-yr)",Norwegian University of Science and Technology (NTNU),Norway,Public,Sound/Music-Tech,Check (English-taught master; some Norwegian context),"NOK 198,800 / academic year (2025/2026, non-EU/EEA)",None found (NTNU does not offer tuition-covering scholarships),None,"None — self-financed; must document ~NOK 151,690/yr living funds for visa",Y,N,"Bachelor with music-technology specialization (>=80 ECTS), min C average; mandatory programming pre-course if lacking. 1-page motivation letter. NOTE: a pure software-engineering BSc may NOT meet the 80-ECTS music-tech prerequisite — verify.",UNVERIFIED,PRIOR CYCLE - confirm new date; non-EU/EEA deadline 1 December,https://www.ntnu.edu/studies/mmust/admission,Topically ideal but two blockers: (1) no scholarships = full self-pay; (2) requires a music-tech-heavy bachelor the candidate likely lacks. Fallback only.,Unverified,verification agent returned nothing
First Master's at a Swiss University of the Arts / Music (conservatory) — Art Scholarship stream,"Swiss art schools / conservatories (e.g., ZHdK, HEM Geneva, HKB Bern)",Switzerland,Conservatory,Sound/Music-Tech,Check (German/French/English depending on school),UNVERIFIED,Swiss Government Excellence Scholarships (ESKAS) — Art Scholarship,UNVERIFIED (art scholarship funds a first master; coverage details published Aug 2026),UNVERIFIED (monthly stipend + fees typical for ESKAS; art-stream specifics not yet published),Check — the ART scholarship is open to a LIMITED list of countries; Tunisia's inclusion is NOT confirmed. Verify on the official country list when 2027/28 call opens (email sgs@sbfi.admin.ch).,Y,Bachelor completed by 31 July 2027; born after 31 Dec 1991; must not already hold a master; admission/application proof to a Swiss art or music university.,20 August 2026,"PRIOR CYCLE - confirm new date; applications open 20 August 2026, deadline published Aug 2026 (typically ~Dec 2026)",https://www.sbfi.admin.ch/en/swiss-government-excellence-scholarships,Potentially strong for music/production at a top conservatory IF Tunisia is on the art-stream list — that eligibility is the key unknown to verify.,Unverified,verification agent returned nothing
Master's in a development-related field (any accredited university worldwide),Any accredited university (student's choice),Austria-administered (study anywhere),Consortium,General-Business/MBA (development-related),Programme-dependent,Covered when active,OPEC Fund (formerly OFID) Scholarship Award,"UNVERIFIED — programme currently paused/restructuring, NOT accepting new applications as of early 2026",When active: full tuition + monthly living allowance + round-trip airfare + health insurance + relocation grant (1 year),Check (historically open to developing countries; Tunisia typically eligible — confirm if/when reopened),N,"Young students from developing countries, development-related master's field. Requirements to be reconfirmed at relaunch.",UNVERIFIED,UNVERIFIED — no open call; monitor official site for relaunch,https://opecfund.org/what-we-offer/special-initiatives/scholarship,"Currently NOT open (restructuring). Music/production is not a development field, so weak topical fit anyway. Watch for reopening; low priority.",Unverified,verification agent returned nothing
Master in Sound and Music Computing (SMC),"Universitat Pompeu Fabra (UPF), Music Technology Group",Spain,Public,Sound/Music-Tech,English,"~EUR 5,750 first year for non-EU (+ ~EUR 218 credential-verification charge); official UPF master price page — confirm 2027-28",None found program-specific; check UPF/general Spanish grants,None found (program-specific); UNVERIFIED,UNVERIFIED,Y,N (motivation letter + CV; no artistic portfolio),"Bachelor in relevant field; CV, motivation letter (600-800 words) in English, 1 academic recommendation, transcript. Signal-processing/ML heavy — CS background is a strong asset.",Typically autumn/winter; UNVERIFIED for Sept-2027,PRIOR CYCLE - confirm new date (2026-27 cycle apps opened ~late 2025; MTG news page),https://www.upf.edu/web/smc,"Flagship SMC program; audio DSP + ML + MIR, ideal leverage of software-engineering degree; less DJ-performance, strong for production-tech and research.",Unverified,verification agent returned nothing
MSc in Engineering — Sound and Music Computing,"Aalborg University (AAU), Copenhagen",Denmark,Public,Sound/Music-Tech,English,"Non-EU/EEA pay tuition (~EUR 13,800-15,000/yr per aggregators) - confirm on AAU finance page; EU free",Danish Govt/Cultural Agreement scholarships (limited) - check AAU,UNVERIFIED,UNVERIFIED,Y,N (engineering program),"Bachelor with comparable prerequisites (assessed by Board of Studies); English documentation required; entry-restricted in Copenhagen. Engineering/problem-based, strong programming component.",UNVERIFIED for Sept-2027,PRIOR CYCLE - confirm new date (non-EU deadline typically ~1 Dec/mid-Jan for Sept intake),https://www.en.aau.dk/education/master/medialogy-cph/sound-and-music-computing,Hands-on engineering + interactive audio systems; PBL model suits software builders; non-EU tuition applies and program is entry-restricted.,Unverified,verification agent returned nothing
"Master ATIAM (Acoustics, Signal Processing & Computer Science Applied to Music)","Sorbonne Université, in partnership with IRCAM & Télécom Paris",France,Public (consortium),Sound/Music-Tech,French (primary); significant course literature and some teaching in English,"French public master registration ~EUR 250/yr; possible differentiated non-EU fee (~EUR 3,770) may be waived - Check Sorbonne","None found program-specific; check French Govt (Eiffel), Campus France, CROUS",UNVERIFIED,UNVERIFIED,Y (French language ability important; candidate is fluent in French — strong advantage),N (scientific admission; no artistic portfolio),"M1 (first year of master) or equivalent in a related field; excellent grasp of at least 2 of {acoustics, signal processing, computer science}; ends with 5-month research internship. CS background directly qualifying.",UNVERIFIED,PRIOR CYCLE - confirm new date (applications typically spring for autumn start),https://www.atiam.ircam.fr/en/,Elite research pathway at IRCAM; perfect CS+signal fit and candidate's fluent French removes the usual language barrier; near-zero tuition; research/DSP focus rather than DJ-performance.,Unverified,verification agent returned nothing
"MA in Music, Science and Technology (MA/MST)",Stanford University — CCRMA / Department of Music,United States,Private,Sound/Music-Tech,English,UNVERIFIED (high private-university tuition — confirm on Stanford),No regular MA/MST funding; occasional TA/fellowship year-to-year,None (largely self-pay),None guaranteed — Music Dept/CCRMA state they lack regular MA funding,Y,Y (evidence of accomplishment: recordings/research papers),"Undergrad in music, engineering or science; GRE optional; USD 125 filing fee; evidence of accomplishment (scores/recordings/research). 2-yr, 45 units.",UNVERIFIED,PRIOR CYCLE - confirm new date (all components due second Tuesday in December),https://ccrma.stanford.edu/academics/masters,"World-class for audio DSP/computer music and network, but essentially self-funded — flag as self-pay fallback given candidate's strong funding preference.",Unverified,verification agent returned nothing
MSc Audio and Music Technology,"University of York (School of Physics, Engineering and Technology)",United Kingdom,Public,Sound/Music-Tech,English,"~GBP 29,400 first year (international) - confirm current",Check York international/dept scholarships,UNVERIFIED,UNVERIFIED,Y,Check,2:1 in Music/Music Tech OR technology/maths/science/engineering/computing degree with demonstrable music production/performance skills; English test if applicable. CS degree accepted.,UNVERIFIED,PRIOR CYCLE - confirm new date (1-year MSc; rolling admissions),https://www.york.ac.uk/study/postgraduate-taught/courses/msc-audio-music-technology/,"Explicitly welcomes computing graduates who can show production skills — good bridge from software engineering to audio; 1-year, high tuition, funding unclear.",Unverified,verification agent returned nothing
MSc Acoustics and Music Technology,University of Edinburgh (Edinburgh College of Art / Acoustics & Audio Group),United Kingdom,Public,Acoustics/Audio-Eng,English,"~GBP 25,100 (international) - confirm current",Check Edinburgh Global / school scholarships,UNVERIFIED,UNVERIFIED,Y,Check,"UK 2:1 (or intl equivalent) in physics, maths, computer science or engineering; music/music-tech degrees considered if strong maths/physics. English test if applicable.",UNVERIFIED,PRIOR CYCLE - confirm new date (apply via EUCLID; rolling),https://study.ed.ac.uk/programmes/postgraduate-taught/478-acoustics-and-music-technology,Physics/maths/CS-gated program — directly leverages software-engineering degree; acoustics + music tech blend; funding not confirmed.,Unverified,verification agent returned nothing
MSc Audio Communication and Technology (Audiokommunikation und -technologie),Technische Universität Berlin (TU Berlin),Germany,Public,Sound/Music-Tech,German (primary) — C1 German required; some courses/literature in English (B2 English also required),No tuition fee (public); only semester contribution (~EUR 300+/semester) - confirm,DAAD scholarships (external); check,Full (tuition-free) — living costs self/scholarship,N/A tuition-free; DAAD covers living for awardees,Y (BUT candidate has no German — C1 requirement is a hard barrier; flag),Check,"First degree in science/engineering/humanities/social science etc.; higher maths (>=10 credits) + a programming language/CAS required; C1 German for admission, B2 English. CS math/programming easily met.",UNVERIFIED,PRIOR CYCLE - confirm new date,https://www.tu.berlin/en/studying/study-programs/all-programs-offered/study-course/audio-communication-and-technology-m-sc,"Tuition-free and CS-math friendly, but the C1 German requirement is a blocker for this candidate (Arabic/French/English only) unless German is acquired.",Unverified,verification agent returned nothing
MSc Engineering Acoustics,Technical University of Denmark (DTU),Denmark,Public,Acoustics/Audio-Eng,English,"EUR 7,500/semester (EUR 30,000 total for 2-yr MSc) for non-EU/EEA; EU free; EUR 100 application fee","DTU tuition-fee waivers (limited, merit-based, for non-EU MSc)",Full (for top applicants via waiver) / otherwise self-pay,Waiver covers full tuition for two years for excellent-record students; no living stipend,Y,N,"BSc in engineering/natural science with math, physics and signal analysis; English B-level (IELTS/TOEFL/CAE); 2 recommendation letters. Signal-analysis prerequisite suits CS+math.",UNVERIFIED,PRIOR CYCLE - confirm new date (non-EU deadline typically ~mid-Jan for Sept),https://www.dtu.dk/english/education/graduate/msc-programmes/engineering-acoustics/prerequisites,"Serious audio/acoustics engineering; merit waiver can make it fully funded on tuition; DSP/signal-heavy — leverages software+math, not a production/DJ program.",Unverified,verification agent returned nothing
MSc Electrical Engineering and Audio Engineering (Elektrotechnik-Toningenieur),TU Graz & University of Music and Performing Arts Graz (KUG) — joint,Austria,Consortium (two public universities),Acoustics/Audio-Eng,Check (German/English mix; entrance interview available in German or English),Non-EU public tuition ~EUR 726.72/semester + student union fee (Austrian public rate) - confirm,Check OeAD / Austrian govt scholarships,UNVERIFIED,UNVERIFIED,Y,Check (musical-artistic education certificates + entrance exam),Equivalent bachelor; external applicants (not from KUG/TUG audio-eng BSc) must pass an entrance exam; certificates of musical-artistic education requested. Strong EE/DSP content.,UNVERIFIED,PRIOR CYCLE - confirm new date (documents by 30 June to KUG for external applicants),https://www.tugraz.at/en/studying-and-teaching/degree-and-certificate-programmes/masters-degree-programmes/electrical-engineering-and-audio-engineering,"Rigorous audio engineering (IEM/SPSC labs) at low Austrian public tuition; entrance exam for external applicants; heavy on EE/DSP, less on DJ-production.",Unverified,verification agent returned nothing
Audio Production MA,University of Westminster,United Kingdom,Public,Sound-Design/Production,English,"£16,000/year","Chevening Scholarship (external, Tunisia eligible, fully funded); International Postgraduate Excellence Award (£3,000, deadline 30 Nov 2026 for Jan 2027)",Full (via external Chevening) / Partial institutional,"Chevening: tuition + monthly living stipend + flights; institutional award: £3,000 tuition only",Y,Y,"2:2 honours or equivalent (strong portfolio can compensate); IELTS 6.5 overall (6.0 writing, no element below 5.5)",UNVERIFIED,Rolling/not fixed - Check; Chevening scholarship deadline typically early Nov (PRIOR CYCLE - confirm for 2027 intake),https://www.westminster.ac.uk/music-courses/2026-27/september/full-time/audio-production-ma,Creative Music Production + sound design + interactive audio in 14 pro studios (incl. 2 Dolby Atmos) in London; Chevening-eligible for Tunisians = realistic fully-funded route; IELTS still needed,Unverified,verification agent returned nothing
Master's in Music Creation,Rhythmic Music Conservatory (RMC) Copenhagen,Denmark,Conservatory,Sound-Design/Production,Check (Danish/English environment - confirm),UNVERIFIED (non-EU students pay tuition - Check),None found - Check Danish Ministry of Culture arrangements for non-EU students,UNVERIFIED,UNVERIFIED,Check,Y,"Bachelor's degree in music; entrance examination/audition (Check specifics); works across acoustic, electronic and cross-aesthetic formats",UNVERIFIED (via Danish Ministry of Culture portal),3 Feb 2026 12:00 CET was the 2026-intake deadline (PRIOR CYCLE - confirm ~Feb 2027 for next intake),https://rmc.dk/en/education/music-creation,"Europe's first conservatory for contemporary/rhythmic music (rock, pop, urban, electronic) - strong artist-producer development; requires a music bachelor, so CS-only background is a hurdle - Check eligibility",Unverified,verification agent returned nothing
Creative Production (Music) MA,"Catalyst - Institute for Creative Arts and Technology, Berlin (in partnership with Plymouth Marjon University)",Germany,Private,Sound-Design/Production,English,"EUR 6,028/semester full-time (~EUR 12,056/yr; EUR 11,693 with early-payment discount) + EUR 895/yr enrolment fee",None found,None,None,Y,Y,Bachelor's with honours (2:1) in relevant discipline OR equivalent professional/life experience; project proposal + portfolio + writing sample; IELTS 6 / B2 or Catalyst's own free online English test,Open now for 2026 intake; Sept 2027 cycle UNVERIFIED,2026 intake: visa-required applicants 30 Apr 2026 (passed); late applications to 28 Aug 2026 subject to availability; 2027 cycle not yet published,https://catalyst-berlin.com/music/course/creative-production-music-masters,"English-taught in Berlin's electronic-music capital, 35 studios, modular synthesis/creative coding/spatial sound; internal English test avoids IELTS barrier; no scholarships - realistic only as self-pay/partial (~EUR 12k/yr)",Unverified,verification agent returned nothing
MA Music Production (validated by Falmouth University),dBs Institute (Bristol / Manchester / Plymouth / Online),United Kingdom,Private,Sound-Design/Production,English,"£10,500 full-time (online only for internationals)",None found,None,None,Y (online mode only),N,2:2 undergraduate degree or equivalent; IELTS 6.5 (6.0 per section); interview-based assessment,Applications open (rolling),No fixed deadline published - Check,https://www.dbsinstitute.ac.uk/all-courses/ma-music-production-sound-engineering,"IMPORTANT: on-campus UK routes do not currently accept international students - only the online MA (£10,500) is open to a Tunisian applicant; online delivery means no visa but also no UK network immersion",Unverified,verification agent returned nothing
MA Music Production (awarded by University of Hull),Leeds Conservatoire,United Kingdom,Conservatory,Sound-Design/Production,English,"£20,000","International Postgraduate Scholarships (4 x £5,000); Chevening Scholarship (external, Tunisia eligible)",Partial (institutional) / Full possible via external Chevening,"£5,000 toward tuition (institutional); Chevening: full tuition + living stipend + flights",Y,Y,2:2 in music production/music-related field OR equivalent professional experience; IELTS 6.0; portfolio of two recent original works (~10 min total) + online interview,UNVERIFIED (via UCAS Conservatoires code 802F or direct),UNVERIFIED - Check UCAS Conservatoires cycle,https://www.leedsconservatoire.ac.uk/courses/postgraduate-courses/ma-music-production/,"1-year conservatoire MA covering studios, electronic production, live music and publishing; lower IELTS bar (6.0); Chevening-eligible UK course; 'equivalent professional experience' clause helps a self-taught producer with CS degree",Unverified,verification agent returned nothing
Formation Supérieure aux Métiers du Son (FSMS),Conservatoire National Supérieur de Musique et de Danse de Paris (CNSMDP),France,Conservatory,Sound-Design/Production,French,"UNVERIFIED (French public conservatory rates, low hundreds of EUR/yr - Check)",Check - France Excellence / Institut Francais de Tunisie scholarships (external),"None needed for tuition (public, low fees); living costs self-funded - Check French government/Institut Francais de Tunisie bourses",UNVERIFIED,Y (subject to age limit and concours),"Y (entrance exams + interviews, not portfolio)","Bac+2 in sciences (CS degree satisfies this) PLUS conservatory-level musicianship (solfege, harmony, dictation exams); French B2; under 26 on Oct 1 of competition year; only 8 places/year via concours",UNVERIFIED (annual concours),Check - annual entrance competition (PRIOR CYCLE guide; confirm dates for 2027 entry),https://www.conservatoiredeparis.fr/sites/default/files/Cursus/FSMS_guide.pdf,"Elite, nearly-free public sound-engineering track in Paris; candidate's fluent French and science background fit, but the heavy classical ear-training/harmony exams are a serious barrier without formal music training; age limit applies",Unverified,verification agent returned nothing
Master Son (Sound section),"ENS Louis-Lumiere (Ecole Nationale Superieure Louis-Lumiere), Paris/Saint-Denis",France,Public,Sound-Design/Production,French,~EUR 300/year + EUR 104 CVEC,Check - French government scholarships (Campus France / Institut Francais de Tunisie),None needed for tuition (public ~EUR 300/yr); living costs self-funded - Check French bourses,UNVERIFIED,Y (same concours for all nationalities; French B2 required),Y (competitive entrance exam),Bac+2 minimum; under 27; competitive entrance exam (same concours for all nationalities); DELF B2 French test if no francophone secondary diploma; EUR 80-120 concours registration fee,Concours inscriptions Dec-Jan (2026 cycle pattern; PRIOR CYCLE - confirm Dec 2026-Jan 2027 for next entry),PRIOR CYCLE - concours registration closed ~Jan; confirm new date,https://www.ens-louis-lumiere.fr/formations/formation-initiale/master-son/,Prestigious public grande ecole for sound at ~EUR 300/yr tuition - effectively the cheapest elite option given candidate's fluent French; science background suits the technical concours; age limit and competitiveness are the constraints,Unverified,verification agent returned nothing
Master of Music in Music Technology (profiles: Recording Arts / Film & Game Music Producer / Creative Electronic Music Practices),"Sibelius Academy, University of the Arts Helsinki (Uniarts)",Finland,Conservatory,Sound-Design/Production,English (also Finnish/Swedish),"EUR 28,000/year (non-EU, English-track, from Aug 2026)",None found (Global Music scholarship applies to a different programme),None (official: no tuition-fee scholarships for intakes from Aug 2026; no living-cost grants),None,Y,Y,"Bachelor's in music OR a technology/media degree with sufficient music studies (explicitly allowed); advance assignments (portfolio, motivation letter, CV, study plan) + remote entrance exam: audition 40% / interview 60%",7 Jan 2026 (for Aug 2026 intake; PRIOR CYCLE - confirm Jan 2027 window for 2027 intake),"21 Jan 2026 15:00 EET, documents by 28 Jan (PRIOR CYCLE - confirm new date)",https://www.uniarts.fi/en/guides/apply-to-the-masters-programme-in-music-technology/,"'Creative Electronic Music Practices' profile is on-target and the tech-degree entry clause suits a Software Engineering grad; BUT Uniarts states no tuition scholarships for non-EU students starting Aug 2026 or later - EUR 28,000/yr x 2.5 yrs is prohibitive self-pay",Unverified,verification agent returned nothing
Tonmeister track - Bachelor Music Recording/Tonmeister and Master of Music in Music Directing (Erich-Thienhaus-Institut),Hochschule fuer Musik Detmold,Germany,Public,Sound-Design/Production,German,EUR 0 tuition + semester fee (amount Check),"Check - DAAD Study Scholarships for Foreign Graduates in Music (external, covers stipend for arts masters in Germany)","None needed for tuition (public, tuition-free; semester fee only)",DAAD (if eligible): monthly stipend + allowances - Check,Y (international applications via muvac possible),Y (aptitude test + audition),"Master requires a Bachelor in Music Recording/Tonmeister diploma; demanding aptitude test (written exams in recording, aural skills, theory + up to 20-min instrument/voice audition); German language proficiency required",15 Feb - 15 Mar for winter semester (per official page; Check - other sources cite 1 Oct - 1 Nov window via muvac),Check (muvac portal; EUR 50 processing fee),https://www.hfm-detmold.de/en/study/fields-of-study/music-recording/tonmeister-music-directing/,"The legendary tuition-free German Tonmeister school - but a POOR direct fit: master's entry presupposes a Tonmeister bachelor, exams demand classical-level musicianship, and instruction is in German (candidate would need German from scratch)",Unverified,verification agent returned nothing
"MA Creative Music Production (also MSc Audio Engineering & Music Technology, MA/MSc Professional Practice)",SAE Institute UK (London and other campuses),United Kingdom,Private,Sound-Design/Production,English,UNVERIFIED,None found,UNVERIFIED,UNVERIFIED,Check,Check,UNVERIFIED - Check (bachelor's degree expected; English test for internationals),UNVERIFIED,UNVERIFIED - Check,https://www.sae.edu/gbr/masters/,Industry-oriented private creative-media school with a dedicated Creative Music Production MA; official page publishes no fees/deadlines - treat as a lead to confirm directly; likely self-pay,Unverified,verification agent returned nothing
Advanced Diploma in Music Production and Sound Engineering (NOT a master's - 1-year specialist diploma),Abbey Road Institute London,United Kingdom,Private,Sound-Design/Production,English,"£16,900 total (upfront) or £17,900 (12 instalments) + £450 application fee",Abbey Road 2026 Diversity Scholarship Programme (Check eligibility/coverage),Partial (scholarship - Check) / otherwise None,UNVERIFIED,Check,Check,No degree required (Check entry-requirements page); EUR/UK visa considerations apply; taught at the former Angel Recording Studios,Rolling - Check intake dates,Check (multiple intakes per year),https://abbeyroadinstitute.co.uk/courses/diploma-music-production-sound-engineering/,"Labeled fallback, not a degree: strong brand and hands-on producer training aligned with DJ/producer goal, but no master's qualification, no student-loan eligibility, essentially self-pay (~£17k); Abbey Road announced a 2026 Diversity Scholarship Programme - Check terms",Unverified,verification agent returned nothing
"MSc Acoustics (MSc/PgDip; full-time, part-time or distance)",University of Salford,United Kingdom,Public,Acoustics/Audio-Eng,English,"UNVERIFIED for this course; Salford official international PG range 2026/27 is GBP 16,000-22,140 (aggregators cite ~GBP 16,380 for this MSc); UK fee for reference: GBP 10,800 (2027/28)","Salford Global Gold/Silver Excellence Scholarships (GBP 3,000 / 2,500) and International Excellence Scholarship (GBP 1,000-5,000); Chevening Scholarship (UK govt, Tunisia eligible)",Partial (university awards); Full possible via Chevening,Salford awards = tuition discount only; Chevening = full tuition + living stipend + travel + visa,Y (Tunisia is a Chevening-eligible country per chevening.org/scholarship/tunisia; Chevening requires ~2 years work experience),N,2:2 or above in a numerate engineering/science discipline (CS/software OK); solid engineering maths; IELTS 6.0 overall (no element below 5.5) - candidate has not yet taken IELTS; ATAS may be required depending on nationality,Rolling admissions; September 2027 intake already listed on the course page. Chevening window for 2027/28: closes 6 Oct 2026,No fixed course deadline published (apply early for visa/ATAS); Chevening deadline 6 October 2026,https://www.salford.ac.uk/courses/postgraduate/acoustics,"Renowned applied-acoustics school with audio/electroacoustics labs; lowest UK entry bar (2:2, IELTS 6.0) and distance-learning option; self-pay unless Chevening lands",Unverified,verification agent returned nothing
MSc Acoustical and Vibration Engineering (ISVR),University of Southampton,United Kingdom,Public,Acoustics/Audio-Eng,English,"GBP 32,500 (2026/27, verified on official page)","Southampton Engineering Deans Postgraduate International Scholarship (GBP 5,000); Chevening Scholarship",Partial (university award); Full possible via Chevening,"Deans award = GBP 5,000 tuition reduction only; Chevening = full tuition + living + travel",Y (with ATAS),N,"2:1 in engineering, physics, maths or related with at least 3 maths/physics modules (calculus, mechanics, linear algebra etc.); IELTS 6.5 overall, 6.0 in each component; ATAS certificate required for non-EEA nationals (Tunisians need it)",2026 intake still open now; Sept 2027 cycle expected to open ~Oct 2026 (UNVERIFIED),"STILL-OPEN 2026 INTAKE: ATAS nationals 21 July 2026, other internationals 19 Aug 2026. For Sept 2027: PRIOR CYCLE - confirm new date",https://www.southampton.ac.uk/courses/acoustical-vibration-engineering-masters-msc,"World-leading ISVR brand, no prior acoustics needed; but high fee and only GBP 5k institutional aid - realistically Chevening-or-self-pay; 2026 entry blocked by missing IELTS/ATAS timing",Unverified,verification agent returned nothing
MSc Acoustics and Music Technology,University of Edinburgh,United Kingdom,Public,Acoustics/Audio-Eng,English,"UNVERIFIED on official page for 2026/27 (aggregators cite ~GBP 25,100-28,200)","Edinburgh College of Art scholarships (listed on programme page, amounts unspecified); Chevening Scholarship",Partial (college awards); Full possible via Chevening,UNVERIFIED for ECA awards; Chevening = full tuition + living + travel,Y,N,"2:1 in physics, maths, COMPUTER SCIENCE or engineering (CS explicitly accepted); IELTS 7.0 (min 6.0 per component) or TOEFL 100 - highest English bar in this list",Applications for next intake typically open in October (stated on official page),PRIOR CYCLE - confirm new date (2026 intake deadline was 5 July 2026),https://study.ed.ac.uk/programmes/postgraduate-taught/478-acoustics-and-music-technology,Best UK bridge between the candidate's CS degree and music/audio (acoustics + music tech in one MSc); IELTS 7.0 requirement is the main hurdle,Unverified,verification agent returned nothing
MSc Engineering Mechanics - Sound and Vibration track (Marcus Wallenberg Laboratory),KTH Royal Institute of Technology,Sweden,Public,Acoustics/Audio-Eng,English,"SEK 360,000 full programme (SEK 180,000/year, verified on official fees page)",KTH Scholarship (full tuition waiver); SI Scholarship for Global Professionals (Swedish Institute),Full possible (SI scholarship) or full-tuition (KTH Scholarship),"KTH Scholarship = tuition only, no stipend; SI SGP = full tuition + monthly living allowance + travel grant + insurance","Y - Tunisia appears on the SI SGP eligible-country list (list seen via third-party summaries of si.se; si.se blocked fetch - confirm on si.se). SI SGP requires 3,000h work experience + leadership record",N,Bachelor in mechanical/related engineering with mechanics background (Check fit for a software engineering degree - mechanics coursework likely required); English equivalent to IELTS 6.5 (Check exact); application fee SEK 900,16 October 2026 (verified on official page for the August 2027 intake),15 January 2027 (verified for Aug 2027 intake); documents/fee by 1 Feb 2027; results 1 April 2027,https://www.kth.se/en/studies/master/engineering-mechanics,Top acoustics lab (MWL) but the track is mechanics-flavoured - a stretch for a pure software profile; SI SGP is one of the few genuinely fully-funded routes for Tunisians in this slice,Unverified,verification agent returned nothing
MSc Sound and Vibration,Chalmers University of Technology,Sweden,Public,Acoustics/Audio-Eng,English,"UNVERIFIED on official pages read (aggregators cite ~SEK 140,000/year); confirm on universityadmissions.se","Chalmers IPOET Scholarship (75% tuition waiver, ~35/yr, can rise to 85% in year 2) and Avancez Scholarships; SI Scholarship for Global Professionals",Partial (75-85% tuition) or Full via SI scholarship,"IPOET/Avancez = tuition reduction only, no living costs; SI SGP = tuition + living + travel",Y (IPOET open to all non-EU fee-payers; Tunisia on SI SGP list - confirm on si.se),N,"Bachelor of Science/Engineering with good maths and physics (Check specific degree-field list on Chalmers general admissions); English proficiency required (Check score); apply via universityadmissions.se, code CTH-40009",Mid-October 2026 expected (2026-intake round verified as 16 Oct 2025 - 15 Jan 2026),PRIOR CYCLE - confirm new date (pattern: 15 January for autumn intake),https://www.chalmers.se/en/education/find-masters-programme/sound-and-vibration-msc/,"Dedicated Applied Acoustics division incl. audio technology & room acoustics; IPOET 75% waiver is realistic for strong grades, but living costs (~SEK 9-10k/mo) remain self-funded unless SI SGP",Unverified,verification agent returned nothing
IMDEA - International Master's Degree in Electroacoustics and Audio,"Le Mans Universite (Institut d'Acoustique Graduate School / LAUM, with ESEO)",France,Public,Acoustics/Audio-Eng,English (proof of B2 English required),UNVERIFIED (site blocked automated reading; French public-university rates with possible differentiated non-EU fees - see IAGS 'Course fees' page),"IMDEA Scholarship (EUR 7,000/student/year, 4 awarded/yr, renewable M1->M2); IA-GS Excellence Scholarship (EUR 4,000/yr, renewable); EMV-OROSOUND scholarship (2 female applicants/yr); Eiffel Excellence Scholarship possible via the institution (EUR 1,181/month + travel, under-30, institution must nominate, prior-cycle deadline 8 Jan 2026)",Partial (named program scholarships) on top of low French public tuition,"IMDEA/IA-GS = cash stipend toward living costs (not full); Eiffel = monthly allowance + travel + insurance (no tuition, but French tuition is low)",Y (open to any nationality; scholarships open to French or foreign students under 30; Eiffel excludes French nationals only),N (scientific test + interview instead),"Bachelor of Science in electronics, acoustics or related field (Check acceptance of software engineering); 4-step admission: scientific test + report + video interview + document platform; under-30 rule applies to the scholarships",PRIOR CYCLE: opened 5 January 2026,PRIOR CYCLE - confirm new date (2026 intake closed 1 June 2026; scholarship results 19 June 2026),https://iags.univ-lemans.fr/en/education-programs/master-s-degrees-in-acoustics/parcours-en-anglais/imdea.html,"Unique loudspeaker/microphone/audio-systems R&D training in Europe's biggest acoustics lab; low tuition + EUR 7k/yr scholarship makes it one of the most affordable quality options, and the candidate's fluent French helps daily life (teaching is in English)",Unverified,verification agent returned nothing
International Master's in Wave Physics and Acoustics (WPA),Le Mans Universite (Institut d'Acoustique Graduate School),France,Public,Acoustics/Audio-Eng,English (Check level required),UNVERIFIED (French public rates; see IAGS Course fees page),"IA-GS Excellence Scholarship (EUR 4,000/yr, renewable); Eiffel Excellence Scholarship via institution nomination",Partial (IA-GS excellence scholarships),"Cash stipend toward living costs; Eiffel = EUR 1,181/month + extras",Y (Check),N,Check - physics/engineering bachelor expected (IAGS site blocked automated reading; program confirmed to exist as the second English-taught IAGS master),UNVERIFIED,UNVERIFIED - Check IAGS admission pages,https://iags.univ-lemans.fr/en/education-programs.html,More physics-research-oriented sibling of IMDEA - a fallback if IMDEA's electronics prerequisite is an obstacle; less directly useful for audio-production career than IMDEA,Unverified,verification agent returned nothing
MSc Music and Acoustic Engineering (Laurea Magistrale),Politecnico di Milano,Italy,Public,Acoustics/Audio-Eng,English (minimum B2 CEFR required),"Approx EUR 900-3,900/year depending on income (ISEE) - Check exact non-EU fee bands on polimi.it",PoliMi merit-based international scholarships and DSU regional right-to-study grants; Italian MAECI government scholarships - Check current calls and Tunisia eligibility for each,Partial (low tuition + merit/income-based aid),Check - DSU can cover fees + meals + accommodation contribution for low-income students; merit awards are fee reductions/cash,Y,N,"3-year Bachelor (>=180 credits) with minimum 30 credits in maths+physics and 15 credits in computer science (verified on official admission page) - a software engineering degree should clear the CS requirement easily; Check the physics-credit count. Evaluation of CV/background by admission committee, no test","Check on polimi.it deadlines page (non-EU call windows found: Sem I 6 Jul-26 Aug 2026, Sem II 7 Jan-18 Feb 2027; for Sept 2027 expect a call in late 2026/2027 - confirm)",Check - polimi international deadlines page (window structure differs for non-EU applicants needing visas),https://www.suono.polimi.it/en/admission/,"Purpose-built CS-meets-audio degree (signal processing, music technologies, computer engineering) at very low tuition - probably the best affordability-x-fit combination in this slice even without a scholarship",Unverified,verification agent returned nothing
MSc Audio Communication and Technology (Audiokommunikation und -technologie),Technische Universitat Berlin,Germany,Public,Acoustics/Audio-Eng,GERMAN (C1 required for foreign qualifications) + English B2 for literature/courses - major barrier: candidate has no German,None (tuition-free; semester contribution ~EUR 300-400 incl. Berlin transport),"None found (program-specific); external: DAAD scholarships, Deutschlandstipendium - Check eligibility",None institutionally (but near-zero tuition); DAAD/Deutschlandstipendium possible - Check,UNVERIFIED,"Y in principle, but German C1 makes this effectively a 2-3-year-horizon option unless the candidate starts German now",N,Relevant bachelor; German C1 + English B2; maths deficits can be made up via pre-semester 'Early-Bird Course',UNVERIFIED (German winter-semester application windows),UNVERIFIED - Check TU Berlin master's application pages,https://www.tu.berlin/en/studying/study-programs/all-programs-offered/study-course/audio-communication-and-technology-m-sc,"Legendary program for audio tech/electroacoustics in Berlin - the world's electronic-music capital, ideal for the DJ/producer network - but German C1 is currently disqualifying; list as a stretch option",Unverified,verification agent returned nothing
"Master ATIAM - Acoustics, Signal Processing and Computer Science Applied to Music (M2, Sorbonne with IRCAM and Telecom Paris)",Sorbonne Universite / IRCAM,France,Public,Acoustics/Audio-Eng,French (candidate is fluent - real advantage); some materials in English,"UNVERIFIED (French public rates, low; check differentiated non-EU fees)","None found (check Eiffel via Sorbonne, and SU/Collegium Musicae aid)",None found program-specific; Eiffel possible for master-level entrants - Check,UNVERIFIED,Y,N (interview; music interest must be evidenced),Requires M1 level (first year of a master's or 4-year equivalent) - a 3-year bachelor is NOT enough alone; needs strong command of 2 of 3 domains (acoustics / signal processing / computer science) + demonstrated interest in music; file pre-selection then motivation interview,UNVERIFIED (French M2 applications typically spring; see atiam.ircam.fr/candidatures),UNVERIFIED - Check candidatures page for 2027 cycle,https://www.atiam.ircam.fr/en/,"IRCAM is the world temple of computer music - CS + signal processing + music is exactly the candidate's profile and French fluency removes the language barrier; catch: needs an M1 year first (e.g., Sorbonne M1 acoustics/CS or after IMDEA M1)",Unverified,verification agent returned nothing
"Elektrotechnik-Toningenieur MA (Electrical Engineering and Audio Engineering, joint TU Graz + KUG)",TU Graz + University of Music and Performing Arts Graz (KUG),Austria,Public (joint tech university + music conservatory),Acoustics/Audio-Eng,Mostly German (some courses in English) - Check German level required; barrier for candidate,"EUR 726.72/semester for third-country nationals (~EUR 1,453/yr) + Austrian Student Union fee (verified via TU Graz fees page)",None found (check OeAD grants for Austria),None found (but tuition is minimal),UNVERIFIED,Y (subject to colloquium and language),Check (admission colloquium with technical-musical component),"Direct entry for TU Graz/KUG audio-engineering bachelors; other bachelor graduates invited to an ADMISSION COLLOQUIUM (technical-musical); 4 semesters, 120 ECTS",UNVERIFIED,UNVERIFIED - Check TU Graz admission pages,https://www.tugraz.at/en/studying-and-teaching/degree-and-certificate-programmes/masters-degree-programmes/electrical-engineering-and-audio-engineering,"The classic 'Toningenieur' degree combining a tech university with a music conservatory (IEM Graz is strong in spatial audio); extremely cheap, but German-language reality makes it a stretch",Unverified,verification agent returned nothing
"Graduate Program in Acoustics - M.S. (resident, with thesis)",Penn State University,United States,Public,Acoustics/Audio-Eng,English (TOEFL/IELTS required - Check scores),UNVERIFIED sticker price (covered by assistantship when awarded),Research/Teaching Assistantships (incl. Applied Research Laboratory funding) - every admitted resident student without other funding is considered; limited Fox Graduate School fellowships,Full possible (assistantship: stipend + tuition grant-in-aid),Half-time assistantship = stipend + tuition grant-in-aid + 80% of student health insurance; RA normally lasts 2 years for an M.S. (verified on official funding page),"Y (F-1 visa; note some ARL-funded projects are US-citizen-restricted, so RA availability for internationals varies - Check)",N,"Bachelor in engineering, physics, maths or related (Check CS acceptability); GRE policy Check; apply via Penn State Graduate School",UNVERIFIED,UNVERIFIED - Check acs.psu.edu 'How to Apply' for Fall 2027,https://www.acs.psu.edu/academics/resident/funding.aspx,"One of the only routes to a genuinely FUNDED acoustics master's (stipend + tuition) - strong for audio DSP; caveats: research-oriented, visa costs, and some defense-funded assistantships exclude non-US citizens",Unverified,verification agent returned nothing
Master of Arts in Music Business (online),Berklee Online,United States (fully online),Private,Music-Business,English,"US$33,120 total (36 credits, 12 courses over four 12-week semesters, ~1 year)",None found (US federal aid not applicable to Tunisians),None,None,Y,N,Bachelor's degree; online format - no visa needed; English proficiency - Check,Check (rolling),Check (multiple term starts per year; rolling),https://online.berklee.edu/music-degrees/graduate/music-business,"SELF-PAY FALLBACK: cheapest Berklee-branded music business credential; can be done from Tunisia while building DJ/production career - no relocation or visa costs, but no scholarships found",Unverified,verification agent returned nothing
MA Creative & Cultural Entrepreneurship: Music Pathway,"Goldsmiths, University of London",United Kingdom,Public,Music-Business,English,"£27,500 full-time (2026/27, verified on official page); 15 months","None found for international students (BME Music Scholar's Fee Waiver is home-fee only); pair with Chevening (Tunisia eligible, opens 5 Aug 2026)",None,Chevening if won: full tuition + stipend + flights; otherwise none,Y,Check,"Second-class UK degree or equivalent in relevant subject; evidence of engagement with contemporary music-making desirable; IELTS 6.5 overall (6.5 writing, 6.0 elsewhere); must submit an 'elevator pitch' for an entrepreneurial idea (text or audio/video)",Check (typically Oct-Nov 2026 for Sept 2027),Rolling until full ('late applications only if spaces available') - Check; Chevening deadline early Oct 2026 for Sept 2027,https://www.gold.ac.uk/pg/ma-creative-cultural-entrepreneurship-music/,Entrepreneurship-first design suits building your own DJ/producer brand or music startup; the pitch requirement lets the candidate leverage a concrete artist-business idea; needs Chevening or self-funding,Unverified,verification agent returned nothing
Music and Creative Industries M.A.,Popakademie Baden-Wurttemberg (Mannheim),Germany,Public,Music-Business,"German (official FAQ: 'German language skills are required for studying at the Popakademie'; English skills also assessed in interview) - MAJOR barrier, candidate has no German","No tuition fees for consecutive master's; ~€85/semester student fee; BUT 'there are tuition fees for some international students' - Baden-Wurttemberg non-EU fee (~€1,500/semester) likely applies - Check",None found (tuition-free public model is the de-facto funding; DAAD/Deutschlandstipendium - Check),None,"N/A - near-zero tuition, but living costs self-funded",Y,N,"Bachelor in music business, economics, cultural studies, social sciences, music/musicology, or media/communication (software engineering fit is a Check - may need strong practical-experience case) + minimum 6 months practical experience in music/cultural/creative industries; two-stage selection with interview; German proficiency certificates (DSH/Goethe) required for internationals",Check (spring 2027),"June 15 annually (for Sept/winter 2027 intake: June 15, 2027)",https://www.popakademie.de/en/studium/music-and-creative-industries-ma/zulassung/,"Germany's flagship pop-music business school, essentially free - but requires German proficiency and a relevant-field bachelor; only viable if candidate invests in German language first",Unverified,verification agent returned nothing
"Master Industrie de la musique : production, organisation, communication (M2)",Universite Paris 8 (Vincennes-Saint-Denis),France,Public,Music-Business,French (some courses in English) - candidate is fluent in French: strong fit,"French public registration fees (~€250/yr standard; non-EU 'frais differencies' ~€3,879/yr may apply depending on exemption policy - Check)",None found at program level; Check French Government / Campus France Tunisie and Bourses d'excellence (Tunisians are a priority Campus France population),None,N/A - near-zero tuition is the de-facto funding; living costs self-funded,Y,N,"M2 requires a completed M1/4-year background (candidate's 5-year engineering degree should satisfy Bac+4 - Check equivalence); backgrounds accepted from arts, communication, social sciences (engineering fit - Check with admissions); ~25 students; French academic proficiency needed",Check (~Feb 2027 for Sept 2027),Check - apply via Mon Master platform (annual window ~Feb-Mar for Sept entry) plus Etudes en France procedure for Tunisian residents,https://www.univ-paris8.fr/-Master-Industrie-de-la-musique-production-organisation-communication-,"The most music-industry-specific FRENCH public program found (labels, live, digital distribution) in Paris at public-university cost - a near-free option that exploits the candidate's French fluency; admission from a CS degree must be argued via music activity",Unverified,verification agent returned nothing
Master Musicologie : Administration et gestion de la musique,Sorbonne Universite,France,Public,Music-Business,French,"French public registration fees (~€250/yr; non-EU differentiated fees ~€3,879/yr possible - Check; Sorbonne has partially exempted non-EU students in past years)",None found at program level; Check Campus France Tunisie / French Embassy excellence scholarships,None,N/A - low public tuition; living costs self-funded,Y,Check,2-year professionalizing master with industry practitioners and internships; musicology-track master so a music background is likely expected from a CS graduate (Check - admission committee decision); French proficiency required,Check (~Feb 2027),Check - Mon Master platform (annual ~Feb-Mar window) + Etudes en France for applicants from Tunisia (PRIOR CYCLE pattern; confirm 2027 dates),https://formations-lettres.sorbonne-universite.fr/fr/index/master-XB/arts-lettres-langues-ALL/master-musicologie-administration-et-gestion-de-la-musique-MMUSI1L_604.html,"Prestigious, near-free Paris music-administration master taught in French; strong network into French music institutions and live sector; entry from software engineering is the main uncertainty - musicology grounding may be required",Unverified,verification agent returned nothing
"MBA Small Enterprise Promotion and Training (SEPT) - entrepreneurship/SME management, English-taught",Leipzig University,Germany,Public,General-Business/MBA,English (TOEFL iBT 78+ / IELTS 6.0+ or English-medium-degree letter - verified),Check (public university; programme fee structure on Leipzig site),DAAD EPOS (Development-Related Postgraduate Courses) scholarship,Full (via DAAD EPOS),"DAAD EPOS package: monthly stipend, health insurance, travel/rent allowances (coverage details on DAAD EPOS pages - amounts UNVERIFIED here); Leipzig page confirms DAAD funding route",Y for programme admission (all nationalities); EPOS targets developing/newly-industrialised (OECD DAC-list) countries which includes Tunisia - Check on DAAD country list,N,Bachelor 180+ ECTS; minimum TWO YEARS professional experience related to SME promotion (verified) - the main hurdle for a fresh graduate; IELTS 6.0/TOEFL 78,1 August 2026 (verified window),"1 October 2026 for DAAD scholarship applicants (window 1 Aug-1 Oct, verified), for enrollment October 2027 - matches target intake",https://www.wifa.uni-leipzig.de/en/sept-competence-center/masters-program/application,"Entrepreneurship-focused MBA ideal for building a music-production/label venture; deadline timing (Oct 2026 for Oct 2027) is perfect, but candidate must show ~2 years of professional experience by then",Unverified,verification agent returned nothing
"Master's in Management / MSc programmes at Eiffel-participating institutions (example: Toulouse School of Management, Universite Toulouse Capitole)",French universities and business schools (Eiffel nominations; economics & management is a priority field),France,Public (also some grandes ecoles),General-Business/MBA,French and English tracks depending on programme,"Varies; public universities a few hundred to ~EUR 3,879/yr differentiated fee - Check per institution",France Excellence Eiffel Scholarship (Campus France / Ministry for Europe and Foreign Affairs),"Partial-to-Full (EUR 1,200/month stipend + travel + health + cultural activities; tuition NOT included, but public-university fees are low and often waived for Eiffel laureates - confirm per institution)","EUR 1,200/month at master's level, return travel, health coverage, cultural activities (verified on TSM Eiffel page)",Y (all non-French nationalities; French dual nationals excluded),N,Age 29 or younger at master's level (prior cycle: born after 31 Mar 1996); cannot already be enrolled in France; must be NOMINATED by the French institution - apply to the school first (verified),~1 October annually (prior cycle opened 1 Oct 2025) - confirm,"PRIOR CYCLE - confirm new date (prior cycle: institution deadlines ~Nov 2025, Campus France deadline 8 Jan 2026; expect ~Nov 2026 / early Jan 2027 for Sept 2027)",https://www.campusfrance.org/en/france-excellence-eiffel-scholarship-program,"Candidate's fluent French is a major differentiator; engineering + management profile is exactly what Eiffel juries favour; start contacting French schools (TSM, IAE schools, Dauphine etc.) in autumn 2026",Unverified,verification agent returned nothing
"GLOCAL - Global Markets, Local Creativities (Erasmus Mundus International Master, 24 months; creative-industries pathway available)","Consortium led by University of Glasgow with Barcelona, Gottingen, Rotterdam, Uppsala, Los Andes, Kyoto",UK + EU multi-country (mobility across at least 2 countries per Erasmus Mundus rules),Consortium,General-Business/MBA,"English (IELTS 6.5 overall, 6.0 each subtest, or TOEFL iBT 90+ - verified)","If self-funded: GBP 20,700-24,360/yr for non-EU (2026-27, verified on Glasgow page)",Erasmus Mundus Joint Master (EMJM) scholarship - 60 full scholarships across four editions (reported),Full (for EMJM scholarship holders: no tuition liability + monthly stipend),"Tuition covered + monthly stipend (reported up to EUR 1,400/month over 2 years - confirm on consortium site, which blocked automated reading)",Y (worldwide eligibility; reported cap of ~6 scholarships per nationality across editions - Check),N,"2:1 UK Honours equivalent in economics/business/history/social sciences; tracks B, F, I require 60 ECTS in economics/business/history/sociology/politics - a pure software-engineering transcript may not satisfy some tracks, so pick pathway carefully",~October annually via globallocal-erasmusmundus.eu - Check,"PRIOR CYCLE - confirm new date (15 January 2026, 13:00 UK time, for Sept 2026 cohort; expect ~mid-Jan 2027 for Sept 2027)",https://www.gla.ac.uk/postgraduate/taught/globalmarketslocalcreativities/,"The creative-industries/entrepreneurship pathways connect globalisation, markets and creativity - unusually good business-side fit for a future music entrepreneur; note Erasmus Mundus rules: mandatory mobility across 2+ countries and NO other EU-funded scholarship may be held for the same study period",Unverified,verification agent returned nothing
MSocSc Management of Creative Business Processes (creative-industries management),Copenhagen Business School (CBS),Denmark,Public,General-Business/MBA,English (test requirements vary by programme - Check),"EUR 8,000/semester (EUR 16,000/yr, verified)","CBS/Danish government scholarships for non-EU/EEA graduate students (~25 per year, verified)",Full for awardees (tuition waiver + stipend); otherwise self-pay,"Full tuition waiver + DKK 8,000/month (~EUR 1,073) for up to 22 months, taxed in Denmark (verified)",Y (any non-EU/EEA citizen needing a Danish residence permit),N (personal statement required for scholarship),"Relevant bachelor's - CBS MSc/MSocSc programmes usually require documented ECTS in business/social science, which a software-engineering degree may lack: Check programme-specific entry rules; EUR 150 application fee","16 January (annually, verified)","1 March, 23:59 CET for the September intake (verified pattern; portal opens 16 Jan; scholarship decision by 15 Mar) - confirm identical dates for Sept 2027",https://www.cbs.dk/en/study/graduate/admission/non-eueea-citizens,"Programme is literally about managing creative businesses (balancing art and commerce - music industry cases); scholarship is merit-based and modest in number, so treat as competitive partial-odds full funding",Unverified,verification agent returned nothing
"Eligible Swedish master's programmes incl. business/entrepreneurship (e.g., entrepreneurship & innovation masters - confirm programme is on the SI eligible list)",Swedish universities via the Swedish Institute (SI) scheme,Sweden,Public,General-Business/MBA,English (IELTS/TOEFL per university programme),Covered if awarded,SI Scholarship for Global Professionals (SISGP),Full (UNVERIFIED details - official page blocked automated reading),"Reported: full tuition paid to the university + SEK 12,000/month living allowance + SEK 15,000 one-time travel grant - confirm on si.se",Check (Tunisia reported on the eligible-country list by multiple secondary sources; verify on si.se),N,"Minimum 3,000 hours demonstrated work experience + documented leadership experience (reported) - a hurdle for a fresh grad but part-time/volunteer work counts toward hours; must be admitted to an SI-eligible programme",~October 2026 (university round) - Check,"PRIOR CYCLE pattern - university admission via universityadmissions.se by ~mid-January 2027, SI scholarship window ~February 2027 - confirm",https://si.se/en/apply/scholarships/swedish-institute-scholarships-for-global-professionals/,"Sweden is a global music-tech/export powerhouse (Stockholm's music industry, Spotify ecosystem) - business study there carries real industry-network value; eligibility and work-hours requirements need manual confirmation on si.se",Unverified,verification agent returned nothing
M.Sc. Music Acoustics (Erich Thienhaus Institute),Hochschule für Musik Detmold,Germany,"Conservatory (state music university, NRW)",Acoustics/Audio-Eng,English (international master's programme); TOEFL iBT 80 or IELTS 6.0,"Check - state music university in NRW, normally no tuition, semester fee only; EUR 50 muvac application processing fee",DAAD Study Scholarships - Postgraduate Studies in the Field of Music (state music colleges) - Check eligibility; Deutschlandstipendium,None (program); tuition-free public,DAAD music scheme: EUR 992/month + travel allowance + insurance + study allowance; does NOT cover tuition (per official DAAD database),Y (no nationality restriction; visa required),Y (aptitude test incl. instrument audition and written signal-processing exam),"Bachelor/diploma in Tonmeister/sound transmission or comparable (acoustics, physics, communication engineering - CS may qualify, confirm); English TOEFL 80/IELTS 6.0; aptitude test: written signal-processing/sound-analysis test, instrument audition (2 pieces), aural training/music theory oral, colloquium",PRIOR CYCLE - Feb 15 (winter intake),PRIOR CYCLE - confirm new date: application window Feb 15 - Mar 15 for winter semester,https://www.hfm-detmold.de/en/study/fields-of-study/music-acoustics/,"World-renowned Tonmeister institute; English-taught and DSP-heavy suits CS background, but requires demonstrable instrumental/musical skills at audition",Unverified,verification agent returned nothing
"M.Mus. Klangregie (Sound Directing, Erich Thienhaus Institute)",Hochschule für Musik Detmold,Germany,"Conservatory (state music university, NRW)",Sound-Design/Production,Check (likely German),"Check - normally no tuition at NRW state music universities, semester fee only",DAAD Study Scholarships - Postgraduate Studies in the Field of Music - Check,None (program); tuition-free public,DAAD music scheme: EUR 992/month + travel + insurance (does not cover tuition),Check,Y (Check - audition/aptitude test),Check - aptitude test required; program confirmed on official ETI site as one of its degree courses,UNVERIFIED,Check,https://www.eti.hfm-detmold.de/en/institut/geschichte/erich-thienhaus-institute/,Elite studio production/sound-direction training; strong producer credential but entry usually presumes Tonmeister-level background and German,Unverified,verification agent returned nothing
M.A. Popular Music (incl. producing specialization),Popakademie Baden-Württemberg (Mannheim),Germany,Public (state institution of Baden-Württemberg),Sound-Design/Production,"German (German proficiency certificate required for internationals, e.g. DSH/Goethe)","No tuition for consecutive master's; student union fee EUR 85/semester; NOTE official FAQ: 'tuition fees for some international students' - Baden-Württemberg non-EU fee (EUR 1,500/semester) likely applies - Check",Deutschlandstipendium - Check; DAAD music scholarship - Check (Popakademie is a state institution),None (program); low-cost public,UNVERIFIED,Y (Check German requirement),Y (entrance exam with audition/practical producing test),"Degree in pop music design, music business or music; high-level practical musical experience; pre-selection then entrance exam (written music theory/pop history + practical: recording session, live performance max 10 min, interview); specializations include producing",UNVERIFIED,"PRIOR CYCLE - confirm new date: application by April 30 (entrance-exam round), winter intake only",https://www.popakademie.de/en/studium/popular-music-ma/zulassung/,Germany's flagship pop-music academy with a producing track and deep industry network (Mannheim UNESCO City of Music) - ideal DJ/producer fit IF candidate learns German,Unverified,verification agent returned nothing
M.A. Sound Studies and Sonic Arts,Universität der Künste Berlin (UdK),Germany,Public (but continuing-education program with tuition),Sound/Music-Tech,English,"EUR 18,800 total for the 3-year program (2024 rate, payable in installments) + semester fees approx. EUR 120",None found (continuing-education master; DAAD does not cover tuition fees),None found,UNVERIFIED,Y,Y (Check - artistic application/portfolio expected),University degree OR exceptional creative talent + minimum 1 year professional experience in sound; aimed at professional sound artists/experts; English-language program,PRIOR CYCLE - Feb 1,PRIOR CYCLE - confirm new date: application window Feb 1 - Mar 1 (for winter term 2026/27),https://www.udk-berlin.de/en/courses/sound-studies-and-sonic-arts-master-of-arts/,"English-taught, prestigious Berlin arts university in the heart of the electronic-music scene; but self-pay tuition and experimental/sound-art (not club/producer) orientation",Unverified,verification agent returned nothing
"M.A. Popular Music Practice (pathways: performance, production, composition, entrepreneurship)",BIMM University Berlin,Germany,"Private (UK university, Berlin campus)",Sound-Design/Production,English (course page states B2 CEFR; postgraduate overview lists IELTS 6.5 - Check exact requirement),Check - fees not published on course page; contact admissions,Check - BIMM bursaries/scholarships not verified,UNVERIFIED,UNVERIFIED,Y (visa required),Y (portfolio review + interview),Undergraduate degree (approx. 2.2 or above) OR significant relevant vocational experience (RPCEL route); portfolio review + interview with lecturer; English B2/IELTS,UNVERIFIED (rolling),PRIOR CYCLE - confirm new date (2024 cycle final deadline was July 30 for September start),https://www.bimm-institute.de/courses/ma-popular-music-practice/,One-year English MA with a dedicated production or entrepreneurship pathway at Berlin's House of Music - one of the closest matches to the DJ/producer + industry-network goal,Unverified,verification agent returned nothing
"M.A. Music for Film, Media and Games",BIMM University Berlin,Germany,"Private (UK university, Berlin campus)",Sound-Design/Production,"English (IELTS 6.5 min, 6.0 each band)",Check - not published on overview page,Check,UNVERIFIED,UNVERIFIED,Y (visa required),Check (likely portfolio/interview as with other BIMM MAs),Good degree (normally 2.2+) or significant relevant experience; 1 yr full-time / 2 yrs part-time,UNVERIFIED,Check - September start; confirm 2027 cycle,https://www.bimm-institute.de/postgraduate/,Composition/production for media - relevant for a producer diversifying into sync/game audio income streams,Unverified,verification agent returned nothing
M.A. Business for the Creative Industries,BIMM University Berlin,Germany,"Private (UK university, Berlin campus)",Music-Business,English (IELTS 6.5 min per postgraduate overview),Check - not published on overview page,Check,UNVERIFIED,UNVERIFIED,Y (visa required),N (Check),Good degree (normally 2.2 or above); 1 yr full-time / 2 yrs part-time,UNVERIFIED,Check - September start; confirm 2027 cycle,https://www.bimm-institute.de/courses/ma-business-for-the-creative-industries/,English-taught creative-industries business MA in Berlin's music ecosystem - business-track option without German requirement,Unverified,verification agent returned nothing
M.A. Musikinformatik (Music Informatics; artistic or scientific focus),Hochschule für Musik Karlsruhe,Germany,"Conservatory (state music university, Baden-Württemberg)",Sound/Music-Tech,Check (likely German),"Check - BW non-EU international fee EUR 1,500/semester likely applies + semester fee",DAAD Study Scholarships - Postgraduate Studies in the Field of Music (state music college) - Check; Deutschlandstipendium,None (program); low-cost public,DAAD music scheme: EUR 992/month + travel + insurance (no tuition coverage),Y (Check language requirement),Check (aptitude/entrance assessment expected at a Musikhochschule),"Relevant first degree - explicitly includes computer science, music technology or electronic composition; basic programming AND musical knowledge required; 4 semesters, winter start; scientific focus covers audio DSP, audio software development, music information processing",PRIOR CYCLE - Mar 1,"PRIOR CYCLE - confirm new date: application period Mar 1 - Jun 15, 2026 for winter 2026 intake",https://hfm-karlsruhe.de/en/university/institutes/institute-music-informatics-and-musicology/masters-degree-music-informatics,Explicitly admits computer-science graduates - one of the best public conservatory fits for this candidate's CS background; language to confirm,Unverified,verification agent returned nothing
M.A. International Media Cultural Work (IMC; immersive media / 3D audio focus),Hochschule Darmstadt (Media Campus Dieburg),Germany,"Public (University of Applied Sciences, Hessen)",Sound/Music-Tech,English (sole teaching language); very good command of English required,No tuition; semester contribution approx. EUR 373 (incl. public transport),Deutschlandstipendium - Check; DAAD scholarship database - Check,None (program); tuition-free,UNVERIFIED,Y (uni-assist route),Check,"Bachelor in digital media, media culture or media pedagogy; related fields (media design, cultural management, etc.) case-by-case - software engineering fit to Check; English proof",UNVERIFIED,Recurring: June 1 for winter semester / Dec 1 for summer semester (international applicants via uni-assist) - confirm for Sept 2027,https://www2.daad.de/deutschland/studienangebote/international-programmes/en/detail/4678/,"Tuition-free, English-taught, with unique 3D-audio/Fulldome immersive media facilities; degree-field fit for a software engineer needs case-by-case check",Unverified,verification agent returned nothing
M.Eng. Audiovisuelle Medien (Ton/sound specialization),Hochschule der Medien Stuttgart (HdM),Germany,Public (Baden-Württemberg),Sound-Design/Production,German (UNVERIFIED level requirement),"Check - BW non-EU international fee EUR 1,500/semester + semester fee",Deutschlandstipendium - Check,None (program); low-cost public,UNVERIFIED,Y (Check German),Check,"Media-related engineering degree; min. 15 ECTS engineering fundamentals (math, CS, physics, electronics) + 15 ECTS media applications (sound design etc.); 3 semesters",UNVERIFIED,Check,https://hdm-stuttgart.de/amm/im-studium/ton,Hands-on studio program (stereo to Dolby Atmos) whose 15-ECTS engineering requirement suits a software engineer; German-taught and the 15 media-ECTS side may be a gap,Unverified,verification agent returned nothing
M.A. Music Management,Macromedia University of Applied Sciences (Berlin campus),Germany,Private,Music-Business,English (also offered in German),"UNVERIFIED on official page - aggregators cite approx. EUR 1,095/month or EUR 6,500/semester + EUR 750 non-EU registration; confirm on official site",None found - Check Macromedia scholarships,None found,UNVERIFIED,Y (visa required),N,"Bachelor's degree; English proficiency proof (Check accepted tests); covers artist promotion, music marketing, streaming economy, live business; optional study weeks in London/Paris/New York",UNVERIFIED,Check (rolling private-university admissions; typically until shortly before winter start),https://www.macromedia-fachhochschule.de/en/master/music-management/,"English-taught music-business MA squarely on streaming/artist-management topics - direct fit for the business track, but private self-pay",Unverified,verification agent returned nothing
M.Mus. Klang und Realität (Institute of Music and Media),Robert Schumann Hochschule Düsseldorf,Germany,"Conservatory (state music university, NRW)",Sound/Music-Tech,German (B2 Goethe or comparable required),"Check - NRW state music university, normally no tuition, semester fee only",DAAD Study Scholarships - Postgraduate Studies in the Field of Music - Check; Deutschlandstipendium,None (program); tuition-free public,DAAD music scheme: EUR 992/month + travel + insurance (no tuition coverage),Y (German B2 required),Y (project proposal / artistic submission),First degree; detailed experimental project proposal (basis of first-year work); focus areas Epistemic Media or Transmedia Forms; German B2,UNVERIFIED,Recurring: applications by October 31 each year for summer-semester start (April) - confirm for 2027,https://www.rsh-duesseldorf.de/en/academic-programs/master-degrees/klang-und-realitaet/,Experimental sound/media-art program at the Tonmeister-tradition Institute of Music and Media; B2 German is more attainable than C1 but still required,Unverified,verification agent returned nothing
M.A. Zeitabhängige Medien: Sound - Vision,HAW Hamburg (Hamburg University of Applied Sciences),Germany,Public,Sound-Design/Production,German C1 required for internationals; English B1 tested at interview,"Check - Hamburg public, no tuition, semester contribution only",Deutschlandstipendium - Check,None (program); tuition-free,UNVERIFIED,Y (German C1 barrier),Y (work samples + aptitude test),First degree; aptitude test with comprehensive work sample demonstrating interest/aptitude for the Sound/Vision branch; German C1,"Oct 1 (aptitude-test registration, annual)",Recurring: aptitude-test registration + work samples Oct 1-31; online application Dec 1 - Jan 15; SUMMER semester intake only - confirm for 2027/28 cycle,https://www.haw-hamburg.de/en/master-sound-vision/,Design/research program for time-based audio-visual media; tuition-free but German C1 makes it a longer-term option,Unverified,verification agent returned nothing
M.A. Tonmeister*in für audiovisuelle Medien (Sound for Audiovisual Media),Filmuniversität Babelsberg KONRAD WOLF (Potsdam),Germany,"Public (film university, Brandenburg)",Sound-Design/Production,German (DSH-1 minimum; may apply with B1 if certificate pending),"Check - Brandenburg public, no tuition expected, semester fee only",Deutschlandstipendium - Check,None (program); tuition-free,UNVERIFIED,Y (German required),Y (extensive portfolio + practical admission test incl. piano and Pro Tools),"Work samples: project documentation from past 3 years, 15 min of video (min. 3 films showing own sound work), audio recordings; multi-part admission test (music theory, piano, interview, Pro Tools scoring exercise)",PRIOR CYCLE - Apr 13,"PRIOR CYCLE - confirm new date: application window Apr 13 - May 18, 2026 (receipt deadline) for winter intake",https://www.filmuniversitaet.de/en/studies/study-programs/master-programs/sound-design-for-audiovisual-media/application,Europe's leading film-sound program next to Babelsberg studios; heavy portfolio/piano requirements and German make it a stretch for this candidate,Unverified,verification agent returned nothing
M.A. Kultur- und Medienmanagement (on-campus),Hochschule für Musik und Theater Hamburg - Institut KMM,Germany,Public (state music and theatre university),Music-Business,German (UNVERIFIED level),EUR 375/semester tuition + semester contribution approx. EUR 341-382 (2025 figures),Deutschlandstipendium - Check,None (program); low-cost public,UNVERIFIED,Y (Check German),N (interview),First degree; selection interview (online); culture/media management curriculum incl. music sector,PRIOR CYCLE - Apr 15,"PRIOR CYCLE - confirm new date: June 1, 2026 for winter 2026/27 (online application from Apr 15; interviews mid-July)",https://kmm.hfmt-hamburg.de/studium/m-a-praesenzstudium/,"Very cheap, well-networked arts/media management degree at a state music university - business-track option if German is acquired",Unverified,verification agent returned nothing
M.Sc. Communications and Signal Processing,Technische Universität Ilmenau,Germany,Public,Acoustics/Audio-Eng,English,"Check - Thuringia public, no tuition, semester contribution only",Deutschlandstipendium - Check; DAAD Study Scholarships - Check,None (program); tuition-free,UNVERIFIED,Y,N,"Degree (min. 180 ECTS) in electrical engineering, IT, media technology, mathematics, physics or related; English-taught; strong DSP/machine-learning curriculum; CS fit to Check with admissions",UNVERIFIED,Check,https://www.tu-ilmenau.de/en/study/before-the-study/range-of-courses/master/communications-and-signal-processing-msc,"Not music-specific, but English-taught, tuition-free DSP master in the town of Fraunhofer IDMT (MP3 heritage) - a technical backup route into audio engineering for a software engineer",Unverified,verification agent returned nothing
"MA Computer Music and Sound Art (Computermusik, 120 ECTS, 4 semesters)",University of Music and Performing Arts Graz (KUG) — IEM,Austria,Public,Sound/Music-Tech,German or English (entrance exam can be conducted in either language),EUR 726.72/semester + EUR 25.20 OeH fee (Austrian public-university rate for third-country nationals),None found (search grants.at / OeAD database),None found (but tuition is very low),UNVERIFIED,Y,"Y (two examples of artistic work, ~5 min each, audio or video upload + Zoom interview on motivation/artistic interests)",Bachelor's degree with equivalency confirmed by Dean of Studies; certificates with German or English translation,"1 March (annually, per official page; confirm for 2027 intake)",PRIOR CYCLE - confirm new date (registration 1 March–1 May via KUGonline; online exam interview in June — 2026/27 cycle dates),https://www.kug.ac.at/en/studying/studies-offered/fields-of-study/computer-music/masters-programme-computer-music,"Electronic-music composition/sound-art master at the renowned IEM; English exam option and low tuition are big pluses, but admission is judged on an artistic portfolio — candidate needs strong production work to show",Unverified,verification agent returned nothing
"MA Sound Design (inter-university, 4 semesters, 120 ECTS)",University of Music and Performing Arts Graz (KUG) + FH JOANNEUM Graz (joint programme),Austria,Public (university + university of applied sciences consortium),Sound-Design/Production,"German and English (KUG states degree can be completed entirely in English, but B2 German is listed among requirements — Check)",Check (application handled by FH JOANNEUM; FH fee schedule applies),None found,UNVERIFIED,UNVERIFIED,Y,Y (online portfolio + interview with admission committee),"Relevant bachelor's (design, acoustics, audio engineering, composition, music, architecture...); German B2 + English; multi-stage entrance exam",UNVERIFIED,Check (registration deadlines published on FH JOANNEUM website; no 2027 dates yet),https://www.kug.ac.at/en/studying/studies-offered/fields-of-study/sound-design/masters-programme-sound-design,"Covers audio production, sonic interaction design, audio branding, film/game sound — very close to the DJ/producer goal; software background counts as a 'relevant' entry field, but confirm whether B2 German is waivable for the English track",Unverified,verification agent returned nothing
"MA Tonmeister_in (Sound Engineering, 4 semesters)","mdw – University of Music and Performing Arts Vienna (Department of Composition Studies and Music Production, IKT)",Austria,Public,Sound-Design/Production,German (proof of German competency required),EUR 726.72/semester + EUR 25.20 OeH fee (Austrian public-university rate for third-country nationals),None found (search grants.at / OeAD database),None found (but tuition is very low),UNVERIFIED,Y,Y (formal audition/entrance examination),Relevant bachelor's; entrance/audition exam; proof of German; documented proof of unimpaired hearing ability,"1 April (annually, per official page; confirm for 2027 intake)",PRIOR CYCLE - confirm new date (registration 1 April–26 May 2026 for the 2026/27 cycle),https://www.mdw.ac.at/1981/,"One of Europe's most prestigious classical Tonmeister tracks — excellent studio training but German-taught, audition-based and classical-leaning; a stretch for a software grad without formal music training",Unverified,verification agent returned nothing
"MA Postdigital Lutherie (International Master Programme, 4 semesters, 120 ECTS)","University of Arts Linz (Kunstuniversität, Tangible Music Lab) + Anton Bruckner Private University Linz (Institute of Computer Music) — joint programme",Austria,Public (Kunstuni Linz) in cooperation with a private university,Sound/Music-Tech,English (all courses taught in English),EUR 726.72/semester for non-EU citizens (free for EU) — per official admission page,None found (search grants.at / OeAD database),None found (but tuition is very low),UNVERIFIED,Y,Check (entrance interview required; portfolio expectations not itemized on page),Any valid bachelor's degree + entrance interview; English-taught,Open now per official page (2027/28 intake),Applications for academic year 2027/28 open until 19 June (entrance exams 29 June) per official admission page — confirm exact year/date before applying,https://www.kunstuni-linz.at/en/studies/degree-programmes/postdigital-lutherie/master-programme,"Top fit: English-taught, non-EU tuition only ~EUR 727/sem, sits exactly at the code-meets-music interface (instrument design, sensors, composition, performance) — a software engineer is the target profile; 2027/28 application window already announced",Unverified,verification agent returned nothing
"Master Digital Media Production — Masterclass '3D Audio & Sound Design' (Dipl.-Ing., 4 semesters)",St. Pölten University of Applied Sciences (USTP / FH St. Pölten),Austria,Public (Fachhochschule),Sound-Design/Production,"German (programme); the 3D Audio & Sound Design masterclass is offered in English or German — overall German needed, Check","EUR 1,500/semester for third-country students (+ student union fee); EUR 363.36 for EU — per official page","OeAD Ernst Mach Grant – Fachhochschule (EUR 940/month + travel subsidy for non-European applicants; NOTE: funds 4–10 month FH stays, not automatically a full degree — Check applicability)",Partial possible,EUR 940/month + up to EUR 730 travel for grant holders (semester/year stays); degree itself self-funded otherwise,Y (Ernst Mach FH targets non-European/developing-country students — confirm Tunisia on current country list),Y (project submissions in selection procedure),Relevant bachelor's; project/portfolio submission demonstrating skills; 20 places/year,Autumn 2026 for the 2027/28 intake (per official page),Winter 2026/27 applications closed; next intake (winter 2027/28) opens autumn 2026 — per official page,https://www.ustp.at/en/study-programmes/media-digital-technologies/digital-media-production,"Four audio studios, film/game sound design, sonic interaction design, 3D audio — strong practical production fit and the timing matches Sept 2027; main hurdles are German for the core programme and the higher FH fee",Unverified,verification agent returned nothing
"MA Communication, Media, Sound and Interaction Design (Interaction, Media and Sound Design, 4 semesters, 120 ECTS)","FH JOANNEUM University of Applied Sciences, Graz",Austria,Public (Fachhochschule),Sound-Design/Production,German and English (proof of both required),Check (FH JOANNEUM fee schedule for third-country nationals),OeAD Ernst Mach Grant – Fachhochschule (semester stays only — Check applicability),UNVERIFIED,UNVERIFIED,Y,Check (design programmes at FH JOANNEUM typically require portfolio — confirm),Relevant bachelor's; German AND English proficiency; selection procedure,UNVERIFIED,Check (no 2027 dates published yet),https://www.fh-joanneum.at/en/studies/masters-degree-programme-communication-media-sound-and-interaction-design/,"Sound-design specialization inside a media/interaction-design master; decent fit for a CS grad, but the dual German+English language requirement is a barrier without German",Unverified,verification agent returned nothing
Master of Arts in Music — Music Production / Composition & Production majors (4 semesters),"JAM MUSIC LAB Private University for Jazz and Popular Music, Vienna",Austria,Private,Sound-Design/Production,Check (university operates in German and English — confirm English delivery for chosen major),"EUR 11,018 per semester for non-EU citizens per official study-fees page (EU: EUR 6,528) + EUR 350 one-time enrollment fee — confirm billing unit with admissions",Falco Scholarship; Oe1 Jazz Scholarship (per official fees/grants pages),Partial possible,Check (scholarship terms on grants page),Check (scholarship criteria not published in detail),Y (online audition),Online application + online audition procedure; relevant bachelor's,UNVERIFIED (online application available year-round),Check (rolling online application + online audition; no fixed 2027 deadline published),https://www.jammusiclab.com/academics/master-arts-music,"Jazz/pop-focused private university squarely aimed at producers and contemporary musicians — culturally the best match for a DJ/producer career, but expensive for non-EU with only partial scholarships",Unverified,verification agent returned nothing
"Master of Arts in Media Music (music production for film, theatre, advertising, sound design, audio branding, computer games)","JAM MUSIC LAB Private University, Vienna",Austria,Private,Sound-Design/Production,Check (German/English — confirm),"EUR 11,018 non-EU per official study-fees page (+EUR 350 enrollment) — confirm billing unit",Falco Scholarship; Oe1 Jazz Scholarship,Partial possible,Check,Check,Y (online audition),Relevant bachelor's + online audition,UNVERIFIED,Check (online application + audition; no fixed cycle published),https://www.jammusiclab.com/academics/all-programs,"Media-music/sound-design track combines production craft with commercial applications (games, advertising, audio branding) — good bridge between the candidate's tech skills and producer ambitions",Unverified,verification agent returned nothing
"MA/MSc Professional Practice (Creative Media Industries) — online postgraduate, degree awarded by University of Hertfordshire (UK)",SAE Institute Vienna (European flagship campus),Austria,Private,Sound/Music-Tech,Check (page in German; programme delivered in English per SAE international materials — confirm),UNVERIFIED (fees disclosed only after registration on SAE site),None found,None found,UNVERIFIED,Y (online delivery; open internationally),Check (project proposal / professional experience evidence),Aimed at media professionals converting work experience into a degree; personal research project; MSc variant possible for technology-focused projects,Open (rolling),"Rolling — published start dates include Sept 2026, March 2027, Sept 2027 (per official page)",https://www.sae.edu/aut/courses/ma-msc-professional-practice-creative-media-industries/,"Flexible fully-online option (audio production or music-business project possible) with a Sept 2027 start — but it presumes accumulated professional experience, so better as a later-career fallback than a first master's",Unverified,verification agent returned nothing
"English-taught MSc programmes (9 options incl. Marketing, Digital Economy, Strategy Innovation & Management Control, International Management/CEMS)",WU — Vienna University of Economics and Business,Austria,Public,General-Business/MBA,English (English proficiency proof required; IELTS/TOEFL — candidate must take a test),EUR 726.72/semester for non-EU/non-EEA citizens + OeH fee (per official WU tuition page https://www.wu.ac.at/en/students/getting-organized/tuition-fees-students-union-oeh-dues),"Mondi Scholarship Program for international master's students (7/year, for socially/financially disadvantaged high-potential internationals, up to 2 years — per official WU news page https://www.wu.ac.at/en/the-university/news-and-events/news/details-news/detail/new-scholarship-program-for-international-students)",Partial (scholarship covers selected students),Financial support for up to 2 years of a WU master (details Check),Y (international students; social/financial criteria),N,Relevant bachelor's; English proof; programme-specific requirements (GMAT/GRE for some programmes — Check),UNVERIFIED (typically October for the next autumn intake — confirm),Check (WU master's application windows typically run autumn–early spring for the following autumn; 2027 dates not yet published),https://www.wu.ac.at/en/programs/masters-programs,"Cheapest credible business-school route in Europe for a non-EU student (~EUR 1,450/year at a top-ranked school); Marketing or Digital Economy MSc would underpin a music-entrepreneurship career; needs IELTS/TOEFL",Unverified,verification agent returned nothing
"Master Sports, Culture & Event Management (MA in Business, 4 semesters, 120 ECTS, full-time)",FH Kufstein Tirol University of Applied Sciences,Austria,Public (Fachhochschule),Music-Business,English (100% English per official page),"Check — EU pay EUR 363.36/semester; official page says additional fees apply for third-country students (aggregators suggest ~EUR 4,900/semester, UNVERIFIED)",None found (study-trip scholarships mentioned; Ernst Mach FH grant only for semester stays),UNVERIFIED,UNVERIFIED,Y,N,Relevant bachelor's + language certificate; 30 places/year; selection procedure,UNVERIFIED,Check (admission deadlines page; 2027 cycle not yet published),https://www.fh-kufstein.ac.at/en/master/sports-culture-event-management-ft,"English-taught event/culture-management master directly useful for festival, club and tour management — a practical business-side path for a future DJ; verify the third-country fee before shortlisting",Unverified,verification agent returned nothing
"MSc Media and Human-Centered Computing (Dipl.-Ing., 2 years, 120 ECTS, English-taught)",TU Wien (Faculty of Informatics),Austria,Public,Sound/Music-Tech,English (CEFR B2 required; no German needed),EUR 726.72/semester for non-EU + student union fee (per TU Wien tuition page https://www.tuwien.at/en/studies/admission/students-union-fee-and-tuition-fee/tuition-fee),None found for this profile (search grants.at / OeAD database),None found (but tuition is very low),UNVERIFIED,Y,N,Relevant computer-science/informatics bachelor's; English B2 proof (IELTS/TOEFL needed),UNVERIFIED,Check (special earlier admission window applies to non-EU/EEA citizens — dates for 2027 intake not yet published),https://informatics.tuwien.ac.at/master/media-and-human-centered-computing/,"Adjacent option: a CS master covering media computing, HCI and audio/visual interaction — direct admission fit for a software-engineering grad, English-taught, ~EUR 727/sem; keeps a tech career open while building interactive-media/audio skills",Unverified,verification agent returned nothing
"OeAD Ernst Mach Grant — Fachhochschule (funding scheme, attachable to Austrian FH study stays)","OeAD — Austria's Agency for Education and Internationalisation (applies to FH St. Pölten, FH JOANNEUM, FH Kufstein and other FHs)",Austria,Public (federal funding scheme),Sound/Music-Tech,n/a (funding scheme; host FH programme language applies),n/a,Ernst Mach Grant – Fachhochschule,"Partial (semester/year stays, NOT a full-degree scholarship)",EUR 940/month for 4–10 months; travel-cost subsidy up to EUR 730 for non-European candidates from developing countries,"Check (open to students from non-European universities; developing-country travel subsidy suggests Tunisia qualifies — confirm current country list on oead.at, page returned 403 to automated access)",N,Enrolled at a non-European university; acceptance by an Austrian FH programme; fields include technical sciences and social sciences,"October (annually, UNVERIFIED for 2026/27 cycle)",PRIOR CYCLE - confirm new date (online application roughly October–1 February/1 March for the following academic year),https://oead.at/en/study-research-teaching/overview-grants-and-scholarships/ernst-mach-grant,"The main Austrian public grant a Tunisian can attach to FH-based audio/media programmes — note it funds semester stays rather than a whole degree, so treat as top-up money, not full funding; also note the general Ernst Mach worldwide grant (deadline 1 Feb) funds research stays only, not master's degrees",Unverified,verification agent returned nothing
"Master 2 ATIAM (Acoustique, Traitement du signal et Informatique Appliques a la Musique)",Sorbonne Universite with IRCAM and Telecom Paris,France,Public,Sound/Music-Tech,French (courses in French; good level of English explicitly required),"Public university rates; exact non-EU differential fee status at Sorbonne: UNVERIFIED (standard public master ~EUR 250/yr, non-EU differential ~EUR 3,879/yr unless exempted)","None found on program page; France Excellence Eiffel (institution-nominated, engineering/digital fields) - Check with Sorbonne international office",UNVERIFIED,"Eiffel if obtained: ~EUR 1,200/month + travel + insurance, tuition NOT covered - Check",Y,N,"M1 (first year of master) or equivalent in acoustics, signal processing and/or computer science; motivation and interest in music; motivation interview for pre-selected candidates",PRIOR CYCLE: 26 March 2026 for 2026 entry; expect similar window spring 2027,PRIOR CYCLE - confirm new date (2026-27 cycle: applications 26 March - 11 June 2026 via Sorbonne eCandidat; non-EU via Campus France 'Etudes en France' with EARLIER deadlines),https://www.atiam.ircam.fr/candidatures/,Flagship computer-music research master (IRCAM); ideal fit for a software engineer moving into audio DSP/music computing; note it is an M2 (1 year) so the engineering degree must be recognized as M1-level; French fluency is an asset here,Unverified,verification agent returned nothing
"Master Son (sound for film, music recording, live sound, sound arts)",ENS Louis-Lumiere,France,Public,Sound-Design/Production,French (DELF B2 required if secondary education not in French); some English used,~EUR 300/year + CVEC ~EUR 104 + ~EUR 200 insurance (public school; same for all nationalities); EUR 120 concours registration fee,None found (program is near tuition-free; French state social-criteria grants not open to Tunisian nationals),None,UNVERIFIED,Y,Check (competitive concours: dossier + written tests + oral interview rather than a classic portfolio),Under 27 on 31 Dec of concours year; Bac+2 (2 years validated higher education) in a related field; same concours for all nationalities; 16 places/year,UNVERIFIED (concours registration typically opens in autumn for entry the following September),PRIOR CYCLE - confirm new date (annual entrance concours; 2026 concours registration ran late 2025-early 2026; register autumn 2026 for Sept 2027 entry),https://www.ens-louis-lumiere.fr/formations/formation-initiale/master-son/,"France's most prestigious public sound school, essentially free; 3-year master covering music recording, live sound and sound-to-picture; candidate's French fluency and CS/science background help in the scientific concours sections; age limit must be checked",Unverified,verification agent returned nothing
"Master 2 Pro RIM - Realisateur en Informatique Musicale (Master Arts, Creation contemporaine et nouvelles technologies)",Universite Jean Monnet Saint-Etienne,France,Public,Sound/Music-Tech,French,Public master rates (~EUR 250/yr); non-EU differential fee status at UJM: Check,None found,UNVERIFIED,UNVERIFIED,Check (dossier-based admission open to foreign degrees; apply via Campus France),Check (dossier must evidence computer-music / digital-creation work),Scientific knowledge and experience in computer music and/or programming for digital arts; M1 or equivalent (VAE possible for professionals); admission on dossier,UNVERIFIED,UNVERIFIED (applications via e-candidat platform; typically spring for September entry),https://musinf.univ-st-etienne.fr/rim.html,The historic French 'computer-music producer' (RIM) degree - trains the people who build electronics/Max-MSP setups for composers and shows; programming background is exactly what they ask for; French-taught suits the candidate,Unverified,verification agent returned nothing
"Master Cinema et Audiovisuel, parcours Ingenierie du son a l'image (SATIS)",Aix-Marseille Universite - SATIS (Aubagne),France,Public,Sound-Design/Production,French,Public master rates (~EUR 250/yr); AMU non-EU differential fee exemption: Check,None found,UNVERIFIED,UNVERIFIED,Check (foreign applicants go through Campus France; admission on dossier + MCQ + interview),"Check (professional project + at least 1 month sector experience required; dossier, MCQ and interview)",Bachelor 180 ECTS + ~4 weeks internship/professional experience in audiovisual; good film culture; image/sound computing skills,UNVERIFIED (typically Feb-Mar via Mon Master / Etudes en France for non-EU),PRIOR CYCLE - confirm new date (pre-registration open until early April for September entry),https://sciences.univ-amu.fr/fr/formation/masters/master-cinema-audiovisuel/parcours-ingenierie-son-image,"4th public French film school; sound-engineering-for-picture specialty in a public, low-cost setting; good production-skills route though oriented to film/audiovisual more than music",Unverified,verification agent returned nothing
"Formation Superieure aux Metiers du Son - FSMS (musician sound engineer, grade master)",Conservatoire National Superieur de Musique et de Danse de Paris (CNSMDP),France,Conservatory,Sound-Design/Production,French,Conservatory public fees (approx EUR 500-800/yr) - Check exact amount,None found,UNVERIFIED,UNVERIFIED,Check (concours open internationally; confirm any age/diploma conditions),Y (entrance exams include musical tests and scientific tests plus interview; high-level music training expected),Dual profile required: conservatory-level music (DEM level) AND scientific background (Bac+2); pre-selection on dossier then concours; only 8 places/year; 4-year program,PRIOR CYCLE: February (annual concours),"PRIOR CYCLE - confirm new date (registrations Feb-Mar, entrance exams Apr-Jun each year)",https://www.conservatoiredeparis.fr/sites/default/files/Cursus/FSMS_guide.pdf,"Europe-class tonmeister training, near-free; however the DEM-level formal music prerequisite is a serious hurdle for a self-taught producer - flag as aspirational unless candidate has conservatory-level training",Unverified,verification agent returned nothing
"Master Arts mention Musicologie, parcours Creation musicale et sonore",Universite Paris 8 Vincennes-Saint-Denis,France,Public,Sound/Music-Tech,French,Public master rates (~EUR 250/yr); Paris 8 has historically exempted non-EU students from differential fees - Check current policy,None found,UNVERIFIED,UNVERIFIED,Check,Y (a creation project is required; M2 interdisciplinary creation project mandatory),"Music/musicology bachelor or conservatory equivalent; musical techniques (ear training, writing, analysis) expected - admission not automatic",UNVERIFIED,UNVERIFIED (Mon Master / Campus France calendars; typically Feb-Apr for September),https://www.univ-paris8.fr/-Master-Creation-musicale-et-sonore-680-,"Historic electroacoustic/creation department (Paris 8 pioneered computer music teaching); cheap and creation-focused, but formal musicology prerequisites may require an equivalence dossier for a CS graduate",Unverified,verification agent returned nothing
"Master 2 Industrie de la musique : production, organisation, communication",Universite Paris 8 Vincennes-Saint-Denis,France,Public,Music-Business,French (some courses in English),Public master rates (~EUR 250/yr); non-EU differential exemption at Paris 8 - Check,None found,UNVERIFIED,UNVERIFIED,Check (program states it welcomes international applicants),N,"Relevant bachelor (arts, communication, social sciences...); strong interest in music/media; 25 places in M2; selective dossier",UNVERIFIED,"UNVERIFIED (annual e-candidat/Mon Master campaign, typically spring)",https://www.univ-paris8.fr/-Master-Industrie-de-la-musique-production-organisation-communication-,"One of very few PUBLIC (near-free) music-industry masters in Europe: production, label work, festivals, distribution; excellent low-cost music-business option for a French-fluent Tunisian candidate",Unverified,verification agent returned nothing
"DNSEP Design Sonore (grade de master) - with IRCAM, ENSCI-Les Ateliers and Le Mans Universite/LAUM",ESAD TALM-Le Mans,France,Public,Sound-Design/Production,French,Public art-school fees (order of EUR 400-800/yr) - Check exact amount for non-EU,None found,UNVERIFIED,UNVERIFIED,Check (exam open to holders of foreign equivalents of licence/DNAP/DNSPM),Y (selection on dossier then competitive entrance exam),"Bachelor-level degree in art, music (or science/humanities bachelor + DEM in composition/electroacoustics); entrance exam",UNVERIFIED,UNVERIFIED (entrance exam after selection on dossier; dates published annually - prior cycles collected dossiers around May),https://esad-talm.fr/fr/node/8131,Claimed unique sound-design master in Europe co-built with IRCAM and ENSCI; trains sound identity/product/media sound designers - strong complement to a producer career; French-taught,Unverified,verification agent returned nothing
MBA Management de la Production Musicale et Developpement d'Artiste (RNCP level 7),"MBA ESG (Groupe ESG), Paris",France,Private,Music-Business,French,"EUR 7,800-8,950 per year + EUR 70 selection fee (free for the student if done as alternance/work-study)","None found (alternance apprenticeship contract covers tuition + salary, but work-study contracts are hard to secure for newly-arrived non-EU students - Check visa/work rules)",None,UNVERIFIED,"Y (private school, admission on dossier; visa via Campus France)",N,Bac+3/+4 (level 6) for entry; dossier review + individual interview,Rolling / year-round - Check,Rolling admissions (dossier + interview); October intake - Check exact close date for 2027,https://www.mba-esg.com/master-management-production-musicale.html,"Directly aimed at artist development, label/production management - very close to the DJ/producer career goal; industry network in Paris; self-pay unless alternance is secured",Unverified,verification agent returned nothing
"MBA Specialise Music Business Management (RNCP level 7, partnership with Live Nation, SNEP, Ekhoscenes)",ICART - Ecole du management culturel (Paris / Bordeaux),France,Private,Music-Business,French,"UNVERIFIED (application fee EUR 110; tuition published only in brochure - typical ICART MBA range EUR 9-12k/yr, Check)",None found,None,UNVERIFIED,Y (private school; visa via Campus France),N,Bac+3 (year 1) or Bac+4 (year 2 direct entry); dossier + motivation/professional-project interview; 11-12 months of internships included,Rolling - Check,Rolling (online dossier + motivation interview); next intake October 2026 - Check 2027 dates,https://www.icart.fr/formation-mediation-culturelle/mba/mba-spe-management-musique/paris/admission,"Covers recorded music, publishing, live, booking, artist management with major industry partners (Live Nation) - strong network play for a future DJ/producer; self-funded",Unverified,verification agent returned nothing
Master 2 Management des Organisations Culturelles (Management & Organisations),Universite Paris Dauphine - PSL,France,Public,Music-Business,French (C1 required for international students),~EUR 256/yr in initial training per program sources - Check (Dauphine also applies income-modulated fees for some programs),Check (Fondation Dauphine aid; France Excellence Eiffel via institution for economics/management field),UNVERIFIED,UNVERIFIED,Y (foreign degrees accepted; French C1 required),N,"Bac+4 / 240 ECTS in management, law, economics, humanities or arts; internships/professional experience weigh heavily; selective dossier + interview",UNVERIFIED,"UNVERIFIED (annual MyCandidature/Mon Master campaign, typically Feb-Apr)",https://dauphine.psl.eu/formations/masters/management-et-organisations/m2-management-des-organisations-culturelles,Top-tier public cultural-management master at near-zero tuition; music/performing-arts management career doors in Paris; needs C1 French (candidate is fluent) and a recognized Bac+4,Unverified,verification agent returned nothing
"Master of Music - Pop, specialization Creative Producer",Codarts University of the Arts Rotterdam,Netherlands,Public (university of the arts),Sound-Design/Production,Check (Codarts is international; English used in auditions - confirm per specialization),"UNVERIFIED - statutory EUR 2,601/yr applies only to EU/EEA/CH/Suriname nationals; non-EEA pay institutional fee set annually by Codarts (amount not readable - site behind bot-check); official fee page: codarts.nl/en/practical-matters/practical/tuition-fee/","None found on official pages (students receive a EUR 500/yr project budget, not a scholarship)",None - Check,UNVERIFIED,"Check (audition-based; non-EEA fee band; entry normally requires a music bachelor - candidate has CS degree, so 'equivalent level' must be proven)",Y - entrance audition; Creative Producer candidates present three of their own (recent) productions,Bachelor of Music (or demonstrable equivalent level) + specialization-specific audition,UNVERIFIED,Check (not published for Sept 2027),https://www.codarts.nl/en/master-of-music/,"Producer-specific master (write/produce own tracks) - excellent for DJ/producer goal, but the Bachelor-of-Music prerequisite is the main hurdle for a software graduate.",Unverified,verification agent returned nothing
"MA Music Studies (Arts and Culture), 60 ECTS",University of Amsterdam (UvA),Netherlands,Public,Sound/Music-Tech,English,"UNVERIFIED (non-EEA institutional rate; third-party sources cite ~EUR 16,000/yr - confirm on uva.nl fee pages); EU statutory ~EUR 2,694","Amsterdam Excellence Scholarship (AES) and Holland/NL Scholarship - named in search results, confirm on uva.nl scholarship pages (Check)",Full possible via AES - Check,AES advertised as tuition + stipend - UNVERIFIED on official page,Y for AES/NL Scholarship (non-EU) - Check,N (academic musicology - no artistic portfolio; entry requirements academic),Relevant bachelor (musicology/humanities); a CS degree is NOT an obvious match - Check with admissions; English test required,UNVERIFIED,Check (Sept 2027 dates not published),https://www.uva.nl/en/programmes/masters/music-studies-arts-and-culture/music-studies.html,Includes cognitive/computational musicology options; academic rather than production-oriented - secondary choice.,Unverified,verification agent returned nothing
"MSc Creative Intelligence & Technology (formerly Media Technology), 2 years",Leiden University (LIACS),Netherlands,Public,Sound/Music-Tech,English,UNVERIFIED (Leiden non-EU institutional rate ~EUR 20k+/yr typical - confirm on universiteitleiden.nl),Check (Leiden Excellence Scholarship LExS exists university-wide - confirm coverage for this MSc),UNVERIFIED,UNVERIFIED,Y (Check scholarship terms),N (no artistic portfolio; selection on background/motivation),Official page states 'very open to any field of previous Bachelor education' - CS/software background fits directly; English test required,UNVERIFIED,Check (Sept 2027 dates not published),https://www.universiteitleiden.nl/en/education/study-programmes/master/media-technology,"Creative-computing research master where a software engineer can self-direct sound/music projects; no audition - a low-barrier tech-side route, but not a production school.",Unverified,verification agent returned nothing
"Master of Music: Music Production (English-language master, 2 years)",KASK & Conservatorium / School of Arts Gent (HOGENT & Howest),Belgium,Public (school of arts of HOGENT),Sound-Design/Production,English (fully English option; Dutch track also exists),"Non-EEA: EUR 8,800.20/yr (2026-27, 60 credits: EUR 916.20 fixed + EUR 131.40/credit); EEA: EUR 1,181.40/yr (official: schoolofartsgent.be/en/study/financial)","KASK & Conservatorium non-EEA scholarship system (stated on official financial page, covers tuition increases for master students); Master Mind Scholarship (Flemish government, EUR 10,225/yr + tuition waiver) - host-institution eligibility Check",Partial to Full (Master Mind) - Check,"Master Mind: EUR 10,225/yr grant + tuition waiver (studyinflanders.be/scholarships/master-mind-scholarships)",Y (Master Mind open to all nationalities except Russian; GPA >= 3.5/4.0 required; prior degree must not be from a Flemish institution),"Y - orientation test based on portfolio + master proposal, then intake interview or audition (organised several times per year)",Relevant bachelor + pass orientation test; English level requirement not stated on page (Check),UNVERIFIED,Check (orientation tests run several times per academic year; Sept 2027 dates not published),https://schoolofartsgent.be/en/study/courses/music-production,"Landmark production programme (since 1999) with external industry assignments, mentors and internship - arguably the best production+network fit in Belgium; low tuition even for non-EEA.",Unverified,verification agent returned nothing
"Master of Music (English itineraries: instrument, voice, conducting, composition, jazz and popular music), 2 years",Royal Conservatoire Antwerp (AP University of Applied Sciences and Arts),Belgium,"Conservatory (public, AP Hogeschool)",Sound-Design/Production,English (since 2017-18) and Dutch,UNVERIFIED (Flemish non-EEA institutional rate - expect similar structure to other Flemish schools of arts; confirm on ap-arts.be),Master Mind Scholarship (Flemish HEIs) - host eligibility Check,Full possible via Master Mind - Check,"Master Mind: EUR 10,225/yr + tuition waiver",Y for Master Mind (all nationalities except Russian),Y - audition per specialization,Music bachelor or equivalent artistic level + audition; jazz/popular music itinerary most relevant,UNVERIFIED,Check (Sept 2027 dates not published),https://ap-arts.be/en/royal-conservatoire-antwerp,"Jazz & popular music master in English; performance-centred, so audition level is the barrier for a self-taught producer.",Unverified,verification agent returned nothing
"Master in Music (120 ECTS; specializations Classical Performance, Jazz Performance, Conducting, Composition)","LUCA School of Arts, Campus Lemmens, Leuven",Belgium,"Public (school of arts, associated with KU Leuven)",Sound-Design/Production,English (B2 required),UNVERIFIED (Flemish non-EEA institutional rate - confirm on luca-arts.be),Master Mind Scholarship (Flemish HEIs) - host eligibility Check,Full possible via Master Mind - Check,"Master Mind: EUR 10,225/yr + tuition waiver",Y for Master Mind (all nationalities except Russian; GPA 3.5/4.0),Y - artistic entrance exam/audition; master's thesis = two artistic projects (recital + research-based recital),Music bachelor or equivalent artistic level; English B2,UNVERIFIED,Check (Sept 2027 dates not published),https://onderwijsaanbod.luca-arts.be/opleidingen/e/SC_55601846,Jazz performance / composition routes; performance-oriented rather than production-tech - moderate fit.,Unverified,verification agent returned nothing
"Master in Musicology (Kunstwetenschappen/Musicologie) with IPEM systematic-musicology track (embodied music cognition, ArtScienceInteractionLab: 3D audio, wavefield synthesis, motion capture)","Ghent University (UGent) - IPEM, Institute for Psychoacoustics and Electronic Music",Belgium,Public,Acoustics/Audio-Eng,Check - the musicology master at UGent is Dutch-taught; IPEM research operates in English (thesis supervision possible in English - confirm),UNVERIFIED (UGent non-EEA institutional rate - confirm on ugent.be),Master Mind Scholarship (UGent is a listed Flemish host) - Check current call,Full possible via Master Mind - Check,"Master Mind: EUR 10,225/yr + tuition waiver",Y for Master Mind; programme language is the real constraint,N (academic admission),Relevant bachelor; Dutch language requirement likely for the degree programme - major barrier (candidate speaks Arabic/French/English),UNVERIFIED,Check,https://www.ugent.be/lw/kunstwetenschappen/ipem/en/education,"World-class music-tech research lab (IPEM/ASIL) attractive to a CS graduate, but the Dutch-taught degree makes this a long-shot; consider PhD/research internship contact with IPEM instead.",Unverified,verification agent returned nothing
Full-time MBA / Masters in Management programmes (with Vlerick scholarship portfolio),Vlerick Business School (Ghent/Leuven/Brussels),Belgium,Private,General-Business/MBA,English,UNVERIFIED (private-school fees; MBA in the tens of thousands EUR - confirm on vlerick.com),"Vlerick scholarships: Diversity, Academic, Female Leadership, Future Leader, Entrepreneurship (10-50% tuition) + limited FULL corporate/alumni-sponsored scholarships",Partial to Full,"Tuition percentage only (10-50%, occasionally 100%); no living stipend found",Y (Diversity scholarship targets candidates from diverse international backgrounds),N (GMAT/GRE + interviews instead),Bachelor degree; strong academics; GMAT/GRE for scholarship competitiveness; English test,October (rolling),Rolling from October for September intake; full-scholarship applicants must apply before February (per official scholarship pages) - confirm 2027 cycle,https://www.vlerick.com/en/mba-scholarships/,"Fallback general-business option; entrepreneurship scholarship + network could serve a music-entrepreneur path, but nothing music-specific.",Unverified,verification agent returned nothing
"Master in Entrepreneurship and Innovation (2 years, Luxembourg Business Academy with Chamber of Commerce)",University of Luxembourg,Luxembourg,Public,General-Business/MBA,English,"EUR 5,000 (year 1) + EUR 3,000 (year 2) reported - confirm on uni.lu (figure from programme listings, official page in hand)",None found (no Luxembourg equivalent of NL/Master Mind identified for this programme),None - Check,UNVERIFIED,Y (open admission for non-EU with visa),N,Bachelor (180 ECTS) in ANY discipline + demonstrated entrepreneurial motivation - CS degree fully acceptable; English proof required (Check level),UNVERIFIED,Check (Sept 2027 not published),https://www.uni.lu/fdef-en/study-programs/master-in-entrepreneurship-and-innovation/,Only realistic Luxembourg option - no music/audio master exists in Luxembourg; any-discipline entry suits the CS degree; could frame a music-entrepreneurship venture.,Unverified,verification agent returned nothing
Master Mind Scholarship - cross-cutting funding for Flemish entries above,"Flemish higher education institutions (universities, schools of arts) - Government of Flanders",Belgium,Public (Government of Flanders),Sound/Music-Tech,n/a (funding scheme; host programme usually English-taught),n/a,Master Mind Scholarship,Full (near-full),"EUR 10,225 grant per academic year + tuition-fee waiver, for 1 year (60 ECTS) or 2 years (120 ECTS)",Y (all nationalities except Russian),N (academic-excellence based),GPA >= 3.5/4.0; previous degree NOT from a Flemish institution; not already enrolled in Flanders; all nationalities except Russian; earlier deadline for non-EEA (visa),Expected early 2027 for Sept 2027 - UNVERIFIED,PRIOR CYCLE - confirm new date (2026-27 call closed in spring 2026; expect the 2027-28 call around Feb-Apr 2027),https://www.studyinflanders.be/scholarships/master-mind-scholarships,"THE flagship funded route in this slice: pair it with KASK Ghent Music Production (English) for a fully-funded, production-focused master; note EU-funding non-cumulation norms if also pursuing Erasmus Mundus elsewhere.",Unverified,verification agent returned nothing
MA Composition and Theory - Sound Design,Zurich University of the Arts (ZHdK),Switzerland,Public (arts university),Sound-Design/Production,"German or English (proof of competence in one required: recognized certificate, native status, or degree taught in that language)","CHF 1,220/semester (CHF 720 tuition + CHF 500 international surcharge, per official ZHdK fee directive) - low public tuition",Swiss Government Excellence Scholarships - Art Scholarships (external); ZHdK internal funds: Check,None (program itself); pair with Swiss Gov Excellence Art Scholarship,UNVERIFIED,Y (program open to internationals; scholarship eligibility separate),"Y - multi-stage aptitude test: practical sound-design tasks, film/audio analysis, musical aptitude exam (theory, rhythm, melody, chords, improvisation); CHF 100 registration + CHF 200 exam fee",Bachelor's degree; pass entrance aptitude test; German or English proficiency proof (IELTS/TOEFL-type certificate accepted - candidate has not yet taken one),Early January 2027 expected (prior cycle opened 6 Jan) - UNVERIFIED,PRIOR CYCLE - confirm new date (2026 cycle: online application 6 Jan - 2 Mar 2026),https://www.zhdk.ch/en/degree-programmes/music/sounddesign,"Top-tier fit: creative sound design for linear/interactive media at a school hosting the ICST computer-music institute; CS background is an asset, but musical aptitude exam is a real hurdle.",Unverified,verification agent returned nothing
MA Composition and Theory - Electroacoustic Composition,Zurich University of the Arts (ZHdK),Switzerland,Public (arts university),Sound/Music-Tech,German or English,"CHF 1,220/semester (CHF 720 + CHF 500 intl surcharge, official ZHdK tuition page)",Swiss Government Excellence Scholarships - Art Scholarships (external),None (program); external Swiss Gov Art Scholarship possible,UNVERIFIED,Y,Y - Check exact dossier requirements; entrance/aptitude assessment applies as for other Composition & Theory majors,"Bachelor's degree; entrance exam; German or English proficiency proof. Program covers electronic composition, sound installations, generative/interactive work",Early January 2027 expected - UNVERIFIED,PRIOR CYCLE - confirm new date (ZHdK music MA applications ran 6 Jan - 2 Mar 2026),https://www.zhdk.ch/en/degree-programmes/music/ma-composition-and-theory-electroacoustic-composition-3482,"Strong fit for a producer wanting studio/electronics depth (generative, interactive, live-electronics work); linked to ZHdK's ICST computer music research institute.",Unverified,verification agent returned nothing
"MA Composition and Theory - Composition for Film, Theatre and Media",Zurich University of the Arts (ZHdK),Switzerland,Public (arts university),Sound-Design/Production,German or English,"CHF 1,220/semester (CHF 720 + CHF 500 intl surcharge)",Swiss Government Excellence Scholarships - Art Scholarships (external),None (program); external Swiss Gov Art Scholarship possible,UNVERIFIED,Y,"Y - dossier of 3-5 documented pieces (10 min total, at least half functional media compositions) + 5-min video portrait + analysis presentation + interview; CHF 100 fee",Bachelor's degree; strong composition dossier for media contexts; German or English proficiency,Early January 2027 expected - UNVERIFIED,PRIOR CYCLE - confirm new date (2026 cycle window 6 Jan - 2 Mar 2026),https://www.zhdk.ch/en/degree-programmes/music/ma-composition-and-theory-composition-for-film-theatre-and-media-12062,"Good for production-for-media skills, but demands an existing composition portfolio - harder entry for a software engineer without documented musical works.",Unverified,verification agent returned nothing
MA Contemporary Arts Practice - Sound Arts track,Bern Academy of the Arts (HKB / BFH),Switzerland,"Public (arts university, part of Bern UAS)",Sound/Music-Tech,"English, German and French (lectures held in all three; mentoring available in each)","CHF 2,550/semester for international students (CHF 850 for Swiss), AY 2026/27, official page","HKB scholarship fund (covers tuition, awarded twice yearly on proven need); also cantonal grants and federal excellence scholarships listed",Partial (need-based internal fund),Tuition coverage via HKB fund; living costs not covered - UNVERIFIED beyond tuition,Y,Y - portfolio demonstrating artistic/musical/performative work with concrete examples,"BA in Sound Arts, Fine Arts or related field (or equivalent); portfolio. 120 ECTS, 4 semesters full-time",UNVERIFIED,PRIOR CYCLE - confirm new date (2026 intake deadline: 16 March 2026),https://www.hkb.bfh.ch/en/studies/master/contemporary-arts-practice/,One of few English-friendly Swiss sound-arts masters; interdisciplinary and experimental (sound art rather than club production) - fits the artistic side of the DJ/producer goal.,Unverified,verification agent returned nothing
Master of Arts in Music Composition and Theory - Composition of Mixed Music (incl. multimedia option),"Haute Ecole de Musique de Geneve (HEM Geneve, HES-SO)",Switzerland,Public (HES-SO conservatory),Sound/Music-Tech,French (a plus for this French-fluent candidate),"CHF 1,050/semester international (CHF 700 Swiss), official page",Swiss Government Excellence Scholarships - Art Scholarships (external); HEM internal 'Budget & scholarship' aid: Check,None (program); external Swiss Gov Art Scholarship possible,UNVERIFIED,Y,"Y - dossier of instrumental, mixed and electroacoustic works; must demonstrate mastery of the electroacoustic chain (sound capture, diffusion, mixing) and real-time electronic music environments; multimedia option needs 4+ representative works using digital/interactive media","Bachelor in music/composition or equivalent; entrance exam; French instruction. 120 ECTS, 2 years; IRCAM Paris partnership",UNVERIFIED,Check - not on program page; consult HEM admissions portal (typically late Feb/early Mar),https://www.hesge.ch/hem/en/studies/master-arts/master-arts-music-composition-and-theory/composition-mixed-music,"French-language electroacoustic/multimedia composition with IRCAM link - language is ideal for the candidate, but a prior composition dossier is required.",Unverified,verification agent returned nothing
MA Composition/Music Theory - Major Audio Design,"Basel Academy of Music (Hochschule fur Musik Basel, FHNW)",Switzerland,Public (FHNW university of applied sciences),Sound-Design/Production,Check (site in German/English; instruction language not confirmed on page read),"CHF 1,250/semester for third-country nationals (CHF 750 Swiss, CHF 1,000 EU/EFTA) + CHF 100 material costs/semester",Swiss Government Excellence Scholarships - Art Scholarships (external),None (program); external Swiss Gov Art Scholarship possible,UNVERIFIED,Y,Y - entrance exam; limited places,"Bachelor in Audio Design or equivalent + passed entrance exam. Creative music technology & electronics environment (sonic space basel, Elektronisches Studio Basel), 50+ public performances/year",15 December (annual),Annual window 15 December - 1 March (confirm for Sept 2027 intake),https://www.fhnw.ch/en/music/degree-programmes/offerings/programmes/ma-composition-music-theory-audio-design,"Directly on-target creative music technology/electronics major; 'or equivalent' entry leaves a path for a strong self-taught producer portfolio, but competition for limited places is real.",Unverified,verification agent returned nothing
Master of Arts in Music - Major Music and Digital Creation,"Lucerne University of Applied Sciences and Arts (HSLU), Lucerne School of Music + School of Computer Science",Switzerland,Public (university of applied sciences),Sound/Music-Tech,German (primary) - a constraint; candidate would need German,Check (HSLU general tuition page; typically ~CHF 800/semester + possible intl surcharge - UNVERIFIED),None found,None found,UNVERIFIED,Y,Check - entrance examination applies; details on admissions page,"Bachelor in Information Technology OR Music accepted - explicitly welcomes IT graduates; blends data science and digital creation with artistic practice; 2-year MA, taught across Music and Computer Science campuses",UNVERIFIED,PRIOR CYCLE - confirm new date (2026 intake deadline: 28 February 2026; start 14 Sept 2026),https://www.hslu.ch/en/lucerne-school-of-music/degree-programmes/master-of-arts-in-music/music-and-digital-creation/,Rare Swiss program that explicitly admits IT bachelors into a music MA - excellent structural fit for a software engineer turned producer; German instruction is the main barrier.,Unverified,verification agent returned nothing
"MSc (e.g., Electrical Engineering & IT, or Computer Science - audio/DSP electives) + ETH Excellence Scholarship (ESOP)",ETH Zurich,Switzerland,Public (federal institute of technology),Acoustics/Audio-Eng,English (most MSc programs),Check - ETH regular tuition ~CHF 730/semester (higher for some newly admitted internationals) - UNVERIFIED here; ESOP includes full tuition waiver,Excellence Scholarship & Opportunity Programme (ESOP),Full (if ESOP awarded); otherwise None,"CHF 12,000 per semester living/study grant + tuition fee waiver, for full MSc duration (3-4 semesters); ~60 awards for 2027/28",Y (open to all nationalities),N (academic excellence based; top ~10% profile needed),Excellent bachelor in a matching engineering/CS field; English proficiency (certificate usually required for internationals - candidate must take IELTS/TOEFL before Nov 2026),1 November 2026 (via eApply master application),"1-30 November 2026 for Sept 2027 (HS27) start - CURRENT, applies to candidate's target intake",https://ethz.ch/students/en/studies/financial/scholarships/excellencescholarship.html,"Not a music degree, but a fully funded route to audio DSP/signal-processing expertise for a software engineer; highly competitive; keeps producer career self-financed via stipend.",Unverified,verification agent returned nothing
MSc Computer Science / Data Science (audio research via LCAV audiovisual lab) + Excellence Fellowship,EPFL Lausanne,Switzerland,Public (federal institute of technology),Acoustics/Audio-Eng,English,Check - EPFL tuition ~CHF 780/semester standard - UNVERIFIED here,EPFL Master Excellence Fellowships,Partial-to-substantial (if fellowship awarded); otherwise None,"CHF 10,000 per semester, up to 4 semesters, + reserved student-residence room for external candidates",Y (any nationality),N,Strong bachelor in CS/engineering; English proficiency; fellowship awarded automatically to top admitted applicants who opt in,With EPFL online master application (tick fellowship box),Annual rounds: 15 December (round 1) and 31 March (round 2) - confirm dates for Sept 2027 entry,https://www.epfl.ch/education/master/master-excellence-fellowships/,Software-engineering degree is the natural entry; audio/acoustics exposure via labs rather than curriculum - a funded technical hedge rather than a music-production program.,Unverified,verification agent returned nothing
Master of Arts in Music Composition & Theory,"Conservatorio della Svizzera italiana (Lugano, affiliated SUPSI)",Switzerland,Conservatory (university of music),Sound/Music-Tech,Italian primarily - Check (site in Italian/English),Check (CHF 250 one-time matriculation verified; semester tuition not found on pages read - UNVERIFIED),None found; Swiss Gov Excellence Art Scholarship applicable (external),UNVERIFIED,UNVERIFIED,Y,Y - Check (composition admission dossier per program regulations),Bachelor in music/composition or equivalent; admission procedure per program regulations; 120 ECTS / 4 semesters,UNVERIFIED,20 February (annual application deadline) - confirm for Sept 2027,https://www.conservatorio.ch/it/scuola-universitaria/formazione/master-of-arts/in-music-composition-theory,"Completes the Swiss conservatory sweep; weaker fit (classical composition orientation, likely Italian instruction) - lower priority than ZHdK/Basel/Bern options.",Unverified,verification agent returned nothing
Master of Arts in Strategy and International Management (SIM),University of St. Gallen (HSG),Switzerland,Public,General-Business/MBA,English,"UNVERIFIED (commonly cited ~CHF 3,300+/semester for internationals - confirm on official fees page)","Starr International Foundation Scholarships (CHF 20,000/yr per program for foreign master students in English-language programs incl. SIM) and HSG Excellence Scholarships (up to full tuition) - details UNVERIFIED on official page, sourced from aggregators; confirm at unisg.ch",Partial (competitive internal scholarships),UNVERIFIED,Y,N,Bachelor's degree; GMAT/GRE required for most HSG English masters - Check; English certificate required (candidate must take a test),UNVERIFIED,Check (HSG master application windows typically close in spring for autumn intake),https://www.unisg.ch/en/studying/programmes/master/strategy-and-international-management-sim/,"World's top-ranked Management master (FT MiM #1 for years) - premium network for the business fallback track, but demanding admissions (GMAT, essays) and unverified scholarship details.",Unverified,verification agent returned nothing
"MSc in Information Systems (tracks: AI, Data & Application Security, BPM, Digital Innovation)","University of Liechtenstein, Vaduz",Liechtenstein,Public,General-Business/MBA,English (B2 required),"CHF 950-1,250/semester + CHF 100 one-time admin fee; non-EU residence-permit deposit CHF 3,000",Hilti Fellowship Programme (paid internship semester at Hilti); other scholarships: Check,Partial (work-integrated),Paid internship compensation; no tuition/stipend scholarship verified,Y (non-EU admission possible; residence-permit deposit applies),N,Bachelor in relevant field (CS/IS fits directly); English B2; 120 ECTS / 4 semesters,UNVERIFIED,31 July (EU/EEA/CH); non-EU deadline earlier - Check on uni.li admission page,https://www.uni.li/en/studies/study-programmes/msc-information-systems,"Covers the Liechtenstein slice: cheap, English-taught, directly matches the software-engineering degree; business-of-tech rather than music, so a pragmatic fallback.",Unverified,verification agent returned nothing
"MSc in Entrepreneurship, Innovation and Leadership","University of Liechtenstein, Vaduz",Liechtenstein,Public,General-Business/MBA,German (C1 German certificate required if not native; English B2 also required),"CHF 950-1,250/semester",None found,None found,UNVERIFIED,Y (Check business-ECTS prerequisite),N (letter of motivation required),Bachelor with 180+ ECTS incl. 60 ECTS business subjects - candidate's software-engineering degree likely LACKS the 60 business ECTS (Check); German C1,UNVERIFIED,31 July 2026 for EU/EEA/CH (2026 intake); non-EU earlier - Check; for Sept 2027 confirm new dates,https://www.uni.li/en/studies/study-programmes/msc-entrepreneurship-innovation-and-leadership,"Entrepreneurship angle suits building a music brand/label, but German C1 and 60 business-ECTS prerequisites make this a poor practical fit for this candidate.",Unverified,verification agent returned nothing
Master of Science in Management (HEC Lausanne) + UNIL Master's Grant,University of Lausanne (UNIL),Switzerland,Public,General-Business/MBA,English (Master in Management taught in English; C1 level required for grant applicants),CHF 580/semester + CHF 200 admin fee for non-Swiss (official UNIL fee page) - very low,"UNIL Master's Grants (bourses de master) for graduates of foreign universities, ~10 awarded/year",Full-ish (grant covers living costs; tuition remains but is minimal),"CHF 1,600/month from 15 Sept to 15 July (10 months/year) for the full master duration; excluded fields are Medicine/Education/Law, not Management",Y (explicitly for foreign-university graduates),N,Very strong foreign bachelor; C1 in program language (English test needed); grant application separate from admission,Autumn 2026 (grant application ahead of 1 Nov deadline) - Check exact opening,1 November 2026 for September 2027 start - CURRENT cycle matching candidate's target intake,https://www.unil.ch/unil/en/home/menuinst/etudier/mobilite-et-echange/etudiantes-et-etudiants-internationaux/etudiantes-internationaux-reguliers/bourse-de-master.html,"Best funded business route in the slice: near-free tuition plus CHF 1,600/month grant with a deadline (Nov 2026) that exactly matches the Sept 2027 plan; business generalist rather than music-specific.",Unverified,verification agent returned nothing
Master's Degree in Music Management and Production (titulo propio),"ESMUC - Escola Superior de Musica de Catalunya, Barcelona",Spain,Conservatory,Music-Business,Spanish (occasional English guest speakers),"EUR 78.20/credit x 60 ECTS = approx EUR 4,692 (2026-27, official)",None found,None,UNVERIFIED,Y (needs student visa),Y (portfolio/recordings/compositions if degree is not in music),"Bachelor in music OR any university degree + demonstrated musical skills; CV + motivation letter; possible interview; fluency in Spanish required + English reading (FCE level, no certificate needed); 30 places; 80% attendance; optional internships up to 800h",Feb 2 (2026-27 cycle),"PRIOR CYCLE - confirm new date (2026-27 rounds: Feb 2-Mar 25 / May 4-24 / Jul 6-Sep 6, 2026)",https://www.esmuc.cat/en/studies/masters-i-postgraus/master-propi-de-management-i-produccio-musical/,Affordable conservatory option blending management + production in Barcelona's scene; BUT taught in Spanish - candidate (AR/FR/EN) would need to reach Spanish fluency first,Unverified,verification agent returned nothing
Master's Degree in Film Scoring and Music for Audiovisual Media (titulo propio),"ESMUC - Escola Superior de Musica de Catalunya, Barcelona",Spain,Conservatory,Sound-Design/Production,Spanish and English,"EUR 111.12/credit x 60 ECTS = approx EUR 6,667 (official)",None found,None,UNVERIFIED,Y,Y (original compositions/recordings mandatory),"Bachelor in music or equivalent proven experience; submission of scores and/or recordings of original compositions; covers recording, orchestration, MIDI production, post-production",Feb 2 (2026-27 cycle),"PRIOR CYCLE - confirm new date (2026-27 rounds: Feb 2-Mar 25 / May 4-24 / Jul 6-Sep 6, 2026)",https://www.esmuc.cat/en/studies/masters-i-postgraus/master-propi-de-composicio-de-bandes-sonores-i-musica-per-a-mitjans-audiovisuals/,"Secondary fit - production/MIDI/post skills transfer to producing, but composition-portfolio entry bar is high for a non-music graduate",Unverified,verification agent returned nothing
"Master en Produccion de Audio (UDIMA-validated, 60 ECTS)",SAE Institute Spain (Madrid & Barcelona campuses) / UDIMA,Spain,Private,Sound-Design/Production,Spanish,UNVERIFIED (price not published),None found,UNVERIFIED,UNVERIFIED,Y (student visa; Spanish required),N (not specified),University degree OR 2+ years professional experience; admission questionnaire + interview; Spanish proficiency; 24 months; Master de Formacion Permanente 60 ECTS or Master Profesional (UDIMA) + SAE Diploma,Rolling (intakes Oct 2026; Feb 2027 Barcelona),Rolling per intake - Check with campus,https://www.sae.edu/esp/courses/produccion-de-audio/,"Broad audio-engineering/production training (studio, live, immersive audio); hands-on SAE facilities; Spanish-taught, self-pay fallback",Unverified,verification agent returned nothing
Master en Industria Musical 360 (UDIMA-validated),SAE Institute Spain (Madrid & Barcelona campuses) / UDIMA,Spain,Private,Music-Business,Spanish + high level of English required,UNVERIFIED (price not published),None found,UNVERIFIED,UNVERIFIED,Y (student visa),N,"University degree OR 2+ years experience; advanced English AND Spanish; 12 months; covers business, marketing, legal and technical production; Master de Formacion Permanente 60 ECTS (UDIMA)",Rolling (Oct 2026 both campuses; Feb 2027 Barcelona),Rolling per intake - Check with campus,https://www.sae.edu/esp/courses/master-en-industria-musical/,"Business + production hybrid inside an audio school - relevant to self-managing a DJ career; Spanish-taught, self-pay",Unverified,verification agent returned nothing
Master en Industria Musical (IL3),Universitat de Barcelona - IL3 Institute of Lifelong Learning,Spain,Public (titulo propio via IL3),Music-Business,Spanish,"EUR 6,020 incl. admin fees (60 ECTS, official)",None found (only 10% professional-association and alumni discounts),None,UNVERIFIED,Y (student visa),N,"University degree (humanities/social science/engineering) OR 2+ years music/cultural-sector experience with upper vocational qualification; evening format (Mon/Wed/Thu 18-21h) + weekend workshops; Oct 14, 2026 - Jul 22, 2027",Enrollment open now for Oct 2026 start,"Rolling until course start (Oct 14, 2026 cohort) - confirm 2027 cohort dates later",https://www.il3.ub.edu/master-industria-musical,"Industry-connected Barcelona program (city of Sonar/Primavera ecosystem); still-open 2026 intake; Spanish-taught, self-pay",Unverified,verification agent returned nothing
"Mestrado em Artes e Tecnologias do Som (Master in Sound Arts and Technologies, MATS)","ESMAE — Escola Superior de Música e Artes do Espetáculo, Politécnico do Porto (P.PORTO)",Portugal,Public (polytechnic conservatory-type school),Sound/Music-Tech,Portuguese (site in PT; teaching language not stated in English — Check),"UNVERIFIED (P.PORTO sets intl master fee by annual Deliberação; national fee ~EUR 1,000/yr range — see ipp.pt/ensino/propinas)",None found on program page — Check P.PORTO social services; DGES grants generally not open to non-resident non-EU,UNVERIFIED,UNVERIFIED,Y (international applicants admitted; Check intl-student fee statute),"Y — portfolio + project/dissertation proposal + CV, assessed by jury with interview","Bachelor's; targets backgrounds in music tech, musical creation, audiovisual arts, acoustics or interdisciplinary sound fields","UNVERIFIED (via Edital de Acesso aos Mestrados, portal domus.ipp.pt)","PRIOR CYCLE - confirm new date (annual edital, usually spring/summer phases)",https://www.esmae.ipp.pt/cursos/mestrado/721,"Very strong fit: curriculum includes 3D Audio, Sound Design, Applied Electroacoustics, Music Production, Creative Programming, Psychoacoustics — his coding background maps directly; Portuguese language is the main barrier.",Unverified,verification agent returned nothing
Master in Sound Production and Technology (Mestrado em Produção e Tecnologias do Som),"Universidade Lusófona, Lisbon",Portugal,Private,Sound-Design/Production,Check — program page published in English and Portuguese; confirm teaching language (likely PT with EN support),EUR 12.68/ECTS in 2026/27 (~EUR 380/month avg; 120 ECTS total); application fee EUR 175-625 by category,None found on program page,None,UNVERIFIED,Y (foreign degree holders accepted),Y/Check — CV/portfolio weighted in the 75% interview-evaluation component,"Bachelor's or recognized equivalent; selection 25% qualifications + 75% interview and CV/portfolio; 120 ECTS, 4 semesters","2026/27 cycle open now — 4th phase May 30 - July 17, 2026 (STILL-OPEN 2026 INTAKE)","July 17, 2026 for Sept 2026 entry (4th phase); Sept 2027 cycle: confirm new dates",https://www.ulusofona.pt/en/lisboa/masters/sound-production-and-technology,"Direct producer-track fit (Pro Tools, Max/MSP, mixing/mastering, music production careers named); moderate private tuition; the one Portugal option still open for Sept 2026 entry.",Unverified,verification agent returned nothing
Mestrado em Artes Musicais (Master in Musical Arts),NOVA University Lisbon — NOVA FCSH,Portugal,Public,Sound/Music-Tech,Portuguese,"UNVERIFIED (see NOVA FCSH 'Valores das propinas'; intl master fees at NOVA FCSH typically ~EUR 3,000-3,500/yr — confirm)",None found on program page,UNVERIFIED,UNVERIFIED,Y (Check international-student fee statute),Check (creative-practice component; edital defines selection documents),Bachelor's; 15 places; 120 ECTS (60 coursework + 60 project/dissertation/internship),UNVERIFIED (per annual Edital de candidatura),PRIOR CYCLE - confirm new date,https://www.fcsh.unl.pt/cursos/mestrado_em_artes_musicais/,"Good conceptual fit: explicitly covers music technologies of the electric/electronic era, popular music, and the music & entertainment industry; Portuguese-taught is the main barrier.",Unverified,verification agent returned nothing
Mestrado em Arte Multimédia (Multimedia Art — Interactive Arts / Moving Image / Transmedia Practices),Universidade de Lisboa — Faculdade de Belas-Artes (FBAUL),Portugal,Public,Sound/Music-Tech,Portuguese,UNVERIFIED (ULisboa sets differentiated intl fee annually; check FBAUL propinas page),None found on program page,UNVERIFIED,UNVERIFIED,Y (admission by curriculum assessment possible for related areas),Check (fine-arts faculty; portfolio customary in curricular assessment),"Bachelor's in fine arts, multimedia, audiovisual, design or related; admission by curricular assessment possible; 120 ECTS, 2 yrs",UNVERIFIED (via ULisboa Fenix portal),PRIOR CYCLE - confirm new date,https://www.belasartes.ulisboa.pt/en/cursos/mestrados/arte-e-multimedia/,Adjacent fit — interactive installations/AV art rather than music production; useful if he wants audiovisual live-show/interactive-arts skills; sound covered mainly via the separate Sound Arts postgraduate.,Unverified,verification agent returned nothing
"Pos-Graduacao Artes Sonoras: praticas e tecnologias de criacao (Sound Arts postgraduate — NON-DEGREE, 30 ECTS, 1 semester)",Universidade de Lisboa — Faculdade de Belas-Artes (FBAUL),Portugal,Public,Sound/Music-Tech,"Portuguese (all classes, confirmed on official page)",UNVERIFIED (set annually by ULisboa General Council; differentiated intl rate possible; installments allowed),None found,None,UNVERIFIED,Y/Check,Check (PT-version regulations define selection),"Bachelor's-level entry; does NOT confer an academic degree (labeled fallback/skill add-on, not a master's)","UNVERIFIED (online via Fenix platform; 2024/25 edition ran 2nd semester, Fri/Sat after-work)",PRIOR CYCLE - confirm new date,https://www.belasartes.ulisboa.pt/en/cursos/pos-graduacoes/artes-sonoras-praticas-e-tecnologias-de-criacao/,"Short, cheap sound-creation specialization in Lisbon — only as a supplement; Portuguese-taught and non-degree, so not a visa-anchoring main option.",Unverified,verification agent returned nothing
"Mestrado em Música (specializations incl. Jazz, Composition, Instrument, Early Music)",ESML — Escola Superior de Música de Lisboa (Politécnico de Lisboa/IPL),Portugal,Public (polytechnic music conservatory),Sound/Music-Tech,Portuguese,"UNVERIFIED (ESML site temporarily offline at check time, July 2026; IPL sets intl fee annually)",None found — Check IPL social services,UNVERIFIED,UNVERIFIED,Check,Y — audition/artistic tests standard for conservatory master's (Check edital),Bachelor's in music expected; program stated to answer 'music industry and music production markets'; NOTE: ESML's music-TECHNOLOGY offer is at bachelor level (Licenciatura em Tecnologias da Música) plus a Pos-Graduacao in Audiovisual Production Applied to Music — no tech master's found,UNVERIFIED,PRIOR CYCLE - confirm new date (site down; verify via ipl.pt),https://www.esml.ipl.pt/,"Include per instructions, but weak fit: performance-oriented, audition-based, Portuguese-taught; the relevant tech programs at ESML are not master's level. Its Pos-Graduacao em Producao Audiovisual Aplicada a Musica may be the more useful (non-degree) route.",Unverified,verification agent returned nothing
Mestrado em Estudos e Gestao da Cultura (Master in Studies and Management of Culture — incl. cultural management and creative industries domains),Iscte — Instituto Universitário de Lisboa,Portugal,"Public (university institute, foundation regime)",Music-Business,Portuguese (Check — Iscte pages bilingual but teaching predominantly PT),UNVERIFIED (Iscte intl master fee set annually; check iscte-iul.pt fees page),None found on program page — Check Iscte merit scholarships for intl students,UNVERIFIED,UNVERIFIED,Y/Check (intl applicants admitted),N,"Bachelor's; covers cultural management, creative industries, cultural projects; oriented to employability/self-employment",UNVERIFIED,PRIOR CYCLE - confirm new date,https://www.iscte-iul.pt/curso/294/mestrado-estudos-gestao-cultura/planoestudos,Solid arts/entertainment-management option in Lisbon for the business track (event/label/venue management skills); language of instruction likely Portuguese — verify before shortlisting.,Unverified,verification agent returned nothing
"Producao Musical (Music Production) — professional certificate, 336h (NON-DEGREE fallback; also Som I/II sound & live-sound courses)","Restart — Creative Education (Lisbon, Porto, Algarve)",Portugal,Private (DGERT-certified professional school — NOT a higher-education master's),Sound-Design/Production,Portuguese,UNVERIFIED (self-pay professional course; request quote),None found,None,UNVERIFIED,Check (no degree/visa sponsorship pathway — professional training only),N (interview only),"12th-year schooling or professional experience + admission interview; full production cycle: composition, recording, editing, mixing, mastering in studio",Rolling/annual intakes (day and after-work formats),Check (rolling; admission interview),https://www.restart.pt/curso/curso-producao-musical,"SELF-PAY, NON-DEGREE fallback per instructions: hands-on studio production and live-sound skills close to his DJ/producer goal, but confers no master's degree and weak student-visa basis; Portuguese-taught.",Unverified,verification agent returned nothing
"Producao de Musica Eletronica / Sound Design for Live, Studio and Interactive Media — professional courses (NON-DEGREE fallback)","ETIC — Escola de Tecnologias, Inovacao e Criacao, Lisbon",Portugal,Private (specialist creative-tech school — NOT a higher-education master's),Sound-Design/Production,Portuguese (some courses with English pages — Check),UNVERIFIED (self-pay; request from ETIC),None found,None,UNVERIFIED,Check (non-degree; limited visa pathway),N/Check,"Open professional admission; Ableton Live, synthesis, remixing, mastering, live interactive performance; sound studios and small classes",Rolling/annual intakes,Check,https://etic.pt/curso/musica-eletronica/,"The most DJ/producer-literal training in Portugal (electronic music production, Ableton, live performance) — but self-pay, non-degree, Portuguese-taught; best as a skills add-on alongside a degree program, not a funded pathway. Note: no Portugal-coordinated Erasmus Mundus master in audio/music was found in this sweep.",Unverified,verification agent returned nothing
"MSc Music and Acoustic Engineering (Laurea Magistrale, 120 ECTS)",Politecnico di Milano (Milano Leonardo + Cremona campuses),Italy,Public,Acoustics/Audio-Eng,English,"≈EUR 3,898/year full contribution for non-EU (prior-cycle figure quoted from Polimi fee pages; confirm current year)",Polimi merit-based scholarships for international students; 3 annual Cremona Campus scholarships for enrolled MAE students (amounts UNVERIFIED); MAECI; Invest Your Talent in Italy; DSU regional grant (need-based),"Full possible via external schemes (MAECI, Invest Your Talent, DSU); institutional merit scholarships partial-to-full",Cremona scholarships: amounts UNVERIFIED; DSU need-based grants can cover fees + stipend; see MAECI/IYT entries for full-funding details,Y (non-EU applicants admitted; Tunisia eligible for MAECI and IYT),N,"Bachelor >=180 ECTS with >=30 ECTS maths/physics and >=15 ECTS computer science (software engineering degree fits well); English min B2 CEFR (IELTS ~6.0) - candidate must take a test; committee evaluation, no entrance exam",UNVERIFIED (typically ~Sept-Nov 2026 for Sept 2027 intake),PRIOR CYCLE - confirm new date (non-EU application windows for a September intake typically open the preceding autumn/winter),https://www.suono.polimi.it/en/admission/,"Best technical fit in the slice: audio DSP, sound engineering and music tech built on his CS background, English-taught, low public tuition, and stackable with MAECI/IYT full funding.",Unverified,verification agent returned nothing
MSc Computer Engineering - 'Computer Engineering for Music and Multimedia' track (CSC - Centro di Sonologia Computazionale),"Università di Padova, Department of Information Engineering",Italy,Public,Sound/Music-Tech,Check (Computer Engineering LM at Padova is English-taught; confirm for this track),"UNVERIFIED (public; income-based contribution, typically low for public Italian universities)",MAECI scholarships (see unipd.it/en/scholarships-maeci); Unipd international scholarships/fee waivers (Check); DSU regional grant,Full possible via MAECI (Unipd has a dedicated MAECI page) and Unipd international fee-waivers/scholarships,"Via MAECI: EUR 10,800 over 9 months + insurance + possible fee exemption; Unipd schemes UNVERIFIED",Y (Tunisia on MAECI eligible-country list per Study in Italy portal),N,Bachelor in computer engineering/CS or related; English B2 certificate needed for English-taught track,UNVERIFIED (~Nov 2026 for Sept 2027),PRIOR CYCLE - confirm new date (international pre-admission at Unipd usually opens ~Nov and closes early spring for autumn intake),https://www.dei.unipd.it/en/computer-engineering/computer-engineering-music-and-multimedia,Sound & Music Computing research group (CSC) inside a computer-engineering LM - leverages his software degree directly for audio/music computing; cheap public tuition.,Unverified,verification agent returned nothing
"Master in Sonic Arts (1st-level university master, 60 ECTS; English version = 'Technologies for Music Production', online; Italian on-campus version incl. Sound Design for film/games/VR)",Università di Roma Tor Vergata,Italy,Public,Sound-Design/Production,English (online track only); Italian (on-campus tracks),UNVERIFIED (fee not readable on official pages during sweep; contact mastersonicarts@uniroma2.it),None found,UNVERIFIED (university 1st-level masters are usually excluded from MAECI-type schemes and often require fee payment),UNVERIFIED,Y (open to international applicants; foreign degrees need CIMEA certification),Check (interview; artistic/technical experience assessed),Any bachelor's degree or conservatory diploma; no English certificate demanded (sufficient proficiency required); entrance interview possible; relevant technical-musical experience considered,UNVERIFIED (~Oct 2026 for 2026/27 cycle - a still-reachable non-2027 option),"PRIOR CYCLE - confirm new date (2025/26 second-intake: pre-enrolment 15 Mar 2026, enrolment 15 Apr 2026; new cycle usually opens ~Oct)",http://mastersonicarts-eng.uniroma2.it/,"Electronic-music production, sound processing, sound design curriculum; English online mode means he could even start before relocating; no IELTS barrier - strong practical fit for DJ/producer goal.",Unverified,verification agent returned nothing
Diploma Accademico di II livello (Biennio) in Musica Elettronica e Tecnologie del Suono (equivalent to MA),Conservatorio di Musica 'Giuseppe Verdi' di Milano,Italy,Conservatory,Sound/Music-Tech,Italian,"UNVERIFIED (public AFAM: typically ~EUR 1,000-4,000/yr income-based + regional tax)",MAECI (AFAM eligible); DSU Lombardia need-based grant,Full possible via MAECI (explicitly covers AFAM 2nd-cycle programmes); DSU need-based grants,"Via MAECI: EUR 10,800/9 months + health insurance + possible fee exemption",Y (foreign qualifications recognized as suitable admitted; Tunisia MAECI-eligible),Y (artistic-professional projects + selection exam),"1st-level academic diploma OR any university degree + entrance exam: electroacoustic music history/analysis, acoustics/psychoacoustics, music informatics, presentation of artistic-professional projects, motivational interview; Italian language needed (his French helps learning it)",UNVERIFIED,PRIOR CYCLE - confirm new date (conservatory admission exams usually apply ~spring for autumn intake),https://www.consmi.it/it/studiare/inizia-gli-studi/corsi-di-studio/corsi-di-diploma-accademico-di-ii-livello-bienni,"Prestigious, near-free electronic-music master in Milan (Italy's music-industry capital); MAECI can make it fully funded; main barriers are Italian language and the musical entrance exam.",Unverified,verification agent returned nothing
Diploma Accademico di II livello (Biennio) in Musica Elettronica,"Conservatorio di Musica 'Santa Cecilia', Roma",Italy,Conservatory,Sound/Music-Tech,Italian,Regional tax EUR 140 (LazioDiSCo) + income-based contribution (amount UNVERIFIED; public AFAM = low),MAECI; LazioDiSCo regional scholarship (need-based),Full possible via MAECI (AFAM eligible); LazioDiSCo need-based grants,"Via MAECI: EUR 10,800/9 months + insurance; LazioDiSCo can add fee waiver + grant",Y,Y (entrance exam/audition per Musica Elettronica programme),Old-system diploma or 3-year degree + entrance exam in electronic music; Italian language,UNVERIFIED,PRIOR CYCLE - confirm new date (admission ranking lists for a.y. 2025/2026 published; next exam window ~spring 2027 for Sept 2027),https://conservatoriosantacecilia.it/biennio-piani-di-studio-e-ammissione/,Rome's historic conservatory; extremely low cost and MAECI-fundable; Italian-language and musical-exam barrier applies.,Unverified,verification agent returned nothing
"2nd-cycle Academic Diplomas / Masters of Music: Electronic Music, Sound Engineering (specializations incl. Music Production, Mix & Mastering, Sound Design, Live Electronics)","Saint Louis College of Music, Rome (AFAM, MUR-authorized)",Italy,Private (state-recognized AFAM),Sound-Design/Production,Italian (with music-technology technical English in curriculum); Check for English-taught options,UNVERIFIED (private; site not machine-readable during sweep - request fee sheet),Check (MAECI possibly applicable; institutional scholarships UNVERIFIED),Check (MAECI covers legally recognized AFAM institutions - verify Saint Louis inclusion),UNVERIFIED,"Y (1,800+ students 'from all nations')",Check (audition likely),1st-level diploma/degree; audition/entrance assessment expected (Check),UNVERIFIED,UNVERIFIED - confirm with admissions,https://saintlouis.eu/en/master-of-music/,Italy's leading private contemporary-music school; only AFAM institution authorized for 2nd-cycle diplomas in Electronic Music AND Sound Engineering - directly matches DJ/producer ambitions; fees and language must be confirmed.,Unverified,verification agent returned nothing
Biennio (2nd-level Academic Diploma) in Musica Elettronica (with Univ. of Genoa / Casa Paganini collaboration),"Conservatorio 'Niccolò Paganini', Genova",Italy,Conservatory,Sound/Music-Tech,Italian,"UNVERIFIED (public AFAM, income-based)",MAECI; regional DSU (Check),Full possible via MAECI (AFAM eligible); ALiSEO Liguria need-based grants (Check),"Via MAECI: EUR 10,800/9 months + insurance",Y,Y (Check - conservatory admission exam),1st-level academic diploma with adequate training in composition and digital music technologies; entrance assessment,UNVERIFIED,UNVERIFIED - confirm new cycle,https://sites.google.com/conspaganini.it/musicaelettronica/didattica/musica-elettronica-biennio,"Electroacoustic composition + computational tools for music, tied to Casa Paganini research hub; cheaper city than Milan/Rome; Italian required.",Unverified,verification agent returned nothing
"Master in Comunicazione Musicale (1st-level university master, 60 ECTS)","Università Cattolica del Sacro Cuore - ALMED, Milano",Italy,Private,Music-Business,Italian,"EUR 7,500 (two installments)",None found,None found (institutional); external schemes generally exclude 1st-level masters - Check,UNVERIFIED,Y (non-EU degrees accepted with consular validation/Diploma Supplement),N (motivational interview),"Any bachelor's degree; selection on grades, CV, motivation interview; Italian fluency essential",Open now (2026/27 edition),"10 October 2026 (VERIFIED, still-open cycle: classes Nov 2026 - May 2027)",https://almed.unicatt.it/master/Comunicazione-musicale.html,"Italy's oldest and best-networked music-business master (labels, promoters, media; guaranteed internship, 600+ partners) - a still-open 2026 option, but taught in Italian and self-funded.",Unverified,verification agent returned nothing
Master in Produzione e Promozione della Musica (1st-level university master),Università di Bologna (Department of the Arts),Italy,Public,Music-Business,Italian,"EUR 4,500 (2025/26 edition; single-payment option EUR 2,250 advertised - confirm)",None found,None found (1st-level masters excluded from most schemes),UNVERIFIED,Y (Check degree-recognition procedure),N (selection interview/CV),Bachelor's degree; selection (12-20 places); Italian required,UNVERIFIED (~autumn 2026 for next edition),"PRIOR CYCLE - confirm new date (2025/26: selection 10 Dec 2025, enrolment by 7 Jan 2026)",https://master.unibo.it/produzione-promozione-musica/it,"Compact, affordable music-industry master (labels, studios, management, music media) at a top public university; Italian-language barrier.",Unverified,verification agent returned nothing
"Master in Imprenditoria dello Spettacolo (entertainment/live-show entrepreneurship, 1st-level master)",Università di Bologna,Italy,Public,Music-Business,Italian (Check),UNVERIFIED,None found,None found,UNVERIFIED,Check,N,Bachelor's degree; details Check,UNVERIFIED,UNVERIFIED - confirm cycle,https://master.unibo.it/imprenditoria-spettacolo/it/il-master,Live-entertainment entrepreneurship (promoting/producing shows) - relevant to building a DJ/events career; needs verification pass.,Unverified,verification agent returned nothing
"Master in Arts and Culture Management (12 months, on campus or flexible)",Rome Business School,Italy,Private,Music-Business,English,"EUR 9,400 (10% discount for full upfront payment)","7 scholarship types incl. Early Enrollment Incentive, Academic Excellence, Entrepreneurial Grant, Better Managers for a Better World (percentages UNVERIFIED)",Partial (institutional scholarships),Tuition reductions only; no stipend,Y (150+ nationalities enrolled),N,"Any degree, CV, motivation letter, good English (certifiable, no hard IELTS bar stated), selection interview",Open (rolling admissions),Rolling - Oct 2026 intake open now; confirm 2027 intakes,https://romebusinessschool.com/master-arts-and-culture-management/,"English-taught, includes 'Inside the Music Business: Artist Management and Industry Principles' module; low admission barriers but private and only partially funded.",Unverified,verification agent returned nothing
"MAMA - Master in Arts Management and Administration (specialized master, full-time, 1 year)","SDA Bocconi School of Management, Milano",Italy,Private,General-Business/MBA,English (includes Italian language course with CILS certification),"EUR 30,000 + EUR 120 application fee (2026-27, VERIFIED)","SDA Bocconi merit-based tuition waivers (EUR 30,000 pool, 10-25% each); 'Outstanding candidates' waivers up to 25%; loans via Prodigy Finance/Lendwise",Partial (10-25% merit waivers),"No stipend; living costs EUR 1,700-2,400/month (official estimate)","Y (international admissions; Jean Monnet scheme is Turkey-only, not Tunisia)",N,"Bachelor's degree, English proficiency, admissions test/interview (Check details)",Rolling,Rolling admission rounds for 2026-27 - confirm 2027-28 rounds,https://www.sdabocconi.it/en/specialized-master-full-time-executive/mama/fees-and-scholarships/,"Top-brand arts/culture management network in Milan, but very expensive with only partial waivers - label as self-pay fallback given funding preference.",Unverified,verification agent returned nothing
"Master of Music (MMus) in Performance (90 ECTS, 3 semesters; Musicology variant also offered)","University of Malta, Department of Music Studies",Malta,Public,Sound/Music-Tech,English (UM's language of instruction; not restated on course page - Check),"EUR 7,400 TOTAL for non-EU (Year 1 only, no fees in later semesters; VERIFIED on course page)","UM Scholarships for Tunisian Nationals (full tuition + EUR 1,300/month + travel/visa) - but 2026 call limited to Sustainable Energy, Geosciences, Humanitarian Action, Physics; watch for field expansion. UM Postgraduate Scholarship Scheme for research masters (deadline 30 Apr 2026, prior cycle)",None for taught masters (UM Postgraduate Scholarship tuition waivers 40-100% apply to Master by RESEARCH/PhD only); UM's dedicated Tunisia scholarship does NOT cover music,"Tunisia scheme (other fields): full tuition + EUR 1,300/month stipend + EUR 500 travel + EUR 350 visa; music programmes: none",Y for admission; Tunisia-specific scholarship exists but not for music (confirmed on official page),Y (audition/interview or compositions/essays),Bachelor in Music Studies 2nd-class honours or equivalent; admission may hinge on audition/interview or submitted compositions - his non-music degree is a hurdle (preparatory programme possible),Open (applications accepted any time),Rolling for international applicants (apply early for visa); Oct intake,https://www.um.edu.mt/courses/overview/pmmusprfftr3-2026-7-o/,English-speaking EU country with a real Tunisia scholarship pipeline (currently wrong fields for him); music entry requires demonstrable musical background - marginal fit unless he builds a portfolio.,Unverified,verification agent returned nothing
"Master of Fine Arts (MFA) in Digital Arts (practice-based; digital fine art / lens-based media / visual communications; explicit dialogue between visual, auditory and media arts)","University of Malta, Faculty of Media & Knowledge Sciences",Malta,Public,Sound-Design/Production,English,"UNVERIFIED (check course-page fees tab; UM postgrad non-EU typically ~EUR 7,400-13,400 total)",UM Postgraduate Scholarship Scheme (research degrees; 40-100% tuition waiver; prior-cycle deadline 30 Apr 2026),"None for taught route; Master by Research route in Digital Art may qualify for UM Postgraduate Scholarship (40-100% tuition waiver, non-EU) - Check",Waiver only - no stipend/living costs (explicit),Y (non-EU/EEA nationals are the target group of the waiver scheme),Y (portfolio required),Creative arts/media professional experience evidenced by PORTFOLIO; contact department to discuss proposal before applying,Open,Rolling international applications; Oct intake,https://www.um.edu.mt/courses/overview/pmfadgaftr0-2025-6-f/,Creative-media pathway in English; sound/audio can be his practice focus; research route could unlock the non-EU tuition waiver.,Unverified,verification agent returned nothing
"FUNDING SCHEME - Invest Your Talent in Italy (IYT): scholarship + company internship for master's programmes in Engineering/High-Tech, Design, Economics at ~20 partner universities (incl. Politecnico di Milano)","MAECI / Uni Italia consortium (partner universities incl. Polimi, UniTrento, UniPi)",Italy,Public,Sound/Music-Tech,English (B2 English certificate required),Tuition waiver at participating universities (regional taxes/minor fees excluded) - per partner-university IYT pages (esteri.it portal returned 503 during sweep; cross-checked on unipi.it/unitn.it official pages),Invest Your Talent in Italy,Full (tuition waiver + stipend + internship),"EUR 1,000/month stipend (9 months, renewable 2nd year per partner pages) + tuition waiver + internship with Italian companies - re-verify on official portal",Y (Tunisia explicitly on the 2026/27 eligible-country list),N,Bachelor completed; B2 English certificate (must take IELTS/TOEFL or equivalent); apply to an eligible English-taught programme in engineering/hi-tech/design/economics at a partner university (Polimi Music & Acoustic Engineering falls under engineering - confirm programme eligibility with Polimi),Expected ~Feb-Mar 2027,PRIOR CYCLE - 2026/27 deadline was 11 May 2026; 2027/28 call expected ~Feb-May 2027 - confirm,https://investyourtalentapplication.esteri.it/SitoIYT/EN/invest-your-talent-in-italy,Second full-funding route: pairs perfectly with Polimi Music & Acoustic Engineering (engineering field + English + Tunisia eligible) and adds an Italian-company internship for industry network.,Unverified,verification agent returned nothing
MSc Medialogy,"Aalborg University (AAU), Aalborg or Copenhagen",Denmark,Public,Sound/Music-Tech,English,"DKK 57,850/semester engineering/technical rate 2026 (per AAU finance-and-fees; confirm Medialogy is billed at this rate)","Danish Government Scholarship via AAU (~15/yr, automatic consideration)",Full (competitive),"Full tuition waiver + DKK 11,225/month stipend for 4 semesters (2026 rate)",Y,N (Check),"Relevant bachelor's; problem-based project work in media technology (apps, VR, games, IoT, physical interfaces); English test required (Check scores)",Portal opens mid-December,1 March for September intake (AAU standing deadline - confirm for Sept 2027),https://www.en.aau.dk/education/master/medialogy,Broader media-tech alternative to the SMC specialisation at the same university; SMC is formally a specialisation within Medialogy CPH. Good backup with the same funding scheme.,Unverified,verification agent returned nothing
MSc in Engineering Acoustics (also available as Acoustics specialisation in MSc Electrical Engineering),Technical University of Denmark (DTU),Denmark,Public,Acoustics/Audio-Eng,English (all DTU MSc programmes; confirm on programme page),"EUR 7,500/semester = EUR 30,000 for the 2-year MSc (per DTU fees-and-funding pages)",DTU tuition fee waivers for international non-EU/EEA MSc students (Autumn intake only; separate personal statement required with application),"Partial (tuition waiver, competitive)",Tuition waiver only - no living stipend,Y,N,"BSc in engineering, physics or mathematics; covers electroacoustics, audio coding, sound perception/auditory modelling, architectural acoustics; English test required (Check scores)",UNVERIFIED (typically mid-September; confirm on dtu.dk),"PRIOR CYCLE - 15 January (non-EU, to be considered for tuition waiver) - confirm new date for Sept 2027",https://www.dtu.dk/english/education/graduate/msc-programmes/engineering-acoustics,"Strong engineering-side option (audio industry pipeline: B&O, Bruel & Kjaer, hearing-aid industry); software engineering background fits, but it is acoustics/DSP rather than music production.",Unverified,verification agent returned nothing
Master of Music (MMus) in Music Creation (cand. musicae),"Rhythmic Music Conservatory (RMC), Copenhagen",Denmark,"Conservatory (state, Danish Ministry of Culture)",Sound-Design/Production,Check - entrance exam usually in Danish but can be conducted in English; confirm instruction language for internationals,UNVERIFIED for non-EU (application fee DKK 600; conservatory tuition for non-EU students: Check with RMC),None found,UNVERIFIED,UNVERIFIED,Y (foreign conservatory bachelor's accepted; confirm degree-equivalence for a non-music bachelor),"Y - Round 1: portfolio of 2-3 music examples (mp3, 10 min total); Round 2: in-person work presentation + interview (25 min)","Bachelor's degree in MUSIC (from RMC, another Danish conservatory, or a foreign music conservatory) - a software-engineering BSc alone likely does NOT qualify; two-round entrance exam",UNVERIFIED,"PRIOR CYCLE - 3 February 2026, 12:00 CET - confirm new date for 2027 entry",https://rmc.dk/en/education/music-creation,"Denmark's flagship contemporary/rhythmic music school - dream-fit content for a producer, but entry requires a music bachelor's, so this is a stretch option; admission is by artistic merit.",Unverified,verification agent returned nothing
Master of Music (MMus) in Electronic Composition,Royal Academy of Music Aarhus/Aalborg (RAMA / Det Jyske Musikkonservatorium),Denmark,"Conservatory (state, Danish Ministry of Culture)",Sound-Design/Production,Danish and/or English (RAMA states applicants must be able to follow tuition in Danish and/or English),"EUR 6,600 per term for non-EU/EEA (per Study in Denmark official portal)",None found,None found,UNVERIFIED,Y (bachelor's degree + entrance exam; confirm music-degree requirement),Y - entrance exam with work examples,"Bachelor's degree + entrance exam (can be taken ONLINE for Electronic Composition); professional studios (Logic Pro, 5.1 surround, sensor systems); admission requirements PDF: https://musikkons.dk/wp-content/uploads/pdf/2026-Optagelseskrav-kandidat-ENG.pdf",UNVERIFIED,UNVERIFIED - apply via kum.studieoptag.dk (Danish Ministry of Culture portal); typically around 1 December - confirm,https://studyindenmark.dk/portal/the-royal-academy-of-music-aarhus-aalborg/aarhus-departement/electronic-composition,Very high fit for electronic music production/DJ career; online entry exam lowers the barrier; RAMA also lists related electronic-music production lines in Aalborg - verify the current line list on musikkons.dk (site blocked automated access).,Unverified,verification agent returned nothing
MSocSc in Management of Creative Business Processes,Copenhagen Business School (CBS),Denmark,Public,Music-Business,English,"EUR 8,000/semester (EUR 16,000/yr; DKK 120,000/yr) for non-EU + EUR 150 application fee",Check - CBS offers very few non-EU scholarships; none confirmed for this programme,None/Check,UNVERIFIED,Y (fee-paying),N,Relevant social-science/business-leaning bachelor's - a software engineering degree may need documented business/management ECTS (Check CBS entry requirements); English test required,UNVERIFIED (typically autumn),"PRIOR CYCLE - 15 January 2026, 23:59 CET (non-EU) - confirm new date for Sept 2027",https://www.cbs.dk/en/study-programmes/master-programmes/application-and-admission,"Best creative-industries business degree in Denmark (media, music, entertainment management focus); weak funding picture means mostly a self-pay/partial option.",Unverified,verification agent returned nothing
MSc Interactive Media Technology - Sound and Music Computing track,"KTH Royal Institute of Technology, Stockholm",Sweden,Public,Sound/Music-Tech,English,"SEK 360,000 full programme (2 years) for non-EU (per KTH fees page)","KTH Scholarship (full tuition waiver, ~8% of applicants nominated) + Swedish Institute Scholarship for Global Professionals (SISGP)",Full tuition (competitive) / Full via SI scholarship,"KTH Scholarship: tuition only, no living costs. SISGP: full tuition + SEK 12,000/month + SEK 15,000 travel grant + insurance","Y - Tunisia is on the SISGP eligible-country list (MENA); note SISGP requires ~3,000 hours of work experience",N (Check for track),Bachelor's in CS/media tech/related (software engineering fits well); IELTS/TOEFL required; dedicated Sound and Music Computing specialisation and research group,16 October 2026 (universityadmissions.se),VERIFIED CURRENT for Sept 2027 intake: 15 January 2027 (documents + fee by 1 February 2027; decisions 1 April 2027),https://www.kth.se/en/studies/master/interactive-media-technology/msc-interactive-media-technology-1.593765,"Top technical fit: CS-based programme with an explicit sound-and-music-computing track, and two realistic full-tuition/full-funding routes for a Tunisian applicant.",Unverified,verification agent returned nothing
Master's programmes in music (incl. Composition - Electroacoustic Music; CoPeCo - Contemporary Performance and Composition; Nordic Master in Jazz/Folk),KMH Royal College of Music in Stockholm,Sweden,Conservatory (public),Sound-Design/Production,English for several master's programmes; Swedish is the default tuition language for others - check per programme,"SEK 264,000/academic year for non-EU/EEA + SEK 900 application fee (verified on KMH official page)",KMH tuition-fee scholarships - 'a limited number of scholarships that cover the entire tuition fee cost to talented master level students',Full tuition (limited),Full tuition only; no living stipend,Y (fee-paying non-EU; scholarship open to talented master's applicants),Y - audition/work samples,"Music bachelor's or equivalent artistic level; admission by audition/work samples; strong studio infrastructure (immersive sound dome, full studio complex, music & media production dept)",Expected 16 October 2026 (national round) - Check,"Check - via universityadmissions.se (national round, typically 15 January); some artistic programmes have separate audition timelines",https://www.kmh.se/in-english/education/how-to-apply/application-and-tuition-fees.html,"Artistically elite environment with full-tuition scholarships; Electroacoustic Music composition is the closest match for an electronic producer, but a non-music bachelor makes admission audition-dependent - Check eligibility.",Unverified,verification agent returned nothing
"Master Programme in Music, Composition - Scoring for Film and Media",Lund University - Malmö Academy of Music,Sweden,Public,Sound-Design/Production,English,"SEK 390,000 total programme (first instalment SEK 97,500) - verified on Lund official page","Lund University Global Scholarship (merit-based, partial to full tuition) + SISGP (listed on the official programme page)",Partial-Full (competitive),"LU Global: tuition only (partial or full). SISGP: full tuition + SEK 12,000/month + travel",Y (LU Global targets non-EU/EEA; Tunisia SISGP-eligible),Y - audition/entrance tests,Bachelor's in Music (180 credits) or equivalent + entrance tests; selection based on auditions,Expected 16 October 2026,PRIOR CYCLE - closed for Autumn 2026; expect ~15 January 2027 for Sept 2027 (national round) - confirm,https://www.lunduniversity.lu.se/lubas/i-uoh-lu-KAMUS-KOFM,"Composition-for-media pathway at a major public university with real scholarship routes; music bachelor's requirement is the hurdle (equivalence assessment possible - Check). Malmö Academy also runs other English-taught music master's, all audition-based.",Unverified,verification agent returned nothing
Master's Programme in Film and Media - Film Sound Design specialisation,Stockholm University of the Arts (SKH/Uniarts),Sweden,Public (arts university),Sound-Design/Production,English,"Very high: SEK 370,500 first semester, SEK 1,482,000 for the whole programme (2025 intake figures, per official page)",None found,None found,UNVERIFIED,Y (fee-paying),Y (Check - artistic work-sample based selection),"Second-cycle artistic entry; team-based film production labs (recording, sound editing, mixing for feature/documentary/art film)",UNVERIFIED,Check - SKH master's often admit every 1-2 years; confirm next intake and deadline on uniarts.se,https://www.uniarts.se/english/courses/master-programmes/film-sound-design-master/,"Excellent hands-on sound-design training, but for a non-EU student the tuition is extreme and no scholarship was found - self-pay fallback only.",Unverified,verification agent returned nothing
"Interaction Design, Master's Programme (Two-Year)",Malmö University,Sweden,Public,Sound/Music-Tech,English,"Check - one-year variant listed at SEK 260,000 total; two-year fee: confirm on mau.se",SISGP (Malmö University master's are SISGP-eligible) + Malmö University scholarships (Check),Full via SI (competitive),"SISGP: full tuition + SEK 12,000/month + travel grant",Y (Tunisia SISGP-eligible),Check (design portfolio commonly requested),Design/CS-related bachelor's; English 6/IELTS equivalent (Check),Expected 16 October 2026,PRIOR CYCLE - Swedish national round 15 January; expect 15 January 2027 - confirm,https://mau.se/en/study-education/programme/taind/,"Marginal-fit creative-tech option: strong for interactive/physical computing and sonic interaction projects, not a dedicated audio programme; kept as a funded-route backup.",Unverified,verification agent returned nothing
MSc programmes (e.g. Business & Management),Stockholm School of Economics (SSE),Sweden,Private,General-Business/MBA,English,"SEK 360,000 total per MSc programme (non-EU) - verified on SSE tuition page",SSE scholarships: several half-tuition waivers + limited full-tuition waivers; American Friends of SSE (AFSSE) full-tuition scholarship - applied with the programme application,Partial-Full (competitive),Tuition only (full or half); living costs not covered,Y (non-EU applicants eligible for waivers; diversity is a stated selection criterion),N,Bachelor's degree; English test; GMAT/GRE typically required for SSE MSc (Check per programme),UNVERIFIED (typically autumn),PRIOR CYCLE - 15 January (regular round; scholarship decisions mid-March) - confirm for 2027 entry,https://www.hhs.se/en/education/study-at-sse/tuition-and-fees/,"Top Nordic business school for the business/management track (Stockholm = major music-industry hub: Spotify, Epidemic Sound); no music-specific programme but strong network value.",Unverified,verification agent returned nothing
Master Programme in Music Performance (musician / composition / conducting),Lulea University of Technology - School of Music in Pitea,Sweden,Public,Sound-Design/Production,English (individual instruction in English),Check (non-EU fee applies; amount on ltu.se),SISGP + Check LTU tuition scholarships,Full via SI (competitive) / Check LTU scholarships,"SISGP: full tuition + SEK 12,000/month + travel",Y (Tunisia SISGP-eligible),Y - admission test/audition,Bachelor of Arts in Music (180 ECTS) or equivalent knowledge + passed admission test; English 6,Expected 16 October 2026,Check - national round expected 15 January 2027 + admission test,https://www.ltu.se/en/education/programme/kmmga-master-programme-in-music-performance,"Pitea School of Music has top studio infrastructure (its renowned audio-engineering training is bachelor-level and Swedish-taught); the master is performance/composition oriented - marginal fit, 'equivalent knowledge' clause may help a non-music graduate.",Unverified,verification agent returned nothing
Music Performance - Nordic Master: The Composing Musician (NoMaz),Rhythmic Music Conservatory Copenhagen (with Nordic partner conservatories),Denmark,Consortium (Nordic conservatories),Sound-Design/Production,English (Check on programme page),UNVERIFIED for non-EU,None found,UNVERIFIED,UNVERIFIED,Check,Y,Music bachelor's + artistic entrance assessment; mobility across Nordic partner conservatories (Nordic Master scheme),UNVERIFIED,Check (RMC master deadlines were 3 Feb 2026 in the prior cycle),https://rmc.dk/en/education/music-performance-nordic-master-composing-musician,"Joint Nordic degree for composing performers - creatively excellent but music-bachelor gated; note: unlike Erasmus Mundus, Nordic Masters carry no standard full scholarship, and Erasmus Mundus rules (>=2-country mobility; no double EU funding) don't apply here.",Unverified,verification agent returned nothing
Kandidat (MA) line in Audio Design (within Digital Design),Aarhus University,Denmark,Public,Sound/Music-Tech,Danish (the Audiodesign line sits under the Danish-taught Digital Design MA; an English-taught Digital Design MA exists at kandidat.au.dk/en/digital-design - confirm whether the audio line can be followed in English),UNVERIFIED (AU non-EU tuition applies; see masters.au.dk),Check - AU scholarships and grants (masters.au.dk/scholarships-and-grants),Check,UNVERIFIED,Check - Danish-language requirement likely disqualifying,Check,"Bachelor's in digital design (AU) or BSc Digital Design and Interactive Technologies (ITU Copenhagen) - restrictive; covers game audio, sound design for interactive media, audio programming",UNVERIFIED,Check (AU non-EU deadline typically 15 January - confirm),https://kandidat.au.dk/digitaldesign,"Content (audio production + programming for games/interactive media) matches the candidate perfectly, but the Danish language of instruction and narrow entry degrees make it low-viability - flagged for completeness.",Unverified,verification agent returned nothing
"Creative Music Technology (Master's programme, 2 years)",NTNU - Norwegian University of Science and Technology (Trondheim),Norway,Public,Sound/Music-Tech,English,"NOK 198,800 per year (2025/2026 rate) for non-EU/EEA students",None found - NTNU states it does not offer any scholarships that cover tuition fees,None,None,Y,Check (motivation letter required; no audition listed on admission page),"Bachelor's in music technology or equivalent with min 80 ECTS in the field, grade C+ average; different backgrounds get individual assessment; English test documentation required; 1-page motivation letter; mandatory pre-semester audio-programming (Csound) course if no programming-in-audio background",UNVERIFIED (NTNU non-EU application window typically opens in October),1 December (annual standing deadline for non-EU/EEA applicants; for Sept 2027 intake expect 1 Dec 2026 - confirm),https://www.ntnu.edu/studies/mmust/admission,"Strong fit: creative music tech + audio programming where a software-engineering degree is an explicit asset, but zero scholarships means self-pay ~EUR 17k/yr",Unverified,verification agent returned nothing
"Electronic Systems Design, MSc (Acoustics specialization)",NTNU - Norwegian University of Science and Technology (Trondheim),Norway,Public,Acoustics/Audio-Eng,English,"Non-EU fees apply; NTNU technology programmes approx NOK 205,600/yr - Check exact category for this programme",None found (NTNU offers no tuition scholarships),None,None,Y,N,"BSc/BEng in electrical engineering, physics, automation/cybernetics or related; acoustics track covers sound in air/water/materials, measurement, signal processing, sound perception",UNVERIFIED,1 December (annual standing NTNU deadline for non-EU applicants) - confirm for Sept 2027,https://www.ntnu.edu/studies/mselsys,Engineering-heavy audio/acoustics route where the CS/software background is directly relevant; no funding though,Unverified,verification agent returned nothing
"Music, Communication and Technology (MCT), Master - WARNING: no admission in 2026, 2027 status unknown",University of Oslo,Norway,Public,Sound/Music-Tech,English,Non-EU tuition applies (amount not displayed on page) - UNVERIFIED,None found,None,None,Y (if programme reopens),Y (digital portfolio of music-technology projects),Bachelor's with min 80 ECTS in arts/humanities/social sciences/informatics; documented music+technology competence via digital portfolio; C average; 2-page motivation letter,UNVERIFIED - programme paused,NO ADMISSION IN 2026 per official page; check whether admission reopens for 2027,https://www.uio.no/english/studies/programmes/mct-master/admission/,Would be an excellent CS-meets-music fit (informatics explicitly accepted) but currently not admitting - monitor for a 2027 reopening,Unverified,verification agent returned nothing
"Popular Music, Master - Electronic Music specialization",University of Agder (Kristiansand),Norway,Public,Sound-Design/Production,English (official programme page; some sources note teaching may partly be in Norwegian - confirm),"NOK 135,000 per year (Category B, 2026/2027) for non-EU/EEA",None found,None,None,Y,Y (audition 50% + interview 50% of ranking score),Bachelor's (180 ECTS) with min 80-credit specialization in performing music or equivalent; high level on principal instrument; master's thesis project proposal; C average,"1 November (annual, non-EU window)",Non-EU window 1 Nov - 15 Dec (annual); for Sept 2027 intake expect 1 Nov - 15 Dec 2026 - confirm,https://www.uia.no/english/studies/programmes/popular-music-master/,"Electronic Music track = studio music tech, sound design, live electronics, production - very close to the DJ/producer goal, but audition expects performing-music credits the candidate may lack; moderate tuition, no scholarships",Unverified,verification agent returned nothing
"Popular Music - Music Business and Management, Master",University of Agder (Kristiansand),Norway,Public,Music-Business,English,"NOK 135,000 per year (Category B, 2026/2027) for non-EU/EEA",None found,None,None,Y,N (none listed),Bachelor's (min 3 yrs) with 80+ credits in music/musicology/culture studies OR a bachelor's in economics; other relevant degrees assessed case-by-case (a software-engineering degree would need case-by-case approval); C average,"1 November (annual, non-EU window)",Non-EU window 1 Nov - 15 Dec (annual); for Sept 2027 expect 1 Nov - 15 Dec 2026 - confirm,https://www.uia.no/english/studies/programmes/popular-music-music-business-and-management-master/,One of very few dedicated English-taught music-business masters in the Nordics; entry via 'other relevant programs considered case-by-case' is the candidate's path - no funding though,Unverified,verification agent returned nothing
Master in Media Arts (sound design / music production pathways),Kristiania University College (Oslo),Norway,Private,Sound-Design/Production,English,"NOK 65,600 per semester (~NOK 131,200/yr), paid by all students (private institution)",None found,None,None,Y,Y (artistic/practice-based portfolio + entrance exam),"Bachelor's 180 ECTS in audiovisual media, art, design or TECHNOLOGY with 80 ECTS in the subject field; TOEFL/IELTS; entrance exam",UNVERIFIED,"PRIOR CYCLE - 15 June (portfolio + motivation), 15 July (diplomas) for 2026 entry; confirm 2027 dates",https://www.kristiania.no/en/studies/masters-degree/master-in-media-arts/,Technology bachelors explicitly accepted; collaborative environment includes music producers and sound designers; self-pay only,Unverified,verification agent returned nothing
"MSc programmes at BI (e.g. MSc in Business, Entrepreneurship & Innovation) + BI Presidential Scholarship",BI Norwegian Business School (Oslo/Bergen),Norway,Private,General-Business/MBA,English,Private tuition applies to all students - Check current MSc rates on bi.no,BI Presidential Scholarship (max ~20 for international applicants per year),Full (for scholarship winners),"Full tuition for up to 2 years + NOK 50,000/semester living stipend for international recipients (conditional on 30 ECTS/semester and GPA B)",Y (open to international applicants; merit-based),N,Admission to first year of an MSc at Oslo or Bergen campus; scholarship requires GPA 'A' (ECTS scale) - very competitive; CV + 1-page scholarship letter; no prior master's degree,UNVERIFIED (rolling admission),"Scholarship deadline 1 March (annual, with admission application); for Sept 2027 intake expect 1 March 2027 - confirm",https://bi.no/en/programmes-and-individual-courses/scholarships/bi-presidential-scholarships/,"The only realistic FULLY FUNDED route in Norway for this candidate (tuition + stipend), but demands top grades; business/entrepreneurship skills transferable to a music career",Unverified,verification agent returned nothing
MSc in Economics and Business Administration,NHH Norwegian School of Economics (Bergen),Norway,Public,General-Business/MBA,English,"NOK 204,000 per year for non-EU/EEA (from Aug 2026); must also document NOK 166,859 living costs for visa",None found - NHH states it does not offer scholarships or financial support,None,None,Y,N,Bachelor's with sufficient business/economics credits (a pure software-engineering degree likely needs supplementary coursework - Check); English test,UNVERIFIED,UNVERIFIED - Check NHH international application deadline for 2027 intake,https://www.nhh.no/en/study-programmes/application-and-admission/financial-matters/,Top Nordic business school but no funding and business-credit prerequisites make it a weak fit; listed for completeness,Unverified,verification agent returned nothing
"Acoustics and Audio Technology, MSc (Technology) - Computer, Communication and Information Sciences",Aalto University (Espoo/Helsinki),Finland,Public,Acoustics/Audio-Eng,English,"EUR 17,000 per year (non-EU/EEA)","Aalto University Excellence Scholarship (tuition fee waiver, applied for within the admission application)",Partial (tuition waiver up to 100% possible; no living costs),Tuition only (up to 100% waiver); Aalto explicitly offers no university-wide living-cost scholarships (~EUR 800+/month self-funded),Y (all non-EU fee-paying applicants eligible for the waiver),N (motivation letter + CV),"Bachelor's in EE, communications, audio engineering, media technology or related; required coursework in linear algebra, Fourier analysis, probability, physics, DSP, machine learning, programming; English test (Aalto general requirements)",~1 December (annual),PRIOR CYCLE - 1 Dec 2025 to 2 Jan 2026 for 2026 intake; for Sept 2027 expect Dec 2026 - early Jan 2027,https://www.aalto.fi/en/study-options/acoustics-and-audio-technology-master-of-science-technology,Best technical-audio fit in the slice: DSP/programming-centric where the software-engineering degree is a direct asset; world-class acoustics lab; 100% tuition waiver realistically attainable for strong technical applicants,Unverified,verification agent returned nothing
"Sound in New Media, Master of Arts (Art and Design) - New Media programme",Aalto University (Espoo/Helsinki),Finland,Public,Sound/Music-Tech,English,"EUR 20,000 per year (non-EU/EEA)",Aalto University Excellence Scholarship (tuition fee waiver),Partial (tuition waiver up to 100% possible; no living costs),Tuition only; no living-cost support,Y,"Y (online-accessible portfolio, max 1.0 GB PDF, presented in 10 min at interview)","Relevant bachelor's degree; motivation letter (max 4,000 chars), CV, portfolio, all in English; two-phase selection with written assignments and 30-min interview",~1 December (annual),PRIOR CYCLE - 1 Dec 2025 to 2 Jan 2026 for 2026 intake; for Sept 2027 expect Dec 2026 - early Jan 2027,https://www.aalto.fi/en/study-options/sound-in-new-media-master-of-arts-art-and-design,Creative/experimental sound design + interactive audio inside Aalto Media Lab - great blend of coding and sound art for a producer; portfolio quality is decisive,Unverified,verification agent returned nothing
"Music Technology, Master of Music (2.5 years)","Sibelius Academy, University of the Arts Helsinki (Uniarts)",Finland,Public (arts university),Sound/Music-Tech,"Finnish, Swedish and English (English notably strong in this programme)","EUR 28,000 per year for non-EU/EEA studying in English (from 1 Aug 2026)",None for new starters - Uniarts states it grants no tuition scholarships to students starting Aug 2026 or later (see uniarts.fi tuition page),None (for students starting Aug 2026 or later),None,"Y (admission), but no funding",Y (portfolio + audition + interview),"Bachelor's in music OR a technology/media degree PLUS sufficient music studies; advance assignments (portfolio max 3 works incl. audio/audiovisual, 10-min video presentation, motivation letter, CV, final-project plan); remote entrance exam with 7-10 min instrument/voice audition + interview; language test by early March",~7 January (annual),PRIOR CYCLE - applications 7-21 Jan 2026 for Aug 2026 start; for Aug 2027 expect Jan 2027,https://www.uniarts.fi/en/guides/apply-to-the-masters-programme-in-music-technology/,"Prestigious studio/electroacoustic music-tech training and the tech-degree entry route suits the candidate, but EUR 28k/yr with zero scholarships makes it self-pay only",Unverified,verification agent returned nothing
"Arts Management, Society and Creative Entrepreneurship, MA - WARNING: no admission in 2027","Sibelius Academy, University of the Arts Helsinki (Uniarts)",Finland,Public (arts university),Music-Business,English,"EUR 28,000 per year for non-EU/EEA (from Aug 2026)",None found,None,None,Y (when admission reopens),N (not specified),Bachelor's + work experience in arts management; English proficiency,UNVERIFIED - next intake TBA,Official page: 'No admission in 2027. Next possible time to apply will be announced later' - programme admits ~15 students every two years,https://www.uniarts.fi/en/study-programmes/arts-management/,Would fit the music-business track but is closed for the candidate's 2027 target intake and requires arts-management work experience,Unverified,verification agent returned nothing
"Global Music, Master of Music (entrepreneurship + community engagement strands)","Sibelius Academy, University of the Arts Helsinki (Uniarts)",Finland,Public (arts university),Music-Business,English,"EUR 28,000 per year for non-EU/EEA (from Aug 2026)","Global Music Scholarships (programme-specific, for non-EU/EEA students; see student.uniarts.fi/general-info/global-music-scholarships)",Partial - Check (Global Music Scholarships exist for non-EU/EEA students of this programme; confirm they continue for 2027 starters given Uniarts ended its general waiver scheme),UNVERIFIED (tuition support; confirm scope for 2027),Y (non-EU/EEA students are the target group of the scholarship),Y (Check - artistic selection typical of Sibelius Academy),Music bachelor's or equivalent; audition/interview-based artistic selection - Check admissions guide; English proficiency,January 2027,January 2027 application period for studies beginning August 2027 (stated on official page),https://www.uniarts.fi/en/study-programmes/global-music-bachelor-and-master/,"Only Uniarts programme with its own non-EU scholarship; performance/world-music oriented with entrepreneurship strand - partial fit for a DJ/producer, stronger for artistic identity building",Unverified,verification agent returned nothing
Master's Degree Programme in Economics and Business Administration (+ Hanken Premium Scholarship),Hanken School of Economics (Helsinki),Finland,Public,General-Business/MBA,English,"EUR 15,000 per year (non-EU/EEA)","Hanken scholarship scheme (50% or 100% tuition waivers) + Hanken Premium Scholarship (2 awards: full tuition + EUR 8,000/yr living costs, for applicants from developing countries / GBSN-member schools)",Full possible,"Waivers = tuition only; Premium = full tuition 2 yrs + EUR 8,000/yr living allowance",Check (waivers: Y for any non-EU; Premium: must be from a listed developing country / GBSN member school - verify Tunisia and SMU MedTech eligibility),N,Bachelor's degree; GMAT/GRE may be required depending on degree background - Check; English test (IELTS/TOEFL),~7 January (annual),PRIOR CYCLE - application 7-21 Jan 2026 for autumn 2026; for autumn 2027 expect Jan 2027; scholarship application integrated with admission,https://www.hanken.fi/en/students/study-practicalities/tuition-fees-and-scholarships,"Best funded business option in Finland (up to full tuition + stipend); general business rather than music business, but marketing/management/entrepreneurship tracks support an artist-entrepreneur career",Unverified,verification agent returned nothing
"MMus for New Audiences and Innovative Practice (NAIP) - Creativity, Mediation and Entrepreneurship (joint European master)","Iceland University of the Arts (Reykjavik), with Royal Conservatoire The Hague and Prince Claus Conservatoire Groningen",Iceland,"Public (arts university, semi-independent with fees)",Music-Business,English,"Historically low (approx ISK 20,707 per credit / ~EUR 2,440 per semester per fee schedule); from fall 2026 higher fees apply to non-EEA applicants - Check new non-EEA rate on lhi.is",None found,None found,None,"Y (non-EEA applicants admitted, with fees)",Y (musical presentation/audition + interview),"BA/BMus in music or related arts (established professionals without a bachelor's may qualify); academic English; two-round selection: document review, then musical presentation + interview (+ possible workshop), all in English",UNVERIFIED,PRIOR CYCLE - 2 March 2026 for 2026 entry; confirm 2027 date,https://www.lhi.is/en/namsleid/skopun-midlun-og-frumkvodlastarf-ma-naip/,"Entrepreneurship, project management and audience innovation for musicians with built-in European mobility (The Hague/Groningen) - strong industry-network fit; note it is a joint programme but NOT Erasmus Mundus funded, so no EMJM scholarship applies",Unverified,verification agent returned nothing
MA in Composition (incl. new music / experimental practice),Iceland University of the Arts (Reykjavik),Iceland,Public (arts university with fees),Sound/Music-Tech,Check (interviews and much teaching available in English; no formal English test per third-party sources - UNVERIFIED),"UNVERIFIED (approx EUR 2,440/semester per prior fee schedule; non-EEA fees rise from fall 2026 - Check)",None found,UNVERIFIED,UNVERIFIED,Check,Y (Check - composition portfolio expected),BA in composition or related field of art and music theory - Check official programme page; two-step electronic application with fee,UNVERIFIED,PRIOR CYCLE - early March (aligned with LHI music department deadlines); confirm 2027 date,https://www.lhi.is/en/tonlistardeild/,Marginal fit (contemporary concert composition rather than electronic production); listed as the only other music master at LHI - verify details on the department page before shortlisting,Unverified,verification agent returned nothing
ReSound - Erasmus Mundus Joint Master of Arts in Sound Design for Media Arts,"Lithuanian Academy of Music and Theatre (LMTA, Vilnius) with IADT Dublin and Universidade Lusofona Lisbon (FilmEU consortium)",Lithuania (mobility: Lithuania + Ireland + Portugal),Consortium,Sound/Music-Tech,English,"EUR 15,000 total for 4 semesters if self-funded (2 x EUR 7,500)",Erasmus Mundus Joint Master scholarship,Full (Erasmus Mundus scholarship for selected students),"No tuition + EUR 1,400/month stipend + travel/visa/living allowance (limited number of the ~24 annual places)","Y - open to non-European students, no nationality restriction; EM rule: cannot hold another EU-funded scholarship for the same study period","Y - max 3 work examples with reflective paragraphs, 10-15 min total; shortlisted candidates get online interview on motivation/portfolio","Bachelor's in sound, music, film or media (other fields with relevant experience considered); IELTS 6.0 (6.0 each) / TOEFL iBT 79 / Duolingo 110 / Cambridge B2, OR a full prior qualification taught in English (min 1 academic year)",PRIOR CYCLE: 20 Oct 2025 for 2026 intake; ~Oct 2026 expected for 2027 - confirm,"PRIOR CYCLE - confirm new date (2026 cycle: opened 20 Oct 2025, closed 27 Jan 2026; applications currently closed - 2027-intake call expected ~Oct 2026)",https://resound-ma.eu/application/,"Best single fit in the slice: fully funded, sound design + production + composition for film/games/immersive media; CS background is an asset; English-medium SMU degree may satisfy the language requirement without IELTS - confirm",Unverified,verification agent returned nothing
MA Composition - specialisation Digital Technologies (Electronic Music),Lithuanian Academy of Music and Theatre (LMTA),Lithuania,Public (conservatory),Sound/Music-Tech,English (or Lithuanian),"EUR 5,312 per semester (~EUR 10,624/year)",Lithuanian State Scholarship for Master's studies exists (EUR 592/month + study cost) but 2026 call country list does NOT include Tunisia,None found for Tunisians (Lithuanian state scholarship excludes Tunisia),"N/A for Tunisians - state scheme limited to listed countries (Ukraine, Georgia, Japan, etc.)",Y for admission (self-pay); N for the Lithuanian state scholarship,Check - composition portfolio/entrance exam expected; LMTA pages state English min B1 certificate for master's,"University bachelor's degree with recognition; English certificate min B1; programme covers computer/electronic music creation, 120 ECTS / 2 years",UNVERIFIED,UNVERIFIED - non-EU applicants apply direct via priemimas@lmta.lt; confirm 2027 dates,https://lmta.lt/en/english-lmta-welcomes-foreign-students/english-studies/master-study-programmes/,Direct electronic-music/production training at Lithuania's only music conservatory; low B1 English bar helps (no IELTS yet); expensive without funding,Unverified,verification agent returned nothing
CoPeCo - Joint MA in Contemporary Performance and Composition (Tallinn-Stockholm-Lyon-Hamburg mobility),"Estonian Academy of Music and Theatre (EAMT) with KMH Stockholm, CNSMD Lyon, HfMT Hamburg",Estonia (4-country mobility),Consortium (public conservatories),Sound/Music-Tech,English,UNVERIFIED,UNVERIFIED (not currently an Erasmus Mundus funded programme per official pages),UNVERIFIED,UNVERIFIED,Check - open international admission via one of the four consortium schools,"Y - portfolio (scores/recordings), 20-min audition/presentation, plus Master's Degree Project proposal covering collaboration, new technologies, improvisation, arts management",Bachelor's in music or equivalent artistic level; two-stage application to ONE consortium institution,UNVERIFIED - biennial; confirm with EAMT,PRIOR CYCLE - confirm new date: NO admissions in 2026 (biennial intake); check whether next call targets 2027 entry,https://eamt.ee/en/departments/composition-and-improvised-music/copeco/,"Experimental performance + new technologies + arts-management component; strong network across 4 European music capitals, but intake timing (biennial) must be confirmed for Sept 2027",Unverified,verification agent returned nothing
"MA Cultural Management (joint with Estonian Business School, double diploma)","Estonian Academy of Music and Theatre (EAMT) + Estonian Business School, Tallinn",Estonia,Public + Private joint (conservatory + business school),Music-Business,English,"EUR 6,000/year non-EU (EUR 3,000/year EU)","Programme scholarships: 1 x 100% tuition, 4 x 50% tuition (by admission ranking); 2 x 90% reserved for Estonian students; plus Estonian national scholarship EUR 350/month (Tunisia eligible)",Partial (tuition waivers),Tuition waivers only from programme; EUR 350/month living support possible via national scheme,"Y - non-EU explicitly welcome, same criteria; Tunisia on national scholarship list",N - no portfolio; graded online case-study exam + interview (Zoom possible),Bachelor's in ANY field; motivation letter; case-study exam; interview,UNVERIFIED - via DreamApply,Next intake explicitly 2027 - exact dates not yet published; confirm in autumn 2026,https://eamt.ee/en/departments/musicology/cultural-management/masters-studies/admission/,"Ideal music-business option: arts + economics + management with double diploma, open to a software-engineering bachelor, 98% graduate employment in cultural/creative sectors, and its next intake is exactly 2027",Unverified,verification agent returned nothing
MA Sound and Visual Technology (sound-technology speciality),"University of Tartu, Viljandi Culture Academy",Estonia,Public,Sound/Music-Tech,English (fully),"EUR 4,000/year (figure from official launch announcement - Check current rate)",3 tuition-waiver places out of 10 admission spots; plus Estonian national scholarship EUR 350/month (Tunisia eligible),Partial (tuition waivers),Tuition waiver only; EUR 350/month possible via national scheme,Y - international admission open; Tunisia on national scholarship list,"Check - creative/practical programme, portfolio or interview likely; not specified on fetched page",Bachelor's degree; English proficiency (specific tests UNVERIFIED); choose sound OR visual technology as main speciality,UNVERIFIED,UNVERIFIED - apply via DreamApply; confirm 2027 dates on ut.ee,https://viljandi.ut.ee/en/content/apply-new-sound-and-visual-technology-masters-programme,"Hands-on sound-technology MA at Estonia's top university, cheap by EU standards with waiver chances; small-town Viljandi location, but practical studio training fits producer goals and a CS background",Unverified,verification agent returned nothing
"Kino Eyes (KEM) - Erasmus Mundus-origin Joint MA in Film Arts, Sound Design specialisation (sound-track semester in Tallinn)","Tallinn University Baltic Film, Media and Arts School (BFM) with Lusofona Lisbon, Screen Academy Scotland/Napier, IADT Dublin",Estonia (mobility: Portugal + UK/Ireland + Estonia),Consortium,Sound-Design/Production,English,"EUR 15,000 total participation fee for 4 semesters",None found for current cycle (former Erasmus Mundus funding not offered); Erasmus+ Master Loans suggested by consortium,None (official admissions page states 'No Scholarships will be available to be awarded' for the current cycle),N/A,Y for admission (European and non-European candidates accepted); no scholarship to be eligible for,Y - showreel max 6 minutes demonstrating the specialisation,BA related to film production (or equivalent + professional experience); IELTS 6.0 all components / TOEFL iBT 80 / Cambridge B2 169 (Duolingo NOT accepted); max 4-5 students per specialisation,UNVERIFIED,PRIOR CYCLE - confirm new date (applications currently closed; TLU BFM lists JMD Film Arts among its MA offerings),https://www.kinoeyes.eu/admissions,Film sound-design craft with the technical semester at BFM Tallinn; only viable as labeled self-pay fallback (EUR 15k) since scholarships are currently suspended,Unverified,verification agent returned nothing
"Professional MA - Audiovisual and Immersive Technologies Art (New Media and Audiovisual Art; specialisations Audiovisual Media Art, Multimedia Performing Arts)","RISEBA University of Applied Sciences, Riga",Latvia,Private,Sound-Design/Production,English and Latvian,"EUR 4,700/year for non-EU (EUR 4,100/year EU/EEA/candidate countries); 120 ECTS / 2 years, evening studies",None found on programme page; Latvian State Scholarship (EUR 600/month master's) exists but its 39-country list does NOT include Tunisia,None found for Tunisians,N/A for Tunisians,Y for admission (self-pay); N for Latvian state scholarship,Y - 3-5 examples of new media/audiovisual/sound-art works + prospective master's thesis project + entrance examination,"Bachelor's in humanities/arts, OR in engineering/computer science etc. with 12+ months professional artistic experience or 12 ECTS of arts/humanities credits; B2 English (exam waived for prior English-medium study)",UNVERIFIED,UNVERIFIED - confirm on riseba.lv for 2027,https://riseba.lv/en/program/new-media-and-audiovisual-art/,Media-arts/sound-art MA at Riga's H2O media centre; explicitly admits computer-science graduates with artistic experience (his DJ/production practice could satisfy this); affordable but unfunded for Tunisians,Unverified,verification agent returned nothing
Master's studies incl. Sound Engineering study field,"Jazeps Vitols Latvian Academy of Music (JVLMA), Riga",Latvia,Public (conservatory),Acoustics/Audio-Eng,Check - academy offers study courses in English but full-degree MA language of instruction unverified (likely substantial Latvian),UNVERIFIED,None found; Latvian State Scholarship country list does NOT include Tunisia,UNVERIFIED,UNVERIFIED,Check - international admission exists (dedicated regulations annex) but nationality/scholarship specifics unverified,Check - conservatory entrance exams/auditions expected,UNVERIFIED - contact jolanta.mote@jvlma.lv; sound engineering is an official JVLMA study field per official site,UNVERIFIED,"UNVERIFIED - see admission regulations Annex I (international students), pp. 13-15",https://www.jvlma.lv/en,The only conservatory-level sound-engineering pathway in Latvia; needs direct email verification that an English-taught MA exists before shortlisting,Unverified,verification agent returned nothing
MA Art Management (Master of Business Management),"Vilnius University, Kaunas Faculty",Lithuania,Public,Music-Business,English,"EUR 5,500/year (2026, non-state-funded places); 90 ECTS / 1.5 years",VU scholarships for top 5% of admitted students (plus separate Ukrainian-citizen scheme); Lithuanian state scholarship NOT open to Tunisians,Partial (merit),Check - top-5% scholarship coverage details on VU pages,Y for admission; N for Lithuanian state scholarship; Check for VU merit scholarship,N,"Bachelor's in business, management, economics, sociology, communication, linguistics, cultural studies or arts with min 60% average; non-EU applicants must have completed the bachelor's within the last 5 years - NOTE: a software-engineering degree may need case-by-case eligibility confirmation",UNVERIFIED,PRIOR CYCLE - confirm new date (VU non-EU/EFTA deadline has been ~1 June for autumn entry per aggregators - verify on apply.vu.lt),https://www.knf.vu.lt/en/projects/17-en/studies/999-art-management,Short (1.5-year) arts/event-management degree combining management + marketing with real arts-organisation projects - useful for self-managing a DJ/producer career; check whether a software-engineering BSc is accepted,Unverified,verification agent returned nothing
Strategic Management MBA / International Management MA / Digital Product Management MBA (all English),"Estonian Business School (EBS), Tallinn",Estonia,Private,General-Business/MBA,English,"UNVERIFIED on official page (aggregators cite ~EUR 5,500 for 1-year MBA - confirm)","None found on official page; Estonian national scholarship (EUR 350/month, Tunisia eligible) applies to degree students - Check EBS eligibility",UNVERIFIED,Check,Y for admission (non-EU intake reopens per cycle); Tunisia on Estonian national scholarship country list,N,Bachelor's degree; MBA tracks typically expect ~3 years management/leadership experience (Check for new graduate); English test required (aggregator: IELTS ~5.5+ / TOEFL iBT 87 - confirm officially),UNVERIFIED,PRIOR CYCLE - confirm new date (non-EU international admissions for 2026/27 already closed; 2027/28 round expected to open late 2026; Estonia/Finland/Latvia deadline was 3 Aug 2026),https://www.ebs.ee/en/university/masters-studies,"General-business fallback in the Baltic startup hub; EAMT-EBS Cultural Management MA (listed separately) is the stronger, music-specific route into the same school; MBA experience requirement may exclude a fresh graduate",Unverified,verification agent returned nothing
MA Interaction Design,"Estonian Academy of Arts (EKA), Tallinn",Estonia,Public (art academy),Sound/Music-Tech,English,UNVERIFIED,Estonian national scholarship EUR 350/month (Tunisia eligible); EKA-specific waivers Check,UNVERIFIED,EUR 350/month via national scheme; tuition coverage UNVERIFIED,Y - open international admission; Tunisia on national scholarship list,Y - Check exact format (design portfolio standard for EKA MA admissions),Bachelor's degree; portfolio; English proficiency (UNVERIFIED scores). NOTE: EKA has NO dedicated sound-art/sound-design MA - this is the closest programme; EKA has professional sound studios usable within it,UNVERIFIED,"UNVERIFIED - EKA international MA admissions run via DreamApply, typically early in the year; confirm 2027 dates",https://www.artun.ee/en/admissions/english-curricula/,"Marginal fit included for completeness of the EKA sweep: interaction design + sound studios could support audio-interactive/DJ-tool projects for a software engineer, but it is not a music programme",Unverified,verification agent returned nothing
MA Sound Engineering (Rezyseria Dzwieku) — specialties: Music Production; Film & TV Sound Engineering; Sound Engineering in Multimedia,"Fryderyk Chopin University of Music (UMFC), Warsaw",Poland,Public (arts university under Ministry of Culture),Sound/Music-Tech,Polish (university states it is expanding English-taught options for specializations popular with foreign students — Check for 2027 intake),UNVERIFIED — foreigner fees set by Rector's Regulation No. 12/2025; see https://chopin.edu.pl/student/dzial-nauczania/oplaty-za-studia-cenniki,None found (NAWA Banach does NOT cover culture-ministry arts universities — only HEIs supervised by the Minister of Science),None,UNVERIFIED,Y (open admission for foreigners; fee-paying),Y — multi-stage entrance exams; Sound Engineering candidates must additionally pass an audiometric hearing test before main exams,Bachelor's degree; entrance exams (aural/music + specialty); hearing test; language of instruction proficiency,UNVERIFIED (typically spring of intake year),PRIOR CYCLE - confirm new date (2026/27 recruitment ran spring-summer 2026; hearing tests May 22-Jun 14),https://chopin.edu.pl/university/departments/department-of-sound-engineering,"Poland's flagship Tonmeister-style program; Music Production specialty is a direct fit for a producer/DJ, but Polish (or the new English track) and a music-skills exam are hurdles for a CS graduate.",Unverified,verification agent returned nothing
MSc (2nd-cycle) Acoustic Engineering — specialization 'Sound Engineering in Media and Culture',AGH University of Krakow,Poland,Public (technical university),Acoustics/Audio-Eng,Polish (no English-language track stated on the program page — Check),UNVERIFIED — see international.agh.edu.pl for foreigner fees,"NAWA Banach Programme (Tunisia is an eligible country, Group 3)","Full (via Banach: PLN 2,500/month + tuition exemption at public universities + travel lump sum)","PLN 2,500/month up to 12 months/year + tuition-fee exemption + international travel lump sum (verified in Banach 2026 call PDF)","Y (Banach 2026 call lists Tunisia; requires bachelor's obtained in a programme country no earlier than 2024, no prior master's)",N — admission by entrance exam + prior academic record (no artistic portfolio),"Engineering/bachelor degree; entrance exam; for Banach: Polish B2 or English B2, or Polish B1 + 1-year prep course",UNVERIFIED (Banach 2026 call announced 13 April 2026; expect similar timing 2027),PRIOR CYCLE - confirm new date (Banach 2026 call closed 8 May 2026 for Oct 2026 start; expect ~April-May 2027 call for Sept 2027),https://rekrutacja.agh.edu.pl/kierunki-studiow/inzynieria-akustyczna/,"Strong technical DSP/acoustics fit for a software engineer, and Banach-eligible (fully funded) — but confirm whether the sound-engineering specialization can be followed in English or requires Polish.",Unverified,verification agent returned nothing
MSc Electronics and Telecommunications — Sound and Vision Engineering specialization (Multimedia Systems Department),Gdansk University of Technology,Poland,Public (technical university),Acoustics/Audio-Eng,"English MSc in Electronics and Telecommunications exists (official list), but its listed specializations are Radio Communication Systems and Computer Electronic Systems — Check whether Sound & Vision Engineering is available in English or Polish only","PLN 10,000 per semester for non-EU on the English MSc (verified at https://pg.edu.pl/en/admission/master-studies/study-programs-english)",NAWA Banach Programme (Tunisia eligible),Full (if admitted with Banach: stipend + public-university tuition exemption),"PLN 2,500/month + tuition exemption + travel lump sum (Banach)",Y (Banach Group 3),N,Relevant engineering bachelor; English B2 for English track; apply May-July for October intake (official site),May 2027 expected for Sept/Oct 2027 (annual May-July window — confirm),PRIOR CYCLE - confirm new date (winter-intake window May-July each year per official admission page),https://eti.pg.edu.pl/en/ksmm-en,25+ years of audio/DSP multimedia research; ideal bridge from software engineering into audio tech; Banach-eligible public university.,Unverified,verification agent returned nothing
MA Sound Direction (Rezyseria dzwieku),"Feliks Nowowiejski Academy of Music, Bydgoszcz",Poland,"Public (music academy, Ministry of Culture)",Sound/Music-Tech,Polish (Check),UNVERIFIED,None found (not Banach-eligible — culture-ministry HEI),UNVERIFIED,UNVERIFIED,Check,Check (music-academy entrance exams expected),UNVERIFIED — confirm 2nd-cycle admission rules on academy site,UNVERIFIED,UNVERIFIED,https://www.amuz.bydgoszcz.pl/dla-studenta/wydzial-i/sylabusy-przedmiotow/rezyseria-dzwieku/,"Smaller, cheaper alternative to UMFC for sound direction; only program existence verified from official syllabus pages — all admission details need confirmation.",Unverified,verification agent returned nothing
MA Creative Management in New Media (Krzysztof Kieslowski Film School),University of Silesia in Katowice,Poland,Public,Music-Business,English (verified),UNVERIFIED (admission fee PLN 150; tuition table published separately),NAWA Banach Programme (public university under science ministry — Tunisia eligible),Full (if Banach awarded: stipend + tuition exemption); otherwise self-pay,"PLN 2,500/month + tuition exemption + travel (Banach)",Y,Y — portfolio of creative-industry activity + interview in English on creative industries/audiovisual sector,Bachelor in arts/media/communication or related; portfolio; English interview; English B2 for Banach,UNVERIFIED,PRIOR CYCLE - confirm new date (2026/27 recruitment),https://us.edu.pl/wydzial/sf/en/creative-management/,"English-taught creative-industries management (content, copyright, budgeting, social media) at a public film school — one of the few Banach-compatible business-track options; music-specific content limited.",Unverified,verification agent returned nothing
Master in Management (English),"Kozminski University, Warsaw",Poland,Private,General-Business/MBA,English,UNVERIFIED — see program page fee tab,Check — Kozminski merit scholarships; NOT Banach-eligible (private HEI tuition exemption applies to public universities),Partial at best (merit discounts) — Check,UNVERIFIED,Y (open international admission),N,Bachelor's degree; English proficiency (B2-level certificate or equivalent) — Check exact list,UNVERIFIED,UNVERIFIED,https://www.kozminski.edu.pl/en/programs/graduate-programs-master/master-management,Top-ranked private Polish business school; labeled fallback for the general-business track — largely self-pay.,Unverified,verification agent returned nothing
"MgA Sound Design / Zvukova tvorba (follow-up master's, programme N0211A310015)","FAMU — Film and TV School, Academy of Performing Arts in Prague",Czechia,Public (arts academy),Sound-Design/Production,"Czech (English at FAMU is offered only for other MAs and a 1-year non-degree Film Sound course, fee-based — see famu.cz international)","Czech-taught study at Czech public HEIs is tuition-free regardless of nationality (Check current statute); English-taught FAMU programs cost roughly CZK 550,000/yr",Czech Government Scholarship (Developing Countries) — NOTE: Tunisia NOT on the 2026/27 eligible-country list,"None for Tunisians currently (free tuition if studying in Czech, but living costs self-funded)",UNVERIFIED,Y for admission; N for the Czech Government Scholarship 2026/27 list,"Y — portfolio (list of sound works, 2 audiovisual works with commentary, theoretical paper, study project) + oral exam incl. demonstrating musical literacy on an instrument","Relevant bachelor; Czech proficiency (Check level); demanding artistic entrance procedure; covers Dolby Atmos, game audio, spatial sound",UNVERIFIED,PRIOR CYCLE - confirm new date,https://sp.amu.cz/cs/program27028516905.html,World-class film-sound school and tuition-free if you learn Czech — but Czech language + instrument requirement make this a stretch goal for this candidate.,Unverified,verification agent returned nothing
MA programmes of the Sound Design and Music Directing Department (Zvukova tvorba / Hudebni rezie),"HAMU — Music and Dance Faculty, Academy of Performing Arts in Prague",Czechia,Public (arts academy),Sound/Music-Tech,"Czech (HAMU's official English-taught MA list covers instruments/composition/jazz etc., not sound design — English-taught sound study: Check with international office; English study is fee-based per Dean's Decree 13/2025)",Free if studied in Czech (Check); English-taught fees per Dean's Decree no. 13/2025 — UNVERIFIED amount,None found for Tunisians (Czech Gov Scholarship excludes Tunisia 2026/27),None / UNVERIFIED,UNVERIFIED,Y for admission (fee/language rules apply),Y — arts-academy entrance examination (Check exact requirements); language certificate required (for English-taught programmes IELTS 5.5+/TOEFL 87+ per admissions info),Bachelor; certified language level per CEFR; CV; recognized diploma translation; entrance exam,UNVERIFIED,PRIOR CYCLE - confirm new date,https://www.hamu.cz/en/departments-sections/sound-design-department/,Classical music-recording direction tradition (Tonmeister-style); strong studio craft but Czech-centric and audition-heavy.,Unverified,verification agent returned nothing
"Ing. Audio Engineering (follow-up master's, joint teaching with JAMU Music Faculty)",Brno University of Technology (FEEC/FEKT) with Janacek Academy of Performing Arts (JAMU),Czechia,Public (technical university + arts academy consortium),Acoustics/Audio-Eng,Czech (page also references studies in English — Check whether the master runs in English and at what fee),Free in Czech-taught form (Czech public HEI — Check); English-taught form fee UNVERIFIED,South Moravian Centre (JCMM) scholarship for non-EU students in Brno (covers first year of follow-up master's — per studyin.cz); Czech Gov Scholarship not open to Tunisia 2026/27,Partial (JCMM first-year support — Check current call),UNVERIFIED,Y for admission; JCMM open to non-EU students in Brno (Check conditions),Check — technical entrance exam expected; artistic components via JAMU tracks,"Bachelor in audio/electrical/related; entrance exam; covers acoustics, electroacoustics, DSP, spatial audio, studio practice, VR/multimedia tech",UNVERIFIED,PRIOR CYCLE - confirm new date,https://www.utko.fekt.vut.cz/en/masters-study-programme-audio-engineering,Best CS-to-audio bridge in Czechia: DSP/audio-software engineering plus JAMU studio/artistic courses; Brno has extra regional funding (JCMM).,Unverified,verification agent returned nothing
MA Sound Design and Multimedial Technology (Faculty of Arts),"Masaryk University, Brno",Czechia,Public,Sound-Design/Production,Czech (verified on official page),Free in Czech-taught programmes (Check); no English variant found,South Moravian Centre (JCMM) scholarship for non-EU students in Brno (Check current call),Partial (JCMM) / otherwise None,UNVERIFIED,Y for admission (Czech required),Y (light) — oral exam + max 2-page creative project proposal; min 50/100 points,"Bachelor (related fields get partial waivers); Czech proficiency; 2 years full-time or combined; 6-week placement (Brno Philharmonic, National Theatre Brno)",UNVERIFIED,PRIOR CYCLE - confirm new date,https://www.muni.cz/en/bachelors-and-masters-study-programmes/24647-sound-design-and-multimedial-technology,"Practical sound-creation + production + programming mix that suits a software engineer, but Czech-only instruction is the main barrier.",Unverified,verification agent returned nothing
Continuing MA Music Management (Hudebni management),"HAMU — Music and Dance Faculty, Academy of Performing Arts in Prague",Czechia,Public,Music-Business,Czech (official page: English description not available; program targets Czech speakers),Free (Czech-taught at public academy — Check),None found for Tunisians,None,UNVERIFIED,Y for admission (Czech required),"N (project presentation, not artistic portfolio) — entrance exam incl. English B1 test, music listening test, oral exam on management + music institutions, project presentation",Bachelor in music production/arts management or related; Czech proficiency; 2 years full-time,UNVERIFIED,PRIOR CYCLE - confirm new date,https://sp.amu.cz/en/program27057827105.html,"Solid music-industry management training (copyright, digital transformation, institutions) — free, but Czech-language instruction limits feasibility.",Unverified,verification agent returned nothing
Ing. Arts Management,Prague University of Economics and Business (VSE),Czechia,Public,Music-Business,Czech only (per department's English page and search results),Free in Czech (Check); no English master in Arts Management found,None found for Tunisians,None,UNVERIFIED,Y for admission (Czech required),N,Bachelor; entrance exam; Czech proficiency — Check details on kam.vse.cz/english/study/,UNVERIFIED,PRIOR CYCLE - confirm new date,https://kam.vse.cz/english/,Eduniversal-ranked arts-management program combining culture + economics + marketing; tuition-free but Czech-taught.,Unverified,verification agent returned nothing
"M.A. Sound Design (Zvukova skladba), Film and Television Faculty — 4 semesters, 120 ECTS, Dolby Atmos-certified studio",Academy of Performing Arts in Bratislava (VSMU),Slovakia,Public (arts academy),Sound-Design/Production,Slovak (English page exists but language of instruction not stated — Check English options with faculty),"Full-time study in Slovak at public HEIs is generally tuition-free (Check for third-country nationals); admission fee EUR 40; over-length study fee EUR 1,650/yr",Slovak Government Scholarship (ODA / vladnestipendia.sk) for full-degree study in Slovak; plus National Scholarship Programme (SAIA) can fund 4-10 month stays of enrolled degree students,Full via Slovak Government Scholarship if awarded (tuition + monthly stipend + insurance) — Tunisia reportedly on ODA list: Check official 2027/28 country list,"Tuition, monthly stipend, health insurance (per official program descriptions) — amounts UNVERIFIED","Check — Tunisia appears in ODA-country lists cited for 2026/27, but confirm on vladnestipendia.sk; note age limit ~18-26 for master applicants (Check) and study is in Slovak",Y — arts-faculty admission procedure with submitted works (Check exact requirements),"Bachelor in sound/audiovisual field; Slovak language for the program; admission exam; focus on film/TV/radio/music sound, mixing/mastering, Dolby Atmos",UNVERIFIED (scholarship portal opened 23 March 2026 for prior cycle),PRIOR CYCLE - confirm new date (Slovak Gov Scholarship 2026/27 deadline was 25 May 2026 per minedu.sk; VSMU program deadlines separate),https://www.vsmu.sk/en/ftf/faculty-organizational-stucture/department-of-sound-design/sound-design-m-a/,"Modern Dolby Atmos facility and production-oriented training; the only realistic fully-funded Slovak route is the government ODA scholarship, which requires studying in Slovak — high language cost for this candidate.",Unverified,verification agent returned nothing
"Governmental Scholarships of the Slovak Republic (full-degree funding vehicle, all levels, public universities, study in Slovak)",Ministry of Education of the Slovak Republic (vladnestipendia.sk),Slovakia,Public,General-Business/MBA,Slovak (study conducted in Slovak; preparatory language support — Check),Tuition covered for scholarship holders,Government Scholarships of the SR (development cooperation / ODA),Full (tuition + monthly stipend + insurance per official descriptions — amounts UNVERIFIED),UNVERIFIED amounts; covers full study cycle,Check — Tunisia cited in ODA eligible-country lists for 2026/27 (secondary sources); confirm on the official 'List of Scholarships of the Government of the SR' for 2027/28; age limit reported 18-26 for BA/MA (Check),N (scholarship itself); host-program admission rules apply,Citizenship of ODA-eligible country; admission to a Slovak public university; online application at vladnestipendia.sk,March 2027 expected (2026 portal opened 23 March 2026),"PRIOR CYCLE - confirm new date (2026/27 deadline: 25 May 2026, verified on minedu.sk)",https://www.minedu.sk/scholarships-of-the-government-of-the-slovak-republic/,Fully funded but Slovak-language study only — realistic for this candidate solely if willing to invest a preparatory year in Slovak; usable toward VSMU Sound Design or a Slovak public business faculty.,Unverified,verification agent returned nothing
MSc Electronics and Telecommunications (English) — closest English-taught technical entry to audio/multimedia at this university,Gdansk University of Technology,Poland,Public,Acoustics/Audio-Eng,English (verified),"PLN 10,000 per semester (non-EU), 3-4 semesters (verified)",NAWA Banach Programme (Tunisia eligible),"Full via Banach if awarded; otherwise self-pay ~PLN 10,000/semester","PLN 2,500/month + tuition exemption + travel (Banach)",Y,N,Engineering bachelor in a related field; English B2; apply May-July (winter/October intake) or Nov-Dec (summer intake),May 2027 (expected annual pattern — confirm),PRIOR CYCLE - confirm new date (annual May-July window for October starts),https://pg.edu.pl/en/admission/master-studies/study-programs-english,"Fallback if the Sound & Vision specialization is not available in English: same faculty as the Multimedia Systems Department, with thesis/electives possible in audio-DSP topics; verify specialization access before applying.",Unverified,verification agent returned nothing
"MA in Music (Classical Performance, Composition, Conducting; postgraduate Piano Soloist)",Liszt Ferenc Academy of Music (Liszt Academy),Hungary,Public,Sound/Music-Tech,English (main subject classes in English; some group lessons mixed Hungarian-English),"UNVERIFIED (third-party sources cite approx. EUR 2,100/semester; official fee list at uni.lisztacademy.hu/tuition-fees)",Stipendium Hungaricum (Liszt Academy confirmed host institution),"Full (via Stipendium Hungaricum, for BA/MA and Piano Soloist)","Full tuition waiver + monthly stipend HUF 43,700 + housing support (HUF 40,000/month or dormitory) + health insurance",Y (Tunisia is an official Stipendium Hungaricum sending partner; nomination via Tunisian Ministry of Higher Education required),"Y (video recordings with application + mandatory in-person entrance exam/audition in Budapest, late June/early July)","Bachelor's in music (preliminary credit recognition for MA), audition, TOEFL/IELTS/Cambridge certificate required for SH applicants",PRIOR CYCLE: SH portal opened 17 Nov 2025 for 2026/27 intake; expect ~Nov 2026 for Sept 2027,PRIOR CYCLE - confirm new date (SH deadline was 15 Jan 2026 for 2026/27; credit-recognition documents by 31 Mar),https://uni.lisztacademy.hu/application/full-time-and-non-degree-programmes-109988,"World-famous conservatory and fully fundable via SH, but strictly classical - a DJ/producer without formal classical training is unlikely to pass the audition; include only as prestige long-shot.",Unverified,verification agent returned nothing
Classical Musical Performance MA,"University of Debrecen, Faculty of Music",Hungary,Public,Sound/Music-Tech,English,UNVERIFIED (self-funded fee not confirmed on official page),Stipendium Hungaricum,Full (via Stipendium Hungaricum; Debrecen hosts 2000+ SH students),"Full tuition + HUF 43,700/month stipend + housing contribution + health insurance",Y (Tunisia is SH partner country),Y (entrance examination; instrumental/vocal audition),BA degree in suitable instrumental/vocal area + English proficiency + entrance exam; university states IELTS not required for its own admission,PRIOR CYCLE: SH opened Nov 2025 for 2026/27; expect Nov 2026 for Sept 2027,PRIOR CYCLE - confirm new date (SH deadline 15 Jan 2026 for 2026/27),https://edu.unideb.hu/p/classical-musical-performance-ma,Classical performance focus - weak fit for an electronic-music DJ/producer; only viable if the candidate has instrumental/vocal training. Fully funded route via SH.,Unverified,verification agent returned nothing
Classical Music Performance MA / Classical Singing MA (Faculty of Music and Visual Arts),University of Pécs,Hungary,Public,Sound/Music-Tech,English,"EUR 3,000/semester cited for Classical Singing MA (third-party - UNVERIFIED); confirm on art.pte.hu",Stipendium Hungaricum,Full (via Stipendium Hungaricum - Pécs is confirmed SH host: stipendiumhungaricum.hu/institutions/university-of-pecs/),"Full tuition + HUF 43,700/month stipend (12 months/yr) + housing contribution + health insurance",Y (Tunisia is SH partner country),Y (audition/entrance exam - Check exact format),BA in relevant music field + English proficiency + audition. NOTE: Pécs's 'Electronic Music and Media Art' program (best subject fit) is BACHELOR level only - verified on official page; no MA equivalent yet,UNVERIFIED (SH: expect Nov 2026 for Sept 2027),Official page shows 1 June 2026 for the 2026 intake (still-open/just-closed 2026 cycle) - PRIOR CYCLE - confirm new date for 2027,https://international.pte.hu/admission/study-programs/music-and-arts,"Only Hungarian faculty integrating music + visual arts, but the MA offer is classical; the genuinely relevant Electronic Music and Media Art program exists only as a 3-year BA (SH-fundable) - flag as an unconventional fallback.",Unverified,verification agent returned nothing
MSc in Management and Leadership (with CEMS Master in International Management option),Corvinus University of Budapest,Hungary,Public (foundation-run; AACSB & AMBA accredited),General-Business/MBA,English,"EUR 3,700/semester for non-EEA students (approx. EUR 14,800 for 4 semesters)",Stipendium Hungaricum; Corvinus full-tuition institutional scholarships (announced for Sept 2026 entrants),"Full (Stipendium Hungaricum - Corvinus is a confirmed SH host institution; plus Corvinus full-tuition scholarships for self-funded MSc entrants - tuition only, no living costs)","SH: full tuition + HUF 43,700/month stipend + housing support + insurance. Corvinus institutional scholarship: tuition only",Y for SH (Tunisia partner country); Corvinus institutional scholarship open to internationals - Check terms,N,"Bachelor's + credit recognition procedure (15 cr methodology, 10 economics, 15 business, 10 social science, 10 management - a software engineering BSc will need this checked) + English language requirement",UNVERIFIED (SH expected ~Nov 2026 for Sept 2027),Self-funded 2026/27 deadline: 13 Aug 2026 (still open for 2026 intake). SH route: PRIOR CYCLE - confirm new date (15 Jan pattern),https://www.uni-corvinus.hu/post/landing-page/masters/msc-in-management-and-leadership-with-cems/?lang=en,"Top business school in Hungary, fully fundable via SH; good for building the business/management side of a music career, though not music-specific. CEMS semester abroad adds international network.",Unverified,verification agent returned nothing
Art and Design Management MA,Budapest Metropolitan University (METU),Hungary,Private,Music-Business,English,"EUR 3,990/semester for non-EU (two semesters payable upfront)","METU Excellence Scholarship; Metropolitan Communication Foundation Scholarship (EUR 1,000/semester for GPA >= 3.0)","Partial (METU merit scholarships EUR 500-1,000/semester); Check whether METU participates in Stipendium Hungaricum",Tuition discounts only; no stipend,Y (open international admission),Y (portfolio of previous works + CV + motivation letter),"Bachelor's in any related field, GPA above 50%, upper-intermediate English 'equivalent to IELTS 6.0+/TOEFL 79+ - no certificate needed' (helpful since candidate has no IELTS yet)",UNVERIFIED,UNVERIFIED (rolling intakes via apply.metropolitan.hu; Fall intake listed),https://metropolitan.hu/en/programs/art-and-design-management-ma,"Creative-industries management (events, festivals, PR) in English with no formal English certificate required - decent track-2 fit, though focused on visual arts/fashion rather than music; largely self-pay.",Unverified,verification agent returned nothing
Master in International Business (English track),"University of Ljubljana, School of Economics and Business (UL SEB)",Slovenia,Public (triple-crown accredited school),General-Business/MBA,English,"EUR 4,700/academic year for non-EU full-time (official fees page ef.uni-lj.si) + EUR 61.60/yr study contribution",None found,None found (no scholarship for Tunisian nationals identified on official pages),UNVERIFIED,Y for admission (non-EU applicants pay tuition; Slovenia has no national scheme for Tunisians found),N,Bachelor's degree; English fluency (Check accepted proofs); possible bridging requirements for non-business degrees,Applications for 2027/28 open January 2027 (stated on official SEB master's pages),2026/27 applications closed; 2027/28 cycle opens Jan 2027 - confirm exact deadline,https://www.ef.uni-lj.si/en/study/masters-programmes/international-business,Affordable EU-accredited business master (~EUR 4.7k/yr) in an English track; self-pay but low-cost fallback for the business track.,Unverified,verification agent returned nothing
"Master's programmes in Music (performance, composition - Academy of Music)","University of Ljubljana, Academy of Music",Slovenia,Public,Sound/Music-Tech,Slovenian (instruction primarily Slovenian; English course availability - Check),"Within UL official non-EU range EUR 2,000-15,000/yr depending on programme (arts programmes at upper end - Check exact figure at ag.uni-lj.si)",None found (Slovenian state scholarships target EU/Western Balkans/bilateral partners - Tunisia not identified),None found for Tunisian nationals,UNVERIFIED,Y for admission (non-EU pay tuition),Y (audition/artistic entrance exam standard for music academies - Check),Relevant first-cycle music degree + audition; Slovenian language proficiency likely required - Check,UNVERIFIED,UNVERIFIED - Check ag.uni-lj.si admission calendar,https://www.uni-lj.si/en/study/tuition-fees-and-other-study-contributions,"Included for completeness of the Ljubljana sweep: classical conservatory, Slovenian-taught, no music-technology master found - poor fit for this candidate.",Unverified,verification agent returned nothing
"Media Arts and Practices MA (modules: Animation, Film, Photography, New Media, Contemporary Art Practices, Scenographic Spaces, Art-Science-Technology)","University of Nova Gorica, School of Arts",Slovenia,Private (non-profit university),Sound-Design/Production,English available (min. B2 CEFR) alongside Slovenian,"EUR 3,500/year (third-party figure - UNVERIFIED on official page; official page points to separate fee list)",None found,None found,UNVERIFIED,Y for admission (Check visa/fee status),"Y (portfolio + biography + project proposal, creative assignment, interview; artistic ability assessment)",First-cycle degree (180 ECTS - candidate's engineering BSc qualifies formally) + B2 English + pass artistic assessment; only 10 places,UNVERIFIED,"2026 intake: Round 1 portfolio 26 May 2026 (passed); Round 2 portfolio due 1 Sep 2026, interviews 9-13 Sep - STILL OPEN for 2026; confirm 2027 cycle dates",https://ung.si/en/admissions/second-level-admissions/media-arts-and-practices/,"Closest Slovenian match for a creative producer: project-based media-arts MA in English; no dedicated sound module, but New Media / Art-Science-Technology tracks can host audio work. Small cohort, self-pay (~EUR 3.5k/yr).",Unverified,verification agent returned nothing
MBA in Management (English-taught MBA/specialist master programmes),Zagreb School of Economics and Management (ZSEM),Croatia,Private (AACSB accredited),General-Business/MBA,"English (most programmes - official site could not be fetched, treat as Check)","UNVERIFIED (third-party sources cite ~EUR 12,100 for the 12-month MBA)",None found,None found (no institutional scholarship for Tunisians verified),UNVERIFIED,Check (open international admission expected; official site blocked automated access),N,UNVERIFIED (bachelor's degree + English; Check GMAT/experience requirements),UNVERIFIED,UNVERIFIED - Check zsem.hr,https://www.zsem.hr/en/,"Croatia's best-known private business school, ranked in QS Europe MBA lists; English-taught but expensive and self-pay - fallback only. Official site returned 403 to our fetcher, so all figures need confirmation.",Unverified,verification agent returned nothing
"Graduate (MA) programmes in audiovisual arts - film & TV production incl. sound roles (4 semesters, 120 ECTS)","Academy of Dramatic Art (ADU), University of Zagreb",Croatia,Public,Sound-Design/Production,Croatian (University of Zagreb lists ADU and the Academy of Music under 'studies and courses in Croatian'),UNVERIFIED - Check ADU enrollment call,None found (Croatian bilateral/AMPEU scholarships - Tunisia eligibility Check),None found for Tunisian nationals,UNVERIFIED,Check (admission open to foreigners but Croatian-language study),Y (artistic entrance qualification exams standard at ADU - Check per programme),Relevant undergraduate degree + Croatian language + artistic entrance exam,UNVERIFIED,UNVERIFIED,https://www.adu.hr/eng/programs,Sweep finding: Croatia has NO English-taught sound/music-technology master we could verify (Zagreb Academy of Music and ADU are Croatian-taught; Algebra University's English masters cover games/multimedia but not audio). Croatian-language barrier makes this impractical for the candidate.,Unverified,verification agent returned nothing
"MA in Dramatic and Audiovisual Arts - Sound Recording and Design (1 year, 60 ECTS, up to 20 students)","Faculty of Dramatic Arts (FDU), University of Arts in Belgrade",Serbia,Public,Sound-Design/Production,Serbian (Check - official English page does not state an English track; instruction is in Serbian),UNVERIFIED - Check FDU annual enrollment call (konkurs) for foreign-student fee,None found,None found (Serbia's 'World in Serbia' scheme dormant; no current national scholarship for Tunisians verified),UNVERIFIED,Check (foreign applicants admitted subject to diploma recognition; language requirement is the barrier),"Y (Check - entrance exam standard; department covers film/TV sound, radio, stage sound, classical & POPULAR music recording, multimedia sound design)",Completed undergraduate studies of at least 240 ECTS (candidate's 4-5 yr engineering degree may satisfy volume - field acceptance Check) + entrance exam,UNVERIFIED (Serbian MA enrollment calls typically Sep-Oct - confirm),UNVERIFIED - Check FDU konkurs,https://fdu.bg.ac.rs/en/studies/m-a-studies/sound-recording-and-design,The strongest dedicated sound-engineering/production master in the entire slice - explicit courses in popular-music recording and sound design; Arabic/French speaker would still face Serbian-language instruction; very low regional tuition but no scholarship route for Tunisians.,Unverified,verification agent returned nothing
"MA Music and Media (1 year, 60 ECTS)","Academy of Arts, University of Novi Sad",Serbia,Public,Sound/Music-Tech,Serbian,"125,000 RSD (~EUR 1,500) per the national StudyInSerbia database - confirm foreign-student rate at en.akademija.uns.ac.rs",None found,None found,UNVERIFIED,Check (foreign candidates have a defined application procedure at the Academy; Serbian-language study),"Check (Academy also runs a Laboratory for Recording, Editing and Sound Design)",UNVERIFIED (relevant bachelor's + entrance requirements per konkurs),Programme starts in October; enrollment call timing UNVERIFIED,UNVERIFIED - Check Academy enrollment call,https://www.bazaobrazovanja.rs/en/program/university-of-novi-sad-academy-of-arts-master-music-and-media,"Audio-visual/media-production oriented music master at rock-bottom tuition (~EUR 1.5k), accredited 2023; Serbian-language instruction is the main obstacle.",Unverified,verification agent returned nothing
"MA in Cultural Policy and Management - Interculturalism and Mediation in the Balkans (UNESCO Chair, 2 semesters, 60 ECTS)",University of Arts in Belgrade (with international partners incl. Université Lumière Lyon 2),Serbia,Public,Music-Business,English (fully English-taught; historically also a French track - Check current status; candidate's French is an asset),"EUR 2,100-2,300 per academic year (official page; same rate applies internationally)","Dragan Klaic Fellowship (Open Society Foundations / European Cultural Foundation) - 1 award/yr covering tuition + living, but restricted to Balkan-region candidates (Tunisian NOT eligible)",Partial/None for this candidate (the one full fellowship is Balkan-region-restricted),Fellowship covers tuition and living expenses - Balkan candidates only; no funding identified for Tunisians,Y for admission (programme 'welcomes students from Europe and worldwide'); N for the Dragan Klaic Fellowship,N (online questionnaire instead of interview; motivation-based selection),"University degree in social sciences, humanities or ARTS (240 ECTS) + fluent English - candidate's software-engineering degree may need eligibility Check; obligatory field internship",Open now for 2026 intake,"2026 intake rounds: 22 June, 24 August, and 1 October 2026 (STILL OPEN for 2026 entry) - confirm 2027 dates later",http://www.arts.bg.ac.rs/en/studies/degrees-in-english/cultural-policy-and-management-interculturalism-and-mediation-in-the-balkans/,"Best-verified track-2 option in the slice: cheap (EUR ~2.2k/yr total), English-taught, UNESCO-branded arts/cultural management with strong European network - directly useful for festival/music-industry management; a 2026 intake round is still open (1 Oct 2026).",Unverified,verification agent returned nothing
MSc Sound and Music Technologies,Hellenic Mediterranean University (Dept. of Music Technology & Acoustics),"Greece (Rethymno, Crete)",Public,Sound/Music-Tech,Greek (per ministry registry),"FREE — no tuition (confirmed on official Greek Ministry registry, studies.minedu.gov.gr/program/?programme_id=1619)",None found — tuition-free public program,None found (but program is tuition-free; students hold 'scholar' status and support dept teaching),No stipend; zero tuition only,Y — foreign degrees accepted (DOATAP recognition required); Check Greek-language requirement,Check — admission by application evaluation + interview,"Relevant bachelor's (music tech, engineering, CS, physics, music); 3 semesters / 90 ECTS; in-person in Rethymno; max ~15 students; Greek language ability needed in practice",UNVERIFIED,UNVERIFIED — no open call listed as of Jul 2026; contact grmta@hmu.gr for 2027 cycle,https://mta.hmu.gr/en/postgraduate/msc-in-sound-and-music-technologies/,"Curriculum (digital audio processing, sound synthesis, acoustics, AI, motion tracking) is an ideal DSP/audio-tech match for a software engineer, and it is tuition-free — but instruction is in Greek, which is the main barrier.",Unverified,verification agent returned nothing
MSc Music Technology and Contemporary Practices (tracks: Applied Music Technology; Jazz Improvisation & New Technologies; Music Creation for New Media),"National and Kapodistrian University of Athens (NKUA), Dept. of Music Studies",Greece (Athens),Public,Sound/Music-Tech,Check — official English site exists but teaching language not stated (likely Greek),EUR 700 per semester (official program site),None found,UNVERIFIED,UNVERIFIED,Y — 'graduates from other countries holding eligible credentials are accepted',Check,Bachelor's from any Greek university or recognized foreign university (DOATAP); 30 students/year,UNVERIFIED,UNVERIFIED — confirm 2027 call on program site,https://mastermusictech-en.music.uoa.gr/,Very low cost; 'Music Creation for New Media' and 'Applied Music Technology' tracks fit a producer/DJ with CS background; run by NKUA's Music Acoustics & Technology Lab (Prof. Georgaki). Verify Greek-language demands.,Unverified,verification agent returned nothing
Joint MA 'Sonic Arts and Audio Technologies' (specializations: Electroacoustic Artistic Creation / Applied Audio Production),"Ionian University, School of Music & Audiovisual Arts (Music Studies + Audio & Visual Arts depts.)",Greece (Corfu),Public,Sound/Music-Tech,"Greek, with some teaching in English; thesis may be in English","EUR 2,700 total (payable in installments; prior-cycle official call)",Tuition-waiver scheme for up to 30% of intake (official call document),Partial — up to 30% of admitted students receive FULL tuition waivers (in exchange for lab support work),"Tuition waiver only, no stipend",Y — recognized foreign degrees accepted; Check Greek-language level,Y — artistic portfolio and work experience among supporting documents,Degree related to sonic arts / audio technology / audio applications; other graduates admissible with demonstrated audio research or artistic activity; ~15 places,PRIOR CYCLE - ~1 July (2022 pattern); confirm,PRIOR CYCLE - confirm new date (last verified call closed 18 Sep 2022; calls typically run Jul–Sep),https://music.ionio.gr/sonarts/,"'Applied Audio Production' specialization explicitly targets music industry, advertising, film/TV and sound synthesis for virtual environments — the closest Greek program to music-production career goals; CS degree satisfies the tech entry route.",Unverified,verification agent returned nothing
MA Audiovisual Arts in the Digital Age,"Ionian University, Dept. of Audio & Visual Arts",Greece (Corfu),Public,Sound-Design/Production,Check (likely Greek; official page silent),"EUR 2,400 total (official page)",None found,None found,UNVERIFIED,Y — foreign recognized degrees admissible; Check language,Check,"Degree from Greek or recognized foreign HEI, preferably related to art forms; max 25 students; 3 semesters",Spring (annually) — confirm 2027 call,PRIOR CYCLE - confirm new date (call issued each spring for the following academic year),https://avarts.ionio.gr/en/studies/postgraduate/ada/,Digital/new-media arts including sound production; broader than pure audio — useful if candidate wants AV/interactive art angle alongside music.,Unverified,verification agent returned nothing
Master of Arts by Research (MARes) in Hybrid Arts,"Ionian University, Dept. of Audio & Visual Arts",Greece (Corfu),Public,Sound/Music-Tech,Check,UNVERIFIED,None found,UNVERIFIED,UNVERIFIED,Check,Check — research-based admission,Independent research orientation beyond taught content; prepares for professional practice or PhD,UNVERIFIED,PRIOR CYCLE - confirm new date (2024–25 call closed 1 Dec 2024),https://avarts.ionio.gr/en/news/31551/,Research-track option for sound/hybrid-arts projects; lower priority than the taught Sonic Arts MA but same department and studios.,Unverified,verification agent returned nothing
"International MBA (i-MBA, full-time or part-time)",Athens University of Economics and Business (AUEB),Greece (Athens),Public,General-Business/MBA,English,"EUR 9,700 full-time / EUR 9,900 part-time (official tuition page)","i-MBA scholarships — up to ~20 per year covering net enrollment fees (EUR 4,500–18,300 range, EU and non-EU eligible); GMAT-merit scholarships",Partial to Full-tuition,Tuition coverage only; no living stipend,Y — non-EU applicants explicitly admitted and scholarship-eligible,N,Bachelor's degree; English proficiency test; GMAT considered (Check whether mandatory); work experience preferred for MBA,UNVERIFIED (typically autumn for following year),29 Jun 2026 (extended) for Sept 2026 intake — now closed; 2027 cycle expected ~spring 2027 (PRIOR CYCLE pattern - confirm),https://imba.aueb.gr/,AMBA-accredited English MBA at public-university pricing with real scholarships — the strongest verified general-business option in the slice; fresh graduate status may weaken MBA admission (work experience usually expected).,Unverified,verification agent returned nothing
"Music (MMus), 1.5 years / 3 semesters — concentrations reported to include Music Technology (Check on official page)",University of Nicosia (UNIC),Cyprus (Nicosia),Private,Sound/Music-Tech,English,"UNVERIFIED for MMus — not listed in UNIC's official 2024-25 international fee sheet; comparable UNIC 90-ECTS masters cost EUR 13,860 total for non-EU (EUR 154/ECTS)",None found for postgraduates (financial-hardship aid examined individually),None — UNIC's official fee document states merit scholarships are NOT applicable to master's programmes; only case-by-case financial hardship aid,N/A,"Y — large non-EU intake, standard student-visa route","Y — audition on primary instrument (20+ min, contrasting styles) plus interview; composition applicants submit portfolio (Check per concentration)","Accredited bachelor's; 2 recommendation letters, personal statement, CV; English placement test if no IELTS/TOEFL (UNIC runs its own placement — useful since candidate has no IELTS yet); non-EU must study full-time and prepay each semester",Rolling,Rolling — Fall 2026 classes start ~30 Sep 2026; non-EU visa dossier deadlines are earlier (Check with admissions),https://www.unic.ac.cy/music-mmus-1-5-years-or-3-semesters/,"English-taught MMus in an easy-visa country; audition requirement is classical-performance oriented, which may not suit a DJ/producer profile — confirm whether the music-technology concentration waives the instrumental audition.",Unverified,verification agent returned nothing
"Master in Music (online, 18 months; specializations Music Pedagogy / Music Composition, with music-technology coursework)",European University Cyprus (EUC),Cyprus (Nicosia) — online delivery,Private,Sound/Music-Tech,English or Greek,UNVERIFIED (fees only in downloadable PDF at euc.ac.cy/en/admissions/tuition-fees/),None found,UNVERIFIED,N/A,"Y — online, no visa needed",Y for Composition (portfolio of works); audition/interview if department deems necessary,Music degree required for Composition; other bachelor's accepted for Pedagogy concentration,Rolling,Check — online intakes typically multiple per year; EUR 52 application fee,https://euc.ac.cy/en/programs/master-music-online/,"Fallback/parallel option: English-taught, studiable from Tunisia while gigging; composition + music-tech content relevant but pedagogy-heavy — weaker direct fit for a producer career.",Unverified,verification agent returned nothing
"MA Arta Sunetului de Film (Film Sound Art) — 2 years, 120 ECTS","UNATC 'I.L. Caragiale' — National University of Theatre and Film, Bucharest",Romania (Bucharest),Public,Sound-Design/Production,Romanian (prep year available under MFA scholarship),UNVERIFIED for non-EU (program has 3 state-funded + 3 fee-paying places; non-EU fee not on page),"Romanian Government (MFA) Scholarships for non-EU citizens — covers tuition, registration fees, dorm accommodation and monthly stipend; travel not covered; requires study in Romanian (fully funded 1-year prep language course); official info: https://www.mae.ro/en/node/10251, apply at https://scholarships.studyinromania.gov.ro/",Full possible via Romanian State (MFA) scholarship; otherwise None found,MFA route: tuition + accommodation + monthly stipend; no airfare. MFA application window was 16 Feb–31 Mar 2026 for 2026-27; expect ~Feb–Mar 2027 for Sept 2027 (confirm),Y — non-EU admitted (fee-paying or via MFA scholarship); state-funded places reserved for RO/EU,Y — portfolio of works with candidate's own sound design + written test (film culture/sound tech) + oral exam presenting a DAW project (ProTools/Nuendo/Reaper etc.),Bachelor's (180/240 ECTS); EuroPass CV; practical DAW competence expected — plays directly to candidate's production skills,"4 Aug 2026 (2026 cycle, official)","2026 intake STILL AHEAD: registration 4 Aug–9 Sep 2026, exams 15–20 Sep 2026; Sept 2027 cycle expected on same calendar",https://admitere.unatc.ro/arta-sunetului-de-film/,Hands-on film-sound production master with industry-standard DAWs; combined with the fully-funded MFA scholarship (incl. Romanian prep year) it is one of the few genuinely FULLY FUNDED sound-production paths in this slice for a Tunisian.,Unverified,verification agent returned nothing
"MA Interactive Technologies for Performing and Media Arts (English-taught, 2 years, 120 ECTS)","UNATC 'I.L. Caragiale', Bucharest — CINETic centre",Romania (Bucharest),Public,Sound/Music-Tech,English,UNVERIFIED (non-EU arts tuition in Romania is typically charged per month of study — confirm with UNATC international office),None found,None found (MFA scholarship NOT applicable — it funds Romanian-taught programs only),UNVERIFIED,Y — English-taught international program,Check — application per admission regulations; portfolio likely,"Bachelor's; program focuses on digitally controlling sound, light, image and code for performing/media arts",UNVERIFIED,Check admitere.unatc.ro (2026 admission sessions run Jul–Sep 2026),https://unatc.ro/devunatc/english-programs/,English-taught and squarely at the code+sound intersection (ideal for a software engineer moving into live AV/interactive performance); no funding scheme identified though.,Unverified,verification agent returned nothing
"Master's programmes (120 ECTS, 2 yrs) — Faculty of Performing Arts / Faculty of Composition, Musicology and Music Pedagogy",National University of Music Bucharest (UNMB),Romania (Bucharest),Public,Sound/Music-Tech,Romanian (Check for any English options),"UNVERIFIED (aggregators cite ~USD 5,000+/yr for non-EU — confirm with UNMB international office, unmb.ro/eng/international)",Romanian Government (MFA) Scholarships for non-EU citizens (https://www.mae.ro/en/node/10251),Full possible via Romanian State (MFA) scholarship (Romanian-taught study + funded prep year),MFA route: tuition + accommodation + monthly stipend; travel excluded,Y — 75 international students from 13 nationalities enrolled; MFA-scholarship eligible,Y/Check — conservatory-style entrance (audition/portfolio by specialization),Music-related bachelor's normally expected — a software-engineering degree may not qualify for composition/performance tracks (Check),UNVERIFIED,PRIOR CYCLE pattern (Jul & Sep admission sessions) - confirm new date,https://studyinromania.gov.ro/unmb,National conservatory with recording studios; fit depends on acceptance of a non-music bachelor — weaker entry fit than UNATC for this candidate.,Unverified,verification agent returned nothing
Master in Sound Engineering / 'Tonrezhisura' (Sound Directing),"National Academy of Music 'Prof. Pancho Vladigerov', Sofia",Bulgaria (Sofia),Public (state conservatory),Acoustics/Audio-Eng,Bulgarian (Check for English/individual tuition options common at BG music academies),UNVERIFIED (foreign-student fees published by academy's international office; contact via nma.bg foreign-students section),None found,UNVERIFIED,UNVERIFIED,Check,Y/Check — conservatory entrance exam,Bachelor's; sound-engineering specialization confirmed at BA+MA level via AEC membership listing (https://aec-music.eu/member/national-academy-of-music-prof-pancho-vladigerov); accepts foreign students,UNVERIFIED,UNVERIFIED,https://nma.bg/en/,Bulgaria's national conservatory with a dedicated sound-engineering chair; language and unverified fees make it a secondary lead to confirm directly.,Unverified,verification agent returned nothing
"MA 'Tonrezhisura' (Sound Direction) — sound engineering, mastering, sound design, electronic sound, film/TV sound (1 year after relevant BA)","New Bulgarian University (NBU), Sofia",Bulgaria (Sofia),Private,Sound-Design/Production,Bulgarian,"UNVERIFIED (NBU publishes semester fees at nbu.bg admissions; private-university pricing, historically low by EU standards)",None found,UNVERIFIED,UNVERIFIED,Check,Check — admission interview per NBU master-admission process,"Bachelor's; program covers DAW/studio work, digital audio processing, mastering, sound for film/TV, computer sound modelling",Rolling per semester,Check — NBU admits each semester (consultation + entrance interview calendar on nbu.bg),https://ecatalog.nbu.bg/default.asp?V_Year=2020&PageShow=programpresent&P_Menu=teachers&Fac_ID=4&M_PHD=0&P_ID=2670&TabIndex=1&l=0,"Curriculum (mastering, e-sound, sound design, music production) matches producer goals closely, but Bulgarian-language instruction is a hard barrier unless individual arrangements exist.",Unverified,verification agent returned nothing
"Master of Arts programmes, Faculty of Music (15 MA + 4 professional-master programmes across music fields)","University of Arts (UART), Tirana",Albania (Tirana),Public,Sound/Music-Tech,Albanian (Check),"UNVERIFIED (aggregators suggest ~USD 1,000+/yr for internationals — very low; confirm with UART)",None found,UNVERIFIED,UNVERIFIED,Check,Y — admission only by competition/entrance examination,Bachelor's; foreign students admitted incl. via bilateral agreements; no dedicated sound-technology master identified,UNVERIFIED,UNVERIFIED,https://uart.edu.al/index.php?lang=2,"Included for completeness of the Balkans sweep: no music-technology/production master verified in Albania, N. Macedonia, Bosnia, Montenegro or Kosovo — their public academies (UART Tirana, Ss. Cyril & Methodius Skopje, Academy of Music Sarajevo, Cetinje, Prishtina) offer classical performance/pedagogy masters in local languages only; weak fit for this candidate.",Unverified,verification agent returned nothing
MSc Acoustics and Music Technology (Edinburgh College of Art / Acoustics and Audio Group),University of Edinburgh,United Kingdom,Public,Sound/Music-Tech,English,UNVERIFIED (fee shown by country selector on official site; aggregators suggest ~£33k),Edinburgh College of Art scholarships; Chevening,Partial (ECA awards); Full only via external schemes,UNVERIFIED,Y,"N (personal statement, transcripts, 1 reference)","UK 2:1 or intl equivalent in physics, maths, COMPUTER SCIENCE or engineering; IELTS 7.0 (min 6.0 each) - high English bar","October 2026 (for 2027-28, per official page)","PRIOR CYCLE - confirm new date (5 July 2026 for Sept 2026 entry; 2027-28 info publishes 1 Oct 2026, apps open October)",https://study.ed.ac.uk/programmes/postgraduate-taught/478-acoustics-and-music-technology,CS degrees are named as a preferred background; heavier on physics/DSP than production; note the IELTS 7.0 requirement is demanding.,Unverified,verification agent returned nothing
MSc Creative Sound Design & Audiovisual Media,University of Glasgow,United Kingdom,Public,Sound-Design/Production,English,"£26,460 (full-time)","African Excellence Award (FULL tuition waiver - Tunisia is African, verify country list); World Changers Glasgow Scholarship (£5,000)","Full (tuition waiver via African Excellence Award, if Tunisia on list) / Partial",Tuition only (no stipend); confirm African Excellence terms,Y (Check African Excellence Award country list explicitly),Y - 2-3 audio/video examples (SoundCloud/Vimeo/YouTube links),2:1 in music/audio or arts-related field; work experience considered in lieu; IELTS 6.5 (no subtest below 6.0),UNVERIFIED,PRIOR CYCLE - confirm new date (24 Aug 2026 for Sept 2026 entry),https://www.gla.ac.uk/postgraduate/taught/creative-sound-design-audiovisual-media/,Creative sound-design MSc with a possible FULL tuition waiver for African students - one of the best funding angles in the UK for a Tunisian; portfolio of his productions/DJ work required.,Unverified,verification agent returned nothing
MA Music Management,University of Leeds (School of Music),United Kingdom,Public,Music-Business,English,"£32,500 (total, 12 months)",Leeds international/subject scholarships (various); Chevening,Partial (university); Full via Chevening,UNVERIFIED,Y,N (written work sample may be requested),"2:1 in music, business or related field (relevant professional experience considered); IELTS 6.5 (min 6.0 each)",UNVERIFIED,Check 'How to apply' page - varies by intake,https://courses.leeds.ac.uk/j849/music-management-ma,Russell Group music-business degree with a real-industry Music Management Project - strong network builder but expensive without a scholarship.,Unverified,verification agent returned nothing
"MMus Creative Practice (pathways incl. popular music composition & production, sonic arts)","Goldsmiths, University of London",United Kingdom,Public,Sound-Design/Production,English,"£22,000 (full-time)",Global Ethnic Majority Music Scholar's Fee Waiver (full tuition - check intl eligibility); Sarah Caple Award,"Full (fee waiver, eligibility Check) / otherwise None",Tuition only (Check),Y (Check fee-waiver eligibility rules),Y - 4-6 pieces of recent original creative work (streamable links),"2nd-class+ degree in music or related subject with practical/creative element; non-music graduates considered with demonstrated ability; IELTS 6.5 (6.5 writing, min 6.0 each)","October 2026 (for Sept 2027, per official page pattern)",Rolling - applications open October; apply early,https://www.gold.ac.uk/pg/mmus-creative-practice/,Production/sonic-arts focused and portfolio-driven - his DJ/producer material matters more than his CS grades here; possible full fee waiver.,Unverified,verification agent returned nothing
MA Sound Arts (London College of Communication),University of the Arts London (UAL),United Kingdom,Public,Sound-Design/Production,English,"£30,890/yr (2026/27, fixed fee; subject to change for 2027/28)",Check UAL international scholarships; Chevening,UNVERIFIED,UNVERIFIED,Y - NOTE: intl applications for 2026/27 already CLOSED; 2027/28 intl applications open autumn 2026,Y/Check (UAL creative MAs normally require a portfolio of sound work),"Good honours degree in sound arts, fine art, film/video or related; practitioners moving into sonic practice welcomed",Autumn 2026 (official),2027/28 international applications open autumn 2026 - date TBC on official page,https://www.arts.ac.uk/subjects/animation-interactive-film-and-sound/postgraduate/ma-sound-arts-lcc,Experimental sound-art rather than club/producer training - artistic option; expensive; matches his Sept 2027 timeline exactly (intl apps open autumn 2026).,Unverified,verification agent returned nothing
MA Creative Music Production,"ICMP (Institute of Contemporary Music Performance), London/Glasgow",United Kingdom,Private,Sound-Design/Production,English,"£16,250/yr (2026/27, non-EU international)",None for non-EU internationals (official fees page states no scholarship availability); Creative Development Scholarship is EU/EEA-only,None,None,"Y (visa deposit £1,000-£5,000 before CAS)",Y - audition/interview required (plus personal statement),"2:1+ usually in music/arts, but non-music backgrounds with demonstrated music experience and practitioners without formal qualifications welcomed; English min CEFR B2 (lower than most)",UNVERIFIED,Check (start date 14 Sept 2026 listed; 2027 cycle TBC),https://www.icmp.ac.uk/course/ma-creative-music-production,Squarely aimed at working producers - mixing/mastering and a personal 'sonic signature'; B2 English is his easiest language bar; but zero scholarships for internationals.,Unverified,verification agent returned nothing
MA Music Business,"ICMP (Institute of Contemporary Music Performance), London",United Kingdom,Private,Music-Business,English,"£16,250/yr (2026/27, non-EU international - per ICMP official international fees page)",None for non-EU internationals,None,None,Y,Check (interview likely),Check course page (ICMP MAs typically 2:1 or equivalent experience; English CEFR B2),UNVERIFIED,Check,https://www.icmp.ac.uk/course/ma-music-business,Contemporary-music business MA inside a working music school - pairs his producer ambitions with label/management knowledge; self-pay only.,Unverified,verification agent returned nothing
"MA Popular Music Practice (specialisms: Production, Performance, Composition, Entrepreneurship)","BIMM University (London, Bristol, Brighton, Birmingham, Manchester)",United Kingdom,Private,Sound-Design/Production,English,"£15,950/yr (2026, non-EU international - per BIMM official international fees page)","Early Acceptance Discount £2,000/yr for internationals (not combinable with other offers)",Partial (small discount only),Tuition discount only,"Y (deposit £4,000 self-funded)",Y/Check - interview for all applicants; portfolio may be requested (esp. for experience-based entry),Good degree (normally 2:2+) OR significant relevant experience; IELTS 6.5 (min 6.0 each band),UNVERIFIED,Check (2026 early-acceptance discount deadline was 6 Aug 2026; 2027 cycle TBC),https://www.bimm.ac.uk/courses/ma-popular-music-practice/,Flexible major-project MA where he could combine Production + Entrepreneurship specialisms - very close to the DJ/producer career goal; cheapest UK MA in this list.,Unverified,verification agent returned nothing
MA Music Industry Management,LIPA - Liverpool Institute for Performing Arts,United Kingdom,Private,Music-Business,English,"£21,000 (international)",None found for internationals (UK PG loan only); 10% alumni discount,None,None,Y,N (interview required - virtual for overseas applicants),2:1+ in relevant discipline OR equivalent professional/industry experience (non-graduates with strong music-industry background considered); IELTS 6.5 (min 6.0 each),UNVERIFIED for 2027,STILL-OPEN 2026 INTAKE: 31 July 2026 (UK & international) for Sept 2026 - confirm 2027 cycle later,https://lipa.ac.uk/courses/postgraduate-courses/ma-music-industry-management/,"Paul McCartney's performing-arts school; artist development, streaming metrics, new business models - strong for the business track; note the imminent 31 July 2026 deadline if he wanted a 2026 start.",Unverified,verification agent returned nothing
MA/MSc Professional Practice (Creative Media Industries) - fully online; project areas include audio production and music business,SAE Institute UK,United Kingdom,Private,Sound-Design/Production,English,"UNVERIFIED (intl fee not published on page; SAE UK undergrad intl is £15,000/yr for reference)",None found,UNVERIFIED,UNVERIFIED,Y (online - no visa needed),Check,Check official page (designed for creative professionals; open to UK and international students),UNVERIFIED,Check (multiple intakes typical for online),https://www.sae.edu/gbr/courses/ma-msc-professional-practice/,"Flexible online master's where the major project can be his own music production or music-business venture - a work-alongside option, not a campus experience.",Unverified,verification agent returned nothing
"Music Production & Sound Engineering Master Diploma - WARNING: professional 9-month diploma, NOT a master's degree",Point Blank Music School (London; also LA/Ibiza/online),United Kingdom,Private,Sound-Design/Production,English,UNVERIFIED (fees page blocked bot access; check pointblankmusicschool.com),None found,None,None,Check (visa route depends on course type - a diploma may not qualify for a student visa),Check,Check (professional diploma - no degree prerequisite stated in accessible sources),UNVERIFIED,Check,https://pointblankmusicschool.com/courses/london/music-production-courses/music-production-sound-engineering-master-diploma-course,"Included as a labeled non-degree fallback: DJ Mag's 'Best Music Production School', mentoring from producers for Bjork/Armin van Buuren - arguably the most direct DJ/producer training in the UK, but it is NOT a master's and has no funding.",Unverified,verification agent returned nothing
M.Phil. in Music and Media Technologies (MMT),Trinity College Dublin,Ireland,Public,Sound/Music-Tech,English,UNVERIFIED (not listed on course page; see TCD postgraduate fee list),None found at program level (check Government of Ireland IES + Trinity postgrad awards),None at program level; GOI-IES applicable,UNVERIFIED,Y,Y - portfolio evidencing musical/compositional/artistic and/or technological ability,"Min 2.1 honours degree, preferably but NOT necessarily in music/engineering/science; English Band B (standard TCD entry, approx IELTS 6.5); references + personal statement",UNVERIFIED (2027 cycle expected ~Nov 2026),31 July 2026 for Sept 2026 intake (STILL OPEN as of July 2026); Sept 2027 cycle not yet published,https://www.tcd.ie/courses/postgraduate/courses/music-and-media-technologies-mphil/,"Flagship Irish music-tech MPhil (since 1996, Electronic Eng + Music): composition, audio production, DSP, interactive systems - explicitly welcomes engineering/science grads, ideal bridge from software engineering to producer/audio-tech skills; 25 places, 1 yr.",Unverified,verification agent returned nothing
"ReSound - Erasmus Mundus Joint Master in Sound (EMJM, with Lusofona Lisbon & LMTA Vilnius)","IADT Dun Laoghaire (FilmEU consortium coordinator campus, semester 1)","Ireland (+ Portugal, Lithuania mobility)","Consortium (public institutions, Erasmus Mundus)",Sound-Design/Production,"English (IELTS 6.0 min all bands, or TOEFL iBT 79, taken within 2 years)","EUR 15,000 total for the 2-year program (EUR 7,500 x2 installments) if self-funded",Erasmus Mundus Joint Master scholarship (significant share of the max 24 places funded),Full (Erasmus Mundus scholarship),"EUR 1,400/month + full tuition waiver; intended to cover travel, visa and living costs (per resound-ma.eu/application)","Y - explicitly open to non-EU nationals; cannot hold another EU-funded scholarship for the same study period, and mobility across Ireland/Portugal/Lithuania is built in (EM rules)",Y - max 3 sound/media works with reflective paragraphs (evaluators review 10-15 min of material),"Bachelor's in sound, music, film, media studies, COMPUTATIONAL SCIENCE or related; other fields with relevant experience considered",Prior cycle opened 20 Oct 2025; new cycle UNVERIFIED,"PRIOR CYCLE - confirm new date (2026 intake: opened 20 Oct 2025, closed 27 Jan 2026 extended; expect ~Oct 2026-Jan 2027 for Sept 2027)",https://iadt.ie/courses/erasmus-mundus-joint-ma-resound/,"TOP PICK for this candidate: fully funded, explicitly accepts computational-science grads, covers sound design/production/composition for film-games-immersive-live events, and IELTS bar is low (6.0).",Unverified,verification agent returned nothing
MSc Sound and Music Computing,Maynooth University,Ireland,Public,Sound/Music-Tech,"English (IELTS 6.5 no band <6.0, or TOEFL iBT 90)","UNVERIFIED (aggregator lead ~EUR 14,000/yr - confirm on Maynooth 2026/27 PG fee list)",None found at program level (GOI-IES applicable),UNVERIFIED,UNVERIFIED,Y (Check visa/fee status),Check (technical program; portfolio not stated),"Min 2.1 honours bachelor (NFQ L8) in ANY discipline; program covers music application development, audio signal processing, sound synthesis, acoustics, computer programming",UNVERIFIED,Check (Maynooth PG applications generally rolling; site blocked full verification),https://www.maynoothuniversity.ie/study-maynooth/postgraduate-studies/courses/msc-sound-and-music-computing,Excellent technical fit: SMC/audio-DSP masters open to any discipline - a software engineering degree is a direct asset; 1 year.,Unverified,verification agent returned nothing
"MA in Creative Practice (strands incl. music composition & production, sound design, audio mixing/mastering, live performance)",Dundalk Institute of Technology (DkIT),Ireland,Public,Sound-Design/Production,English (CEFR B2 or IELTS 6.5 for non-EU applicants),"EUR 12,000 (non-EU, total); EU EUR 4,500 - notably low-cost",None found (see DkIT international fees/scholarships page),None found at program level; GOI-IES applicable,UNVERIFIED,Y,Check - interview 'where deemed necessary'; practice-led so evidence of creative practice expected; RPL route for other disciplines,"Min 2.2 honours (NFQ L8) in music, film, media, art, design, TECHNOLOGY or communication; mature/RPL entry possible; 18 months, 90 ECTS, Sep 2026 start",UNVERIFIED,"Check for 2027 (DkIT international applications generally close 1 May per dkit.ie international pages; direct online application, early registration advised)",https://www.dkit.ie/courses/ma-in-creative-practice,"NOTE: DkIT's former MA/MSc in Music Technology no longer appears in the live course catalogue - this new interdisciplinary MA (audio mixing, mastering, music production, sound design strands) is its practice-led successor; 'technology' degrees are explicitly eligible. Cheapest non-EU fee found in Ireland.",Unverified,verification agent returned nothing
MA Songwriting,University of Limerick - Irish World Academy of Music and Dance,Ireland,Public,Sound-Design/Production,English (UL standard requirements - Check scores),"EUR 18,000/yr (non-EU); EU EUR 7,995",None found on course page (Check UL international scholarships + GOI-IES),UNVERIFIED,UNVERIFIED,Y (Check),Check (artistic-practice MA - expect portfolio/demo of songs; IWA page unavailable at time of check),"Primary degree; program builds music theory, arranging, RECORDING, performance, technology, promotion, COPYRIGHT AND PUBLISHING skills - Check formal requirements on entry-requirements tab",UNVERIFIED,Check (not stated on GPS course page),https://www.ul.ie/gps/course/songwriting-ma,"Irish World Academy (as requested): 1-yr practice MA that mixes production/recording with music-business basics (copyright, publishing, promotion) - useful hybrid for a DJ/producer-writer.",Unverified,verification agent returned nothing
"Master of Music (Composition) - TU388, TU Dublin Conservatoire",Technological University Dublin,Ireland,Public (Conservatoire within TU),Sound-Design/Production,"English (IELTS Academic 6.0 overall, min 6.0 each band)","EUR 13,500 (non-EU); EU EUR 8,500",None found,None found; GOI-IES applicable,UNVERIFIED,Y,Y - creative portfolio (2-3 scores/audio or MIDI mock-ups) + writing sample + interview (online option for international),"Min 2.2 honours degree with creative music experience; genre-open (notation, electronic platforms, improvisation)",UNVERIFIED,Check (applications 'now open' for Sept 2026; 2027 TBD),https://www.tudublin.ie/study/postgraduate/courses/music-composition-tu388/,"TU Dublin's only taught music masters relevant here (no dedicated music-tech MSc found); composition-focused with electronic-platform work - fit is moderate and portfolio must show composing ability. NOTE: TU Dublin was checked as requested; Conservatoire also offers MMus Performance/Conducting (audition-based, weaker fit).",Unverified,verification agent returned nothing
"MA Popular Music Practice (pathways: Entrepreneurship, Performance, Production, Composition)",BIMM Music Institute Dublin - private,Ireland,Private,Music-Business,"English (Academic IELTS 6.5, min 6.0 per band)","EUR 11,950 (per BIMM fees page lead - confirm non-EU rate; monthly payment plans offered)",None found,UNVERIFIED,UNVERIFIED,Check (non-EU acceptance not explicit on page - confirm visa sponsorship with admissions),Y/Check - all applicants interviewed; portfolio may be requested (mandatory for experience-based RPCEL entry),Good degree (normally 2.2+) OR significant relevant professional experience (RPCEL); 1 yr FT / 2 yrs PT,UNVERIFIED,Check (not published on course page),https://www.bimm.ie/courses/ma-popular-music-practice/,Best single music-industry hybrid found: Entrepreneurship or Production pathway inside Ireland's biggest commercial-music school - directly serves the DJ/producer + industry-network goal; experience can substitute for grades.,Unverified,verification agent returned nothing
MA Cultural Policy & Arts Management (Z041 FT / Z381 PT),University College Dublin (UCD),Ireland,Public,Music-Business,English (UCD standard ~IELTS 6.5 - Check),"UNVERIFIED (search-lead ~EUR 22,600/yr non-EU, EUR 9,515 EU - UCD site blocks automated reading, confirm on UCD fees page)",UCD Global graduate scholarships for self-funding international students (Check); GOI-IES applicable,UNVERIFIED,UNVERIFIED,Y (Check),N (Check - essay/references based),Honours primary degree (Check class); no arts degree mandated,UNVERIFIED,Rolling - closes when filled (apply early); confirm for 2027,https://www.ucd.ie/courses/maculturalpolicyandartsmanagement,"Ireland's established arts-management masters - the closest public-university option to entertainment/music-industry management (venues, festivals, cultural organisations); complements rather than builds production skills.",Unverified,verification agent returned nothing
MA by Research in Music (research areas include Music Technology),Munster Technological University - Cork School of Music (conservatory),Ireland,Conservatory (public - MTU Cork School of Music),Sound/Music-Tech,English (MTU standard - Check),UNVERIFIED,Faculty of Business and Humanities Music Research Scholarships - two full-fees-paid awards for 2 years FT,Partial (competitive full-fee scholarships; no stipend stated),Full fees for 2 years for the two awardees; living costs not covered,Check (scholarship criteria not published on page),Check (research proposal required; portfolio depends on topic),"2nd class honours L8 degree, typically BMus/BA-Music 'or equivalent qualification in a related discipline' - a software engineering degree proposing a music-technology topic would need case-by-case approval (Check)",UNVERIFIED (rolling via MTU research register),Check (no fixed deadline - requires pre-agreed supervisor + approved research proposal),https://csm.mtu.ie/ma-by-research,"Research-mode option at Ireland's largest conservatory with explicit music-technology strand and two full-fee scholarships; self-directed 21-month format suits a defined production/audio-tech research project, less structured teaching.",Unverified,verification agent returned nothing
"MA in Music, Science and Technology (MA/MST, CCRMA)",Stanford University,USA,Private,Sound/Music-Tech,English,"UNVERIFIED (Stanford graduate tuition, ~2-year / 45-unit program)","None found (occasional fellowship support and/or TA positions, not guaranteed)",None (occasional partial),Official page states the Music Dept and CCRMA 'do not have regular funding to support students in the MA/MST program',Y,"Y - evidence of accomplishment: recordings, project reports and/or research papers","Undergraduate engineering, science, music or arts degree with engineering math coursework; GRE optional; $125 fee; TOEFL required by Stanford for internationals (Check)",Late September / early October 2026 (per Stanford Music graduate admissions),Second Tuesday in December (annual rule on official page) - PRIOR CYCLE - confirm exact 2026 date,https://ccrma.stanford.edu/academics/masters,"World-leading audio DSP / music computing lab, ideal for the CS-to-audio-tech pivot; prestige and Silicon Valley audio industry access, but essentially self-funded - pair with Fulbright",Unverified,verification agent returned nothing
MA in Media Arts (Dept. of Performing Arts Technology),University of Michigan (SMTD),USA,Public,Sound/Music-Tech,English,UNVERIFIED (public out-of-state rate without GSRA),Graduate Student Research Assistantship (GSRA); SMTD merit scholarships; Arts Initiative grants,Partial to Full (GSRA),GSRA includes tuition support + stipend + benefits for 10 hrs/week research work (official program page),Y,Y - Check exact format (portfolio of creative/technical media-arts work expected),Bachelor's; program sits at intersection of media arts and music technology; welcomes technical backgrounds; TOEFL/IELTS for internationals (Check),UNVERIFIED,"Dec 1 (annual, for merit-scholarship consideration) - PRIOR CYCLE - confirm for Fall 2027",https://smtd.umich.edu/degree/master-of-arts-in-media-arts/,Small research-oriented music-tech MA where GSRA can cover tuition + stipend + benefits - one of the better realistic funded paths for a CS graduate into electronic music/interactive audio,Unverified,verification agent returned nothing
MA in Audio Sciences (tracks: Recording & Production; Acoustical Studies),Johns Hopkins University - Peabody Institute,USA,Conservatory,Acoustics/Audio-Eng,English,UNVERIFIED,Check (Peabody graduate scholarships exist; specifics for Audio Sciences UNVERIFIED),UNVERIFIED,UNVERIFIED,Y,Check (technical interview/portfolio per Recording Arts admission requirements page),"Undergraduate degree in music, physics, engineering, audio technology or architecture; strong math/science (calculus, physics) - software engineering qualifies; English test Check",UNVERIFIED,Dec 1 each year for the following fall - PRIOR CYCLE - confirm for Fall 2027,https://peabody.jhu.edu/academics/degrees-programs/master-of-arts/,"Conservatory-grade recording/production training inside Johns Hopkins, explicitly open to engineering graduates; funding opaque - budget as partial/self-pay unless Fulbright",Unverified,verification agent returned nothing
MFA in Recording Arts and Technologies,Middle Tennessee State University (MTSU),USA,Public,Sound-Design/Production,English,UNVERIFIED (public regional university - among the cheapest options on this list),MTSU Graduate Assistantships (2-3 per year in the MFA),Partial to Full (few assistantships),University pays tuition/maintenance fees + tech fee for assistantship holders; out-of-state students on assistantship pay in-state rates; stipend amount Check,Y,Y - 4-6 audio examples with documented role (engineer/producer/composer); optional video; sent to MFA Director,No specific undergrad degree required; GRE scores; 2 recommendations; statement of purpose; English test for internationals (Check),UNVERIFIED,"Rolling review starts late March; apply by early April for best chance (annual, fall intake; cohort of 12-14) - PRIOR CYCLE - confirm for Fall 2027",https://www.mtsu.edu/program/recording-arts-and-technologies-m-f-a/,Located next to Nashville's studio industry; low-cost public option where a graduate assistantship converts to near-full funding - good safety/value pick for hands-on production training,Unverified,verification agent returned nothing
