id,path_letter,program_name,degree_awarded,institution,institution_type,city,country,mobility,language_of_instruction,english_level_required,duration_months,ects,tuition_non_eu_eur_per_year,tuition_notes,intake_2027_confirmed,application_opens,application_deadline,deadline_source_cycle,entry_requirements_summary,accepts_engineering_bachelor,portfolio_or_audition_required,scholarship_available,scholarship_names,scholarship_coverage_level,tunisia_eligible,program_url,admissions_url,funding_url,source_urls,verification_status,verifier_agent,verified_date,red_flags,fit_notes
A-001,A,"M.A. Musik, Sound, Performance (joint FU Berlin / HU Berlin)",Master of Arts (MA),Freie Universität Berlin (Institut für Theaterwissenschaft) with Humboldt-Universität zu Berlin (Institut für Musikwissenschaft und Medienwissenschaft),Public university,Berlin,Germany,single_site,German,TBC,TBC,TBC,0,"German public universities - no tuition, Semesterbeitrag only. Amount not confirmed on an official page this session.",TBC,TBC,TBC,TBC,"A professionally qualifying German or equivalent foreign university degree with at least 20 credit points earned in courses with musicological content, or equivalent. International applicants must evidence German proficiency.",no,TBC,TBC,TBC,TBC,TBC,https://www.fu-berlin.de/studium/studienangebot/master/musik_-sound_-performance/index.html,https://www.hu-berlin.de/de/studium/bewerbung,TBC,https://www.musikundmedien.hu-berlin.de/de/musikwissenschaft/ma-studiengang-musik-sound-performance|https://www.fu-berlin.de/studium/studienangebot/master/musik_-sound_-performance/index.html,UNVERIFIED,W1-A,2026-08-22,"No FU/HU page was opened this session (search budget exhausted) - all content derives from search extracts. ELIGIBILITY BLOCKER: at least 20 credit points of musicological coursework required, which a software-engineering diploma does not provide. German-taught. Content is musicology/theatre/performance studies, not audio computing.","Included only to close the Humboldt/Berlin coverage question. It is not a sound-and-music-computing programme and the client is almost certainly ineligible. HU's Institut für Musikwissenschaft und Medienwissenschaft does host systematic musicology and media-technology research, so a follow-up should check the separate MA Medienwissenschaft for computational/audio content."
A-002,A,"Tonmeister*in, Master of Arts (Sound Engineering)",Master of Arts (MA),"Universität der Künste Berlin (UdK), technical-scientific part taught at TU Berlin",Public art university,Berlin,Germany,single_site,German (C1; B2 also accepted),TBC,12,60,0,Public art university - no tuition stated; a 50.00 EUR application fee applies (plus international transfer costs). Semester fee amount TBC.,TBC,15 March (winter semester) / 15 October (summer semester),Winter semester: 15 April; Summer semester: 15 November,TBC - dates given without a year,"Bachelor's degree or diploma in Sound Engineering (Tonmeister) from UdK Berlin or an equivalent programme elsewhere, plus demonstrated artistic talent. Portfolio of at least five audio/video productions uploaded to Bemus, including at least one classical and one popular-music production. Entrance examination with a mixing task and an oral examination.",no,yes,TBC,TBC,TBC,TBC,https://www.udk-berlin.de/en/courses/sound-engineering/,https://www.udk-berlin.de/en/application/applicationguide/sound-engineering-master/,TBC,https://www.udk-berlin.de/en/application/applicationguide/sound-engineering-master/|https://www.udk-berlin.de/tonmeister/studium/|https://www.tu.berlin/en/ak/study-and-teaching/degree-programs/tonmeister,VERIFIED,W1-A,2026-08-22,"ELIGIBILITY BLOCKER: admission requires a bachelor/diploma specifically in Sound Engineering (Tonmeister) or an equivalent programme - a software-engineering diploma does not qualify. German C1. Portfolio of five professional productions plus a live mixing entrance exam. Logged for completeness, not as a realistic target.","Berlin's flagship recording-arts master, taught jointly with TU Berlin's audio engineering courses, tuition-free. Excellent subject fit in principle but effectively closed to anyone without a Tonmeister bachelor. Only 2 semesters/60 ECTS."
A-003,A,Master's Programme in Live Electronics,Master of Music (MMus),"Conservatorium van Amsterdam (Amsterdam University of the Arts, AHK)",Conservatory (university of applied sciences),Amsterdam,Netherlands,single_site,English,TBC,24,120,8250,"AHK 2026-27 institutional fee for non-EU/EEA Master Music: 8,250 EUR/yr. Statutory EU/EEA fee 2,694 EUR/yr.",TBC,TBC,TBC - closing-dates page not opened,TBC,"Instrumental bachelor's degree or equivalent; applicants from other musical backgrounds may qualify if they show music-theory proficiency and sufficient performance skills. Required kit: recent MacBook Pro, Max and Ableton Live, professional audio/MIDI interface, microphones and cabling. Admission: audio/video recordings of a live electronic music performance plus motivation letter, then a live electronic performance of up to 10 minutes and a ~10-minute interview (online auditions available for non-EU candidates).",unclear,yes,TBC,CvA scholarships (page not opened),TBC,TBC,https://www.conservatoriumvanamsterdam.nl/en/study/focus-masters/live-electronics/,https://www.conservatoriumvanamsterdam.nl/en/application-and-admission/,https://www.ahk.nl/en/facilities/student-affairs/financial-matters/tuition-fees/,https://www.conservatoriumvanamsterdam.nl/en/study/focus-masters/live-electronics/|https://www.ahk.nl/en/facilities/student-affairs/financial-matters/tuition-fees/,VERIFIED,W1-A,2026-08-22,Requires an instrumental bachelor's degree or equivalent plus a live performance audition - the hardest eligibility bar of the NL rows for a non-musician engineer. Significant equipment cost expected before enrolment. Deadlines not confirmed.,"Max/MSP and Ableton Live are the working tools, and online auditions are explicitly offered to non-EU candidates. Directly relevant to a DJ/producer who codes, but the performance audition and the instrumental-bachelor expectation make it a stretch. FLAGGED, not excluded, per the portfolio rule."
A-004,A,MA Music Studies (Arts and Culture) - Cognitive and Computational Musicology track,Master of Arts (MA),University of Amsterdam (UvA) - Music Cognition Group / ILLC,Public university,Amsterdam,Netherlands,single_site,English,TBC,12,60,TBC,UvA institutional fee for non-EEA MA students not opened this session.,TBC,TBC,TBC,TBC,"Not published on the track page opened; the parent Music Studies programme sets the entry rules. Track core module 'How Music Works: Computational and Cognitive Perspectives'; electives in music cognition and computation, logic and computation, higher cognitive functions, many delivered through the Institute for Logic, Language and Computation.",unclear,no,TBC,TBC,TBC,TBC,https://www.uva.nl/en/programmes/masters/music-studies-arts-and-culture/study-programme/cognitive-musicology/cognitive-musicology.html,https://www.uva.nl/en/programmes/masters/music-studies-arts-and-culture/music-studies.html,TBC,https://www.uva.nl/en/programmes/masters/music-studies-arts-and-culture/study-programme/cognitive-musicology/cognitive-musicology.html|https://mcg.uva.nl,PARTIALLY_VERIFIED,W1-A,2026-08-22,"Entry requirements, tuition and deadlines were NOT confirmed - only the track content page was opened. A humanities MA housed in Arts and Culture: the admissions committee may require a musicology or cognitive-science background rather than engineering. No portfolio required, but also no studio/production content.","Research-side Path A: music cognition and computational modelling with Henkjan Honing's Music Cognition Group, taught partly through the ILLC. Amsterdam, English, 60 ECTS in one year. Strong if the client wants a research/PhD trajectory in machine listening; weak if he wants studio and DSP engineering. Verify whether an engineering diploma satisfies entry."
A-005,A,"Master of Music in Music Production, Technology, and Innovation (MPTI)",Master of Music (MM) - US Berklee degree,Berklee College of Music - Valencia Campus,Private international music college (US),Valencia,Spain,single_site,English,TBC,12,TBC,TBC,"Tuition not published on the programme page opened. 32-38 US credits, not ECTS. Berklee Valencia allocates >125,000 EUR in scholarships across its 2026-27 master intake.",TBC,TBC,10 March (programme application); 1 April (scholarship materials) - 2026 dates,2026 cycle - 2027 TBC,"Excellent musicality, facility with technology, prior artistic and academic success, strong work ethic and prior accomplishment. Three consecutive semesters (fall, spring, summer).",unclear,yes,yes,"Berklee Valencia graduate scholarships (>125,000 EUR pool for 2026-27); Berklee Outstanding Women Scholarship (up to 70% of tuition)",partial,TBC,https://valencia.berklee.edu/graduate-programs/mpti/music-production-technology-and-innovation,https://valencia.berklee.edu/graduate-admissions/application-deadlines,https://valencia.berklee.edu/scholarships-financial-aid/scholarships-for-graduate-programs,https://valencia.berklee.edu/graduate-programs/mpti/music-production-technology-and-innovation|https://valencia.berklee.edu/graduate-admissions/how-to-apply|https://valencia.berklee.edu/scholarships-financial-aid/scholarships-for-graduate-programs,PARTIALLY_VERIFIED,W1-A,2026-08-22,"The award is a US Berklee degree, NOT a Spanish título oficial - check recognition for the Tunisian student visa and for any European doctoral progression. Tuition is US-private-college level and was not published on the page opened; the scholarship pool is small relative to a cohort. Deadlines cited are 2026-cycle and came partly from search extracts. Musicianship-gated.","The most production-and-innovation-flavoured technology master in Spain, English-taught, in a priority-2 city, and explicitly built around music technology entrepreneurship. Sits at the boundary of Path A and a production path. Client's technical strength fits 'facility with technology'; the audition/musicality bar is the risk."
A-006,A,Máster en Enseñanzas Artísticas de Nuevas Tecnologías de la Música Actual: Creación e Interpretación,"Máster en Enseñanzas Artísticas (official artistic master, 60 ECTS)",Real Conservatorio Superior de Música de Madrid (RCSMM),Public conservatory,Madrid,Spain,single_site,Spanish,TBC,12,60,TBC,Not published on the page opened.,TBC,TBC,Tribunal dates published for the 2026-27 intake; specific dates not extracted,2026 cycle - 2027 TBC,"Graduates of superior artistic education in Composition or Performance, or university graduates with equivalent music degrees (Spanish or international). Structure: 16 general + 20 creative + 12 complementary + 12 TFM ECTS.",no,yes,TBC,TBC,TBC,TBC,https://rcsmm.eu/masteres/master-nuevas-tecnologias-musica-actual-creacion-e-interpretacion/,https://rcsmm.eu/masteres/master-nuevas-tecnologias-musica-actual-creacion-e-interpretacion/,TBC,https://rcsmm.eu/masteres/master-nuevas-tecnologias-musica-actual-creacion-e-interpretacion/,VERIFIED,W1-A,2026-08-22,"Entry is restricted to holders of a music degree (Composition or Performance) - the client has no music degree, so eligibility is the binding constraint, not credentials. Admission requires three original compositions OR a 20-minute contemporary performance, plus interview. Spanish-taught.","Accredited by Fundación madri+d, an official enseñanzas artísticas master. Content is new technologies in current music - creation and performance, which is on-path, but the eligibility wall makes it a low-probability target. Logged for completeness."
A-007,A,Máster Universitario en Ingeniería Acústica (interuniversitario UGR-UCA),Máster Universitario oficial (MSc),Universidad de Granada + Universidad de Cádiz (interuniversity),Public university,Granada (with Cádiz specialities),Spain,single_site,Spanish,TBC,12,60,TBC,"Andalusian public per-credit rate, not published on the page opened.",TBC,TBC,"Set by the Distrito Único Andaluz, not by the university - dates not on the page opened",TBC,"Graduates in Engineering, Architecture or Sciences (Mathematics, Physics, etc.); other profiles assessed by the Academic Commission.",yes_explicit,no,TBC,TBC,TBC,TBC,https://masteres.ugr.es/acustica/,https://escuelaposgrado.ugr.es,https://escuelaposgrado.ugr.es,https://masteres.ugr.es/acustica/informacion/presentacion|https://masteres.ugr.es/acustica/,PARTIALLY_VERIFIED,W1-A,2026-08-22,Spanish-taught. Deadlines are controlled by the Distrito Único Andaluz and were not confirmed. Granada/Cádiz are outside the client's priority cities. Structure is 20+20+15+5 ECTS with a 15-ECTS practicum.,"Entry text explicitly names Engineering degrees - the clearest yes_explicit on the Spanish acoustics cluster for a 300-ECTS engineering diploma. Andalusian public fees are among the lowest in Spain, which matters under the FUNDING-FIRST strategy. Content is acoustics engineering, not music computing."
A-008,A,Máster Universitario en Ingeniería Acústica,Máster Universitario oficial (MSc),Universidad de Málaga (UMA) - E.T.S.I. Telecomunicación,Public university,Málaga,Spain,single_site,Spanish,TBC,TBC,TBC,TBC,TBC,TBC,TBC,Governed by the Distrito Único Andaluz,TBC,Holders of Spanish Graduado/Licenciado/Ingeniero/Arquitecto/Diplomado/Ingeniero Técnico/Arquitecto Técnico/Maestro titles; foreign equivalents assessed. Semi-presencial (blended) project-based delivery.,likely,no,TBC,TBC,TBC,TBC,https://www.uma.es/master-en-ingenieria-acustica/,https://www.uma.es/cms/base/ver/section/document/70248/preinscripcion-y-matricula-ing-acustica/,TBC,https://www.uma.es/master-en-ingenieria-acustica/|https://www.uma.es/master-universitario-en-ingenieria-acustica,UNVERIFIED,W1-A,2026-08-22,"No uma.es page was opened this session (web-search budget exhausted before the fetch). All content above derives from search-engine extracts of official UMA pages and must be re-verified. Spanish-taught, semi-presencial - blended delivery can conflict with Spanish student-visa full-time requirements for non-EU nationals.","Running as an official master since 2008/09; electives include Audio, Music, Processing and Mastering - the most music-facing of the Spanish acoustics masters. Málaga is outside the priority cities but has low living costs."
A-009,A,MULTICOM - Data Science of Human Multimodal Communication (Erasmus Mundus Joint Master),"Erasmus Mundus Joint Master (multiple national degrees), 120 ECTS",Consortium coordinated by Universidad de Murcia (with Lund University and other partners),Public university consortium,Murcia (+ rotating partners),Spain (+ EU partners),rotating,English,TBC,24,120,TBC,TBC,TBC,TBC,TBC,TBC,TBC - multicom-em.eu was not opened this session.,unclear,no,yes,Erasmus Mundus Joint Masters scholarship (EACEA),full+stipend,TBC,https://multicom-em.eu/,https://multicom-em.eu/,https://multicom-em.eu/costs-and-financial-aid/,https://multicom-em.eu/|https://multicom-em.eu/costs-and-financial-aid/,UNVERIFIED,W1-A,2026-08-22,"Carried over from the prior lead sweep and NOT opened this session (search budget exhausted). Scholarship coverage level is the generic EMJM model, not confirmed for this consortium. Fit to Path A (speech/audio vs. general multimodal data science) is unconfirmed.",Data science of speech and multimodal (audio-visual) communication with a Spanish coordinating university and Erasmus Mundus funding - the funding model matches the FUNDING-FIRST strategy exactly. Verify whether the curriculum carries real audio/speech signal processing before ranking it.
A-010,"A,C",Creative Intelligence & Technology (MSc) - formerly Media Technology,MSc,Leiden University - Leiden Institute of Advanced Computer Science (LIACS),public university,Leiden,Netherlands,single_site,English,TBC,24,120,TBC,Not published on the page opened.,TBC,TBC,TBC - programme has September and February start dates,TBC,"Not detailed on the page opened; the programme is built around self-defined research producing scientific papers, interactive installations, designs and computer programmes. Contact crit@liacs.leidenuniv.nl.",unclear,no,TBC,TBC,none_found,TBC,https://www.universiteitleiden.nl/en/education/study-programmes/master/media-technology,https://www.universiteitleiden.nl/en/education/study-programmes/master/media-technology,TBC,https://www.universiteitleiden.nl/en/education/study-programmes/master/media-technology|https://www.universiteitleiden.nl/en/education/study-programmes/master/creative-intelligence-and-technology,DEAD_LINK,W1-C,2026-08-22,"NO named audio or music research group verified; sound and music are not mentioned on the programme page. Fees, ECTS and deadlines not published on the page opened. Prior-sweep leads associate it with the Academy of Creative and Performing Arts and sound/installation work, but that association is UNVERIFIED. || HTTP 404. Programme name changed from MSc Media Technology; the current URL was not located before the search budget ran out. || MERGE: path agents disagreed on verification status (DEAD_LINK, PARTIALLY_VERIFIED) - Wave 3 to adjudicate","PATH C(b), weak-to-moderate: a LIACS computer-science research master where students define their own project, which in principle allows a self-directed music-AI thesis - the format suits an engineer with a music practice. Logged for completeness per the brief's 'missing a legitimate programme is worse than logging a mediocre one' rule; rank below UvA, Utrecht and Delft until an audio/music supervisor is verified."
A-011,"A,C",Master in Intelligent Interactive Systems (MIIS),TBC (official Spanish master universitario),Universitat Pompeu Fabra (UPF) - Department of Engineering,public university,Barcelona,Spain,single_site,TBC (reported English; not confirmed on an official page opened this session),TBC,12,60,TBC,TBC - upf.edu unreachable this session.,TBC,TBC,TBC,TBC - upf.edu unreachable,"TBC. Reported (unconfirmed) three tracks: Big Data, Interactive Technologies, Computer Vision; three terms starting September.",unclear,no,TBC,TBC,none_found,TBC,https://www.upf.edu/web/iis,https://www.upf.edu/web/iis/academic-information,TBC,https://www.upf.edu/web/iis|https://www.upf.edu/web/iis/about|https://www.upf.edu/web/mtg|https://www.upf.edu/web/master-intelligent-interactive-systems,UNVERIFIED,W1-C,2026-08-22,"BLOCKED SOURCE: upf.edu returned HTTP 403 (Cloudflare bot challenge) on every attempt this session. All fields TBC. || NOTHING verified - upf.edu blocked this session. Existence of an audio/music track is asserted only by the task brief, not by any page opened. Treat as a lead only.",PATH C(b) TOP CANDIDATE: a general AI/interactive-systems MSc sitting in the SAME UPF Department of Engineering that hosts the Music Technology Group (MTG). If MTG supervision is open to MIIS students this is the client's strongest admission route into Barcelona music-AI as an engineer rather than a musician. Verify MTG thesis availability from MIIS in Wave 2.
A-012,"A,C,G,H",Audio Communication and Sonology (double-degree master specialisation),DOUBLE DEGREE: M.Sc. from TU Berlin + Master of Music (M.Mus.) from the Royal Conservatoire The Hague,"Technische Universitat Berlin (Audio Communication Group) with the Institute of Sonology, Royal Conservatoire The Hague",Public technical university + conservatoire,Berlin (year 1) and The Hague (year 2),Germany and Netherlands,rotating,German (year 1 at TU Berlin) and English (year 2 in The Hague),IELTS 6.0 minimum or TOEFL iBT 83,24,120 (year 1: 60 ECTS = 39 compulsory + 21 elective; year 2: 60 ECTS = 20 compulsory + 10 elective + 30 research project),0 at TU Berlin (semester fee only) + Royal Conservatoire tuition in year 2,"TU Berlin charges no tuition, only a compulsory semester fee (exact amount TBC). The Royal Conservatoire charges its regular tuition fees in year 2 - the non-EEA institutional master rate there is EUR 11488 for 2026-2027. Travel, accommodation and living costs are the student's own.",TBC - deadline stated as an annual recurring date,Apply to TU Berlin Audio Communication and Technology M.Sc. first (01 April window),15 February (annually); admission notification by 15 April,recurring annual deadline stated on the official page - 2027 date to be re-confirmed,"Entry runs through the TU Berlin M.Sc. Audio Communication and Technology: a first university degree in science, ENGINEERING, humanities, social science, arts, business or law; higher mathematics (analysis, linear algebra) at roughly 10+ credit points; competence in a programming language or computer algebra system. GERMAN at TestDaF TDN 4 / equivalent CEFR level required.",yes_explicit,"A RESEARCH PROJECT PROPOSAL must be submitted with the application; selection is on academic, artistic, personal and linguistic qualifications. No formal audition detailed on the official page.",TBC - DAAD Study Scholarships are the obvious route,DAAD Study Scholarship (to verify); NL Scholarship for the Dutch year (to verify),none_found,TBC - DAAD schemes are generally open to Tunisian nationals; confirm on the DAAD scholarship database,https://www.tu.berlin/en/ak/study-and-teaching/degree-programs/audio-communication-and-sonology,https://www.tu.berlin/en/ak/study-and-teaching/degree-programs/audio-communication-and-sonology,https://www.koncon.nl/en/application-process/tuitionfees,https://www.tu.berlin/en/ak/study-and-teaching/degree-programs/audio-communication-and-sonology|https://www.koncon.nl/en/application-process/tuitionfees|https://www.koncon.nl/en/programmes/master/sonology/masterspecialisation-audiocommsonology/entry-requirements|https://www.static.tu.berlin/fileadmin/www/10002020/Dokumente/Double-Degree/Double_Degree_AKT-SONO-Appendices.pdf,CONFLICT,W1-G,2026-08-22,"GERMAN LANGUAGE GATE: TestDaF TDN 4 / equivalent required for the Berlin year - a hard, time-consuming prerequisite the client does not currently hold. Otherwise no accreditation concerns: both awards are fully state-recognised (TU Berlin M.Sc., NVAO M.Mus.). || UNRESOLVED LANGUAGE CONFLICT between the two official partner pages (TU Berlin: German TDN 4 required; Royal Conservatoire: English only). This must be settled by writing to both institutions before this row can be ranked. Only 6 places per year. Entry is via the German-taught TU Berlin M.Sc., so the German requirement of H-003 most likely still binds in practice. Year-2 non-EEA fee at KC is high. || GERMAN-TAUGHT year 1 - TestDaF TDN 4 required, which is a hard prerequisite the client does not hold. It is NOT a direct-entry programme: you enter the TU Berlin M.Sc. first and apply internally after completing 60 ECTS. Only up to 6 places per year. The 15 February deadline is given with no year on the page. || Requires German TestDaF TDN 4 despite English instruction, and entry is via the German-taught Audio Communication and Technology master, so the C1 German gate in row C-015 effectively applies here too. Fees and deadlines for the Sonology year not published. Artistic/portfolio assessment likely. || MERGE: path agents disagreed on verification status (CONFLICT, PARTIALLY_VERIFIED, VERIFIED) - Wave 3 to adjudicate","in_scope = yes for both halves (Berlin city + The Hague, NL). BEST FUNDING PROFILE ON THE ENTIRE PATH: TU Berlin charges no tuition. Explicitly accepts engineering first degrees and demands exactly the maths and programming the client already has - the 300-ECTS engineering diploma is an asset here, not a stretch. mobility = rotating. The German requirement is the one blocker; German is disprefered but in scope, so this should be ranked, not dropped."
A-013,"A,C,G,H,N",Màster Universitari en Tecnologies del So i de la Música / Master in Sound and Music Computing (SMC),Máster Universitario oficial (MSc),Universitat Pompeu Fabra (UPF) - Music Technology Group,Public university,Barcelona,Spain,single_site,English,TBC,12,60,TBC,Catalan public per-credit master fee; exact non-EU figure NOT confirmed - upf.edu was unreachable this session (Cloudflare 403). Do not quote a figure until the official preus page is opened.,TBC,14 November (2026-27 cycle opened 14 Nov 2025),Rolling rounds: 14 Jan / 4 Mar / 27 Apr / 5 Jun (2026 dates),2026 cycle - 2027 TBC,Engineering/CS/physics/maths or music background; programming and maths expected. Up to 50 complementary credits may be required for applicants lacking prerequisites. Full official text not opened this session.,likely,no,TBC,TBC,none_found,TBC,https://www.upf.edu/web/smc,https://www.upf.edu/web/smc/faq,https://www.upf.edu/en/web/masters/preus,https://www.upf.edu/web/smc|https://www.upf.edu/web/smc/faq|https://www.upf.edu/web/mtg/news/-/asset_publisher/WM181VyAQipW/content/application-open-for-the-master-in-sound-and-music-computing-2026-2027/maximized|https://www.upf.edu/web/smc/academic-program|https://www.upf.edu/web/smc/overview|https://www.upf.edu/web/mtg/education-outreach/education,DEAD_LINK,W1-A,2026-08-22,"upf.edu returned Cloudflare 403 to every request this session (WebFetch and curl) - NO official UPF page was actually opened. All facts here come from search-engine extracts of official UPF pages and MUST be re-verified. 60 ECTS in 1 year plus possible complementary credits. || COULD NOT OPEN upf.edu DIRECTLY - all fetch attempts returned HTTP 403; the deadline dates above come from UPF's own indexed pages, not from a page rendered this session. Tuition, entry requirements and English level all remain unconfirmed. Re-verify in Wave 2 from a different network path. No accreditation concern: this is a titulo oficial. || upf.edu blocks automated access (403) - every figure here must be re-checked by hand in a browser. Search-surfaced text from the official UPF pages indicates 60 ECTS and four 2026-27 application rounds (14 Jan / 4 Mar / 27 Apr / 5 Jun 2026); NOT logged as fact. || OFFICIAL SITE UNREACHABLE THIS SESSION - upf.edu returned HTTP 403 / Cloudflare interactive challenge to both WebFetch and curl, so NOTHING in this row is confirmed on the institution's own domain. All values above are carried from the prior unverified lead sweep and MUST be re-verified in Wave 2 from a different network path. Do not treat any figure here as fact. || BLOCKED SOURCE: every upf.edu URL returned HTTP 403 (Cloudflare 'Just a moment' bot challenge) via WebFetch, curl with browser headers, and a reader proxy; web.archive.org is also unreachable from this environment. No UPF fact could be confirmed. Every field here must be re-verified manually before use. || MERGE: path agents disagreed on verification status (DEAD_LINK, PARTIALLY_VERIFIED, UNVERIFIED) - Wave 3 to adjudicate","THE single best-fit program on Path A: computation is the subject (DSP, machine listening, MIR, sound synthesis) at the Music Technology Group, the leading European SMC lab. Client's 300-ECTS engineering diploma far exceeds any entry bar. English-taught, Barcelona (priority-1 city). PRIORITY-1 follow-up: open upf.edu from a browser-capable tool."
A-014,"A,C,G,H,R",Audiokommunikation und -technologie M.Sc. (Audio Communication and Technology),Master of Science (M.Sc.),Technische Universitaet Berlin - Fachgebiet Audiokommunikation (Audio Communication Group),Public technical university,Berlin,Germany,single_site,German (main language of instruction); English B2 also required as much course literature and some courses are in English,B2 (CEFR),24,120,0,"No tuition fees at TU Berlin. A compulsory semester contribution (Semesterbeitrag, covering social contribution + transport ticket) applies - exact amount TBC, not published on the pages opened this session.",TBC - winter semester start (September/October),"01 April (international/foreign-qualification applicants, German-language restricted-admission masters)",15 June (01.04.2026-15.06.2026 published for winter semester 2026/27); VPD from uni-assist also required,2026 cycle - 2027 TBC,"First university degree in a science, engineering, humanities, social science, arts, business or law programme; knowledge of higher mathematics (analysis, linear algebra) at basic-lecture level, minimum 10 LP; knowledge of a programming language or computer algebra system. German C1 required for applicants with foreign qualifications.",yes_explicit,no,TBC - none programme-attached found,TBC - no programme scholarship published; DAAD Study Scholarships and Deutschlandstipendium are external and were not verified on official pages this session,none_found,TBC,https://www.tu.berlin/en/studying/study-programs/all-programs-offered/study-course/audio-communication-and-technology-m-sc,https://www.tu.berlin/en/studierendensekretariat/dates-deadlines-for-application-and-enrollment-at-tu-berlin,TBC,https://www.tu.berlin/en/studying/study-programs/all-programs-offered/study-course/audio-communication-and-technology-m-sc|https://www.tu.berlin/en/ak/study-and-teaching/degree-programs/audio-communication-and-sonology|https://www.tu.berlin/en/studierendensekretariat/dates-deadlines-for-application-and-enrollment-at-tu-berlin|https://www.tu.berlin/en/ak/study-and-teaching/degree-programs/audio-communication-and-technology|https://www.tu.berlin/go167|https://www.tu.berlin/en/ak|https://moseskonto.tu-berlin.de/moses/modultransfersystem/studiengaenge/anzeigen.html?studiengang=118,VERIFIED,W1-H,2026-08-22,"GERMAN-TAUGHT, and the German bar is C1 for applicants with foreign qualifications - the highest language bar on this path. Client has no German. Tagged, never dropped per brief. No programme-attached funding found. || GERMAN-TAUGHT and requires C1 German for applicants with foreign qualifications - the hardest single gate in this path given the client starts from zero German with roughly two years to September 2027. Tagged, not excluded, per brief. Semester contribution amount not verified. || Fully accredited public-university M.Sc. (staatlich anerkannt), tuition-free - the cleanest visa and funding profile in Berlin. HARD BARRIER: German C1 certificate required for applicants with foreign qualifications; the whole programme is taught in German. Not a live-sound production degree: it is an audio technology and acoustics research master (electroacoustics, room and virtual acoustics, DSP, psychoacoustics), so PA/line-array system design appears only as underlying theory. || GERMAN-TAUGHT, C1 REQUIRED - tagged, not dropped, per the brief. This is a hard gate: TestDaF/DSH C1 plus English B2 must both be in hand before applying, and C1 from zero by autumn 2026 is a serious undertaking. Application deadlines and the semester-fee amount were not confirmed on an official page. Winter-semester entry only, so a September 2027 start means the autumn 2027 winter semester. || GERMAN-TAUGHT, C1 GERMAN REQUIRED. Tagged, not dropped, per brief. No accreditation concerns. || MERGE: path agents disagreed on verification status (PARTIALLY_VERIFIED, VERIFIED) - Wave 3 to adjudicate","EUROPE'S LEADING SPATIAL-AUDIO GROUP AND EFFECTIVELY FREE. FULL DEGREE. Explicit spatial-audio component: 'Virtual acoustics and 3D audio technologies' is a named research and teaching field; the group's facilities include a 192-channel wave field synthesis system, a 3D Media Lab, and a wave field synthesis demonstration room with 832 channels and 2700 loudspeakers (the TU Berlin WFS system). Also hosts the Elektronisches Studio (founded 1953). 300-ECTS engineering diploma exceeds the entry bar and the maths/programming prerequisites are directly satisfied by a software-engineering degree. Zero tuition makes this the best funding-first outcome on the path IF the German C1 can be reached by Sept 2027."
A-015,"A,C,N",MSc Interaction Technology,Master of Science,University of Twente,Public research university,Enschede,Netherlands,single_site,English,TBC,24,120,21700,"Institutional (higher-rate) fee for non-EU/EEA students, EUR 21,700 for 2026-2027 (2025-2026 was EUR 18,900). 2027-2028 not yet published. February entrants pay 7/12 of the annual amount for the first period.",TBC,15 October 2026 (scholarship round),1 April 2027 (scholarship deadline; programme admission deadline TBC),2027 cycle for scholarships (window 15 Oct 2026 - 1 Apr 2027 published); programme admission deadline 2027 TBC,Research-university bachelor in a related field; a pre-master exists for HBO applicants; international applicants pass an online eligibility check. September and February starts.,likely,no,yes,"University of Twente Scholarship (UTS); NL/Holland Scholarship (EUR 5,000 first year); Kipaji Scholarship",partial,likely - UTS and NL Scholarship are open to excellent students from non-EU/EEA countries; Tunisia not named on the pages opened,https://www.utwente.nl/en/education/master/programmes/interaction-technology/,https://www.utwente.nl/en/education/master/programmes/interaction-technology/admission-application/,https://www.utwente.nl/en/education/scholarship-finder/,https://www.utwente.nl/en/education/master/programmes/interaction-technology/|https://www.utwente.nl/en/education/master/programmes/interaction-technology/finance/|https://www.utwente.nl/en/education/scholarship-finder/|https://www.utwente.nl/en/education/scholarship-finder/?edutype=ACADEMIC_MASTER|https://www.utwente.nl/en/eemcs/hmi/,VERIFIED,W1-N,2026-08-22,"Non-EU fee rose 15 percent in one year (18,900 to 21,700) - budget for a further rise in 2027-28. UTS is competitive and its deadline (1 April) precedes the usual admission deadline, so the scholarship drives the timetable. || NO audio, sound or music content was evidenced on the page opened - inclusion on Path A is speculative and rests on the Human Media Interaction group's known work on sound and multimodal interaction. Downgrade or drop if a curriculum check finds no audio modules. || NO dedicated audio or music research line found on the HMI group page - its eight research areas are social robots, body-centric interaction, social VR, conversational agents, storytelling and serious games, brain-computer interfaces, multimedia analysis and cultural heritage; audio appears only inside speech and multimedia analysis. Programme facts (fees, deadlines, ECTS) not verified. || MERGE: path agents disagreed on verification status (PARTIALLY_VERIFIED, UNVERIFIED, VERIFIED) - Wave 3 to adjudicate","The best pure fit on this path in the Netherlands for a software engineer: Interaction Technology is a technical HMI/affective-computing master with heavy prototyping (game-engine and XR development, experience design), taught in the Human Media Interaction group. It is also an EIT Digital HCID entry point, so the same application can open a double-degree route. A gesture/DJ-controller or adaptive-audio thesis sits naturally here."
A-016,"A,G",Master in Immersive Audio (track within Master of Music),Master of Music (MMus),"Conservatorium van Amsterdam (Amsterdam University of the Arts, AHK)",Conservatory (university of applied sciences),Amsterdam,Netherlands,single_site,English,TBC,24,120,8250,"AHK 2026-27 institutional fee for non-EU/EEA Master Music: 8,250 EUR/yr (2025-26 was 7,375 EUR). Statutory EU/EEA fee 2,694 EUR/yr.",TBC,TBC,TBC - closing-dates page not opened,TBC,"Bachelor's degree in Music or a closely related field, professional-level audio engineering experience, proficiency with Pro Tools/Ableton or equivalent DAWs, demonstrated interest in immersive audio. Admission: three high-quality stereo recordings (diverse styles), optional research proposal, 10-minute interview and a 10-minute on-the-spot Pro Tools mixing test on a 24-track session.",unclear,yes,TBC,CvA scholarships (page not opened),TBC,TBC,https://www.conservatoriumvanamsterdam.nl/en/study/focus-masters/immersive-audio/,https://www.conservatoriumvanamsterdam.nl/en/application-and-admission/,https://www.ahk.nl/en/facilities/student-affairs/financial-matters/tuition-fees/,https://www.conservatoriumvanamsterdam.nl/en/study/focus-masters/immersive-audio/|https://www.ahk.nl/en/facilities/student-affairs/financial-matters/tuition-fees/|https://www.conservatoriumvanamsterdam.nl/en/application-and-admission/enrolment-1/,VERIFIED,W1-A,2026-08-22,"Entry text says 'bachelor's degree in Music or a closely related field' AND professional-level audio engineering experience - the client has neither a music degree nor professional studio credits, so eligibility is the risk. The live Pro Tools mixing test under time pressure is a hard practical gate. Application deadlines not confirmed. || Requires 'significant experience in audio engineering at a professional level' - the hardest non-portfolio gate for the client. Accreditation clean (NVAO MMus). Tuition unconfirmed. || MERGE: path agents disagreed on verification status (PARTIALLY_VERIFIED, VERIFIED) - Wave 3 to adjudicate","Amsterdam (highest-priority NL city), English-taught, NVAO-assessed, and the non-EU fee of 8,250 EUR/yr is markedly cheaper than Sonology (11,488) or HKU (12,258). Subject is spatial/3D audio technology - Dolby Atmos, binaural, ambisonics, SPAT Revolution - genuinely technical and directly useful to an electronic-music producer. Worth a serious portfolio push."
A-017,"A,G,H",Sound Studies and Sonic Arts (Master of Arts),Master of Arts - continuing-education (Weiterbildung) master at a state university of the arts,Universitat der Kunste Berlin (UdK Berlin),Public university of the arts,Berlin,Germany,single_site,English,"C1 (TOEFL iBT 100, IELTS 6.5 or equivalent)",36,TBC,6267,"Described on the official page as 'a continuing education program, this study is tuition-driven' - i.e. a fee-paying Weiterbildung master. Exact fee not published on the pages opened this session. Application fee EUR 30.",NO - ADMISSIONS DISCONTINUED,1 February 2026,"1 March 2026 (FINAL EVER INTAKE, for winter semester 2026/27)",2026 cycle - there is no 2027 cycle,"Bachelor's degree or equivalent (minimum 6 semesters); RELEVANT PROFESSIONAL EXPERIENCE IN THE FIELD OF SOUND, MINIMUM ONE YEAR; artistic and creative talent assessed by entrance examination; English C1.",likely,"YES - PORTFOLIO + ENTRANCE EXAM + INTERVIEW. Portfolio of max 5 work samples, total runtime <=20 minutes, plus an information document per sample (title, genre, year, context, your role), uploaded to bemus.udk-berlin.de. Formal PDF set (max 20MB) with EUR 30 application-fee proof, uni-assist VPD where applicable, transcripts, English certificate, 1-page motivation letter, CV and third-party evidence of professional experience. Then a theoretical or practical assignment in April, an aptitude test for some tracks, and an admission interview; notifications in May.",no,DAAD scholarship database referenced by UdK,none_found,n/a,https://www.udk-berlin.de/en/courses/sound-studies-and-sonic-arts-master-of-arts/,https://www.udk-berlin.de/en/courses/sound-studies-and-sonic-arts-master-of-arts/apply/how-to-apply/,https://www.udk-berlin.de/en/courses/sound-studies-and-sonic-arts-master-of-arts/apply/tuition/,https://www.udk-berlin.de/en/courses/sound-studies-and-sonic-arts-master-of-arts/|https://www.udk-berlin.de/en/courses/sound-studies-and-sonic-arts-master-of-arts/apply/requirements/|https://www.udk-berlin.de/en/courses/sound-studies-and-sonic-arts-master-of-arts/apply/how-to-apply/|https://www.ziw.udk-berlin.de/nc/de/weiterbildungsangebote/masterstudiengaenge/sound-studies-and-sonic-arts/|https://www.udk-berlin.de/en/courses/sound-studies-and-sonic-arts-master-of-arts/apply/|https://www.udk-berlin.de/en/courses/sound-studies-and-sonic-arts-master-of-arts/apply/tuition/,CONFLICT,W1-G,2026-08-22,"CONFLICT IN THE LEAD DATA RESOLVED THIS SESSION: the programme is BEING PHASED OUT. The official application page states 'No new students will be admitted to the Master's program in Sound Studies and Sonic Arts for the 2026/27 winter semester.' The Feb-Mar 2026 window was the last. NOT AVAILABLE FOR SEPTEMBER 2027. Secondary issue even if it were open: fee-paying Weiterbildung master, and it required one year of documented professional sound experience. || PROGRAMME CLOSED TO NEW STUDENTS. UdK's ZIW (Berlin Career College) page states verbatim: 'Der Studiengang Sound Studies and Sonic Arts nimmt ab sofort deshalb keine neuen Studierenden mehr auf.' - all continuing-education master's programmes are being phased out and this one accepts no new students with immediate effect; enrolled students may finish. CONFLICT: the English course pages at udk-berlin.de STILL show live 'HOW TO APPLY', 'REQUIREMENTS' and 'TUITION' sections with no closure notice. Two official UdK domains contradict each other. Treat as CLOSED until UdK confirms otherwise in writing. || CONFLICT: the prior lead sweep recorded a UdK page stating 'DISCONTINUED, DO NOT APPLY' (ziw.udk-berlin.de), but the live programme page opened this session shows an active programme with a SoundS Rundgang scheduled for 17-19 July 2026. Resolve before acting. Also: it is a fee-bearing weiterbildender Masterstudiengang - 18,800 EUR total at a public art university - and requires at least one year of professional sound experience, which the client may not evidence. Three years' duration. || MERGE: path agents disagreed on verification status (CONFLICT, VERIFIED) - Wave 3 to adjudicate",DO NOT PURSUE for a 2027 start. Logged in full because it is Berlin's flagship sound master and its absence is the single biggest gap in Berlin coverage on this path. Wave 2 should check whether UdK launches a successor programme.
A-018,"A,G,H",Master of Music in Sonology,Master of Music (MMus),Royal Conservatoire The Hague (Koninklijk Conservatorium) - Institute of Sonology,Public conservatoire / university of the arts,The Hague,Netherlands,single_site,English,"IELTS 6.0 / TOEFL iBT 80 (also TOEIC, Cambridge) - required of non-EU applicants excluding UK/CA/AU/NZ/US/ZA",24,TBC - not stated on the pages opened,11488,"Institutional fee for non-EEA master's students, academic year 2026-2027, per koncon.nl tuition page. EEA statutory fee is 2694 EUR. The reduced 8250 EUR rate applies only to DNOA/NMO masters, not Sonology.",TBC - 2026 cycle published,TBC,26 February 2026,2026 cycle - 2027 TBC,"Bachelor's diploma relevant to sonology or related fields: composition of electronic/acoustic music, sound synthesis, sound art, AI, computer science, electronic engineering, musicology, music perception, film studies. No live admission exam.",yes_explicit,"yes - portfolio of previous work (compositions, sound installations, live-performance recordings or research results) PLUS a two-page study plan with semester-by-semester timeline, research questions and thesis topic. No live audition.",yes,"Excellence Scholarship (all nationalities; requires entrance grade 9-10 + convincing Master Plan); NL Scholarship (non-EEA, first study in NL); Top Scholarships (all nationalities); TSH Changemaker Scholarship",partial,yes - NL Scholarship is explicitly for non-EEA students studying in NL for the first time; Excellence/Top/Changemaker are open to all nationalities,https://www.koncon.nl/en/programmes/master/sonology/master-sonology,https://sonology.org/masters-admission/,https://www.koncon.nl/en/application-process/scholarships-and-funds,https://www.koncon.nl/en/programmes/master/sonology/master-sonology|https://sonology.org/masters-admission/|https://www.koncon.nl/en/application-process/tuitionfees|https://www.koncon.nl/en/application-process/scholarships-and-funds,VERIFIED,W1-H,2026-08-22,"Non-EEA tuition 11488 EUR/yr x 2 years is the single largest cost of any row on this path. Scholarship coverage amounts are NOT published - 'partial' is an assumption pending confirmation. Portfolio-gated: client's music portfolio is in progress, so this is FLAGGED not excluded. ECTS not published. || Non-EU tuition 11,488 EUR/yr x 2 years is the highest verified figure on this path and none of the named scholarships is confirmed to be full-cost. Selection is portfolio-based and the client's music portfolio is still in progress. Scholarship amounts are not published. || Not a film/game sound-design programme - it is electroacoustic/computer music and sound art. Accreditation clean (NVAO MMus). || MERGE: path agents disagreed on verification status (PARTIALLY_VERIFIED, VERIFIED) - Wave 3 to adjudicate","TOP-3 FIND, FULL DEGREE, world-leading spatial-electronic-music institute. Explicit spatial-audio component: the Institute of Sonology runs a dedicated Wave Field Synthesis Studio and the master's teaching includes 'composing with Wave Field Synthesis' (Ji Youn Kang). The department states the spatial aspects of sound have become at least as important in the curriculum. Artistic/compositional rather than engineering framing - the 300-ECTS engineering diploma satisfies the degree bar explicitly (computer science and electronic engineering are named accepted backgrounds), so the risk is entirely portfolio, not credential."
A-019,"A,G,H",Master de formacion permanente en Musica y Sonido para Experiencias del Entretenimiento (Master in Music and Sound for Entertainment Experiences),"Master de formacion permanente por la Universitat de Barcelona - MASTER PROPIO UB (titulo propio, not oficial)","ENTI-UB - Escola de Noves Tecnologies Interactives, Universitat de Barcelona",University-affiliated interactive-technologies school,Barcelona,Spain,single_site,Castellano (Spanish),n/a - Spanish-taught,12 (1 year),60,TBC,PRICE NOT PUBLISHED. The official page routes price enquiries through a contact form: 'Para consultar el precio... se puede hacer rellenando este formulario'. Must be requested directly.,TBC - published start is October 2026,TBC,"TBC - start October 2026, 30 places",2026 cycle - 2027 TBC,"NO MINIMUM PRIOR-STUDY REQUIREMENT ('no hay requisitos minimos de estudios previos'). Recommended profiles explicitly include DEVELOPERS ('desarrolladores'), music producers, sound technicians, film students, multimedia artists, composers and performers. Evening timetable, on-site, 30 places.",yes_explicit,"INTERVIEW REQUIRED, NO PORTFOLIO STATED. An interview with the master's academic director is mandatory for access; requested by email to the address on the programme page.",TBC - ENTI runs a Becas page,TBC,none_found,TBC,https://enti.cat/es/area-de-musica/master-en-musica/,https://enti.cat/es/area-de-musica/master-en-musica/,TBC,https://enti.cat/es/area-de-musica/master-en-musica/,VERIFIED,W1-G,2026-08-22,"ACCREDITATION WARNING: MASTER PROPIO of the Universitat de Barcelona (master de formacion permanente) - NOT a titulo oficial and NOT RUCT-registered. The page also warns explicitly: 'Si no se tiene un titulo de grado oficial, al terminar se obtendra un certificado' - i.e. without a recognised official bachelor you receive only a certificate. The client's 300-ECTS engineering diploma should satisfy this, but the equivalence must be confirmed with UB. Price unpublished - a transparency red flag. || TITULO PROPIO, NOT TITULO OFICIAL - a Universitat de Barcelona own-title master, which matters for both funding eligibility and the Tunisian student visa. No price published. No scholarship found. Spanish-taught. || enti.cat returned HTTP 403 - no page opened. 'Máster de formación permanente' is a UB own title, NOT a título oficial: confirm visa and recognition implications. Everything is TBC. || MERGE: path agents disagreed on verification status (PARTIALLY_VERIFIED, UNVERIFIED, VERIFIED) - Wave 3 to adjudicate","BEST GAME-AUDIO CONTENT FIT IN SPAIN. Scope named on the official page: video games, apps, SERIOUS GAMES, NEWSGAMES, gamification, SIMULATORS, theme-park music, live shows, scenic devices, and MUSIC AND SOUND IN VIRTUAL REALITY - plus moving image. Explicitly welcomes developers, which is precisely the client's profile, and there is NO portfolio gate, only an interview. Barcelona. The two blockers are the titulo propio status and the undisclosed price."
A-020,"A,G,H","Master of Science in Acoustics, Audio and Vibrations (Master Universitario en Acustica, Audio y Vibraciones)",Master Universitario (official Spanish master's; degree certificate issued by the Ministry of Education),La Salle Campus Barcelona - Universitat Ramon Llull (URL),Private university (Universitat Ramon Llull; legal entity FUNITEC),Barcelona,Spain,single_site,English,TBC - not stated on programme page,10,60,TBC,No tuition figure published on the programme page or the scholarship page opened this session. Private university - expect a four-figure to five-figure fee. Must be requested from admissions.,no - page shows start date 19 October 2026,Rolling,TBC - rolling; admissions committee replies within 8 days of complete documentation,2026 cycle - 2027 TBC,University degree + passport/ID; admissions committee may call an interview (on campus or online). Specific accepted bachelor list not published.,likely,no - possible admissions interview only,yes,Academic Excellence Scholarships (up to 50% for GPA 9.5+; 40% for 8.5+; 20% for 8.0+); La Salle Boost (10-40%); Lasallians Scholarship (10%); Partner University Scholarship (15%); Corporate Agreement (15%),partial,likely - excellence/Boost/Lasallians schemes are not nationality-restricted; the 75% Carolina Foundation award is Ibero-American only and the Casa de Mexico award is Mexican-only,https://www.salleurl.edu/en/education/master-science-acoustics-audio-and-vibrations,https://www.salleurl.edu/en/admissions/masters-admissions/admission-process,https://www.salleurl.edu/en/admissions/masters/scholarship-program,https://www.salleurl.edu/en/education/master-science-acoustics-audio-and-vibrations|https://www.salleurl.edu/en/education/master-science-acoustics-audio-and-vibrations/syllabus|https://www.salleurl.edu/en/admissions/masters/scholarship-program|https://www.salleurl.edu/en/admissions/masters-admissions/admission-process,PARTIALLY_VERIFIED,W1-H,2026-08-22,"Private university - tuition not published anywhere public; no scholarship covers full tuition; no stipend. Award IS an official Spanish master's (titulo oficial) - confirmed on programme page. || Private university - tuition likely five figures and not published. Scholarships cannot be combined (only one aid option). Named 100%-coverage funds (Massó, Carolina, Casa de México) are tied to OTHER programmes, not to this one. Classes are weekday afternoons with some online sessions - check this satisfies Spanish student-visa full-time rules. || No accreditation concern - titulo oficial issued via the Ministry of Education at a private university (Universitat Ramon Llull). Private-university tuition is likely to be high and is UNPUBLISHED - a material gap. Content is acoustic ENGINEERING (noise control, vibration) rather than creative sound design. || MERGE: path agents disagreed on verification status (PARTIALLY_VERIFIED, VERIFIED) - Wave 3 to adjudicate","STRONGEST SPANISH MATCH. FULL DEGREE with an explicit spatial-audio module: 'Sound recording and immersive audio' (5 ECTS) covering spatial reproduction and spatialization; '3D audio and auralization' is named among the advanced topics module. Also holography, acoustic black holes, metamaterials, AI in audio. Taught at the IASLab acoustics lab. 300-ECTS engineering diploma comfortably exceeds any entry bar. English-taught - no Spanish needed."
A-021,"A,G,H,J,L",Creative Production (Music) MA,MA validated by Plymouth Marjon University (UK),"Catalyst - Institute for Creative Arts and Technology, Berlin (Funkhaus campus)",Private creative arts and technology institute (UK-validated awards),Berlin,Germany,single_site,English,IELTS 6 equivalent / CEFR B2; a free 90-minute online test is offered,12,"TBC - UK credit structure, not published on the pages opened",11693,"2026 fees: full-time EUR 6,028 per semester, EUR 11,693 per year; part-time EUR 3,678 per semester, EUR 7,134 per year. Enrolment fee EUR 895 per study year (non-refundable, includes visa support). The published table does NOT distinguish EU from non-EU rates - fees are uniform",no,TBC,30 April 2026 for visa-required applicants; 5 June 2026 for EU/visa-exempt; late applications to 28 August 2026 subject to availability. Start mid-September 2026,2026 cycle - 2027 TBC,"Bachelor's degree with honours in a relevant discipline (e.g. UK 2:1); non-standard entry available on relevant professional or life experience. Required: a detailed project proposal, a sample of research/academic writing, and a portfolio",unclear,yes - portfolio plus project proposal and academic writing sample,yes,Scholarships referenced on the fees page via a funding guide but NOT named or quantified there (TBC); programmes stated to be eligible for BAfoeG and other national funding schemes,partial,TBC - BAfoeG is not available to a Tunisian student visa holder,https://catalyst-berlin.com/music/course/creative-production-music-masters,https://catalyst-berlin.com/about/how-to-apply-ma,https://catalyst-berlin.com/about/course-fees,https://catalyst-berlin.com/music/course/creative-production-music-masters|https://catalyst-berlin.com/about/course-fees|https://catalyst-berlin.com/about/about|https://catalyst-berlin.com/about/how-to-apply-ma|https://catalyst-berlin.com/about/student-funding|https://www.catalyst-berlin.com/|https://www.catalyst-berlin.com/music/course/creative-production-music-masters|https://catalyst-berlin.com/film/course/creative-production-film-masters,VERIFIED,W1-J,2026-08-22,"MARGINAL FIT FOR THIS PATH: the course is artistic creative practice; its 'business' content is limited to funding applications, artist statements, residency proposals and freelance-career realities - there is no music-industry management, rights or streaming-economics curriculum. Award is UK-validated (Plymouth Marjon), not a German degree. Portfolio-gated, which is a live risk while the client's music portfolio is still being built || AWARD IS A UK DEGREE (Marjon University), NOT a German staatlich anerkannter Abschluss - Catalyst states graduates hold British degrees with equivalent recognised status in Germany and the EU, but this must be checked for the Tunisian student visa and for any German funding. Full sticker price with no scholarship found: ~12588 EUR for one full-time year including enrolment fee. Portfolio-gated - FLAGGED not excluded. || The award is a UK degree validated by Plymouth Marjon University, NOT a German staatlich anerkannter Masterabschluss issued by Catalyst - this materially affects Tunisian student-visa issuance and later recognition in Germany/EU. Verify with the German embassy and with Catalyst in writing. 11,693 EUR/yr plus an 895 EUR enrolment fee, with only small percentage discounts as 'scholarships'. BAföG is not open to most non-EU students. Visa-required applicants must apply by 30 April - the earliest hard deadline in the Berlin set. || ACCREDITATION: UK Plymouth Marjon University award delivered in Berlin; Catalyst self-describes as 'an officially accredited higher education institute' but the exact German status (staatlich anerkannt) is not evidenced on the pages opened. AND, decisively for this path: the programme page states it 'is not a studio engineering degree, a vocational production course or a genre-based music programme' - IT IS NOT A SOUND-DESIGN PROGRAMME. Unfunded, ~EUR 11693/yr + EUR 895 enrolment. || UK-validated (Plymouth Marjon) degree delivered in Berlin; Catalyst states it is an officially accredited Berlin higher-education institute but the exact German status (staatlich anerkannt vs. state-recognised branch delivery) should be confirmed in writing for the visa file. Portfolio + project proposal + writing sample required, and the client's music portfolio is still in progress. The course page states it is not vocational business training, so entrepreneurship content is limited to sustaining an independent practice (funding applications, artist statements, residency proposals). || ACCREDITATION: UK Plymouth Marjon University award delivered in Berlin; German staatlich-anerkannt status not evidenced. Sound design appears only as a FINAL-SEMESTER MASTERCLASS TOPIC alongside expanded cinema, art direction, distribution and rough-cut labs - it is not a sound specialisation. Unfunded private fee. || MERGE: path agents disagreed on verification status (PARTIALLY_VERIFIED, VERIFIED) - Wave 3 to adjudicate","Logged for completeness of Berlin private-academy coverage rather than as a music-business option; overlaps heavily with the music-production path. Cheapest Berlin private option at EUR 11,693/yr with uniform EU/non-EU pricing and explicit visa support. The visa-required application deadline (end of April) is the earliest in the Berlin set"
A-022,"A,G,H,N",Master of Music - pathway Music Design (strand: Sound Design),Master of Music (MMus) - NVAO-accredited Dutch hbo master,HKU University of the Arts Utrecht (Hogeschool voor de Kunsten Utrecht),University of applied sciences / art school (hbo),Utrecht,Netherlands,single_site,English (lessons taught in English; approx. two-thirds Dutch student body),Proof of English proficiency required; exact score TBC,24,120,12258,EUR 12258 institutional fee for master students 2026-2027 per HKU visa page; HKU Talent grant of EUR 3500 automatically reduces this to EUR 8758 if no prior Dutch bachelor/master. HKU warns non-EEA institutional rates 'may rise considerably in the coming years'. 2027-2028 rate TBC.,yes - applications for 2027-2028 open as of 1 October,1 October (for the 2027-2028 academic year),Non-EU/EEA candidates advised to apply before 1 April to complete immigration procedures,2027 cycle (page states 2027-2028),"Bachelor's degree in a relevant field, or professional experience at comparable level, or comparable training abroad. Two-stage selection.",likely,"YES - PORTFOLIO + INTERVIEW. Stage 1: motivation letter, study plan, CV and portfolio. Stage 2: online interview with the admissions committee.",yes,HKU Talent grant (EUR 3500); NL Scholarship (Holland Scholarship),partial,likely - NL Scholarship is for non-EEA nationals; Tunisia not excluded; confirm at studyinnl.org,https://www.hku.nl/en/study-at-hku/music-and-technology/master-of-music-pathway-music-design,https://www.hku.nl/en/study-at-hku/music-and-technology/master-of-music-pathway-music-design,https://www.hku.nl/en/study-at-hku/explore-and-apply/nl-scholarship,https://www.hku.nl/en/study-at-hku/music-and-technology/master-of-music-pathway-music-design|https://www.hku.nl/en/study-at-hku/explore-and-apply/application-and-admission/visa-and-residence-permit|https://www.hku.nl/en/study-at-hku/explore-and-apply/tuition-fee-and-finances|https://www.hku.nl/getattachment/669eee18-4298-4a95-b4b4-671621b7f212/collegegeld-2026-2027-v2.pdf|https://www.hku.nl/en/study-at-hku/explore-and-apply/nl-scholarship,VERIFIED,W1-G,2026-08-22,"None on accreditation - NVAO-accredited Dutch MMus. Visa: HKU requires proof of EUR 1145/month living costs (EUR 13740/yr) PLUS tuition upfront; states there are 'none to very limited possibilities to work in the Netherlands'. || Non-EU institutional fee 12,258 EUR/yr for 2 years (~24,500 EUR), and HKU itself warns the non-EEA institutional rate 'may rise considerably in the coming years'. NL Scholarship (5,000 EUR) covers well under half of one year. Partly Dutch-language delivery. NL Scholarship deadline for the 2026-27 round was 1 May 2026 - the 2027-28 round should open mid-November 2026. Portfolio-gated. || Non-EEA institutional tuition NOT published as a figure and HKU explicitly warns it may rise considerably - a material funding unknown. Portfolio-gated - FLAGGED not excluded. Spatial-audio content NOT confirmed on the official master's page. || Portfolio-gated: the client's music portfolio is still in progress and this is the binding constraint, not the academic record. Partly Dutch-language delivery. NL Scholarship deadline for the 2026-27 round was 1 May 2026, so the 2027 equivalent will fall around May 2027 - earlier than most admission deadlines. || MERGE: path agents disagreed on verification status (PARTIALLY_VERIFIED, VERIFIED) - Wave 3 to adjudicate",STRONGEST NL FIT ON THIS PATH. Explicit Sound Design strand alongside Music Technology / Music Production / Composition - directly serves the software-engineer + electronic-music dual career. 300-ECTS engineering diploma far exceeds the bachelor bar. Portfolio-gated: client's music portfolio must be ready by ~March 2027.
A-023,"A,G,N",Master The Sound of Innovation,Master of Music - NVAO-accredited,ArtEZ University of the Arts - Academy of Pop Music,University of the arts (hbo),Enschede,Netherlands,single_site,English,Proof of English proficiency required; exact level TBC,24,TBC,13030,ArtEZ institutional tuition fee for all master programmes stated as EUR 13030 (year TBC). Statutory EEA fee does not apply to Tunisian nationals.,NO - PROGRAMME DISCONTINUED,n/a,n/a,n/a - programme appears closed to new students,"Bachelor's or master's in a creative field (music, art, musicology, cultural history) or another relevant field (communication, sociology, CMD, education, psychology, TECHNOLOGY, law, economy, business administration).",yes_explicit,"YES - motivation letter, portfolio, project case and promotional video, then a 30-minute admission interview.",no,Formerly ArtEZ Scholarship and NL Scholarship,none_found,n/a,https://www.artez.nl/en/programmes/master/the-sound-of-innovation-enschede,https://www.artez.nl/en/courses/master/the-sound-of-innovation/admission,https://www.artez.nl/en/study-at-artez/arrange-your-study/tuition-fees,https://www.artez.nl/en/courses/master/the-sound-of-innovation/admission|https://www.artez.nl/en/study-at-artez/arrange-your-study/tuition-fees|https://www.artez.nl/en/programmes/master/the-sound-of-innovation-enschede,DEAD_LINK,W1-G,2026-08-22,"DISCONTINUED - 'From the 2025-2026 academic year onwards, no new students will be admitted.' NOT AVAILABLE FOR SEPTEMBER 2027. Logged so it is not re-chased in a later wave. || NEGATIVE FINDING - both ArtEZ URLs now resolve to the general 93-programme overview and The Sound of Innovation is NOT among the listed programmes; secondary sources state no new students have been admitted since 2025-2026. Do NOT put this on a shortlist. Carried in the prior lead file, so it needs an explicit strike-through. || Both the programme URL and its admission URL redirected to a generic 93-programme overview - the programme page could not be opened this session and even its continued existence is unconfirmed. || MERGE: path agents disagreed on verification status (DEAD_LINK, PARTIALLY_VERIFIED, UNVERIFIED) - Wave 3 to adjudicate",Would have been an outstanding fit (explicitly admitted TECHNOLOGY backgrounds). DO NOT PURSUE. Re-check in Wave 2 only to see whether ArtEZ has launched a successor master at the Academy of Pop Music.
A-024,"A,H",Master propi de Composicio amb Tecnologies (Master's Degree in Composition with Technologies),Master propi ESMUC (own title),Escola Superior de Musica de Catalunya (ESMUC),Public conservatoire / higher music school (own-title programme),Barcelona,Spain,single_site,English,TBC,"9 (1 October to 1 June, final project submitted in July)",60,5667,94.45 EUR per credit x 60 ECTS = approx. 5667 EUR. Rate quoted verbatim from the ESMUC programme page; the academic year it applies to is not stated.,no - 2026-27 rounds published,2 February (pre-enrolment round 1),"25 March (round 1, decisions 15 April); round 2 4-24 May (decisions 9 June); round 3 6 July - 6 September",2026 cycle - 2027 TBC,A higher degree in music OR equivalent accredited experience. Applicants must submit their own music scores and/or recordings for evaluation by programme management.,unclear,yes - own scores and/or recordings,TBC,"TBC - ESMUC publishes a beques i ajuts page, not opened this session",none_found,TBC,https://www.esmuc.cat/en/master-propi-de-composicio-amb-tecnologies/,https://www.esmuc.cat/en/studies/masters-i-postgraus/requisits/,https://www.esmuc.cat/en/studies/masters-i-postgraus/beques-i-ajuts/,https://www.esmuc.cat/en/master-propi-de-composicio-amb-tecnologies/|https://www.esmuc.cat/en/studies/masters-i-postgraus/|https://www.esmuc.cat/en/studies/masters-i-postgraus/master-propi-de-composicio-amb-tecnologies/,PARTIALLY_VERIFIED,W1-H,2026-08-22,"MASTER PROPI, NOT AN OFFICIAL SPANISH MASTER'S. Entry demands a higher degree IN MUSIC or accredited equivalent experience - the client has neither, so the 300-ECTS engineering diploma does NOT obviously satisfy this bar; this is the weakest credential fit on the path. Portfolio-gated on original compositions. Rolling rounds mean early application matters. || MASTER PROPI, NOT TITULO OFICIAL - this is critical for the Tunisian student visa and for any official scholarship; confirm with the Spanish consulate before relying on it. Entry text asks for a higher degree in MUSIC, which the client does not have; the 'equivalent accredited experience' clause plus portfolio is the only route in. Portfolio-gated while the client's music portfolio is still in progress. || MERGE: path agents disagreed on verification status (PARTIALLY_VERIFIED, VERIFIED) - Wave 3 to adjudicate","WEAK-PARTIAL MATCH - SPATIALISATION ONLY IN PASSING. Logged because ESMUC is a named institution and this is its only technology-composition master. English-taught, which is unusual and useful. Curriculum focus is synthesis, electroacoustic composition, interactive systems and live coding; spatialisation is addressed generally but there is NO ambisonics, multichannel or spatial-reproduction module. ESMUC's dedicated Sonology provision is at BACHELOR level only - confirmed against the full master's/postgraduate listing, which contains no sonology or sound-art master."
A-025,"A,H,R",Master Universitario en Ingenieria Acustica (Master's Degree in Acoustic Engineering),Master Universitario (official Spanish master's),Universidad Politecnica de Madrid (UPM) - ETSIS de Telecomunicacion (ETSIST),Public technical university,Madrid,Spain,single_site,Spanish,not required,12,60 (two semesters of 30 ECTS; 15-ECTS Trabajo Fin de Master),TBC,TBC - not published on the pages opened. Public Madrid master's fees are typically low but no figure was confirmed this session.,no,TBC,TBC - UPM master registration periods run roughly late January to May with an extraordinary August round if places remain; the programme blog still shows the 2024/2025 cycle,stale - programme blog shows 2024/2025; 2027 TBC,"Formative complements (complementos formativos) may be required depending on the entry qualification and prior knowledge, as specified in the memoria de verificacion.",likely,no,TBC,TBC,none_found,TBC,https://www.etsist.upm.es/estudios-ingenieria-sistemas-telecomunicaciones-madrid/masters-ingenieria-madrid/master_ingenieria_acustica,https://www.etsist.upm.es/estudios-ingenieria-sistemas-telecomunicaciones-madrid/masters-ingenieria-madrid/inscripciones_master,https://www.upm.es/Estudiantes/Estudios_Titulaciones/Estudios_Master/Matricula,https://www.etsist.upm.es/estudios-ingenieria-sistemas-telecomunicaciones-madrid/masters-ingenieria-madrid/master_ingenieria_acustica/plan-estudios|https://blogs.upm.es/masteracustica/|https://www.upm.es/Estudiantes/Estudios_Titulaciones/Estudios_Master/Programas?id=59.5&fmt=detail|https://www.upm.es/masters/acustica/?page_id=476|https://www.etsist.upm.es/estudios-ingenieria-sistemas-telecomunicaciones-madrid/masters-ingenieria-madrid/master_ingenieria_acustica,PARTIALLY_VERIFIED,W1-H,2026-08-22,"COVERAGE-CHECK ROW - NOT A SPATIAL-AUDIO PROGRAMME. The programme's own blog is stale (still advertising 2024/2025 admission). Spanish-taught. No tuition figure published. || TITULO OFICIAL at a top public technical university - visa-safe. Spanish-taught. Programme content is environmental/architectural acoustics, noise control and ultrasonics - the live-sound overlap is thinner than at UPV Gandia. The dedicated programme blog was last updated for the 2024/25 admission round, so currency of published dates is poor; the UPM central catalogue does confirm the programme runs in 2026-27 with 25 places. ETSII UPM lists a same-named older plan as 'en extincion' - do not confuse the two. || Programme site is stale: the front page still advertises 'ABIERTO EL PLAZO DE ADMISION PARA EL CURSO 2024/2025'. The ETSIST programme page returned HTTP 502. Confirm the master is still being offered before investing effort. Spanish-taught.","NEGATIVE FINDING, LOGGED SO IT IS NOT RE-SEARCHED. The full subject list was read from the official plan de estudios: Ingenieria Acustica, Psicoacustica, Acustica Ambiental, Aislamiento Acustico, Control de Ruido y Vibraciones, Instrumentacion y Metrologia Acustica, Sistemas Constructivos, Tecnicas Ultrasonicas, Tratamiento de Senales Acusticas, Metodos Numericos en Acustica. There is NO spatial audio, 3D audio, ambisonics, binaural or immersive-reproduction content whatsoever - this is a noise-control / building-acoustics / environmental-acoustics degree. Rank below H-008, which at least sits in an audio-oriented acoustics group."
A-026,"A,H,R","Máster Universitario Erasmus Mundus en Ondas, Acústica, Vibraciones, Ingeniería y Sonido / WAVES (Waves, Acoustics, Vibrations, Engineering and Sound)",Multiple national master's degrees + joint diploma supplement (Erasmus Mundus Joint Master),Consortium: Universitat Politècnica de València (Gandia) / Aix-Marseille Université / Centrale Méditerranée / Universidade de Coimbra,Public university consortium,Gandia (Valencia); Marseille; Coimbra,"Spain (+France, Portugal)",rotating,English,none stated,24,120,2356.20,"UPV publishes 39.27 EUR/credit for the 2026-27 course, from 4712.40 EUR for the whole 120-ECTS programme, i.e. ~2356 EUR/yr at the UPV leg. Erasmus Mundus scholarship holders normally have fees covered by the consortium - not confirmed this session.",no - see red flags,Phase 0 for non-EU: 17 Nov 2025 (UPV route),UPV Phase 0 (non-EU): 13 Feb 2026; Phase 1: 30 Apr 2026; consortium platform CLOSED,2026 cycle - 2027 TBC,"Engineering/physics bachelor; English-taught, no additional language requirement stated. Detailed criteria on the consortium site were not retrievable (application platform offline).",likely,no,yes,Erasmus Mundus Joint Masters scholarship (EACEA),full+stipend,TBC,https://www.upv.es/estudios/master/muemwaves/en/home/,https://www.upv.es/estudios/master/muemwaves/en/admission/,https://www.eacea.ec.europa.eu/grants/2021-2027/erasmus_en,https://www.upv.es/estudios/master/muemwaves/en/home/|https://master-waves.eu/|https://application.master-waves.eu/|https://www.upv.es/estudios/master/muia/en/home/|https://www.upv.es/estudios/master/muia/en/admission/|https://www.upv.es/titulaciones/MUIA/indexi.html|https://www.upv.es/tuitionfees|https://www.upv.es/contenidos/CGANDIA/noticiaf_1186280i.html,VERIFIED,W1-A,2026-08-22,"MAJOR: master-waves.eu states that as of 1 Oct 2025 there is NO recruitment for the 2026-2028 cohort and the application platform is unavailable. UPV's own page states the title is 'in the process of renewal' with no places available for 2026-27. Whether a 2027-2029 cohort will open is unknown. Erasmus Mundus scholarship coverage and Tunisian eligibility were NOT confirmed on an EACEA page this session. || Taught in Spanish - client has no Spanish. Gandia campus is a small satellite ~65 km from Valencia city, thin electronic-music scene. UPV explicitly runs a separate earlier Phase 0 for non-EU applicants - missing it costs a year. || Spanish-taught only. Subject list is NOT published on the pages opened - the spatial-audio content could not be confirmed or ruled out. There is a dedicated Phase 0 admission window for non-EU applicants closing in mid-February, roughly seven months before the intake - a hard early deadline the client must not miss. || Genuine TITULO OFICIAL (official Spanish master's, RUCT-registered) at a public university - fully visa-safe and the only official Spanish master's found that touches sound-system engineering. Taught in Spanish. Content is acoustics engineering (architectural, environmental, underwater, electroacoustics, materials) - NOT live sound, front-of-house or touring production; the overlap is electroacoustics and system measurement. Gandia is a small coastal campus 65 km south of Valencia, not Barcelona/Madrid. || MERGE: path agents disagreed on verification status (PARTIALLY_VERIFIED, VERIFIED) - Wave 3 to adjudicate","If it reopens, this is the strongest FUNDING-FIRST option on Path A: an Erasmus Mundus Joint Master (full tuition + monthly stipend + travel/installation for scholarship holders), English-taught, 120 ECTS, with a Spanish partner. Content is acoustics/vibrations/sound engineering rather than music computing. PRIORITY follow-up: watch master-waves.eu and the EACEA EMJM catalogue for a 2027 call."
A-027,"A,N","Computing and the Arts, M.A.",Master of Arts,SRH Berlin University of Applied Sciences - Berlin School of Popular Arts (formerly hdpk),Private university of applied sciences (state-recognised),Berlin,Germany,single_site,English,TBC,24,TBC,TBC,"Third-party listings quote about EUR 5,400 per semester (some rates EUR 4,080) over 24 months; SRH's published non-EU rate for Berlin bachelor programmes is EUR 4,950 per semester plus a one-off EUR 1,000 enrolment fee. NONE of this was confirmed on an SRH page opened this session.",TBC,TBC,TBC,TBC,"Four-semester programme in creative coding: programming and conceptualisation of multimedia applications, interfaces, installations and performances in an artistic context; graduate destinations include the audio and audiovisual software industry, creative agencies and games. Formal entry criteria not verified.",likely,TBC,TBC,TBC,TBC,TBC,https://www.hdpk.de/de/studium/master/computing-and-the-arts/,https://www.srh-university.de/en/master/,https://www.srh-university.de/fileadmin/1HE/International/SRH-University-Tuition-Fees-EN-Non-EU.pdf,https://www.hdpk.de/de/studium/master/computing-and-the-arts/|https://www.srh-university.de/en/master/|https://www.hdpk.de/de/studium/master/computingandthearts/,UNVERIFIED,W1-N,2026-08-22,"hdpk.de returned HTTP 503 to every attempt (WebFetch and curl) and the SRH master listing does not expose programme-level pages, so nothing here is confirmed. Private-provider award: verify state recognition (staatlich anerkannt) and the exact non-EU fee before shortlisting. High priority for manual re-check. || hdpk.de was unreachable (HTTP 503) throughout the session - nothing here is confirmed. Private SRH-group university: verify staatliche Anerkennung, the accreditation of this specific master, and the tuition level (private German UAS masters typically run 600-900 EUR/month) before treating it as viable. Non-EU student-visa recognition must be checked.","On paper this is the single best-matched Berlin programme for the client's exact profile: a coder's master in creative computing whose named career destination is the AUDIO and audiovisual software industry, taught in English, at a school built around popular music. If the fee and recognition check out it belongs near the top of the Berlin shortlist despite being unverified today."
AC-028,AC,Management & Marketing (M.Sc.) - Master of Science in Management & Marketing,Master of Science (M.Sc.),"Freie Universitat Berlin, Fachbereich Wirtschaftswissenschaft",public_university,Berlin,Germany,single_site,German and English (both used),"English at B2 (CEFR) or equivalent. SEPARATELY, applicants whose first degree was not taught in German must pass the DSH (Deutsche Sprachprufung fur den Hochschulzugang) or an accepted equivalent - German proficiency is OBLIGATORY.",24,"TBC (4 semesters; standard German M.Sc. = 120 ECTS, not stated on the page)",0,"NO TUITION FEES. Official FU page: 'Students do not pay any tuition fees, the university only charges semester fees and contributions each semester.' The FU FAQ page for this programme quotes a semester fee of approximately 300 EUR (that page returned HTTP 503 on the attempt to open it directly, so the exact current figure is TBC). Semester fee typically includes the Berlin public-transport semester ticket.",TBC,TBC,31 May (all admission requirements must be fully met and submitted by this date),2026 cycle - 2027 TBC,"Bachelor's degree in BUSINESS ADMINISTRATION or an equivalent German or foreign degree, WITH a minimum of 12 credit points in accounting and/or taxation AND a minimum of 12 credit points in mathematics, statistics and/or empirical research methods.",no,no,TBC,TBC - no programme-level scholarship published; DAAD and Deutschlandstipendium are the usual external routes,none_found,TBC,https://www.fu-berlin.de/en/studium/studienangebot/master/management_marketing/index.html,https://www.wiwiss.fu-berlin.de/studium-lehre/master/m-m/Bewerbung/index.html,https://www.wiwiss.fu-berlin.de/studium-lehre/master/m-m/Kontakt-und-FAQ/Studiengebuehren.html,https://www.fu-berlin.de/en/studium/studienangebot/master/management_marketing/index.html|https://www.wiwiss.fu-berlin.de/studium-lehre/master/m-m/Kontakt-und-FAQ/Studiengebuehren.html,PARTIALLY_VERIFIED,W1-AC,2026-08-22,"TWO HARD GATES. (1) DSH-level GERMAN is obligatory for the client - a multi-year language investment, and German is disprefered per the brief. (2) The entry rule demands a BUSINESS ADMINISTRATION bachelor plus 12 CP in accounting/taxation; a Software Engineering diploma clears the 12 CP maths/statistics half comfortably but has no accounting content at all. Exact semester fee not confirmed (FAQ page 503).","ZERO TUITION at a top German research university, which is exactly the funding-first ideal - and the reason to keep it despite the barriers. The 12 CP maths/statistics requirement is trivially satisfied by a 300-ECTS engineering diploma; the accounting requirement is the real blocker and could in principle be closed with a short accounting course before applying. 4 semesters (2 years) means two years of Berlin living costs with no tuition. Language tag: DE+EN - takes the Wave 4 German penalty, not exclusion."
AC-029,AC,Marketing Management (M.A.),Master of Arts (M.A.),Hochschule fur Wirtschaft und Recht Berlin (HWR Berlin / Berlin School of Economics and Law),public_university_of_applied_sciences,Berlin,Germany,single_site,German and English (approximately half the modules taught in English),"Advanced B2 level: TOEFL iBT minimum 83; IELTS minimum 6.0; TOEIC Four Skills minimum 1200; Cambridge English Scale minimum 170; PTE Academic 67; Oxford Test of English 126. Waived if at least two semesters were previously studied in English, or with a GMAT / GMAT Focus score.",18,90,0,Official HWR page states tuition fees: NONE ('Keine'). Only the semester contribution (Semesterbeitrag) applies - the page links to the current amount rather than printing it; HWR's semester contribution is around 300 EUR and includes the Berlin semester transport ticket (exact figure TBC).,TBC,"15 March (international degree holders, via uni-assist); 15 April (German degree holders)","15 May (international degree holders, via uni-assist); 15 June (German degree holders)",2026 cycle - 2027 TBC,Minimum 210 ECTS from a bachelor or equivalent in business/economics; applicants holding only 180 ECTS must add 30 ECTS via an integrated practical semester (extending the degree to 4 semesters). PLUS documented evidence of at least 15 ECTS of MARKETING coursework in the previous degree.,no,no,TBC,TBC,none_found,TBC,https://www.hwr-berlin.de/studium/studiengang/detail/27-marketing-management,https://www.hwr-berlin.de/studium/studiengaenge/bewerbungsdetail/detail/27-marketing-management,TBC,https://www.hwr-berlin.de/studium/studiengang/detail/27-marketing-management|https://www.hwr-berlin.de/studium/bewerbung/master-bewerbung,VERIFIED,W1-AC,2026-08-22,TWO ENTRY GATES: (1) a business/economics bachelor is required and (2) at least 15 ECTS of prior MARKETING coursework must be evidenced. A Software Engineering diploma fails both. Half the teaching is in German. uni-assist adds a fee and a document-verification step for a Tunisian degree.,"ZERO TUITION plus only ~300 EUR/semester - jointly the cheapest option in the entire path alongside HWR's International Marketing Management (AC-023) and FU Berlin (AC-021). CREDENTIAL WIN: the 210-ECTS entry bar is EXPLICIT and the client's 300-ECTS engineering diploma clears it outright, so he enters the 3-semester (18-month) version rather than the 4-semester one - a saved semester. English proof accepted via GMAT as an alternative, a useful option. The 15 ECTS marketing prerequisite is the one thing to solve; ask HWR whether a certified marketing course can be counted."
AC-030,AC,International Marketing Management (M.A.),Master of Arts (M.A.),Hochschule fur Wirtschaft und Recht Berlin (HWR Berlin / Berlin School of Economics and Law),public_university_of_applied_sciences,Berlin,Germany,single_site,English,CEFR B2 equivalent: TOEFL iBT minimum 83; IELTS minimum 6.0; alternatives listed. No further proof needed if two semesters were previously studied in English.,18,90,0,Official HWR page states tuition fees: NONE ('Keine'). Only the semester contribution applies (amount linked rather than printed; approximately 300 EUR including the Berlin semester transport ticket - exact figure TBC). Confirmed NOT a fee-paying weiterbildend/continuing-education master - it is a regular consecutive master's.,TBC,"15 March (international degrees, uni-assist); 15 April (German degrees)","15 May (international degrees, uni-assist); 15 June (German degrees)",2026 cycle - 2027 TBC,"Economics/business-related bachelor's or equivalent; minimum 210 ECTS (180-ECTS holders add 30 ECTS via an integrated internship, extending to 4 semesters); evidence of at least 15 ECTS in marketing coursework. At least one year of relevant work experience is advantageous but NOT required. Mandatory internship or study-abroad semester available in the 4-semester variant.",no,no,TBC,TBC,none_found,TBC,https://www.hwr-berlin.de/studium/studiengang/detail/26-international-marketing-management,https://www.hwr-berlin.de/studium/bewerbung/master-bewerbung,TBC,https://www.hwr-berlin.de/studium/studiengang/detail/26-international-marketing-management|https://www.hwr-berlin.de/studium/bewerbung/master-bewerbung,VERIFIED,W1-AC,2026-08-22,"Same two entry gates as AC-022: an economics/business bachelor AND at least 15 ECTS of prior marketing coursework. Work experience is 'advantageous', which in practice disadvantages a fresh graduate. uni-assist processing required for a Tunisian degree.","BEST BERLIN OPTION ON PAPER FOR THIS CLIENT: fully ENGLISH-taught (no German needed, so it escapes the Wave 4 German penalty entirely), ZERO TUITION, 90 ECTS in 18 months, and the 210-ECTS bar is explicitly cleared by his 300-ECTS diploma - putting him in the shorter 3-semester track. Combined with Berlin's ~0 tuition this is the strongest cost-to-quality ratio in the path. The whole question is the 15 ECTS marketing prerequisite; that single conversation with HWR admissions should be a Wave 2 priority."
AC-031,AC,"Master Marketing Management (60 ECTS, English)",Master of Arts (M.A.),IU Internationale Hochschule / IU International University of Applied Sciences,private_university_of_applied_sciences,Berlin (headquarters) - but this programme is delivered by distance learning only,Germany,single_site,English,B2 (CEFR): TOEFL 80+; IELTS 6.0+; Duolingo 95+; Cambridge Certificate grade B minimum,12,60,8112,Full-time (12 months) 676-729 EUR/month per the official IU page; 12 x 676 = 8112 EUR at the lower monthly rate (upper rate 729 x 12 = 8748 EUR). Part-time I (18 months) 534-569 EUR/month; Part-time II (24 months) 423-449 EUR/month. A promotional discount of 1444 EUR was advertised. No separate non-EU rate published.,"yes - rolling enrolment, 'start any time on your preferred date'",rolling / any date,none - rolling admission,2027 cycle (rolling),"A completed undergraduate degree with a MINIMUM OF 240 ECTS and a final grade of 'satisfactory' or equivalent, PLUS at least one year of qualified professional experience gained after completing the bachelor's. Engineering degrees qualify as acceptable undergraduate degrees.",yes_explicit,no,yes,IU scholarships referenced but not named or quantified on the page,TBC,TBC,https://www.iu.de/en/master/marketingmanagement/distance-learning/60-ects-en/,https://www.iu.de/en/master/marketingmanagement/distance-learning/60-ects-en/,https://www.iu.de/en/master/marketingmanagement/distance-learning/60-ects-en/,https://www.iu.de/en/master/|https://www.iu.de/en/master/marketingmanagement/distance-learning/60-ects-en/,VERIFIED,W1-AC,2026-08-22,"DISTANCE LEARNING ONLY - '100% flexible', 'no mandatory attendance', online exams. A distance programme does NOT support a Tunisian student residence visa for Germany, so this cannot deliver the client's stated goal of moving to Europe. No Berlin on-campus option exists for this particular 60-ECTS English variant. Requires ONE YEAR OF POST-BACHELOR WORK EXPERIENCE, which the client (final-year student) does not have. Accreditation is 'state-approved' (staatlich anerkannt) with ZFU distance-learning registration 1151223 and an AR-Siegel - a real accredited degree, but a distance one.","Logged for completeness and because it is the ONLY programme in this entire path whose official text explicitly says ENGINEERING DEGREES QUALIFY and whose stated 240-ECTS entry bar is directly cleared by the client's 300-ECTS diploma (brief rule: 300 > 240, he qualifies). At ~8100 EUR it also undercuts every Dutch option. But the work-experience clause and the distance-only delivery make it a fallback/insurance option at best, not a relocation route. Could be revisited if the client ever wants to study while continuing to work in Tunisia."
AC-032,AC,MSc International Business - specialisation Marketing-Finance,MSc International Business,"Maastricht University, School of Business and Economics",public_university,Maastricht,Netherlands,single_site,English,TOEFL iBT 90 or IELTS 6.5 (reported; the official tuition/admission pages opened returned navigation only). GMAT minimum 550 total with Analytical Writing 4.0; GMAT 650+ with AWA 4.0 gives automatic admission if all other requirements are met.,12,TBC,TBC,NOT VERIFIED on an official page - the Maastricht tuition-fee pages opened rendered navigation only. Secondary sources quote ~21500 EUR/yr non-EU/EEA for 2026/27 against a 2694 EUR statutory fee. Must be re-checked.,TBC,TBC,1 May for non-EU/EEA September start; 1 November for non-EU/EEA February start (reported),2026 cycle - 2027 TBC,"An international bachelor's degree; applicants from AACSB- or EQUIS-accredited bachelor programmes face DIFFERENT (lighter) requirements than other international bachelor holders. GMAT 550 minimum / 4.0 AWA. Documents: transcript, CV, motivation letter.",unclear,no,TBC,TBC - Maastricht operates a Holland-High Potential Scholarship but it was not confirmed on the pages opened,TBC,TBC,https://www.maastrichtuniversity.nl/education/master/programmes/international-business-marketing-finance,https://curriculum.maastrichtuniversity.nl/education/master/master-international-business-track-marketing-finance/requirements,https://www.maastrichtuniversity.nl/education/master/programmes/international-business-marketing-finance/tuition-fees,https://www.maastrichtuniversity.nl/education/master/programmes/international-business-marketing-finance/tuition-fees|https://www.maastrichtuniversity.nl/tuition-fee-guide-masters-programmes-202627,PARTIALLY_VERIFIED,W1-AC,2026-08-22,"GMAT 550 REQUIRED - a hard, paid, additional test. A Tunisian engineering diploma is not from an AACSB/EQUIS-accredited business school, so the client falls into the heavier requirement bracket. Tuition unconfirmed on an official page.","Marketing-Finance is the most quantitative Maastricht marketing track and rewards maths; the GMAT is actually an OPPORTUNITY for a strong-maths engineer, since 650+ triggers automatic admission. Maastricht's problem-based learning suits a self-directed student. Note Maastricht also runs a separate Strategic Marketing track (AC-018)."
AC-033,AC,MSc International Business - specialisation Strategic Marketing,MSc International Business,"Maastricht University, School of Business and Economics",public_university,Maastricht,Netherlands,single_site,English,TBC - reported TOEFL iBT 90 / IELTS 6.5; GMAT expected as for the other IB tracks,12,TBC,TBC,NOT VERIFIED - the official tuition-fees page for this track rendered navigation only. Same fee band as AC-017 is expected (all MSc International Business tracks share one rate).,TBC,TBC,"1 May non-EU/EEA for September start (reported, same as sibling tracks)",2026 cycle - 2027 TBC,"Shares the MSc International Business admission framework: international bachelor's degree, GMAT, English proof; separate lighter requirements for AACSB/EQUIS bachelor holders.",unclear,no,TBC,TBC,TBC,TBC,https://www.maastrichtuniversity.nl/education/master/programmes/international-business-strategic-marketing,https://www.maastrichtuniversity.nl/education/master/programmes/international-business-strategic-marketing/admission-requirements,https://www.maastrichtuniversity.nl/education/master/programmes/international-business-strategic-marketing/tuition-fees,https://www.maastrichtuniversity.nl/education/master/programmes/international-business-strategic-marketing/tuition-fees,PARTIALLY_VERIFIED,W1-AC,2026-08-22,"Nothing could be read off the official pages beyond the programme's existence and title - tuition, ECTS and requirements all unconfirmed. GMAT barrier presumed.","Logged for breadth: Maastricht offers TWO distinct marketing specialisations within MSc International Business, so one application decision covers two curricula. Strategic Marketing is the less quantitative of the pair, so AC-017 Marketing-Finance is the better fit for this client's profile."
AC-034,AC,MSc Business Administration - specialisation Marketing,Master of Science (Business Administration),Radboud University (Nijmegen School of Management),public_university,Nijmegen,Netherlands,single_site,English,"IELTS Academic >= 6.5 with subscores >= 6.0 and writing >= 6.5; TOEFL iBT >= 90 with all subscores >= 4.5 except Listening >= 5; Cambridge C1 Advanced >= 176 (component >= 169, writing >= 176). Exempt if the bachelor was completed in English in the EU/EEA, Australia, Canada, NZ, UK or USA.",12,60,18873,"Institutional tuition fee 18873.00 EUR for non-EU/EEA students, academic year 2026-2027, from Radboud's official programme tuition page. Statutory (EU/EEA) fee 2694.00 EUR.",TBC,TBC,1 April (non-EU/EEA standard); 31 January (non-EU/EEA applying for a scholarship) - dates shown were for the September 2026 intake,2026 cycle - 2027 TBC,"Bachelor's in Business Administration / International Business Administration / Law and Management from Radboud, or a bachelor in a SIMILAR OR RELATED field from another Dutch or international research university, ideally covering Organisation Theory, Strategy, Marketing, HR Management, Finance, Statistics, Research Methods and a 12 EC thesis. Non-Dutch degrees must be equivalent to a Dutch research-university diploma. Applicants from unrelated fields or HBO may need the pre-Master's in Business Administration.",no,no,yes,"Radboud Scholarship Programme (partial, non-EU/EEA, English-taught masters, outstanding results); NL Scholarship (partial, non-EU/EEA); Fulbright-Radboud (US students only)",partial,TBC,https://www.ru.nl/en/education/masters/marketing,https://www.ru.nl/en/education/masters/marketing/admission-and-application,https://www.ru.nl/en/education/masters/marketing/tuition,https://www.ru.nl/en/education/masters/marketing|https://www.ru.nl/en/education/masters/marketing/admission-and-application|https://www.ru.nl/en/education/masters/marketing/tuition,VERIFIED,W1-AC,2026-08-22,"Requires a bachelor in a similar or related field with a specific business curriculum (marketing, HRM, finance, organisation theory) - a Software Engineering diploma is an unrelated field and would be routed to a PRE-MASTER'S, adding a year and cost. Scholarship deadline (31 January) is 2 months before the ordinary deadline.","CHEAPEST FULLY-VERIFIED DUTCH PUBLIC in this path at 18873 EUR/yr, and the only Dutch entry here with named, confirmed scholarships open to non-EU/EEA students (Radboud Scholarship Programme and NL Scholarship, both partial). The documented pre-Master's route is an explicit, official bridge for an unrelated bachelor - the clearest published path into a Dutch marketing MSc for an engineer found in this sweep. Client must apply by 31 January to be considered for funding."
AC-035,AC,MSc Marketing Management,MSc,"Rotterdam School of Management, Erasmus University (RSM)",public_university_business_school,Rotterdam,Netherlands,single_site,English,TBC - not published on the programme page opened; RSM requires an English test but exact IELTS/TOEFL thresholds are on a separate admission page,12,60,25800,"25800 EUR for non-EEA students, academic year 2026-2027 (2025-2026 was 24600 EUR). Dutch/EEA students pay the statutory 2694 EUR or the 14800 EUR institutional rate. A 100 EUR non-refundable application handling fee applies to applicants with a non-Dutch degree.",TBC,1 October,"15 May OR earlier - CAPPED programme, closes when 520 applications are reached",2026 cycle - 2027 TBC,Eligibility is on a separate admission-requirements page not opened; the programme page only links to it. Capped at 520 applications.,unclear,no,yes,"RSM Non-EEA Scholarship of Excellence (merit-based, limited number); Erasmus Trustfonds Scholarship (EEA students only)",partial,TBC,https://www.rsm.nl/education/master/msc-programmes/msc-marketing-management/,https://www.rsm.nl/education/master/msc-programmes/msc-marketing-management/,https://www.rsm.nl/education/scholarships/msc-scholarships/,TBC,PARTIALLY_VERIFIED,W1-AC,2026-08-22,"MOST EXPENSIVE DUTCH OPTION at 25800 EUR/yr. Application CAP of 520 means the deadline can close months early - a late applicant is simply locked out. Entry requirements and English scores not confirmed. RSM's own page carried a confusing '~15200 for 2027-2028' figure that looks like the EEA institutional rate, not the non-EEA one - do not use it.","Top-ranked Dutch marketing school; the RSM Non-EEA Scholarship of Excellence is explicitly aimed at exactly this client's category (non-EEA, not entitled to the EEA rate) but is merit-based and limited. Apply on 1 October, not later, because of the 520 cap. Funding-first logic ranks this below every Spanish public."
AC-036,AC,MSc Marketing Management,MSc,"Tilburg University (Tilburg School of Economics and Management, TiSEM)",public_university,Tilburg,Netherlands,single_site,English,TBC - Tilburg's general master's requirement is reported as IELTS 6.5 but the official programme page returned HTTP 403 and could not be read,12,60,TBC,"NOT VERIFIED. Tilburg's official institutional-fee PDF (Instellingstarieven voor masteropleidingen 2025-2026 and 2026-2027) was downloaded and confirmed to LIST 'M Marketing Management' (code 60063) and 'M Marketing Analytics' (code 60064) under TiSEM with EEA and non-EEA columns, but the numeric cells could not be extracted from the PDF's text layer. Secondary sources quote 19900 EUR non-EU for 2026-2027 - treat as unconfirmed.",TBC,"1 October 2026 via Studielink (reported, unconfirmed)","1 April 2027 for non-EU (reported, unconfirmed)",2027 cycle (reported),TBC - the official application page returned HTTP 403. Tilburg generally requires a recognised academic Bachelor's at first-class equivalence plus English proof; GMAT/GRE may apply.,unclear,no,TBC,Tilburg reportedly operates a DEI Waiver reducing master's tuition by 50% - UNCONFIRMED,TBC,TBC,https://www.tilburguniversity.edu/education/masters-programs/marketing-management,https://www.tilburguniversity.edu/education/masters-programs/marketing-management/application,https://www.tilburguniversity.edu/students/administration/tuition-fees,https://www.tilburguniversity.edu/sites/default/files/download/Instellingstarieven%20voor%20masteropleidingen%202025-2026.pdf,UNVERIFIED,W1-AC,2026-08-22,tilburguniversity.edu returns HTTP 403 to automated fetching on every HTML page tried - all facts here are unconfirmed. A reported 50% DEI tuition waiver would be materially important for this client and MUST be checked by a human. Do not quote the 19900 EUR figure to the client as fact.,"Tilburg is a top-tier marketing research school and its MSc Marketing Management sits alongside a dedicated MSc Marketing Analytics (AC-014) - the pairing the assignment says to prioritise. Blocked by anti-bot protection, not by anything substantive. HIGHEST-VALUE MANUAL FOLLOW-UP in the Dutch set: open the three Tilburg pages in a browser and settle tuition, the DEI waiver, and whether an engineering bachelor is accepted."
AC-037,AC,MSc Marketing Analytics,MSc,"Tilburg University (Tilburg School of Economics and Management, TiSEM)",public_university,Tilburg,Netherlands,single_site,English,TBC - official page returned HTTP 403; Tilburg's general master's bar is reported as IELTS 6.5,12,60,TBC,"NOT VERIFIED - see AC-013. The programme appears as TiSEM code 60064 'M Marketing Analytics' in Tilburg's official institutional-fee PDF, but the numeric fee cells could not be read. Secondary sources quote 16500-19900 EUR non-EU; unreliable.",TBC,"1 October 2026 via Studielink (reported, unconfirmed)","1 April 2027 for non-EU (reported, unconfirmed)",2027 cycle (reported),"TBC - HTTP 403. Reported to require a recognised Bachelor's, IELTS 6.5, and possibly GMAT/GRE.",unclear,no,TBC,Reported DEI Waiver (50% of master's tuition) - UNCONFIRMED,TBC,TBC,https://www.tilburguniversity.edu/education/masters-programs/marketing-analytics,https://www.tilburguniversity.edu/education/masters-programs/marketing-analytics/application,https://www.tilburguniversity.edu/students/administration/tuition-fees,https://www.tilburguniversity.edu/sites/default/files/download/Instellingstarieven%20voor%20masteropleidingen%202025-2026.pdf,UNVERIFIED,W1-AC,2026-08-22,"Same HTTP 403 blockade as AC-013 - no fact here is confirmed. Marketing Analytics programmes commonly impose a quantitative prerequisite that may work FOR this client rather than against him, but that is unverified.","A dedicated QUANTITATIVE MARKETING master - the exact category the assignment says ranks especially high for this client's maths and programming. Analytics-branded marketing masters are also the ones most likely to accept an engineering background, so the unresolved accepts_engineering_bachelor field here is the most valuable single unknown in the Dutch set."
AC-038,AC,MSc Business Administration - Consumer Marketing track (Digital Marketing track also offered),MSc Business Administration,"University of Amsterdam (UvA), Amsterdam Business School",public_university,Amsterdam,Netherlands,single_site,English,TBC on the official pages opened; secondary sources report TOEFL 100 / IELTS 6.5 plus GMAT 560 or GRE 152 - NOT officially confirmed,12,60,24050,"24050 EUR institutional fee for non-EEA students, Amsterdam Business School master's, academic year 2026-2027, from the UvA official tuition-fees page. Statutory (EU/EEA) fee 2694 EUR.",yes - UvA states 'We welcome you to apply for the September 2027 intake from October 2026',October 2026 (for September 2027 intake) - officially stated,"TBC for 2027; the 2026 cycle used 15 January (non-EEA scholarship), 1 April (non-EEA visa/housing), 1 May (EU/EEA), 1 June (Dutch-degree holders)",2027 cycle (opening date) / 2026 cycle (deadline pattern),Entry requirements are held on separate pages by applicant category (international degree / other Dutch university / HBO). The pages opened did not publish the accepted-background list or the GMAT threshold. Starts in February or September. QS #55 Business Master's worldwide; 100+ nationalities.,unclear,no,yes,UvA/Amsterdam Business School scholarships referenced via a 15 January non-EEA scholarship deadline - names TBC,TBC,TBC,https://www.uva.nl/en/programmes/masters/business-administration-consumer-marketing/business-administration-consumer-marketing.html,https://www.uva.nl/en/programmes/masters/business-administration/application-and-admission/application-and-admission.html,https://www.uva.nl/en/education/fees-and-funding/tuition-fees/tuition-fees.html,https://www.uva.nl/en/programmes/masters/business-administration-consumer-marketing/business-administration-consumer-marketing.html|https://www.uva.nl/en/programmes/masters/business-administration/application-and-admission/application-and-admission.html|https://www.uva.nl/en/education/fees-and-funding/tuition-fees/tuition-fees.html,PARTIALLY_VERIFIED,W1-AC,2026-08-22,"24050 EUR/yr. A GMAT/GRE requirement is reported but not officially confirmed - if real it is a second test barrier alongside the untaken English test. The non-EEA SCHOLARSHIP deadline (mid-January) falls roughly 2.5 months before the ordinary non-EEA deadline, so a late applicant forfeits funding automatically.","September 2027 intake is officially acknowledged with an October 2026 opening - the client should diarise October 2026 and target the January scholarship round, not the April visa round. Amsterdam is the client's #1 Dutch city and MSc Business Administration runs EIGHT tracks including both Consumer Marketing and DIGITAL MARKETING, so a single application covers two marketing routes. A February start also exists."
AC-039,AC,MSc Marketing - Marketing Management,MSc in Marketing,University of Groningen (Rijksuniversiteit Groningen),public_university,Groningen,Netherlands,single_site,English,"IELTS Academic overall 6.5 (Speaking 6, Writing 6.5); TOEFL iBT overall 90 (Speaking 20, Writing 24); Cambridge C1 Advanced/C2 Proficiency 176; PTE Academic 66; LanguageCert Academic 70",12,60,22200,"22200 EUR/year for non-EU/EEA students, academic year 2026-2027, per the official RUG programme page.",yes - page lists a 1 September 2027 start with a 15 October deadline reference,TBC,"15 October (non-EU, for the listed start)",2027 cycle,"Academic Bachelor's or Master's from a RESEARCH university in Business Economics, Business Administration, Econometrics and Operations Research, Economics and Business Economics, International Business, or Technology Management (or closely related). Pre-master packages exist for some routes.",no,no,TBC,TBC,none_found,TBC,https://www.rug.nl/masters/msc-marketing-marketing-management/?lang=en,https://www.rug.nl/masters/msc-marketing-marketing-management/?lang=en,TBC,https://www.rug.nl/masters/msc-marketing-marketing-management/?lang=en,VERIFIED,W1-AC,2026-08-22,HARD BACKGROUND GATE: the accepted-degree list is business/economics/econometrics only. 'Technology Management' is the closest adjacent field but a Software Engineering diploma is not on the list. 22200 EUR/yr is ~10x a Spanish public. No scholarship named on the programme page.,"Groningen's marketing group is one of the strongest in Europe and the department is explicitly quantitative, but the admission gate is the problem, not the price. Wave 2 should ask RUG admissions whether a 300-ECTS Software Engineering diploma with heavy maths/statistics is treated as 'closely related' to Technology Management, and whether a pre-master package is offered. See AC-011 for the analytics profile, which is the better fit if the gate can be cleared."
AC-040,AC,MSc Marketing - Marketing Analytics and Data Science,MSc in Marketing,University of Groningen (Rijksuniversiteit Groningen),public_university,Groningen,Netherlands,single_site,English,"IELTS Academic overall 6.5 (Speaking 6, Writing 6.5); TOEFL iBT overall 90 (Speaking 20, Writing 24); Cambridge C1 Advanced/C2 Proficiency 176; PTE Academic 66; LanguageCert Academic 70",12,60,22200,"22200 EUR/year for non-EU/EEA students, academic year 2026-2027, per the official RUG programme page.",TBC - page opened showed a 15 October 2026 deadline for a February 2027 start,TBC,"15 October 2026 (non-EU, February 2027 start); September-start deadline TBC",2027 cycle,"Academic Bachelor's or Master's from a RESEARCH university in Business Economics, Business Administration, Econometrics and Operations Research, Economics and Business Economics, International Business, or Technology Management (or closely related fields). Pre-master customised packages exist for certain programmes.",no,no,TBC,TBC,none_found,TBC,https://www.rug.nl/masters/msc-marketing-marketing-analytics-and-data-science/?lang=en,https://www.rug.nl/masters/msc-marketing-marketing-analytics-and-data-science/?lang=en,TBC,https://www.rug.nl/masters/msc-marketing-marketing-analytics-and-data-science/?lang=en,VERIFIED,W1-AC,2026-08-22,"Same business/econ-only entry gate as AC-010 despite being the most quantitative marketing master found - an engineering graduate is not on the accepted list even though the curriculum is data science. 22200 EUR/yr. Has a February intake, which does not match the client's September 2027 target.","THE SINGLE BEST CURRICULUM MATCH IN THE PATH for this client's maths/programming strengths - marketing analytics and data science, i.e. exactly the quantitative-marketing track the assignment says to rank highly. The irony is that the formal entry list excludes engineers. Highest-priority Wave 2 email: ask RUG whether a 300-ECTS Software Engineering diploma qualifies as 'closely related', given the programme's own data-science content. February intake also exists as a fallback entry point."
AC-041,AC,MSc Business Administration - specialisation Strategic Marketing & Servitisation,Master of Science (MSc),University of Twente,public_university,Enschede,Netherlands,single_site,English,TBC - not published on the pages opened,12,TBC,TBC,NOT VERIFIED - the Twente tuition-fee and admission-requirement URLs tried returned HTTP 404 and the general admission page defers to a chatbot/contact for fees and deadlines.,partially - official page lists starts of 1 September 2026 and 1 February 2027; a September 2027 start is implied but not stated,TBC,TBC,2026 cycle - 2027 TBC,"Admission route differs by nationality and educational background: international students must pass an online eligibility check; HBO students need a pre-master's; university bachelor holders get direct or pre-master's admission. Seven specialisations offered: Digital Business & Analytics, Entrepreneurship Innovation & Strategy, Financial Management, International Management & Consultancy, People Organisations & the Future of Work, Purchasing & Supply Management, and Strategic Marketing & Servitisation.",unclear,no,TBC,University of Twente Scholarship and Holland Scholarship are known UT instruments but were NOT confirmed on any page opened,TBC,TBC,https://www.utwente.nl/en/education/master/programmes/business-administration/,https://www.utwente.nl/en/education/master/programmes/business-administration/admission/,TBC,https://www.utwente.nl/en/education/master/programmes/business-administration/|https://www.utwente.nl/en/education/master/programmes/business-administration/admission/,PARTIALLY_VERIFIED,W1-AC,2026-08-22,"Tuition, ECTS, English scores and deadlines all unverified - Twente hides fees behind an eligibility checker and a chatbot. There is NO dedicated digital-marketing track despite the search lead suggesting one; the nearest neighbours are Digital Business & Analytics and Strategic Marketing & Servitisation.","STRATEGICALLY THE MOST ENGINEER-FRIENDLY DUTCH ENTRY IN THIS PATH: Twente is a technical university and its Business Administration MSc is designed to take technical bachelors, so the background gate that blocks the client at RUG, VU and Radboud is least likely to bite here. 'Servitisation' is about turning products into services - directly relevant to an engineer moving into marketing. Wave 2 should run Twente's online eligibility check with the client's 300-ECTS Software Engineering diploma; a positive result would make this the best Dutch fit despite the unverified price."
AC-042,AC,MSc Marketing,MSc,"Vrije Universiteit Amsterdam (VU), School of Business and Economics",public_university,Amsterdam,Netherlands,single_site,English,TBC on the admissions page opened (points to a separate language-requirement page); VU's general English bar is reported as IELTS 6.5 / TOEFL iBT 92,12,TBC,TBC,"NOT VERIFIED - every VU tuition URL tried returned 404 and the VU fee-rates page only shows the statutory fee (2694 EUR for 2026-2027, 2601 EUR for 2025-2026) with institutional rates held in a linked PDF that was not reachable. Secondary sources quote ~24830 EUR non-EU for VU SBE master's. A 100 EUR non-refundable application fee applies to applicants with an international degree.",TBC,TBC,1 April for non-EU/non-EEA (visa); 1 June for EU/EEA - dates shown were for the 2025 cycle,2025 cycle - 2027 TBC,"International applicants need a degree deemed equivalent to a Dutch academic Bachelor's from a research university PLUS at least 18 EC of academic coursework in Marketing and Consumer Behaviour and at least 12 EC related to statistics. Must be able to apply regression and ANOVA in SPSS, R, Jamovi or similar. No GMAT required.",no,no,TBC,TBC,none_found,TBC,https://vu.nl/en/education/master/marketing,https://vu.nl/en/education/master/marketing/admissions,https://vu.nl/en/education/more-about/tuition-fee-rates-masters,https://vu.nl/en/education/master/marketing|https://vu.nl/en/education/master/marketing/admissions|https://vu.nl/en/education/more-about/tuition-fee-rates-masters,PARTIALLY_VERIFIED,W1-AC,2026-08-22,"EXPLICIT COURSEWORK GATE: 18 EC of marketing/consumer-behaviour courses in the prior degree. A Software Engineering diploma will clear the 12 EC statistics half easily but almost certainly fails the 18 EC marketing half - this is a documented, non-negotiable exclusion rather than a soft preference. Tuition unverified.","Amsterdam is the client's top Dutch city and VU markets this as the #1 MSc Marketing in the Netherlands (NSE 2022), NVAO/AACSB/EQUIS/PRME accredited, ~240 students, 47% international. The regression/ANOVA/R/SPSS requirement is a gift to an engineer - it is only the 18 EC marketing prerequisite that blocks him. Wave 2: ask whether a summer/bridging route or the 30 EC pre-master (currently described for Dutch HBO holders) can be opened to international applicants."
AC-043,AC,MSc in Marketing Management,MSc (Esade Business School / Universitat Ramon Llull),Esade Business School (Universitat Ramon Llull),private_university_business_school,Barcelona,Spain,single_site,English,"TBC on official fees page - proficiency in English required; GMAT or GRE score valid within last 5 years required (avg admitted GMAT reported 650-670, unofficial)",12,TBC,39000,Official Esade MSc fees page: 39000 EUR for one-year MSc programmes for 2027-2028 (this covers MSc in Marketing Management). Global Masters variant 43200 EUR. Application fee 150 EUR. Page publishes NO different price for non-EU students - the same fee applies regardless of citizenship.,yes - fee schedule published for 2027-2028 intake,TBC,Excellence Awards deadline 15 July 2026; Fundacio Princesa de Girona scholarship deadline 15 June,2027 cycle (fees) / 2026 cycle (scholarship dates),"Bachelor's degree, valid GMAT or GRE taken within 5 years, English proficiency, online application. Accepted bachelor backgrounds not restricted to business on the pages opened.",likely,no,yes,"Esade Need-Based Scholarships (50-85% of tuition); Fundacio Princesa de Girona (up to 50%); Esade MSc Excellence Awards (10-50%, avg 26%); Global Marketing Award; Women in Management Award; Sustainability in Business Award",partial,TBC,https://www.esade.edu/master-of-science/en/program/masters-in-marketing-management,https://www.esade.edu/master-of-science/en/program/masters-in-marketing-management/admissions,https://www.esade.edu/master-of-science/en/fees-and-financing,https://www.esade.edu/master-of-science/en/fees-and-financing,PARTIALLY_VERIFIED,W1-AC,2026-08-22,39000 EUR/yr is the most expensive option in this path and directly contradicts the funding-first strategy. GMAT/GRE REQUIRED - a hard extra test on top of an English test the client has not taken. Even an 85% need-based award still leaves ~5850 EUR plus Barcelona living costs.,Logged because Esade is a top-5 European marketing school and its NEED-BASED scholarships (50-85% of tuition) are unusually deep - the only programme in this path where an award could plausibly close most of a 39000 EUR gap for a Tunisian applicant. There is a named 'Global Marketing Award'. Note the requirement for above-average test scores to qualify for need-based aid. No music/entertainment track found.
AC-044,AC,Master of Science in Marketing / Master Universitari en Marqueting,Official master's degree awarded by Universitat Pompeu Fabra,UPF Barcelona School of Management (Universitat Pompeu Fabra),public_university_business_school,Barcelona,Spain,single_site,English,TBC on official page (aggregators cite TOEFL 72 / IELTS 5.5 minimum - NOT confirmed officially),10,60,18500,"18500 EUR for the full 60-ECTS programme, stated on the official UPF-BSM admission & registration page. No separate non-EU rate is published - UPF-BSM is a foundation-run school so it charges a single market price rather than the public per-credit rate.","yes - official page states 'Classes start: 20 September, 2027'",TBC,TBC,2027 cycle,"Targets graduates in Economics, Statistics, Communication or Business Administration. Applicants from OTHER fields are accepted if they have a minimum of 2 years of marketing-related professional experience. No GMAT requirement stated.",no,no,TBC,TBC,none_found,TBC,https://www.bsm.upf.edu/en/master-of-science-in-marketing,https://www.bsm.upf.edu/en/master-of-science-in-marketing/admission-registration,TBC,https://www.bsm.upf.edu/en/master-of-science-in-marketing/admission-registration|https://www.bsm.upf.edu/es/master-universitario-en-marketing,VERIFIED,W1-AC,2026-08-22,"BACKGROUND BARRIER: an engineering graduate falls in the 'other fields' bucket and would need 2 years of marketing-related professional experience, which the client does not have. 18500 EUR is public-school branding at private-school prices. No scholarship information published. || Same background barrier as AC-007 (non-business applicants need marketing sector experience). 14500 EUR is high for a programme attached to a public university.","2027 START DATE ALREADY CONFIRMED IN WRITING (20 September 2027) - one of very few programmes in this sweep with the target intake explicitly on the page. English-taught in Barcelona, the client's #1 city. The 2-years-experience clause is the blocker; Wave 2 should ask admissions directly whether a 300-ECTS engineering diploma with quantitative content can substitute."
AC-045,AC,Master Universitario en Marketing (MUM) (Master's Degree in Marketing),Master Universitario (official master's degree / master oficial),Universidad Autonoma de Madrid (UAM),public_university,Madrid,Spain,single_site,Spanish,TBC,TBC (aggregators report 18 months; not confirmed officially),TBC (aggregators report 90 ECTS; not confirmed officially),TBC,"Official UAM page opened did not publish prices. Comunidad de Madrid Decreto 43/2022 (verified via UCM's official price page) charges non-resident non-EU students the third-enrolment rate for non-regulated masters. Unofficial sources quote ~7599 EUR total for non-Europeans vs ~2701 EUR standard, consistent with a 90-ECTS programme at the third-enrolment tier - MUST be confirmed on UAM's own matricula page.",TBC,TBC,TBC,2026 cycle - 2027 TBC,"Official master run by the Marketing Department, Facultad de Ciencias Economicas y Empresariales. 40 places/year, described as rigorous selection with ~300 applications from Europe, America and Asia. Includes 120-hour curricular internship (6 ECTS) plus optional extracurricular placements. Started 2009-10 as 'Master en Direccion de Marketing'.",unclear,no,TBC,TBC,none_found,TBC,https://www.uam.es/economicas/en/facultad/departamentos/marketing/master-universitario-en-marketing,https://www.uam.es/economicas/en/facultad/departamentos/marketing/master-universitario-en-marketing,TBC,https://www.uam.es/economicas/en/facultad/departamentos/marketing/master-universitario-en-marketing|https://www.ucm.es/informacion/precios-masteres,PARTIALLY_VERIFIED,W1-AC,2026-08-22,"Highly selective: ~300 applications for 40 places. Price, ECTS and duration all unconfirmed on official pages. Spanish-taught.","Strong public Madrid option and likely in the 5000-7600 EUR total range for a non-EU student - still an order of magnitude cheaper than any Dutch public. Built-in internship (practicas) is useful for a career-switching engineer. Wave 2 must open UAM's own matricula/precios page and the 'Perfil recomendado y criterios de admision' page to settle ECTS, price and whether engineering degrees are on the access list."
AC-046,AC,Master of Science in Marketing / Master Universitario en Marketing (Master's Degree in Marketing),Master of Science in Marketing (titulo oficial),Universidad Carlos III de Madrid (UC3M),public_university,Madrid,Spain,single_site,English,Official C1 (CEFR) in all four skills; TOEFL iBT 95-120; IELTS 7.0-8.0; Cambridge CAE; TOEIC Four Skills 1096-1345. Exempt if prior degree taught in English.,11,60,13500,Non-EU rate 225 EUR/ECTS x 60 ECTS = 13500 EUR total (2025-26 published rate). EU rate 150 EUR/ECTS = 9000 EUR. Plus 1500 EUR reservation fee deducted from first payment.,TBC,TBC,TBC - page showed 'Applications CLOSED' for 2026-27 at time of check,2026 cycle - 2027 TBC,"Official bachelor/grado/licenciatura or equivalent (min 3 years university study); any bachelor discipline accepted, academic excellence valued; final-year students may apply. 60 places. AACSB accredited.",yes_explicit,no,yes,UC3M merit scholarships call AM01-26/27 (5 x 1500 EUR + 5 x 3000 EUR); merit scholarships up to 50% of EU fees; UC3M-Stevens dual degree USD 10000,partial,TBC,https://www.uc3m.es/master/marketing,https://www.uc3m.es/master/marketing,https://www.uc3m.es/master/marketing,https://www.uc3m.es/master/marketing|https://www.uc3m.es/master/direccion-marketing,VERIFIED,W1-AC,2026-08-22,"Non-EU pay 1.5x the EU per-credit rate. C1/IELTS 7.0 is a high English bar and client has taken no test yet. Scholarship pool small (10 awards, max 3000 EUR).","STRONGEST SPANISH PUBLIC FIND for this client. Explicitly states ANY bachelor discipline is accepted - the clearest 'engineering welcome' text found in this path. English-taught, so no Spanish needed. Has a DIGITAL MARKETING specialisation track alongside Marketing Management. 300-ECTS engineering diploma far exceeds the 3-year minimum. No music/entertainment track found."
AC-047,AC,Master Universitario en Marketing (Master's Degree in Marketing),Master Universitario (official master's degree),Universidad Complutense de Madrid (UCM),public_university,Madrid,Spain,single_site,Spanish (implied; not stated explicitly),TBC,TBC,TBC,TBC,"VERIFIED RATE, ECTS UNKNOWN so annual total not computed. UCM 2026/2027 official master price per ECTS: 45.02 EUR (1st enrolment), 71.88 EUR (2nd), 84.07 EUR (3rd+). Under Decreto 43/2022 (Comunidad de Madrid), non-resident non-EU foreign students over 18 are charged the THIRD-enrolment rate for non-regulated masters = 84.07 EUR/ECTS. A 60-ECTS master would therefore cost ~5044 EUR/yr - confirm ECTS before relying on this.",no - 2026/2027 listing marked 'pending authorization from the Community of Madrid',TBC,TBC,2026 cycle - 2027 TBC,Official master at Facultad de Ciencias Economicas y Empresariales. First HYBRID master at UCM (in-person + virtual). Access/admission criteria on a separate 'Acceso y admision' page not opened.,unclear,no,TBC,TBC,none_found,TBC,https://www.ucm.es/estudios/master-marketing,https://www.ucm.es/estudios/master-marketing,https://www.ucm.es/informacion/precios-masteres,https://www.ucm.es/estudios/master-marketing|https://www.ucm.es/informacion/precios-masteres,PARTIALLY_VERIFIED,W1-AC,2026-08-22,Programme listed as PENDING AUTHORISATION from the Comunidad de Madrid for 2026/2027 - existence for Sept 2027 is not guaranteed. Non-EU students pay the punitive third-enrolment rate (~1.9x the standard rate) under Decreto 43/2022.,"KEY STRUCTURAL FINDING for the whole Spain strategy: Madrid public universities do NOT charge a flat non-EU surcharge - they charge the third-enrolment tier. That still lands around 84 EUR/ECTS, i.e. roughly 5000 EUR/yr, far below any Dutch public. Hybrid delivery could suit a client running a parallel music career. Same Decreto applies to UAM (AC-004)."
AC-048,AC,Master Universitario Interuniversitario en Marketing y Comportamiento del Consumidor (Interuniversity Master's Degree in Marketing and Consumer Behaviour),"Master Universitario (official interuniversity master's degree, UGR + UJA)",Universidad de Granada (coordinating) with Universidad de Jaen,public_university,Granada (with some teaching at Jaen),Spain,single_site,Spanish (Castellano),Official B1 English certificate required of ALL students; official B2 Spanish certificate required if Spanish is not the applicant's first language,12,60,TBC,Programme page points to the Escuela de Posgrado 'tabla del precio por credito' plus degree-issuance fees but publishes no figure. Andalusian public universities apply a low regional per-credit rate (aggregators quote ~821 EUR for the full 60 ECTS) and no non-EU differential was found - MUST be confirmed on the UGR Escuela Internacional de Posgrado price page.,TBC,via Distrito Unico Andaluz portal - dates vary annually,TBC,2026 cycle - 2027 TBC,"60 places: 25 Granada in-person, 25 Granada virtual, 5 Jaen in-person, 5 Jaen virtual (from 2024-25). Basic statistics knowledge recommended. Classes late October to end April; exams January and April-May. Access degree priority list on a separate admission page (404 on the two URLs tried).",unclear,no,TBC,TBC,none_found,TBC,https://masteres.ugr.es/marketing/informacion/presentacion,https://masteres.ugr.es/marketing/,TBC,https://masteres.ugr.es/marketing/informacion/presentacion|https://masteres.ugr.es/marketing/,PARTIALLY_VERIFIED,W1-AC,2026-08-22,Requires a B1 ENGLISH certificate AND (for the client) a B2 SPANISH certificate - two language certificates the client does not yet hold. Price not published on the programme page. Granada is outside the client's preferred Barcelona/Madrid/Valencia axis.,"Potentially the cheapest option in Spain (Andalusian public rates are the lowest in the country) and it offers a VIRTUAL delivery stream (25 of 60 places) - but a virtual place is a poor basis for a Tunisian student visa, so target the in-person stream. 'Comportamiento del Consumidor' (consumer behaviour) is a direct match to the path's consumer-behaviour scope. Statistics background explicitly recommended, which favours an engineer."
AC-049,AC,Master Universitari en Marqueting (Master's Degree in Marketing),Master Universitari (official master's degree),Universitat Autonoma de Barcelona (UAB),public_university,Cerdanyola del Valles (Barcelona metro area),Spain,single_site,Spanish (80%) and English (20%),TBC - not stated on programme page,12,60,4500,"Programme page states 75 EUR/credit for non-EU non-resident students, 2026-2027; 75 x 60 ECTS = 4500 EUR. EU/resident rate 19.37 EUR/credit. NOTE minor conflict: UAB central price page lists 66 EUR/credit non-EU for 'professionalising' masters and 19.37 EUR/credit EU for non-professionalising - confirm exact band at application.",TBC,"12/01/2026 (preinscription, 2026-27 cycle)",TBC,2026 cycle - 2027 TBC,"Official master's; 40 places/year; in-person at Facultat d'Economia i Empresa, Campus Bellaterra. Specific accepted access degrees not published on the general page - see 'Requisits i criteris'.",unclear,no,TBC,TBC,none_found,TBC,https://www.uab.cat/web/estudiar/l-oferta-de-masters-oficials/informacio-general/marqueting-1096480139517.html?param1=1296632381912,https://www.uab.cat/web/estudiar/l-oferta-de-masters-oficials/informacio-general/marqueting-1096480139517.html?param1=1296632381912,TBC,https://www.uab.cat/web/estudiar/l-oferta-de-masters-oficials/informacio-general/marqueting-1096480139517.html?param1=1296632381912|https://www.uab.cat/web/estudiar/masters-i-postgraus/masters-oficials/preus-dels-estudis-1345663349772.html,PARTIALLY_VERIFIED,W1-AC,2026-08-22,Two different non-EU per-credit figures appear on UAB pages (75 vs 66 EUR/credit) - CONFLICT to resolve. Mostly Spanish-language teaching. Access degree list not published on the page opened.,"One of the CHEAPEST credible options in the whole path at ~4500 EUR/yr for a non-EU student, in the client's #1 city region (Barcelona). Programme page emphasises data analysis and data treatment, so it partially satisfies the quantitative-marketing preference. Spanish is fine for the client (he has French/Arabic/English but Spanish is listed as acceptable per brief - language is never an exclusion). No music/entertainment track found."
AC-050,AC,Master Universitari en Marqueting i Investigacio de Mercats (Master's Degree in Marketing and Market Research),Master Universitari (official master's degree),Universitat de Valencia (UV),public_university,Valencia,Spain,single_site,Spanish/Catalan (TBC - not stated on page),TBC,12,60,2120,Official UV programme page lists 35.34 EUR/credit; 35.34 x 60 ECTS = 2120.40 EUR. NO non-EU surcharge is mentioned anywhere on the page - the Comunitat Valenciana does not appear to apply a differential non-EU master's rate. This must be re-confirmed on UV's matricula page in Wave 2 before being relied on.,TBC,TBC,TBC,2026 cycle - 2027 TBC,"80 places offered. Face-to-face at Av. Tarongers campus, Valencia. Specific access degrees on a separate admission page not opened.",unclear,no,TBC,TBC,none_found,TBC,https://www.uv.es/uvweb/master-marketing-market-research/en/master-s-degree-marketing-market-research-1285880147364.html,https://www.uv.es/uvweb/college/en/masters/master-s-degree-marketing-market-research-1286130807410/Titulacio.html?id=1285850894834&p2=3-2,TBC,https://www.uv.es/uvweb/master-marketing-market-research/en/master-s-degree-marketing-market-research-1285880147364.html|https://www.uv.es/uvweb/college/en/masters/master-s-degree-marketing-market-research-1286130807410/Titulacio.html?id=1285850894834&p2=3-2,PARTIALLY_VERIFIED,W1-AC,2026-08-22,"The absence of a non-EU surcharge is inferred from silence on the page, not from an explicit statement - HIGH-VALUE ITEM TO RE-VERIFY. Language of instruction not confirmed. Access degree list not opened.","CHEAPEST VERIFIED PRICE IN THE ENTIRE PATH at ~2120 EUR/yr - roughly one tenth of a Dutch public marketing MSc. Valencia is explicitly in the client's priority-1 geography. 80 places means admission pressure is far lower than UAM's 40. Market-research orientation rewards statistics and programming. If the no-surcharge reading holds, this is the single best funding-first marketing option found."
AD-051,AD,DCLead - Master in Digital Communication Leadership (Erasmus Mundus) - DISCONTINUED,Erasmus Mundus Joint Master (multiple-degree),"Consortium: Paris-Lodron University of Salzburg (coordinator), Aalborg University Copenhagen, Vrije Universiteit Brussel, Wageningen University & Research",Erasmus Mundus consortium,Salzburg / Copenhagen / Brussels / Wageningen,"Austria, Denmark, Belgium, Netherlands",rotating,English,n/a - programme closed,n/a,n/a,n/a,n/a - no further intakes.,no - NO 2027 INTAKE,n/a,n/a,n/a - programme closed,n/a,yes_explicit,n/a,no,n/a,none_found,n/a,https://dclead.eu/,https://dclead.eu/,https://dclead.eu/,https://dclead.eu/,VERIFIED,W1-AD,2026-08-22,DEAD PROGRAMME - the site states verbatim: 'The Master's Programme in Digital Communication Leadership will be phased out by the end of 2025. No more Intakes will be offered.',"ENTRY IS BELOW DEGREE LEVEL (original value: ""n/a"") - the client is over-qualified on paper; the caveat is the award, not his eligibility. NEGATIVE FINDING, logged so no later wave re-harvests it. DCLead appears in the prior sweep's Netherlands leads file (its only NL tie was Wageningen) and in many aggregator listings that have not been updated. Do not pursue."
AD-052,AD,M.A. Medien und politische Kommunikation (Media and Political Communication),M.A.,Freie Universitaet Berlin (Institut fuer Publizistik- und Kommunikationswissenschaft),Public research university,Berlin,Germany,single_site,German (predominantly; some courses may be in English),B2 CEFR English required IN ADDITION to German; DSH German exam required for applicants whose first degree was not from a German-speaking institution,24,TBC,0,Verbatim: 'Students do not pay any tuition fees'. A semester contribution (Semesterbeitrag) applies but the amount was not published on this page - typically a few hundred euros per semester including the Berlin transport pass.,likely,TBC,TBC - page directs to a separate deadlines page,TBC,"Verbatim: 'University degree with at least 60 credit points in the field of media and communication studies (including at least 10 credit points in research methods)', plus English B2 and DSH-level German.",no,no,TBC,"DAAD scholarships (external, not programme-specific)",none_found,TBC - DAAD programmes are generally open to Tunisian nationals,https://www.fu-berlin.de/en/studium/studienangebot/master/medien_politische_kommunikation/index.html,https://www.fu-berlin.de/en/studium/studienangebot/master/medien_politische_kommunikation/index.html,TBC,https://www.fu-berlin.de/en/studium/studienangebot/master/medien_politische_kommunikation/index.html,PARTIALLY_VERIFIED,W1-AD,2026-08-22,TWO hard blockers: 60 credit points in media/communication studies (engineering diploma cannot meet it) AND DSH-level German. German-taught - takes the Wave 4 language penalty.,"Logged because it is the ZERO-TUITION Berlin public benchmark that a funding-first strategy has to be measured against: EUR 0 tuition vs EUR 21k at Erasmus. The 60-CP subject prerequisite is what makes Berlin publics inaccessible on this path rather than the money. Political-communication focus, not entertainment management, so content fit is weak even if the gates were cleared."
AD-053,AD,Medienmanagement / media-management master (programme name and existence NOT confirmed),TBC,"Hochschule Macromedia (Macromedia University of Applied Sciences), Berlin campus",Private university of applied sciences (state-recognised),Berlin,Germany,single_site,TBC (German and English programmes both offered),TBC,TBC,TBC,TBC,Not retrieved - macromedia-fachhochschule.de returned HTTP 403 to every request this session.,TBC,TBC,TBC,TBC,TBC - site unreachable this session.,unclear,TBC,TBC,TBC,none_found,TBC,https://www.macromedia-fachhochschule.de/en/master/,TBC,TBC,https://www.macromedia-fachhochschule.de/en/master/ (HTTP 403)|https://www.macromedia-university.com/master/ (301 redirect to the above),UNVERIFIED,W1-AD,2026-08-22,NOTHING ON THIS ROW IS CONFIRMED. Site actively blocked automated access (403). Private provider - accreditation and fees must be checked from scratch.,"CARRY-FORWARD LEAD FOR WAVE 2, not a finding. Macromedia is one of Germany's best-known private media schools with a Berlin campus and a Medienmanagement tradition; it was named in the brief's institution floor and could not be closed out. Needs a manual/browser check."
AD-054,AD,"M.A. Medienwissenschaft (Media Studies) - existence likely, details NOT confirmed",M.A.,Humboldt-Universitaet zu Berlin,Public research university,Berlin,Germany,single_site,German (assumed - unconfirmed),TBC,TBC,TBC,0,Berlin public universities charge no tuition; only a semester contribution. NOT confirmed for this specific programme - the HU page was behind an Anubis bot-verification wall this session.,TBC,TBC,TBC,TBC,TBC - page unreachable. German media-studies masters typically require substantial prior subject credits.,unclear,TBC,TBC,TBC,none_found,TBC,https://www.hu-berlin.de/en/studies/counselling/course-catalogue/program-descriptions/medienwissenschaft-m-a,TBC,TBC,https://www.hu-berlin.de/en/studies/counselling/course-catalogue/program-descriptions/medienwissenschaft-m-a (bot-verification wall),UNVERIFIED,W1-AD,2026-08-22,"Unverified. Almost certainly German-taught and theory-led (Medienwissenschaft is media THEORY, not management) - likely a poor content fit for this path even if accessible.","CARRY-FORWARD LEAD. Logged for completeness of the Berlin institution floor. If the client wants zero tuition in Berlin, this and FU are the candidates, but both are German-language and subject-credit gated."
AD-055,AD,M.A. International Marketing and Media Management,M.A.,"Media University of Applied Sciences (HMKW Hochschule fuer Medien, Kommunikation und Wirtschaft)",Private university of applied sciences (state-approved),Berlin,Germany,single_site,English,TBC - not published on the programme page (programme taught in English),24,120,10680,"EUR 890 per month tuition, same for non-EU students = approx. EUR 10.680 per year / EUR 21.360 over 4 semesters. Enrolment fee not published. Programme can be SHORTENED BY ONE SEMESTER for applicants holding 210 ECTS from undergraduate study.",likely - fixed April and October starts,TBC,30 September 2026 stated as an extended deadline for the 2026 intake,2026 cycle - 2027 TBC,"A good bachelor's degree in economics or the social sciences (university or university of applied sciences), with a minimum of 20 ECTS in economics subjects from the undergraduate degree. Technical/engineering bachelors are not addressed explicitly.",unclear,no,TBC,TBC,none_found,TBC,https://www.media-university.de/en/study/masters-degree-program/international-marketing-and-media-management/,https://www.media-university.de/en/study/masters-degree-program/international-marketing-and-media-management/,TBC,https://www.media-university.de/en/study/master/|https://www.media-university.de/en/study/masters-degree-program/international-marketing-and-media-management/,VERIFIED,W1-AD,2026-08-22,Private fee-paying (approx. EUR 21.4k total) with no scholarship found. The 20-ECTS economics prerequisite is the gate - a software-engineering transcript may or may not clear it. Note HMKW rebranded to 'Media University of Applied Sciences' (media-university.de); hmkw.de now redirects.,"State-approved by the Berlin Senate Administration and accredited by the German Accreditation Council - so visa and degree recognition are sound, unlike the UK-awarded Berlin options. CHEAPEST ACCREDITED BERLIN MEDIA-MANAGEMENT MASTER FOUND. Critical advantage for this client: the programme is cut by a semester for holders of 210 ECTS - a 300-ECTS engineering diploma comfortably clears that, so realistically 18 months and approx. EUR 16k. Ask admissions directly whether engineering economics/management modules satisfy the 20-ECTS economics rule."
AD-056,AD,MA Media Studies - Media & Business,MA,Erasmus University Rotterdam (ESHCC),Public research university,Rotterdam,Netherlands,single_site,English,IELTS Academic 7.0 (6.5 subscores); TOEFL iBT 100 (23); Cambridge C1/C2 185; PTE 75; LanguageCert 75,12,60,21000,ESHCC non-EEA institutional master fee 2026-2027 = EUR 21.000 (same faculty as AD-001).,likely - September start; 2026-2027 pages live,1 October,15 April (non-EEA application); 1 May stated as deadline for English-proficiency proof,2026-2027 cycle - 2027 TBC,Verbatim: 'You have obtained or will obtain a bachelor's degree from a research university in the social sciences or the humanities'; 'Applicants with a BSc in Business Administration are eligible for admission as well'; plus 'basic knowledge of the field of media and communication and social scientific research methods'. Pre-master exists for holders of a bachelor in a different field.,no,no,yes,Erasmus Trustfonds Scholarship,partial,TBC,https://www.eur.nl/en/master/media-business,https://www.eur.nl/en/master/media-business/admission,https://www.eur.nl/en/master/media-creative-industries/fees-and-finances,https://www.eur.nl/en/master/media-business|https://www.eur.nl/en/master/media-business/admission|https://www.eur.nl/en/master/media-business/premaster|https://www.eur.nl/en/education/practical-matters/registration/tuition-fee/tuition-fee-2026-2027,VERIFIED,W1-AD,2026-08-22,Engineering degree not on the eligible-discipline list. Pre-master page states it is 'designed for individuals who completed a bachelor's degree in a different field' - i.e. an extra year. EUR 21.000/yr non-EU.,"The most business-facing of the EUR media specialisations (media business models, strategy, platforms). Pre-master + MA = 2 years, roughly EUR 21k + pre-master fee. Strong long-term fit with the software+music dual career but the discipline gate is real and explicit."
AD-057,AD,MA Creative Industries and Cultural Management (specialisation of MA Arts and Culture),MA,Radboud University Nijmegen,Public research university,Nijmegen,Netherlands,single_site,English,TOEFL iBT >=90; IELTS Academic >=6.5 (writing >=6.5); Cambridge C1 Advanced >=176,12,60,TBC,Radboud states 'different tuition rates' apply by personal situation; the non-EU institutional fee was not obtainable from the programme pages this session.,yes - admission page states the deadline 1 July 2027,TBC,1 July 2027 (non-EU/EEA); apply by 1 May for housing assistance,2027 cycle - stated on the official page,"International applicants: bachelor in Creative Industries, Cultural Studies, Art History, or a 'Bachelor of Arts with at least 30 EC in Art History, Cultural Studies and/or Cultural Policy'. Dutch applicants: a listed humanities/social-science BA. Verbatim on other backgrounds: 'Did you complete a Bachelor's degree in a different field from a Research University or a University of Applied Sciences? You may still be eligible for admission to a pre-Master's programme.'",no,no,TBC,Radboud Scholarship Programme (not confirmed on these pages),none_found,TBC,https://www.ru.nl/en/education/masters/creative-industries,https://www.ru.nl/en/education/masters/creative-industries/admission-and-application,TBC,https://www.ru.nl/en/education/masters/creative-industries|https://www.ru.nl/en/education/masters/creative-industries/admission-and-application,PARTIALLY_VERIFIED,W1-AD,2026-08-22,Requires a BA plus 30 EC in art history / cultural studies / cultural policy - an engineering diploma fails this outright; official route is a pre-Master's year. Non-EU tuition unverified. Small cohort (approx. 25 places).,Cultural-management flavour of the creative industries with hands-on assignments in Nijmegen cultural organisations. Very late non-EU deadline (1 July 2027) is unusual and useful as a fallback if earlier applications fail. Credit volume is a non-issue (300 ECTS); the pre-Master requirement is disciplinary.
AD-058,AD,MSc Communication Science - Entertainment Communication,MSc,"University of Amsterdam (Graduate School of Communication, Faculty of Social and Behavioural Sciences)",Public research university,Amsterdam,Netherlands,single_site,English,IELTS Academic 7.0 (each section min 6.5) or equivalent TOEFL/Cambridge; max 2 years old,12,60,23455,UvA 2026-2027 Faculty of Social and Behavioural Sciences master: institutional EUR 21.300 / non-EEA EUR 23.455 per the university fee table. Statutory EEA fee EUR 2.694.,yes - page states February 2027 and September 2027 intakes with 2027 deadlines,TBC,1 March 2027 for September 2027 start (non-EU); 1 September 2026 for February 2027 start,2027 cycle - stated explicitly on the official page,"Verbatim: 'academic Bachelor's degree in Communication Science or a related discipline (e.g., Sociology, Psychology, Political Science, Communication & Information Studies, Media Studies, Journalism with a research emphasis, International Relations)'. Must demonstrate knowledge of communication-science theory, quantitative social-science methods and statistics, and prior empirical research with inferential statistics; otherwise a pre-Master may be required. Non-EU/EEA applicants must also submit a GRE score (no minimum).",no,no,yes,Amsterdam Merit Scholarship (AMS); Holland Scholarship,partial,likely - AMS targets non-EEA students; deadline 15 January,https://www.uva.nl/shared-content/programmas/en/masters/communication-science-entertainment-communication/application-and-admission/overview.html,https://www.uva.nl/shared-content/programmas/en/masters/communication-science-entertainment-communication/application-and-admission/non-dutch-nationality/how-to-apply-for-students-with-a-non-dutch-degree.html,https://www.uva.nl/en/education/fees-and-funding/tuition-fees/tuition-fees.html,https://www.uva.nl/shared-content/programmas/en/masters/communication-science-entertainment-communication/application-and-admission/non-dutch-nationality/how-to-apply-for-students-with-a-non-dutch-degree.html|https://www.uva.nl/en/education/fees-and-funding/tuition-fees/tuition-fees.html,VERIFIED,W1-AD,2026-08-22,Hard disciplinary gate (communication science or listed social sciences) plus a demonstrated quantitative-social-science-methods record. GRE required for non-EU applicants - an extra test on top of IELTS/TOEFL. EUR 23.455/yr.,"Closest thing in the Netherlands to an academic 'entertainment' master, and the 2027 deadlines are already published (1 March 2027 for the September 2027 intake - directly usable). But this is entertainment as a COMMUNICATION-SCIENCE research object, not entertainment-business management; and the entry gate excludes an engineering background without a pre-Master. Logged mainly so the orchestrator can see the barrier precisely."
AD-059,AD,"MA Arts and Culture (tracks incl. Arts, Policy and Cultural Entrepreneurship / Arts in Society)",MA in Arts & Culture,University of Groningen,Public research university,Groningen,Netherlands,single_site,English,IELTS Academic 6.5 overall (or VWO-level English),12,60,19900,"Non-EU/EEA fee EUR 19.900 per year, academic year 2026-2027.",yes - page states deadline 1 May 2027 for a 1 September 2027 start,TBC,1 May 2027 (non-EU/EEA),2027 cycle - stated on the official page,"Direct admission for a BA in Arts, Culture and Media; certain RUG BAs with a 30-ECTS minor in Arts & Culture/Arts in Society; applicants from related fields (arts philosophy, film, music, theatre, literature) assessed individually by the Admissions Board.",unclear,no,yes,NL Scholarship (Holland Scholarship),partial,TBC,https://www.rug.nl/masters/arts-policy-and-cultural-entrepreneurship/?lang=en,https://www.rug.nl/masters/arts-policy-and-cultural-entrepreneurship/?lang=en,https://www.rug.nl/masters/arts-policy-and-cultural-entrepreneurship/?lang=en,https://www.rug.nl/masters/arts-policy-and-cultural-entrepreneurship/?lang=en,PARTIALLY_VERIFIED,W1-AD,2026-08-22,The fetched page returned content headed 'Arts in Society' - RUG's arts masters share an MA Arts & Culture umbrella and the exact track name needs re-confirmation in Wave 2. Admissions Board discretion means no guarantee for a technical background.,"Arts policy and cultural entrepreneurship rather than media management proper - the AD/L border. Only route here for an engineering graduate is the individual Admissions Board assessment, so a very strong motivation letter plus the music portfolio would carry the case. 2027 deadline already published (1 May 2027)."
AD-060,AD,"MA Media Studies - Media, Cultural Industries and Innovation",MA in Media Studies,University of Groningen (Rijksuniversiteit Groningen),Public research university,Groningen,Netherlands,single_site,English,IELTS Academic 7.0 overall; TOEFL iBT 100; Cambridge C1 min 185,18,90,13267,"Non-EU/EEA fee stated as EUR 19.900 for the FULL 18-month programme (fees are 1.5x a standard year), i.e. approx. EUR 13.267 per 12 months. 2026-2027 rate.",likely - September-only start,TBC,1 May (non-EU) for a 1 September start,2026-2027 cycle - 2027 TBC,Direct admission for a RUG BA in Media Studies. Other BA degrees must contain at least 30 ECTS of Media Studies coursework. HBO graduates must first complete a pre-Master's (max 60 ECTS).,no,no,yes,NL Scholarship (Holland Scholarship) for non-EEA master's students,partial,TBC,https://www.rug.nl/masters/media-cultural-industries-and-innovation/?lang=en,https://www.rug.nl/masters/media-cultural-industries-and-innovation/?lang=en,https://www.rug.nl/masters/media-cultural-industries-and-innovation/?lang=en,https://www.rug.nl/masters/media-cultural-industries-and-innovation/?lang=en,VERIFIED,W1-AD,2026-08-22,"Explicit 30-ECTS Media Studies prerequisite - a software-engineering transcript cannot satisfy it, so a pre-Master would be needed. 18-month programme means an extra half-year of tuition and living costs.","Content is squarely on-path (media innovation, cultural industries, start-ups, new formats) and per-year cost (approx. EUR 13.3k) is the cheapest of the Dutch research universities logged. The blocker is prior media coursework, not credits: 300 ECTS is far above any volume bar. Worth a direct email to admissions asking whether media-adjacent engineering project work counts toward the 30 ECTS."
AD-061,AD,MA Media Studies - New Media & Digital Culture,MA Media Studies,Utrecht University,Public research university,Utrecht,Netherlands,single_site,English,TBC,12,60,21342,Institutional (non-EU/EEA) fee EUR 21.342 for 2026-2027 per the programme page; EU/EEA statutory fee EUR 2.694.,likely - September start,TBC,TBC - not published on the programme overview page,2026-2027 cycle - 2027 TBC,Described as 'a selective Master's programme'; specific bachelor prerequisites not published on the overview page (entry-requirements subpage not retrieved this session).,unclear,no,yes,Utrecht Excellence Scholarship,partial,TBC,https://www.uu.nl/en/masters/new-media-digital-culture,https://www.uu.nl/en/masters/new-media-digital-culture,https://www.uu.nl/en/masters/new-media-digital-culture,https://www.uu.nl/en/masters/new-media-digital-culture,PARTIALLY_VERIFIED,W1-AD,2026-08-22,EUR 21.342/yr non-EU. Entry requirements and deadline unverified - must be closed out in Wave 2. Content leans critical/theoretical digital culture rather than media-business management.,"Borderline AD: it is a media-studies master with a digital-culture rather than a management core, but Utrecht Excellence Scholarship makes it worth keeping on the list for a funding-first client. A software-engineering background is a genuine asset for platform/algorithm-oriented theses here, which is not true of the more humanities-bound options."
AD-062,AD,Master in Communication and Business Relations (and sister programmes: Brand Strategy and Creative Brand Management; Corporate and Strategic Communication; Creative Documentary),"Titulo propio (own-degree master, NOT an official Spanish degree)",UPF Barcelona School of Management (Universitat Pompeu Fabra),Private business school of a public university,Barcelona,Spain,single_site,Spanish,TBC,10,TBC,TBC,Fees not retrieved. Start September/October 2026 depending on programme.,TBC,TBC,TBC,2026-2027 cycle - 2027 TBC,TBC - not retrieved.,unclear,TBC,TBC,TBC,none_found,TBC,https://www.bsm.upf.edu/en/master-in-communication-and-business-relations,TBC,TBC,https://www.bsm.upf.edu/en/masters,PARTIALLY_VERIFIED,W1-AD,2026-08-22,"ACCREDITATION WARNING - EVERY media/communication/creative master in UPF-BSM's catalogue is a TITULO PROPIO, not a titulo oficial. Titulos propios are not RUCT-registered: they generally do not give access to Spanish official scholarships or to doctoral study, and they are a weaker basis for a Tunisian student visa. Also Spanish-taught, despite the English marketing titles.","Logged primarily as an ACCREDITATION FINDING for the orchestrator: Barcelona's most-cited media-management brand does not offer an official media-management master - the whole portfolio is own-degree. If Barcelona is a priority for the client, the official routes must be sought at UPF's own Departament de Comunicacio, UAB or Blanquerna instead (not closed out this session)."
AD-063,AD,Master Universitario en Comunicacion Audiovisual para la Era Digital (Audiovisual Communication for the Digital Age),Master Universitario (official),Universidad Complutense de Madrid (Facultad de Ciencias de la Informacion),Public university,Madrid,Spain,single_site,Spanish (assumed - not stated on the page),TBC,TBC,TBC,TBC,UCM publishes a tuition calculator rather than figures on the programme page; Madrid public master's prices are in the same band as URJC (roughly EUR 2.7k-5k for 60 ECTS depending on residency). NOT confirmed.,likely - page is headed 'Master. Curso 2026/2027',TBC,"TBC - preinscripcion period exists, dates not shown",2026-2027 cycle - 2027 TBC,TBC - the 'Acceso y admision' subpage was not retrieved this session.,unclear,TBC,TBC,TBC,none_found,TBC,https://www.ucm.es/estudios/master-comunicacionaudiovisualeradigital,TBC,TBC,https://www.ucm.es/estudios/master|https://www.ucm.es/estudios/master-comunicacionaudiovisualeradigital,PARTIALLY_VERIFIED,W1-AD,2026-08-22,"Only existence, official status, city and academic year confirmed. Admission profile, ECTS, language and price all unresolved - UCM's programme pages load their detail sections dynamically.","Confirmed to exist as an official 2026/2027 master at UCM's Facultad de Ciencias de la Informacion, Madrid. Digital-era audiovisual communication - AD-adjacent, likely more production/communication than management. Cheap public option worth closing out in Wave 2. UCM's neighbouring masters (Comunicacion de las Organizaciones, Patrimonio Audiovisual, Cultura Contemporanea) were also confirmed to exist and are secondary AD leads."
AD-064,AD,"Master Universitario en Cine, Television y Medios Interactivos (Film, Television and Interactive Media)",Master Universitario (official),Universidad Rey Juan Carlos (URJC),Public university,Madrid (Campus Quintana),Spain,single_site,Spanish,not required; Spanish C1 required for international students,12,60,5044,"URJC precios publicos 2026/2027: EUR 45,02 per credit at first enrolment (EUR 2.701,20 for 60 ECTS) for residents; NON-RESIDENT FOREIGN STUDENTS are charged the third-enrolment rate of EUR 84,07 per credit = EUR 5.044,20 for 60 ECTS. Re-confirm the non-resident surcharge directly with URJC.",TBC - 2026/2027 price table published,TBC,TBC - see URJC admision/preinscripcion calendar,2026-2027 cycle - 2027 TBC,"Spanish grado or EHEA-equivalent degree giving access to master's study. Recommended profile: graduates in Comunicacion Audiovisual, Periodismo, or Publicidad y Relaciones Publicas. No entrance exam. International students must show C1 Spanish. 60 places.",unclear,no,TBC,Ministerio de Educacion general scholarships (typically EU/resident-restricted),none_found,TBC - Spanish state master's grants generally require residency; check case by case,https://www.urjc.es/estudios/master/846-cine-television-y-medios-interactivos,https://www.urjc.es/estudiar-en-la-urjc/admision/274-master,https://www.urjc.es/estudiar-en-la-urjc/precios-publicos,https://www.urjc.es/estudios/master/846-cine-television-y-medios-interactivos|https://www.urjc.es/estudiar-en-la-urjc/precios-publicos,PARTIALLY_VERIFIED,W1-AD,2026-08-22,"Taught wholly in Spanish with a stated C1 requirement - the client has Arabic/French/English, so Spanish C1 is a real barrier requiring roughly a year of language work before September 2027. Recommended profile is audiovisual/journalism/advertising; engineering is neither named nor excluded. Non-resident price surcharge needs direct confirmation.","THE COST STORY OF THIS PATH: approx. EUR 5.044 for the whole degree against EUR 21.000 PER YEAR at Erasmus Rotterdam - a factor of four, and that is before living costs. For a funding-first client the Spanish public route is structurally the cheapest way into media/entertainment management in Europe, and admission carries no entrance exam. Film/TV/interactive-media industry orientation. The gating factor is Spanish, not money and not credits (300 ECTS is far above any bar)."
AD-065,AD,Master Universitario en Gestion y Liderazgo en Proyectos Culturales (Cultural Project Management and Leadership),Master Universitario (official),Universidad Rey Juan Carlos (URJC),Public university,Madrid (Campus Quintana),Spain,single_site,Spanish,not required; Spanish B2 required for international students,12,60,5044,"Same URJC 2026/2027 public price scale as AD-018: EUR 45,02/credit resident first enrolment; EUR 84,07/credit for non-resident foreign students = EUR 5.044,20 for 60 ECTS.",TBC,TBC,TBC,2026-2027 cycle - 2027 TBC,"Spanish grado or EHEA equivalent. Preferred profiles: dance and performing arts, cultural management, arts and humanities, higher artistic education, social sciences and communication graduates, or professionals already linked to the cultural industries. Selection: profile alignment 50%, academic record 30%, professional experience 20%. 60 places.",unclear,no,TBC,TBC,none_found,TBC,https://www.urjc.es/estudios/master/835-gestion-y-liderazgo-de-proyectos-culturales,https://www.urjc.es/estudiar-en-la-urjc/admision/274-master,https://www.urjc.es/estudiar-en-la-urjc/precios-publicos,https://www.urjc.es/estudios/master/835-gestion-y-liderazgo-de-proyectos-culturales|https://www.urjc.es/estudiar-en-la-urjc/precios-publicos,PARTIALLY_VERIFIED,W1-AD,2026-08-22,Spanish-taught (B2 required). 'Profile alignment' is 50% of the selection score and the preferred profiles are arts/humanities/cultural-sector - an engineering graduate scores badly on exactly the heaviest criterion unless the music/DJ career is presented as cultural-sector experience.,"Cheaper entry to cultural/creative project leadership than anything in the Netherlands (approx. EUR 5k total). Only B2 Spanish, not C1 - a materially lower language bar than AD-018. The client's DJ/producer activity is the asset that could carry the 50% profile-fit score; this is the row where the music portfolio matters most on the Spanish side. Sits on the AD/L border (project leadership and cultural entrepreneurship)."
AD-066,AD,Master Universitario en Gestion de Empresas de Comunicacion - MEGEC (Master in Media Company Management),Master Universitario (official Spanish degree),Universidad de Navarra (Facultad de Comunicacion),Private university (official/oficial degree-awarding),Madrid,Spain,single_site,Spanish and English,TBC,10,60,TBC,"Full price not published on the pages reached. Confirmed components: EUR 100 application-processing fee and a EUR 3.000 first tuition instalment (non-refundable unless the degree is not completed), which includes insurance and activities. Universidad de Navarra runs a cost calculator and a scholarship page.",TBC,TBC,TBC,TBC,"Open to 'licenciados universitarios, graduados, diplomados' from ANY faculty or technical school, with a preferred profile spanning 'Comunicacion, Derecho, Sociologia, Psicologia, Economia, Ingenieria, Arquitectura'. Relevant professional experience is expected. Selection: academic record 30%, professional background 30%, admission tests 30% (personal interview + practical business-management case), recommendation letters 10%.",yes_explicit,no,yes,Universidad de Navarra becas y ayudas (master-level); amounts not published on the pages reached,partial,TBC,https://www.unav.edu/web/master-en-gestion-de-empresas-de-comunicacion,https://www.unav.edu/web/master-en-gestion-de-empresas-de-comunicacion/admision,https://www.unav.edu/admision-y-ayudas/master/becas,https://www.unav.edu/web/master-en-gestion-de-empresas-de-comunicacion|https://www.unav.edu/web/master-en-gestion-de-empresas-de-comunicacion/admision|https://www.unav.edu/admision-y-ayudas/master/calculadora,PARTIALLY_VERIFIED,W1-AD,2026-08-22,"'Experiencia profesional relevante' is expected - the programme is executive-format and mixes experienced managers with young professionals, which disadvantages a fresh graduate. Total tuition unverified (private university - expect a five-figure sum). Executive format with an intensive week in Madrid plus optional weeks in New York and Dubai adds travel cost.","THE CLEAREST 'yes' ON ENGINEERING ADMISSIBILITY IN THE ENTIRE PATH: the perfil de ingreso names Ingenieria outright as a preferred background, and admission is open to graduates of any faculty or escuela tecnica. It is a genuine titulo oficial (Master Universitario), so RUCT-registered, scholarship-eligible and clean for the Tunisian student visa. Content is exactly this path's core - managing communication/media companies, one third devoted to digital products and new business models. Only 30 places. Priority target for Wave 2 to nail the price and deadlines."
AD-067,AD,"Erasmus Mundus Joint Master Children's Literature, Media and Culture (CLMC)",Erasmus Mundus Joint Master (multiple-degree),Consortium incl. Universitat Autonoma de Barcelona (Barcelona) with University of Glasgow and partners,Erasmus Mundus consortium (public universities),Barcelona (one mobility site),Spain (consortium),rotating,English,TBC,24,120,19448,"EUR 19.448/yr figure comes from an AGGREGATOR listing (Mastersportal), NOT from the consortium site - must be re-verified officially before use.",TBC,TBC,TBC,TBC,TBC - not verified on the consortium site this session.,unclear,TBC,yes,Erasmus Mundus Joint Masters scholarship (EU-funded; typically full tuition + travel/installation + monthly allowance),full+stipend,likely - EMJM scholarships are open to Partner Country nationals incl. Tunisia; confirm on the consortium page,https://www.gla.ac.uk/postgraduate/erasmusmundus/clmce/,TBC,TBC,https://www.mastersportal.com/search/master/journalism-media/spain|research/leads/leads_netherlands.csv,UNVERIFIED,W1-AD,2026-08-22,Aggregator-sourced only. Content is children's literature and culture - a weak fit for electronic music / entertainment business even though it carries 'Media and Cultural Entrepreneurship' framing. Consortium coordinator is in the UK (out of geographic scope) with UAB as the Spanish partner.,Logged ONLY because Erasmus Mundus scholarships are the single funding instrument that fits 'fully funded at a good university' and a Spain partner puts it in scope. Content fit is poor; keep as a low-priority EMJM lead unless Wave 2 finds no better funded option.
C-068,C,Computer Science (Informatik) M.Sc.,Master of Science,Technische Universitaet Berlin - Faculty IV (EECS),public university,Berlin,Germany,single_site,English,CEFR B2,24,120,0,"TU Berlin charges no tuition fee; a semester contribution applies, amount not confirmed on a page opened this session.",TBC - programme starts in both summer and winter semester,"01.06.2026 (WS 2026/27, unrestricted programmes); 01.12.2026 (SS 2027)",31.08.2026 for WS 2026/27 (unrestricted; same via uni-assist for foreign qualifications); 28.02.2027 for SS 2027,2026/27 and SS2027 cycles published - for a September 2027 start (WS 2027/28) expect approximately 01.06.2027-31.08.2027; 2027 TBC,"Open admission. A first university degree in computer science or a closely related field, with at least 36 credit points in computer science fundamentals (theoretical, engineering and methodological-practical), 18 credit points in mathematics and 30 further computer science credit points. English at CEFR B2. Machine Learning is one of the selectable study fields; four semesters comprising a main area, elective modules and a thesis.",likely,no,TBC,TBC,none_found,TBC,https://www.tu.berlin/en/studying/study-programs/all-programs-offered/study-course/computer-science-informatik-m-sc,https://www.tu.berlin/go167,TBC,https://www.tu.berlin/en/studying/study-programs/all-programs-offered/study-course/computer-science-informatik-m-sc|https://www.tu.berlin/en/eecs/academics-teaching/study-offer/masters-programs/msc-computer-science-informatik|https://www.tu.berlin/en/ak|https://www.tu.berlin/go167,VERIFIED,W1-C,2026-08-22,"The audio/music link is CROSS-FACULTY and unproven: the Audio Communication group with its computer-music and computational-musicology teams sits in Faculty I, not EECS, so it is not confirmed that an EECS master's student can take a thesis there. Strict credit-point prerequisites (36 CS fundamentals + 18 maths + 30 further CS) must be evidenced from the Tunisian transcript.","PATH C(b) IN BERLIN, and the strongest ENGLISH-taught, ZERO-TUITION, OPEN-ADMISSION option in the sweep: Machine Learning is an explicit study field, and the same university hosts the Audio Communication group's 'Computer music and neural audio systems' and 'Computational musicology' teams. If cross-faculty supervision is possible this is a top-tier outcome for an engineer targeting music AI without German. Verify cross-faculty thesis rules in Wave 2."
C-069,C,Computer Science (MSc) - Data Science and Technology track,MSc Computer Science,"Delft University of Technology (TU Delft) - Faculty EEMCS, Intelligent Systems / Multimedia Computing Group",public university,Delft,Netherlands,single_site,English,TBC,24,120 (TBC - not confirmed on the pages opened),TBC,NOT confirmed on tudelft.nl this session. Aggregator sources quote a non-EU/EFTA institutional fee of about EUR 22290/yr for MSc Computer Science within a EUR 17310-22290 range - treat as unverified.,TBC,TBC,"15 January, 23:59 CEST (non-EU/EFTA applicants with an international bachelor degree); ranked batch admission; admission letters mid-March",Page is not year-stamped; recurring annual pattern. For September 2027 entry expect 15 January 2027 - 2027 TBC,"An engineering bachelor degree in Computer Science or a closely related field with good scores in key subjects. GRE revised General Test REQUIRED for applicants with an international diploma. Ranking on academic performance and study load in key subjects, CGPA, GRE, English level, motivation and demonstrated self-efficacy. Rejections within 12 weeks; admissions mid-March.",yes_explicit,no,TBC,TBC,none_found,TBC,https://www.tudelft.nl/en/education/programmes/masters/cs/msc-computer-science,https://www.tudelft.nl/en/education/programmes/masters/cs/msc-computer-science/admission-and-application/non-eu-efta-applicants-with-an-international-bachelor-degree,TBC,https://www.tudelft.nl/en/education/programmes/masters/cs/msc-computer-science/admission-and-application/non-eu-efta-applicants-with-an-international-bachelor-degree|https://www.tudelft.nl/en/ewi/over-de-faculteit/afdelingen/intelligent-systems/multimedia-computing/people/cynthia-liem|https://www.tudelft.nl/en/ewi/over-de-faculteit/afdelingen/intelligent-systems/multimedia-computing,PARTIALLY_VERIFIED,W1-C,2026-08-22,GRE revised General Test is MANDATORY for international-diploma applicants - a hard cost and time gate for a client who has not yet taken an English test either. Single 15 January deadline with ranked batch admission and no second round. Tuition not confirmed on the official site this session.,"PATH C(b) STRONG: TU Delft's MULTIMEDIA COMPUTING GROUP is a recognised music information retrieval group. Associate Prof. Cynthia Liem (verified on tudelft.nl) works on algorithmic discovery in music archives, the H2020 TROMPA project on crowd-powered enrichment of public-domain music resources, musician wellbeing (NWO-KIEM), and collaborates with the National Library of the Netherlands and Muziekweb; she is also a performing pianist. The group's stated expertise covers multimedia information retrieval, recommender systems and multimedia signal analysis. The admission text says 'engineering bachelor degree' verbatim, which the client's 5-year 300-ECTS engineering diploma satisfies explicitly."
C-070,C,Musicology (MA) - specialisation Cognitive and Computational Musicology,MA Music Studies / Musicology (TBC),"University of Amsterdam (UvA) - Faculty of Humanities, Department of Musicology (with the Music Cognition Group, ILLC)",public university,Amsterdam,Netherlands,single_site,TBC (reported English),TBC,TBC,TBC,TBC,TBC - UvA Faculty of Humanities non-EEA master rates differ from the Faculty of Science rates recorded in row C-009.,TBC,TBC,TBC,TBC,TBC - programme page could not be located on uva.nl this session (two candidate URLs returned HTTP 404).,unclear,TBC,TBC,TBC,none_found,TBC,TBC - see https://www.uva.nl/en/programmes and search 'Musicology',TBC,TBC,https://aihr.uva.nl/humanities-labs/music-lab/music-lab.html|research/leads/leads_netherlands.csv,UNVERIFIED,W1-C,2026-08-22,"Programme URL not found this session (404 on both attempted paths); every field is TBC. As a humanities MA it is also a weaker admission route for a non-musician engineer, and a Dutch humanities MA is unlikely to fund a non-EU student.","PATH C(a)/(b) HYBRID from the prior sweep's leads: the UvA Musicology MA reportedly carries a Cognitive and Computational Musicology specialisation and is the Faculty-of-Humanities teaching home of the Music Cognition Group (verified as an ILLC/Musicology/ABC joint group on aihr.uva.nl). Same research group as row C-009 but a humanities entry route - keep as a fallback, prefer MSc AI (C-009). Needs URL discovery in Wave 2."
C-071,C,Artificial Intelligence (MSc),MSc Artificial Intelligence,"University of Amsterdam (UvA) - Faculty of Science / Institute for Logic, Language and Computation (ILLC)",public university,Amsterdam,Netherlands,single_site,English,Proof of English proficiency required (TOEFL / academic IELTS / Cambridge); test result due by the application deadline,24,120 (TBC - not stated on the pages opened),26000,UvA fee table for 2026-2027 lists Faculty of Science institutional (non-EEA) rates: Master's (two years) EUR 26000; Master's Computer Science EUR 24150; Master's (one year) EUR 34300. MSc Artificial Intelligence is a two-year Faculty of Science master but is NOT itemised by name in the table - confirm the exact AI rate. Plus a EUR 100 non-refundable application fee. 2027-2028 rate TBC.,TBC,1 October,"31 January, 23:59 CEST (non-EU/EEA applicants)",Page is not year-stamped; this is the recurring annual pattern. For September 2027 entry expect applications open 1 October 2026 and close 31 January 2027 - 2027 TBC,"A Dutch bachelor's in Artificial Intelligence or Computer Science, or a comparable foreign qualification, plus at least 12 EC computer science, 12 EC programming, 6 EC calculus, 6 EC linear algebra and 6 EC probability and statistics. Proof of English proficiency due with the application.",likely,no,TBC,TBC,none_found,TBC,https://www.uva.nl/en/programmes/masters/artificial-intelligence/artificial-intelligence.html,https://www.uva.nl/shared-content/programmas/en/masters/artificial-intelligence/application-and-admission/international-prior-education/international-prior-education-foldout-menu.html,https://www.uva.nl/en/education/fees-and-funding/tuition-fees/tuition-fees.html,https://www.uva.nl/shared-content/programmas/en/masters/artificial-intelligence/application-and-admission/international-prior-education/international-prior-education-foldout-menu.html|https://www.uva.nl/en/education/fees-and-funding/tuition-fees/tuition-fees.html|https://aihr.uva.nl/humanities-labs/music-lab/music-lab.html,PARTIALLY_VERIFIED,W1-C,2026-08-22,"Non-EU tuition around EUR 26000/yr over two years is the single largest cost in this path - under a funding-first strategy this row only works with a full scholarship, and no UvA scholarship was verified this session. EUR 100 non-refundable application fee. The Music Cognition Group's own site (mcg.uva.nl) returned HTTP 503 at time of check. Henkjan Honing is professor EMERITUS - confirm an active music-AI supervisor before committing.","PATH C(b) STRONG: UvA's ILLC hosts the MUSIC COGNITION GROUP (MCG), housed at LAB42 on Science Park alongside the AI programme, affiliated with the Department of Musicology, ILLC and Amsterdam Brain and Cognition, and doing explicitly 'cognitive and computational music research' (verified on aihr.uva.nl). Amsterdam is the client's top-priority Dutch city and this is a flagship EU AI master. Client's 300-ECTS engineering diploma exceeds the degree bar; the itemised EC prerequisites are the real gate."
C-072,C,Speech Technology (MSc) - formerly Voice Technology,MSc Speech Technology,University of Groningen - Campus Fryslan,public university,Leeuwarden,Netherlands,single_site,English,"IELTS 6.5 minimum, TOEFL 90, or equivalent",12,60,22200,"Programme page: EUR 22200 for non-EU students, 2026-2027. 2027-2028 rate TBC.",yes - page states a 1 September 2027 start with a 1 May 2027 non-EU deadline,TBC,"1 May 2027 (non-EU students, for the 1 September 2027 start)",2027 cycle CONFIRMED on the official programme page,"Bachelor's degree in Linguistics, Artificial Intelligence, or Computer/Computing Science gives direct access; other degrees are assessed for eligibility and may require a pre-master's. English: IELTS 6.5 / TOEFL 90 or equivalent.",likely,no,TBC,TBC,none_found,TBC,https://www.rug.nl/masters/voice-technology/,https://www.rug.nl/masters/voice-technology/,TBC,https://www.rug.nl/masters/voice-technology/,VERIFIED,W1-C,2026-08-22,"SPEECH, not music - the department's stated topics are voice-based disease recognition, multilingualism and the brain, and voice synthesis for under-resourced languages; no music lab verified. Leeuwarden (Friesland) is far from the client's preferred Amsterdam region. EUR 22200 for a single year is expensive per credit.","PATH C(a)-adjacent and the only dedicated audio/voice-AI master found in the Netherlands. Machine listening skills transfer directly to music AI, and a 12-month 60-ECTS format halves total cost exposure versus a two-year Dutch master. RARE ADVANTAGE: 2027-cycle dates are already published (1 May 2027 deadline for a 1 September 2027 start), so this row needs no re-dating. Client's CS/software-engineering background maps onto the Computer Science direct-access route."
C-073,C,Artificial Intelligence (MSc),MSc Artificial Intelligence,Utrecht University - Department of Information and Computing Sciences,public university,Utrecht,Netherlands,single_site,English,'EMI-experienced' level per UU's English language requirements (official test score or certificate),24,120 (TBC; includes a 44 EC research project),25306,"UU programme page: 'Non-EU/EEA students (institutional fee) 2026-2027: 25,306'. 2027-2028 rate TBC.",TBC,1 October (September start),"1 April (non-EU passport holders, September start); 1 September for the February start",Page is not year-stamped; recurring annual pattern. For September 2027 entry expect 1 April 2027 - 2027 TBC,"A sufficient bachelor's degree from a research university - AI, Computer Science, or Cognitive Science / Linguistics / Philosophy / Psychology / Data Science / Mathematics with complementary coursework. Expected foundations: logic, programming, AI fundamentals, mathematics for AI, cognitive psychology, linguistics/NLP, philosophy of AI, machine learning. Selective research master; admissions committee selects among qualified applicants.",likely,no,TBC,TBC,none_found,TBC,https://www.uu.nl/en/masters/artificial-intelligence,https://www.uu.nl/en/masters/artificial-intelligence/admission-and-application/degree-from-a-non-dutch-university,TBC,https://www.uu.nl/en/masters/artificial-intelligence|https://www.uu.nl/en/masters/artificial-intelligence/admission-and-application/degree-from-a-non-dutch-university|https://www.uu.nl/staff/AVolk,VERIFIED,W1-C,2026-08-22,Institutional fee EUR 25306 (2026-2027) is among the highest in the Netherlands and no UU scholarship was verified this session. Selective admission. A software-engineering curriculum may be light on the expected cognitive-psychology / linguistics / philosophy foundations.,"PATH C(b) STRONG - possibly the single best general-AI-with-a-music-lab match found: Utrecht's Department of Information and Computing Sciences contains the MUSIC INFORMATION COMPUTING group, chaired by Prof. Anja Volk (verified on uu.nl/staff/AVolk) - music information retrieval, computational musicology, music cognition, mathematical music theory, music technology for health and wellbeing, music-driven serious games. She teaches a master course 'Sound and Music Technology' that has produced student work on music generation and AI including AI Song Contest entries. The 44 EC research project is a ready-made music-AI thesis slot. Client's 300-ECTS diploma exceeds the entry bar."
C-074,C,Master Universitario en Aprendizaje Profundo para el Tratamiento de Senales de Audio y Video (Master's Degree in Deep Learning for Audio and Video Signal Processing / MUDLAVSP),Master Universitario (official),Universidad Autonoma de Madrid (UAM) - Escuela Politecnica Superior,public university,Madrid,Spain,single_site,English,B2 or higher (certificate required),12,60,5079,"Programme page, first enrolment: standard rate EUR 2736; non-resident international students EUR 5079. The page does not state which academic year these rates apply to. UAM's fees page confirms non-EU students without Spanish residency are charged at the higher 'third matriculation' rate band.",TBC,TBC,TBC - not published on the programme page opened; UAM postgraduate admission rounds run roughly February-May with a late round to early September,"TBC - 2026 cycle dates seen only in search summaries, not confirmed on a page opened this session","Engineers or holders of an Engineering bachelor's in an ICT-related field, whose degree includes at least 24 ECTS mathematical fundamentals (12 calculus, 6 linear algebra, 6 probability/statistics), at least 12 ECTS programming in a high-level language, at least 6 ECTS signal processing and at least 6 ECTS machine learning. English B2. 30 places. Selection: academic record 40-60 percent, CV/merits 10-30 percent, profile fit 10-40 percent.",yes_explicit,no,TBC,TBC,none_found,TBC,https://www.uam.es/uam/en/master-universitario-aprendizaje-profundo-tratamiento-senales-audio-video,https://www.uam.es/EPS/mudlavsp/1446816087686.htm,https://www.uam.es/uam/en/posgrado/matricula/tasas-y-precios,https://www.uam.es/uam/en/master-universitario-aprendizaje-profundo-tratamiento-senales-audio-video|https://www.uam.es/ss/Satellite?c=Page&cid=1446816087686&pagename=EscuelaPolitecnica/Page/UAM_contenidoFinal|https://www.uam.es/uam/en/posgrado/matricula/tasas-y-precios|https://audias.ii.uam.es/,VERIFIED,W1-C,2026-08-22,"Prerequisite ECTS are hard, itemised gates - 6 ECTS signal processing and 6 ECTS machine learning must be evidenced on the transcript, and a software-engineering curriculum may be short on signal processing. Non-resident international rate (EUR 5079) is about 1.9x the standard rate. Application dates not published on the pages opened.","TOP-3 FIND OF THIS PATH, and effectively Path C(a): a one-year, English-taught, 60-ECTS DEEP LEARNING FOR AUDIO master at a public Spanish university - the cheapest dedicated audio-AI master found anywhere in scope. Hosted by the EPS, home of AUDIAS (Audio, Data Intelligence and Speech research group, Dept. of Information Technology) whose verified research lines include 'audio event detection and MUSIC ANALYTICS' and which publishes master's thesis proposals and study grants for students. Client's 300-ECTS engineering diploma explicitly matches the 'engineers ... in an ICT-related field' admission profile."
C-075,C,Master Universitario en Inteligencia Artificial (Master's Degree in Artificial Intelligence / MUIA),Master Universitario (official),"Universidad Politecnica de Madrid (UPM) - E.T.S. de Ingenieros Informaticos, Departamento de Inteligencia Artificial",public university,Madrid,Spain,single_site,"Spanish and English (Espanol, Ingles)",TBC,TBC,60,TBC,Not published on the page opened.,TBC,TBC,TBC,TBC - UPM programme record references curso 2026-27 but publishes no dates on the page opened,"Not specified on the page opened. Research-oriented master run by the Department of Artificial Intelligence; programme implemented in 2010. Coordinator Damiano Zanardini, masteria.dia@fi.upm.es.",unclear,no,TBC,TBC,none_found,TBC,https://www.upm.es/estudiantes/estudios_titulaciones/estudios_master/programas?id=10.9&fmt=detail,https://www.upm.es/estudiantes/estudios_titulaciones/estudios_master/programas?id=10.9&fmt=detail,TBC,https://www.upm.es/estudiantes/estudios_titulaciones/estudios_master/programas?id=10.9&fmt=detail,PARTIALLY_VERIFIED,W1-C,2026-08-22,"No fees, dates or admission criteria published on the UPM record opened. NO UPM audio or music research group verified this session - UPM's speech/audio expertise (Grupo de Tecnologia del Habla) sits in ETSI de Telecomunicacion, a different school from the one running this master.",PATH C(b) candidate held open pending Wave-2 verification of an audio or music supervisor. Research master (MUIA) run by UPM's dedicated Artificial Intelligence department; bilingual ES/EN delivery. Rank below UAM (C-005) and Alicante (C-004) unless an audio group link is found.
C-076,C,Master Universitario en Inteligencia Artificial (Master's Degree in Artificial Intelligence),Master Universitario (official),Universidad de Alicante (UA) - Escuela Politecnica Superior / Dept. Lenguajes y Sistemas Informaticos,public university,Alicante,Spain,single_site,English,B2,12,60,TBC,Programme page 2026-27: EUR 35.34 per credit on first enrolment (EUR 56.51 on second and subsequent enrolments) = approx EUR 2120 for 60 ECTS. The page states explicitly that different prices exist for non-EU non-resident international students but does not publish that figure - non-EU rate is TBC.,TBC,16/03/2026 (2026-27 cycle),26/06/2026 at 14:00; extraordinary period from 17/07/2026 for masters with places left (2026-27 cycle),2026 cycle - 2027 TBC (expect a comparable mid-March to late-June window in 2027),Branch of knowledge: Engineering and Architecture. 25 places. Certified B2 English required. Blended delivery (semipresencial). The page does not enumerate admitted bachelor titles.,likely,no,TBC,TBC,none_found,TBC,https://web.ua.es/es/masteres/inteligencia-artificial/,https://eps.ua.es/es/master-en-inteligencia-artificial/master-universitario-en-inteligencia-artificial.html,TBC,https://web.ua.es/es/masteres/inteligencia-artificial/|https://cvnet.cpd.ua.es/curriculum-breve/es/perez-sancho-carlos/25661|https://eps.ua.es/es/master-en-inteligencia-artificial/master-universitario-en-inteligencia-artificial.html,PARTIALLY_VERIFIED,W1-C,2026-08-22,GRFIA's own group site (grfia.dlsi.ua.es) is DEAD - both /cm/ and /gen.php returned HTTP 404 via WebFetch and curl; group evidence rests on UA's institutional CV portal. Non-EU non-resident credit price is not published. Semipresencial (blended) delivery may complicate a Tunisian student visa - check residence requirement.,"PATH C(b) STRONG: UA's DLSI department hosts GRFIA (Grupo de Reconocimiento de Formas e Inteligencia Artificial). Verified on UA's official CV portal: GRFIA member Carlos Perez Sancho states 'Mis principales intereses de investigacion son las tecnicas de inteligencia artificial aplicadas a la recuperacion de informacion musical (Music Information Retrieval)'. GRFIA historically ran a Computer Music Laboratory (Jose M. Inesta; Jorge Calvo-Zaragoza - optical music recognition, MIR). English-taught 60-ECTS AI master with a MIR lab attached is an excellent engineer's route into music AI. 300-ECTS diploma far exceeds the entry bar."
C-077,C,Master Universitario en Ingenieria del Software e Inteligencia Artificial (Master's Degree in Software Engineering and Artificial Intelligence),Master Universitario (official),Universidad de Malaga (UMA) - E.T.S. de Ingenieria Informatica,public university,Malaga,Spain,single_site,"Spanish and English (Castellano, Ingles)",TBC,12,60,TBC,Not published on the pages opened. Andalusian public-university credit rates apply; UMA directs applicants to acceso_master@uma.es.,TBC,TBC,TBC,TBC - applications run through the Andalusian Distrito Unico Universitario portal; dates not confirmed on a page opened this session,"30 places, blended (semipresencial) delivery, three teaching periods Oct-Dec, Jan-Mar, Apr-Jul. Target profile is a Computer Science engineering graduate; Telecommunications and Industrial engineering, Mathematics and Physics graduates also admitted (per UMA access pages, not opened this session). Foreign non-homologated degrees at bachelor level that permit postgraduate study in the home country are accepted.",likely,no,TBC,TBC,none_found,TBC,https://www.uma.es/master-en-ingenieria-del-software-e-inteligencia-artificial/,https://www.uma.es/master-en-ingenieria-del-software-e-inteligencia-artificial/cms/menu/acceso/preinscripcion/,TBC,https://www.uma.es/master-en-ingenieria-del-software-e-inteligencia-artificial/cms/menu/informacion-general/|https://www.uma.es/atic/,PARTIALLY_VERIFIED,W1-C,2026-08-22,"Blended (semipresencial) delivery - check Tunisian student-visa implications, which usually require in-person enrolment. Fees and preinscription dates not published on the pages opened. ATIC sits in a DIFFERENT school (ETSI Telecomunicacion) from the one that runs this master (ETSI Informatica), so cross-school thesis supervision is unproven.","PATH C(b): UMA hosts ATIC (Aplicacion de las Tecnologias de la Informacion y Comunicaciones, group code TIC208), verified on uma.es as a signal-processing group whose research lines are explicitly musical: musical signal analysis and classification, music transcription (frequency and tonality detection), AUTOMATIC MUSICAL COMPOSITION (melody and harmonic progression generation), e-learning for music education, serious games, and brain activity during musical tasks. Wave 2 should check whether an ATIC-supervised TFM is reachable from this master or whether UMA's telecommunications master is the correct vehicle."
C-078,C,Master's degree in Artificial Intelligence (Master en Intel-ligencia Artificial / Master en Inteligencia Artificial),Master's degree in Artificial Intelligence (official),"Universitat Politecnica de Catalunya - BarcelonaTech (UPC), jointly with Universitat de Barcelona (UB) and Universitat Rovira i Virgili (URV)",public university,Barcelona,Spain,single_site,English,TBC,18,90,TBC,"CONFLICT. Programme page: approx EUR 1743 for the master's degree (EUR 2700 for non-EU residents), excluding non-teaching academic fees and certificate issue. UPC news item (June 2025): price per credit for master's degrees cut to EUR 45 for a first-time enrolment for non-EU students (= EUR 4050 for 90 ECTS), down from EUR 102.52. Figures are per-degree, not per-year; not reconciled.",TBC,TBC - pre-enrolment shown as closed on 2026-08-22,TBC,TBC - UPC page showed pre-enrolment closed at time of check,"General UPC master's academic admission requirements; 50 places per intake; interdisciplinary programme spanning computer science, philosophy, psychology, linguistics and engineering. September start.",likely,no,TBC,TBC,none_found,TBC,https://www.upc.edu/en/masters/artificial-intelligence,https://www.upc.edu/en/masters/artificial-intelligence,https://www.upc.edu/en/press-room/news/the-upc-reduces-tuition-fees-for-non-eu-students-enrolling-in-master-degrees,https://www.upc.edu/en/masters/artificial-intelligence|https://www.upc.edu/en/press-room/news/the-upc-reduces-tuition-fees-for-non-eu-students-enrolling-in-master-degrees,PARTIALLY_VERIFIED,W1-C,2026-08-22,"Fee conflict between the programme page (EUR 2700 non-EU) and the June-2025 UPC news item (EUR 45/credit = EUR 4050 for 90 ECTS) - reconcile before relying on either. NO UPC audio or music research group was verified this session, so the Path C(b) music link is unproven for this row.",PATH C(b) FUNDING-FIRST STANDOUT: English-taught AI master in Barcelona at Spanish public-university prices - roughly one sixth of a Dutch institutional fee. 90 ECTS over 18 months. Client's 300-ECTS engineering diploma comfortably exceeds any 180/240-ECTS bar. WEAKNESS: no verified audio/music lab at UPC; Wave 2 must check UPC's speech/audio and signal-processing groups (e.g. TALP) before this can be ranked as a true Path C(b) hit.
C-079,C,"Master Universitario en Inteligencia Artificial, Reconocimiento de Formas e Imagen Digital (Master's Degree in Artificial Intelligence, Pattern Recognition and Digital Imaging / MIARFID)",Master Universitario (official),Universitat Politecnica de Valencia (UPV),public university,Valencia,Spain,single_site,Spanish and Valencian,not required; Spanish B2 required,11,60,4240.8,2026-27 programme page: EUR 35.34 per credit for nationals/EU/international students resident in Spain; EUR 70.68 per credit for other international students. Total EUR 2120.40 to EUR 4240.80 for the 60-ECTS degree.,TBC - page describes the 2026-27 edition running September 2026 to July 2027,"17/11/2025 (Phase 0, reserved for international applicants, 2026-27 cycle)",Phase 0 13/02/2026 (international only); Phase 1 02/03-30/04/2026; Phase 2 15-26/06/2026; Phase 3 31/07-07/08 and 24/08-04/09/2026,2026 cycle - 2027 TBC (the Phase 0 international window opens the preceding November),"Spanish language proficiency at B2 level. Programme focuses on digital image processing, virtual reality and intelligent techniques.",likely,no,TBC,TBC,none_found,TBC,https://www.upv.es/titulaciones/MUIARFID/indexi.html,https://www.upv.es/titulaciones/MUIARFID/indexi.html,TBC,https://www.upv.es/titulaciones/MUIARFID/indexi.html,VERIFIED,W1-C,2026-08-22,"Taught in Spanish and Valencian with a Spanish B2 entry requirement - the client's languages are Arabic, French and English, so this is a genuine hard gate (logged, not excluded, per brief). NO audio or music research group was verified for this programme; its stated focus is image and pattern recognition.","PATH C(b), weaker: logged for completeness and because the Phase 0 window is reserved for international applicants (a useful early admission slot) and non-EU tuition is only about EUR 4241 for the whole degree. UPV does host audio research (iTEAM multimedia/audio signal processing; PRHLT speech and language technology) but neither was verified this session and neither is named on the programme page."
G-080,G,"MA Music for Film, Media and Games","MA awarded by BIMM University (UK degree-awarding body), delivered in Berlin",BIMM University Berlin,Private music and creative-industries university (UK group),Berlin,Germany,single_site,English,B2 CEFR minimum,12 full-time (or 24 part-time),90 ECTS / 180 UK FHEQ level credits,TBC,Programme page directs to a separate fees page; no figure published on the page opened this session.,TBC,TBC,"Not published; page notes 'Late applications are now open'. Trimesters run September-January, January-May, May-August.",2026 cycle - 2027 TBC,A good degree (typically 2:2 or above) OR substantial professional creative experience; English B2 minimum.,likely,YES - 'All applicants will be subject to a portfolio review and interview with a BIMM University Berlin Lecturer.',TBC,TBC,TBC,TBC,https://www.bimm-institute.de/courses/ma-music-film-media-and-games/,https://www.bimm-institute.de/postgraduate/,TBC,https://www.bimm-institute.de/courses/ma-music-film-media-and-games/,PARTIALLY_VERIFIED,W1-G,2026-08-22,ACCREDITATION WARNING: the award is a BIMM University (UK) MA delivered in Berlin. The programme page makes NO statement about German state recognition (staatlich anerkannt) or German accreditation. This must be resolved before it can be counted as a German master - it determines both scholarship eligibility and the Tunisian student-visa route. 90 ECTS is also below the 120-ECTS German norm.,"On paper the closest ENGLISH-TAUGHT match to the path in Berlin: music and sound for FILM, MEDIA AND GAMES, one year, no German required, entry open to non-music degrees with professional experience. Portfolio-gated (review + interview) but the bar reads far lower than Babelsberg's or Den Haag's. WAVE-2 PRIORITY: get the fee figure and the German recognition status."
G-081,G,dffb study programme - Editing & Sound specialisation (Schnitt & Ton),"TBC - historically a non-degree film-school Diplom, NOT confirmed to be a master",Deutsche Film- und Fernsehakademie Berlin (dffb),Public film academy,Berlin,Germany,single_site,German (expected),TBC,TBC,TBC,TBC,Public film academy - expected tuition-free with a semester contribution; NOT confirmed.,TBC,TBC,TBC,TBC,TBC,unclear,TBC - film-school entrance selection expected,TBC,TBC,TBC,TBC,https://www.dffb.de/en/study/,TBC,TBC,https://www.dffb.de/en/study/,UNVERIFIED,W1-G,2026-08-22,DEGREE LEVEL UNCONFIRMED AND LIKELY NOT A MASTER - the dffb has historically awarded a non-degree film-school qualification rather than an accredited Master. This would matter for both scholarship access and the Tunisian student visa. Sub-pages could not be opened this session.,"WAVE-2 RE-CHECK. Confirmed this session only that an 'Editing & Sound' specialisation exists in the dffb study programme. It is the only public film school inside Berlin city limits, so it is worth resolving properly - but if the award is not an accredited master it fails the client's core requirement."
G-082,G,Tonmeister*in fur audiovisuelle Medien (Sound Design for Audiovisual Media),Master of Fine Arts (M.F.A.) - state film university degree,Filmuniversitat Babelsberg KONRAD WOLF,Public film university,Potsdam-Babelsberg,Germany,single_site,German,n/a - German required,36 (6 semesters),120 LP,0,Public German university - no tuition fee; a semester contribution and an administrative application fee apply (amounts not published on the pages opened this session).,YES - application period 12 April to 18 May 2027 for the following winter semester,12 April 2027,18 May 2027,2027 cycle - stated explicitly on the official application page,Applicants should have successfully completed the Sound B.F.A. programme or have comparable qualifications. Proof of German at least at DSH-1 level or an equivalent certificate is required where the university entrance qualification came from a non-German-speaking institution.,unclear,"YES - HEAVY. Work samples: documentation of projects from the past three years (max 12 pages); VIDEO MATERIAL TOTALLING 15 MINUTES showing AT LEAST THREE FILMS on which the applicant handled the sound design; and one self-recorded or self-mixed music piece. Three-part admission test: (1) music test - interval, rhythm and chord identification plus a PIANO AUDITION; (2) interview presenting the submitted works; (3) practical exam creating a score for a short film in Pro Tools.",TBC,"DAAD Study Scholarship - Postgraduate Studies in the Fields of Fine Art, Design, Film (to verify)",TBC,TBC,https://www.filmuniversitaet.de/en/studies/study-programs/master-programs/sound-design-for-audiovisual-media,https://www.filmuniversitaet.de/en/studies/study-programs/master-programs/sound-design-for-audiovisual-media/application,TBC,https://www.filmuniversitaet.de/en/studies/study-programs/master-programs/sound-design-for-audiovisual-media|https://www.filmuniversitaet.de/en/studies/study-programs/master-programs/sound-design-for-audiovisual-media/application,VERIFIED,W1-G,2026-08-22,"in_scope = flagged_exception - POTSDAM IS OUTSIDE BERLIN CITY. Logged deliberately per the brief's exception rule, NOT silently included. Other blockers: German at DSH-1; a PIANO AUDITION and ear-training test; and a portfolio requiring three completed films with the applicant credited on sound design - the client currently has none. 300-ECTS engineering diploma does not substitute for the expected Sound B.F.A.","in_scope = flagged_exception. THE MOST PRECISE CONTENT FIT ON THE ENTIRE PATH - it is literally the German film-sound master, tuition-free, at Europe's largest film university, 25 minutes from central Berlin by S-Bahn. Deadline is genuinely the 2027 cycle (12 April - 18 May 2027) which lands exactly on the client's target. Realistically a 2028+ target unless the portfolio and German both come together fast. Escalate the exception decision to the human."
G-083,G,COVERAGE CHECK - no master-level audio programme in Berlin,n/a - highest audio award is a diploma / UK-validated bachelor,SAE Institute Germany (Berlin campus) and dBs Institute,Private creative-media academies,Berlin,Germany,single_site,German and English,TBC,n/a,n/a,n/a,n/a,n/a,n/a,n/a,n/a,n/a,no,n/a,no,n/a,none_found,n/a,https://www.dbsinstitute.ac.uk/find-a-course,n/a,n/a,https://www.dbsinstitute.ac.uk/find-a-course|https://www.sae.edu/deu/de/courses/audio/,PARTIALLY_VERIFIED,W1-G,2026-08-22,"DOCUMENTED NEGATIVE. dBs Institute: VERIFIED this session against its own course list - campuses are Bristol, Manchester, Plymouth and Online; THERE IS NO BERLIN CAMPUS and no postgraduate course is delivered in Berlin (MA Innovation in Sound and MA Music Production are Bristol/Online only). The 'dBs Music Berlin' name in lead data refers to a former diploma operation at Funkhaus, not a master. SAE Berlin: prior-sweep lead states no Master in Audio Production is offered in Germany - NOT re-verified on sae.edu/deu this session.",Logged so neither institution is re-chased. Removes two entries from the Berlin coverage floor.
G-084,G,Master Game Technology,Master of Science - NVAO-accredited,Breda University of Applied Sciences (BUas),University of applied sciences (hbo),Breda,Netherlands,single_site,English,TBC,12,60,TBC,EUR 2694 is the STATUTORY (EEA) fee for 2026-2027 and does NOT apply to a Tunisian national; the BUas institutional non-EEA rate was not confirmed this session and must be treated as TBC. Additional costs for software and excursions.,TBC,TBC,15 August (applying before 1 July recommended),2026 cycle - 2027 TBC,"Bachelor's degree in a relevant game-development field (IT, programming, art, animation, design, production); pre-existing knowledge in the chosen discipline required. Max 28 students across three disciplines.",likely,YES - portfolio task and interview as part of the selection process.,TBC,TBC,TBC,TBC,https://www.buas.nl/en/programmes/master-game-technology,https://www.buas.nl/en/programmes/master-game-technology,TBC,https://www.buas.nl/en/programmes/master-game-technology,VERIFIED,W1-G,2026-08-22,"NO AUDIO OR SOUND SPECIALISATION - re-confirmed this session against the official programme page. This is a programming/tech games master, not game audio. Logged as a documented negative so it is not re-chased.","OFF-PATH FOR G but strongly ON-PATH for a games/software path - hand to the games-technology path agent. Cheap by Dutch standards if the institutional non-EEA rate turns out to be low, and the client's software-engineering background fits the entry profile squarely."
G-085,G,Master of Film,MA (Master of Film) - NVAO-accredited,Netherlands Film Academy / Nederlandse Filmacademie (Amsterdam University of the Arts - AHK),Film school within a university of the arts (hbo),Amsterdam,Netherlands,single_site,English,TBC,TBC,TBC,TBC,AHK institutional (non-EEA) master rate not opened this session.,TBC,TBC,TBC,TBC,TBC - artistic-research oriented master for practising filmmakers.,unclear,"TBC - expected yes (film school, artistic research proposal)",TBC,TBC,TBC,TBC,https://www.filmacademie.ahk.nl/master-film/programme/,TBC,TBC,https://www.filmacademie.ahk.nl/|https://www.filmacademie.ahk.nl/bachelor-film/sound-design/,UNVERIFIED,W1-G,2026-08-22,COULD NOT OPEN OFFICIAL PAGE THIS SESSION (filmacademie.nl 302s to filmacademie.ahk.nl; sub-pages returned 404 through the fetch tool). Dedicated Sound Design provision at the Filmacademie is at BACHELOR level - admission for the bachelor Sound Design track ran to 7 April 2026. NO dedicated sound-design MASTER confirmed.,"WAVE-2 PRIORITY RE-CHECK. The Netherlands' leading film school; the only master-level routes appear to be Master of Film (artistic research) and a Composing for Film master. Verify whether a sound designer can enter Master of Film with a sound-led research project, and check the Composing for Film master separately."
G-086,G,Master Art of Sound,Master of Music - NVAO-accredited,Royal Conservatoire The Hague (Koninklijk Conservatorium),"Conservatoire (hbo, part of University of the Arts The Hague)",The Hague,Netherlands,single_site,English,TBC,24,120 (2-year Dutch MMus; page does not state figure - TBC),11488,EUR 11488 institutional tuition fee for non-EEA students 2026-2027 (standard master rate; DNOA and conducting masters pay EUR 8250). Statutory EEA fee EUR 2694 does NOT apply to Tunisian nationals. 2027-2028 rate TBC.,TBC - 2026 cycle page currently shows 'Applications closed',TBC,26 February 2026 for pre-selection materials; interviews 13-18 April 2026; final admission decisions 31 August 2026,2026 cycle - 2027 TBC,"Bachelor of Music with a Tonmeister / Music Recording specialisation or equivalent; clear professional vision, independent research capability, relevant technical skills; a defined research question and graduation-project concept.",unclear,"YES - PORTFOLIO + INTERVIEW. Portfolio of THREE self-initiated projects: lossless/uncompressed audio-video files, a 300-600 word written report per project, one PDF per project. Plus a Master Project Plan, Europass CV and motivation form. Then a max-30-minute online motivation interview with three jury members via MS Teams.",TBC,TBC,TBC,TBC,https://www.koncon.nl/en/programmes/master/art-of-sound/master-artofsound,https://www.koncon.nl/en/programmes/master/art-of-sound/master-artofsound/toelatingseisen,https://www.koncon.nl/en/application-process/tuitionfees,https://www.koncon.nl/en/programmes/master/art-of-sound/master-artofsound|https://www.koncon.nl/en/programmes/master/art-of-sound/master-artofsound/toelatingseisen|https://www.koncon.nl/en/application-process/tuitionfees,VERIFIED,W1-G,2026-08-22,Entry text names a Tonmeister / Music Recording BACHELOR as the expected background - the client has neither a music degree nor a recording bachelor. 'or the equivalent' is the only opening; the portfolio must carry the whole case. Accreditation itself is clean (NVAO Master of Music).,"Content fit is excellent: 3D sound, object-based audio, immersive audio mixing, INTERACTIVE AUDIO DESIGN and SOUND DESIGN FOR FILM are named semester-project topics. Portfolio bar is the highest on this path (3 fully documented self-initiated projects) - client's in-progress music portfolio needs targeted sound-to-picture work, not just tracks."
G-087,G,Master Intensivo en Posproduccion de Sonido (Intensive Master's in Sound Post-Production),"TBC - ECAM postgraduate title; almost certainly a titulo propio, NOT a titulo oficial",ECAM - Escuela de Cinematografia y del Audiovisual de la Comunidad de Madrid,Public-foundation film school,"Pozuelo de Alarcon / Ciudad de la Imagen, Madrid",Spain,single_site,Castellano (Spanish),TBC,TBC,TBC,TBC,"ECAM publishes postgraduate scholarship rules for 2026/27 including a place-reservation figure and talent scholarships covering a share of full-price tuition, but the pages could not be opened this session to quote them.",TBC - ECAM operates an 'Admision master 2026-2027' process,TBC,TBC,2026-2027 cycle indicated - 2027 TBC,TBC,unclear,TBC - film-school admission process expected,yes - ECAM publishes 'BECAS POSGRADO CURSO 2026/2027',ECAM Becas Posgrado 2026/2027,partial,TBC,https://ecam.es/,https://ecam.es/admision-master/,https://ecam.es/media/Bases-de-Becas-Posgrado-2026-27.pdf,https://ecam.es/admision-master/|https://ecam.es/media/Bases-de-Becas-Posgrado-2026-27.pdf,UNVERIFIED,W1-G,2026-08-22,ECAM.ES BLOCKED EVERY ACCESS ATTEMPT THIS SESSION - HTTP 403 to the fetch tool and to direct requests with browser headers; the scholarship PDF downloaded but could not be text-extracted in this environment. NOTHING HERE IS CONFIRMED FACT. Degree type unresolved and expected to be a titulo propio.,"WAVE-2 HIGHEST-PRIORITY RE-CHECK IN SPAIN. ECAM is Madrid's flagship public film school, it runs a three-year Diplomatura en Sonido, and it has launched a NEW intensive master in sound post-production coordinated by Ricardo Steinberg covering Dolby Atmos, immersive sound and spatial audio - the most directly on-path Spanish programme found in Madrid. It also visibly funds postgraduates. Must be reached from a different network path."
G-088,G,Master en Diseno de Sonido Cinematografico (Master's in Film Sound Design),"TBC - private film-school title, expected titulo propio / diploma, NOT oficial",ECIB - Escola de Cinema de Barcelona,Private film school,Barcelona,Spain,single_site,Castellano (Spanish) - expected,TBC,TBC,TBC,TBC,TBC,TBC,TBC,TBC,TBC,TBC,unclear,TBC,TBC,TBC,TBC,TBC,https://ecib.es/formacion-cine/master-en-diseno-de-sonido-cinematografico/,TBC,TBC,https://ecib.es/formacion-cine/master-en-diseno-de-sonido-cinematografico/,UNVERIFIED,W1-G,2026-08-22,"SITE BLOCKED THIS SESSION - ecib.es returned HTTP 403 to the fetch tool and served a Cloudflare interstitial to direct requests. NOTHING CONFIRMED. As a private film school the award is very unlikely to be a titulo oficial; assume titulo propio pending verification, with the usual scholarship and visa consequences.","WAVE-2 RE-CHECK. Name is an exact match for this path - film sound design, in Barcelona, the client's first-choice city. Worth resolving even though a private titulo propio ranks poorly under a funding-first strategy."
G-089,G,"The Sound School - Master Propio en Sonido (Master's Degree in Sound, film and audiovisual sound)","Master Propio en Sonido - TITULO PROPIO (own-title master), NOT a titulo oficial",ESCAC - Escola Superior de Cinema i Audiovisuals de Catalunya,Film school (attached to Universitat de Barcelona for its official degrees),Terrassa (Barcelona metropolitan area),Spain,single_site,Castellano (Spanish),n/a - Spanish-taught,24 (two academic years),TBC,13500,"Official page states 'Precio por ano: 13.500 EUR'. Two academic years, so roughly EUR 27000 total. No non-EU differential stated.",TBC - current published start is 14 September 2026,TBC,TBC - course starts 14 September 2026,2026 cycle - 2027 TBC,Graduates in Audiovisual Communication or Fine Arts; students from film schools or related artistic disciplines; holders of a Grado Superior in audiovisual and live-event production or equivalent; audiovisual-sector professionals; professionals with accredited experience changing specialisation.,unclear,YES - to access the course the applicant must submit a VIDEOPITCH OF MAXIMUM 3 MINUTES plus a CV. No audition or ear test stated.,TBC - ESCAC operates a Becas page,TBC,TBC,TBC,https://escac.com/formacion/curso/sound-school/,https://escac.com/formacion/curso/sound-school/,TBC,https://escac.com/formacion/curso/sound-school/,VERIFIED,W1-G,2026-08-22,"ACCREDITATION WARNING: TITULO PROPIO, not a titulo oficial - the award is NOT RUCT-registered. This restricts access to Spanish public postgraduate scholarships and can complicate the Tunisian student-visa file (though ESCAC is an established school and student visas are normally issued for full-time programmes). EUR 13500 per year for TWO years is the highest confirmed price in Spain on this path, entirely unfunded so far.","Spain's most prestigious film-school sound programme, in Barcelona (client's top city). PORTFOLIO GATE IS THE LIGHTEST OF ANY SERIOUS PROGRAMME ON THIS PATH: a 3-minute videopitch and a CV - genuinely achievable while the music portfolio is still in progress. Content covers production sound recording on set plus original sound-concept design for audiovisual projects. Cost and titulo propio status are the real problems, not admission."
G-090,G,Master propi en Composicio de Bandes Sonores i Musica per a Mitjans Audiovisuals (Master's Degree in Film Scoring and Music for Audiovisual Media),MASTER PROPI (titulo propio) of ESMUC - not a titulo oficial,ESMUC - Escola Superior de Musica de Catalunya,Higher music conservatoire (public foundation),Barcelona,Spain,single_site,Spanish and English,TBC,TBC,60,6667,"Fee stated as 111,12 EUR per credit; 60 ECTS x 111,12 = EUR 6667,20 for the programme. No non-EU differential stated on the page.",TBC,Master's pre-enrolment for academic year 2026-2027 is open per the official page,TBC,2026 cycle - 2027 TBC,"Bachelor in music OR equivalent proven experience. 15 places, on-site attendance.",unclear,"YES - PORTFOLIO. 'The applicant must send us scores and/or recordings of his own music, to be assessed by the direction of the master.' Recordings are explicitly acceptable in place of scores.",TBC,TBC,TBC,TBC,https://www.esmuc.cat/en/master-propi-de-composicio-de-bandes-sonores-i-musica-per-a-mitjans-audiovisuals/,https://www.esmuc.cat/en/master-propi-de-composicio-de-bandes-sonores-i-musica-per-a-mitjans-audiovisuals/,TBC,https://www.esmuc.cat/en/master-propi-de-composicio-de-bandes-sonores-i-musica-per-a-mitjans-audiovisuals/,VERIFIED,W1-G,2026-08-22,"ACCREDITATION WARNING: master propi / titulo propio - not RUCT-registered, not a titulo oficial. Restricts Spanish public scholarship access. Entry text expects a bachelor IN MUSIC, with 'equivalent proven experience' as the only alternative - the client has neither, so the portfolio carries the case. Only 15 places.","Barcelona, at Catalonia's flagship conservatoire, and the cheapest confirmed Spanish price on this path (EUR 6667 total). Curriculum explicitly covers VIDEOGAMES, videoclips and internet formats alongside film, and includes recording techniques. PORTFOLIO IS THE FRIENDLIEST FORM OF THE GATE: recordings of the client's OWN MUSIC are explicitly accepted - the in-progress electronic-music portfolio maps onto this directly with no scores needed. Composition-led rather than sound-design-led."
G-091,G,COVERAGE CHECK - no master-level sound-design programme found,n/a - highest awards are internal diplomas and UK-partner bachelors,Escuela Microfusa (Barcelona and Madrid),Private specialist audio school,Barcelona and Madrid,Spain,single_site,Castellano (Spanish),TBC,n/a,n/a,n/a,n/a,n/a,n/a,n/a,n/a,n/a,no,n/a,no,n/a,none_found,n/a,https://microfusa.com/pages/escuela,n/a,n/a,https://microfusa.com/pages/escuela,VERIFIED,W1-G,2026-08-22,"DOCUMENTED NEGATIVE. Microfusa's own school page lists diplomas, short courses, certificates and BACHELOR degrees awarded through UK partners (Solent University and University of Winchester). NO master's-level or postgraduate programme in sound design or audio post-production exists. It does run audio post-production courses, but below master level.",Logged so Microfusa is not re-chased. Removes one entry from the Spanish coverage floor.
G-092,G,COVERAGE CHECK - named Spanish institutions with NO sound-design master,n/a,U-tad Madrid; Universidad Camilo Jose Cela; Escuela Superior de Musica Reina Sofia; Taller de Musics ESEM; Trazos Madrid; Aula Creactiva,Mixed - private universities and private academies,Madrid and Barcelona,Spain,single_site,n/a,TBC,n/a,n/a,n/a,n/a,n/a,n/a,n/a,n/a,n/a,no,n/a,no,n/a,none_found,n/a,https://u-tad.com/master-universitario/,n/a,n/a,https://u-tad.com/master-universitario/|https://trazos.net/masters-profesionales/master-profesional-en-postproduccion/,UNVERIFIED,W1-G,2026-08-22,"CARRIED FORWARD FROM PRIOR-SWEEP LEAD DATA, NOT RE-VERIFIED THIS SESSION. Prior sweep recorded: U-tad - no sound, audio or music master in its master catalogue; UCJC - none; Reina Sofia - classical performance only; Taller de Musics ESEM - no production or sound-design master; Trazos - 'Master en Imagen y Sonido' NO LONGER EXISTS in the current catalogue, only a general postproduction master; Aula Creactiva - no audio provision at master level. Treat as leads, not facts.","Logged to make the negative coverage explicit rather than silent. Wave 2 should spot-check U-tad (a games university, so a game-audio master could appear) and Trazos' general postproduction master for a sound module. LOW priority."
G-093,G,Master de Formacion Permanente en Tecnologias en la Composicion de Bandas Sonoras y Musica para Videojuegos (MBSO) (Technologies in Soundtrack and Video Game Music Composition),"Master de Formacion Permanente of the Universidad Complutense de Madrid - TITULO PROPIO, not oficial",Universidad Complutense de Madrid (UCM) - Facultad de Informatica,Public university (continuing-education title),"Madrid (delivered online, synchronous)",Spain,single_site,Castellano (Spanish),n/a - Spanish-taught,9,60,TBC,Price not published on the page opened this session.,"Runs 1 October 2026 to 30 June 2027 - this is the cycle that ENDS in 2027, not a September-2027 start",TBC,TBC,2026-2027 edition confirmed; the October-2027 edition is TBC,Bachelor's degree or equivalent higher-education qualification WITH KNOWLEDGE OF MUSICAL COMPOSITION. Alternative access via demonstrated professional experience plus the Spanish university entrance examination.,unclear,ENTRANCE EXAM on 'sufficient musical and technical knowledge'. No formal portfolio stated.,TBC,TBC,TBC,TBC,https://www.ucm-musica-audiovisual.com/,https://www.ucm-musica-audiovisual.com/,TBC,https://www.ucm-musica-audiovisual.com/,VERIFIED,W1-G,2026-08-22,"ACCREDITATION WARNING: Master de Formacion Permanente = TITULO PROPIO, not a titulo oficial and not RUCT-registered. ALSO CRITICAL FOR THE VISA: the programme is delivered ONLINE (synchronous via Zoom and Moodle, with optional in-person attendance only at orchestra recording sessions). AN ONLINE PROGRAMME WILL NOT SUPPORT A TUNISIAN STUDENT VISA OR RESIDENCE IN SPAIN. Entry also presumes existing musical composition knowledge.","Content is squarely on-path - soundtrack composition AND VIDEO GAME MUSIC, run out of UCM's Computer Science faculty, with named instructors in GAME AUDIO IMPLEMENTATION and diseno sonoro across film, TV, advertising and games. But online delivery plus titulo propio makes it unusable as the client's primary route to Europe. Consider only as a supplementary credential."
G-094,G,Master Universitario en Postproduccion Digital (University Master's Degree in Digital Postproduction),"MASTER UNIVERSITARIO - TITULO OFICIAL (official, RUCT-registered Spanish master)",Universitat Politecnica de Valencia (UPV) - Campus de Gandia,Public technical university,Gandia (Valencia province),Spain,single_site,Espanol / Valenciano (Spanish and Valencian),n/a - SPANISH B2 IS THE LANGUAGE REQUIREMENT,12,60 (32 compulsory + 16 electives + up to 4 external placement + 12 TFM),TBC,"CONFIRMED RULE, FIGURE NOT CONFIRMED: UPV's official 2026/2027 enrolment page states that new foreign students who are not residents and are not nationals of EU member states pay '2 veces los precios establecidos para cada titulacion' - DOUBLE the standard price. The base per-credit master price for 2026/2027 was not published on the pages opened this session, so the resulting annual figure is TBC. A place-reservation payment and a foreign-qualification equivalence check fee also apply.",TBC,UPV runs a dedicated early preinscripcion phase (Fase 0) exclusively for applicants with a foreign qualification who hold neither EU nationality nor EU residence - date for the 2027-2028 cycle TBC,TBC,TBC,"Standard Spanish official-master access under Art. 16 RD 861/2010: a Spanish official university degree OR a degree from an EHEA institution giving access to master's study. Non-EHEA qualifications are accepted WITHOUT HOMOLOGATION once the university verifies an equivalent level of training that gives access to postgraduate study in the issuing country. MANDATORY: Spanish B2 certificate (DELE, SIELE or Escuela Oficial de Idiomas) for applicants from non-Spanish-speaking countries. Target profiles include Audiovisual Communication, Fine Arts, TELECOMMUNICATIONS ENGINEERING (Image and Sound), Journalism and DESIGN ENGINEERING; the Academic Committee may accept other degrees on academic and professional profile, national or foreign.",yes_explicit,NO PORTFOLIO OR AUDITION STATED. Admission is on academic record and professional CV.,TBC,TBC,TBC,TBC,https://www.upv.es/estudios/master/mupd/detalle/,https://www.upv.es/estudios/master/mupd/admision/,https://www.upv.es/contenidos/SMAT/info/1192152normalc.html,https://www.upv.es/estudios/master/mupd/detalle/|https://www.upv.es/estudios/master/mupd/admision/|https://www.upv.es/contenidos/SMAT/info/1192152normalc.html,VERIFIED,W1-G,2026-08-22,"NONE ON ACCREDITATION - this is a genuine TITULO OFICIAL at a public university, RUCT-registered, which is the strongest possible basis for both Spanish scholarships and the Tunisian student visa. Two practical gates: the mandatory SPANISH B2 CERTIFICATE (the client speaks French and Arabic, not Spanish - this is a real prerequisite requiring a DELE or SIELE certificate) and the non-EU DOUBLE-PRICE rule. Gandia is a small coastal town, not Valencia city.","BEST ACCREDITATION-PLUS-COST PROFILE IN SPAIN ON THIS PATH, and the only official Spanish master found with a substantial dedicated AUDIO EDITING module (10 ECTS of 'Materia de edicion de audio' inside the 32-ECTS common module). Explicitly aimed at, among others, Telecommunications Engineers specialising in Image and Sound - the 300-ECTS engineering diploma is a direct fit and far exceeds the entry bar. NO PORTFOLIO REQUIRED, which is decisive while the client's music portfolio is still in progress. Certified external training in Avid, Pro Tools, Adobe After Effects and Apple Logic. Research itinerary opens a doctorate route."
G-095,"G,H",Master en Art Sonor (Master Studies in Sound Art),"Master propi Universitat de Barcelona (own title), structured as two 30-ECTS postgraduate certificates (Sound Design; Sound Creation) plus a final master's project",Universitat de Barcelona - Facultat de Belles Arts,Public university (own-title programme),Barcelona,Spain,single_site,English (programme site is published in English; Catalan/Spanish versions also exist),TBC,12,"TBC - 70 per prior leads, not confirmed on the page opened",TBC,Not disclosed on the page opened.,no,1 October (Sound Design postgraduate); 1 February (Sound Creation postgraduate),30 October 2025 (Sound Design) and 28 February 2026 (Sound Creation); next full master's cycle starts 13 October 2026,"2025-26 cycle published, next cycle start 13 October 2026 - 2027 TBC",Not detailed on the page opened.,unclear,TBC - not stated on the page opened; an art-production proposal is central to the programme,TBC,TBC,none_found,TBC,https://www.ub.edu/masterartsonor/en/master-studies-in-sound-art/,https://www.ub.edu/masterartsonor/,TBC,https://www.ub.edu/masterartsonor/en/master-studies-in-sound-art/|https://www.ub.edu/masterartsonor/|https://www.ub.edu/masterartsonor/en/,PARTIALLY_VERIFIED,W1-H,2026-08-22,"TITULO PROPIO, NOT OFICIAL. Modular structure (two separate postgraduate enrolments plus a project) complicates a single student-visa application. No tuition published. Entry requirements not published. || DEGREE TYPE UNRESOLVED - the page does not state whether this is a titulo oficial or a master propi. Given it is assembled from two separate postgraduate modules plus a final project, a master propi is far more likely; this must be settled before it can be relied on for scholarships or a visa. Modular structure may also complicate a single continuous student-visa enrolment.","PARTIAL MATCH - SONIC ARTS, SPATIAL WORK IMPLIED NOT SPECIFIED. This is the sonic-arts / spatial-composition wing of the path in Spain. The programme describes 'direct experimentation with sounds, spaces and materials' and articulating art-production proposals in sound art - i.e. installation and spatial practice - but the page opened names no ambisonics, multichannel or spatial-reproduction module. English-taught in Barcelona is a strong practical plus."
G-096,"G,H,R",MA/MSc Professional Practice in Creative Media Industries (Audio Production specialism),"MA or MSc, awarded and quality-assured by the University of Hertfordshire (UK)",SAE Institute Amsterdam,Private academy; degrees awarded by a UK university,Amsterdam,Netherlands,single_site,English,TBC - not stated on the pages reachable this session,12 (full-time) or 24 (part-time),TBC - UK credit structure,TBC,"The published SAE Amsterdam 2026/2027 fee schedule lists Audio Production Diploma, Advanced Diploma and BA/BSc fees but does NOT list a fee for the MA/MSc. A 500 EUR registration fee applies to the listed courses. Master's fee must be requested via the information pack.",no - 2026/27 programmes listed,TBC,TBC,2026 cycle - 2027 TBC,"Bachelor's degree with Honours (2:1 or higher) in a relevant field with strong evidence of creative-media work experience, OR at least five years of professional creative-industry experience.",unclear,TBC - a self-directed project/work-based proposal is central to the programme,TBC,TBC,none_found,TBC,https://www.sae.edu/nld/masters/,https://www.sae.edu/nld/masters/,https://www.sae.edu/nld/course-fees-2026-2027/,https://www.sae.edu/nld/masters/|https://www.sae.edu/nld/course-fees-2026-2027/|https://www.sae.edu/nld/about-us/standards-accreditation/|https://www.sae.edu/nld/|https://www.sae.edu/nld/courses/,DEAD_LINK,W1-H,2026-08-22,"CRITICAL: THE DEGREE IS NOT NVAO-ACCREDITED. SAE Amsterdam's own accreditation page states verbatim that the 2026/27 degree programmes are 'developed, delivered and assessed by SAE Institute, and awarded by and quality assured by the University of Hertfordshire' - i.e. a UK award delivered in the Netherlands, not a Dutch NVAO-accredited master's. This has direct consequences for the Tunisian student visa (Dutch recognised-sponsor status must be checked separately) and rules out Dutch statutory tuition and NL/Holland scholarships. The dedicated MA course page (/nld/courses/ma-msc-professional-practice/) returns 'Page not found' while still being linked from the masters index - the programme's live status for 2027 must be confirmed with SAE. Master's fee is not published. || ACCREDITATION WARNING: the degree is awarded and quality-assured by the University of Hertfordshire (UK) and delivered in Amsterdam. SAE's own Dutch accreditation page makes NO claim of NVAO accreditation. A non-NVAO programme is normally NOT an 'erkende opleiding' for Dutch study-visa purposes, which would block the MVV/VVR route for a Tunisian national - this must be checked directly with SAE and the IND before any effort is spent. The course page (linked from SAE's own site) returned HTTP 404 twice this session; the masters index also 404s. No fees, no duration, no intake dates published. || ACCREDITATION WARNING: this is a UK-validated award delivered at a private academy in Amsterdam, NOT an NVAO-accredited Dutch master. A prior sweep recorded a market-level finding that no private NVAO-accredited master in sound design exists in the Netherlands. This matters directly for the Tunisian student visa (IND recognised-sponsor status must be confirmed) and blocks most Dutch/EU public scholarship access. Master programme page returned 404 on direct fetch this session. || MERGE: path agents disagreed on verification status (DEAD_LINK, PARTIALLY_VERIFIED) - Wave 3 to adjudicate","PARTIAL MATCH - IMMERSIVE AUDIO IS FACILITIES-LED, NOT CURRICULUM-LED. The Audio Production specialism is a self-directed, project-based master. SAE Amsterdam has installed a purpose-built Dolby Atmos teaching space (reported by the equipment vendor Audient in July 2026, NOT confirmed on an SAE page opened this session - treat as TBC). SAE's German campuses run 3D Audio and Dolby Atmos workshops. Amsterdam location is the client's highest-priority Dutch city."
G-097,"G,R",Master de Formacion Permanente en Produccion de Audio por UDIMA (Master in Audio Production),Master de Formacion Permanente (60 ECTS) awarded by UDIMA + Diploma Profesional from SAE Creative Media Education; a shorter 'Master Profesional' variant also exists,"SAE Institute Spain (SAE Creative Media Education), accredited by Universidad a Distancia de Madrid (UDIMA)",private academy (with private-university validation),Barcelona (also offered in Madrid),Spain,single_site,Spanish,not required; Spanish proficiency required,24,60,TBC,Price not disclosed on the programme page; 'Becas y Ayudas' referenced without detail,yes,TBC,TBC - rolling admission with interview,2026/2027 intakes published: Barcelona Oct 2026 and Feb 2027; Madrid Feb 2026 and Oct 2026,Bachelor's degree or equivalent for the 60-ECTS Master de Formacion Permanente (or 2+ years professional experience for the Master Profesional route); minimum age 18; Spanish language; admission interview.,likely,no,yes - SAE Spain publishes a Becas y ayudas page,Becas y Ayudas (unspecified),none_found,TBC,https://www.sae.edu/esp/courses/produccion-de-audio/,https://www.sae.edu/esp/courses/produccion-de-audio/,https://www.sae.edu/esp/becas-y-ayudas/,https://www.sae.edu/esp/courses/produccion-de-audio/|https://www.sae.edu/esp/insights/firma-acuerdo-sae-udima-masters-especializados/|https://www.sae.edu/esp/campuses/sae-barcelona/,PARTIALLY_VERIFIED,W1-R,2026-08-22,"ACCREDITATION: this is a TITULO PROPIO - a 'Master de Formacion Permanente' issued by UDIMA (a private distance university), NOT a titulo oficial in the RUCT register. It does not give access to a Spanish doctorate, is not recognised as an official master's for public-sector purposes, and carries materially higher risk for the Tunisian student-visa file than an official master's. Price is not published anywhere on the site. SAE Barcelona separately describes itself as a private higher arts education school in music regulated by AQU - that applies to its music degree, not to this master. || ACCREDITATION WARNING: TITULO PROPIO accredited by UDIMA, a private distance university - NOT a titulo oficial and NOT RUCT-registered. Limits Spanish public scholarship access and is the weaker basis for a Tunisian student visa (confirm SAE Spain's authorisation to host international students). Price undisclosed. 24 months for only 60 ECTS is an unusually low credit density. || MERGE: path agents disagreed on verification status (PARTIALLY_VERIFIED, VERIFIED) - Wave 3 to adjudicate","masters_degree (titulo propio) - only PARTLY on-path: it is a studio/production master with 'Sonido en Directo' as one dedicated year-2 module, not a live-sound systems programme. Client's engineering diploma satisfies the bachelor requirement. Include only if the client accepts a non-official award; funding-first strategy argues against it."
H-098,H,Master en Ensenanzas Artisticas en Sonologia Aplicada y Creacion Sonora (SACS) (Master in Applied Sonology and Sound Creation),"Master en Ensenanzas Artisticas (official artistic-education master's; ANECA-verified, homologated by the Spanish Ministry of Education)","Conservatori Superior de Musica 'Joaquin Rodrigo' de Valencia (CSMV), ISEACV",State conservatoire,Valencia,Spain,single_site,Spanish (not explicitly stated on the page),not required,12,60,TBC,Tasas referenced on the site but no amount rendered. Public conservatoire fees in the Comunitat Valenciana are normally low.,no - 2026-27 cycle published,27 February 2026,14 April 2026,2026 cycle - 2027 TBC,Preference for graduates of higher music education specialising in Sonology or Composition; applicants should have an adequate technical foundation in music technology. Entrance exam (prueba de acceso) required.,unclear,yes - entrance exam,TBC,TBC,none_found,TBC,https://www.sonologiacsmv.com/master.html,https://www.sonologiacsmv.com/master.html,TBC,https://www.sonologiacsmv.com/master.html,PARTIALLY_VERIFIED,W1-H,2026-08-22,"Preference stated for applicants with higher MUSIC education in Sonology or Composition - the client has no music degree, so admission is a real risk despite the 300-ECTS engineering diploma. Entrance exam gate. Spanish-taught. No tuition figure.","PARTIAL MATCH - 'SONOLOGY' IN THE TITLE, BUT NO SPATIAL MODULE CONFIRMED. FULL DEGREE and, importantly, an OFFICIAL Spanish award (unlike H-010/H-011). Curriculum evidence found: deep learning, Python, Max/MSP, electroacoustic composition, video processing, mixing and mastering. NO spatial audio, ambisonics, multichannel or 3D-audio module was identified on the page - so despite the Sonology name this is not, on published evidence, a spatial-audio programme. Re-check the plan de estudios in Wave 2."
H-099,H,"Master de Produccion de Sonido y Musica para Cine, Videojuegos y VR (Master in Sound and Music Production for Film, Video Games and VR)",University-accredited master's with university credits via UTAMED (Universidad Tecnologica Atlantico-Mediterraneo),SONTIC Digital School (accredited through UTAMED),Private academy with a private-university accreditation partner,Zaragoza,Spain,single_site,Spanish,not required,9,TBC,TBC,No price published on the programme page.,"no - page states the course begins in March, places limited",TBC,TBC,undated on page - 2027 TBC,"Targeted at graduates of intermediate/higher audiovisual programmes, music producers, conservatoire musicians, video-game programmers, event producers and sound technicians. No formal minimum stated.",likely,no - not mentioned,TBC,TBC,none_found,TBC,https://sontic.es/master-produccion-sonido-musica,https://sontic.es/master-produccion-sonido-musica,TBC,https://sontic.es/master-produccion-sonido-musica,PARTIALLY_VERIFIED,W1-H,2026-08-22,"AWARD STATUS MUST BE CHECKED: it is marketed as a 'titulo universitario acreditado' with university credits via UTAMED (a private online university), which in Spain is a titulo propio, NOT a titulo oficial. Mostly ONLINE with only a two-week in-person Dolby Atmos module - a student-visa problem for a Tunisian national, since online study does not normally support a residence permit. No price. No ECTS.","DENSEST IMMERSIVE-AUDIO SYLLABUS FOUND IN SPAIN, but the weakest institutional wrapper. Explicit spatial-audio component: training on a Dolby Atmos 9.1.4 system (two-week intensive at SONTIC STUDIO), multichannel mixing and 'sonido inmersivo', binaural audio for headphones, 5.1 and 7.1 surround, object-based audio, and a VR/AR spatial-integration module. Include as evidence of what a Dolby-Atmos-focused Spanish curriculum looks like, but the delivery model and award type make it a poor primary target under a funding-first, visa-dependent strategy."
H-100,"H,R","Erasmus Mundus Joint Master WAVES - Waves, Acoustics, Vibrations, Engineering and Sound (Master Universitario Erasmus Mundus en Ondas, Acustica, Vibraciones, Ingenieria y Sonido)",Erasmus Mundus Joint Master Degree - multiple national diplomas plus a joint diploma supplement,"Consortium: Universidade de Coimbra (PT), Universitat Politecnica de Valencia - Campus de Gandia (ES), Aix-Marseille Universite (FR), Centrale Mediterranee / Ecole Centrale Marseille (FR)",Public universities and grandes ecoles consortium,"Coimbra (S1), Gandia/Valencia (S2), Marseille (S3), internship worldwide (S4)",Portugal + Spain + France,rotating,English,TBC - no prior language requirement specified on the UPV page,24,120,2356,"UPV publishes 39.27 EUR per credit for 2026-27, approx. 4712.40 EUR for the full 120-ECTS degree, with the SAME rate for EU/national and international students (annualised here as approx. 2356 EUR/yr). Erasmus Mundus scholarship holders cannot be charged tuition or other mandatory participation costs.",no - RECRUITMENT SUSPENDED,suspended,suspended (historically a January deadline with April/May results),none - recruitment suspended as of 1 October 2025,Not published on the pages opened. Programme is 'in the process of renewal' and offered places are currently unavailable.,likely,no,yes - when running,Erasmus Mundus Joint Master scholarship,full+stipend,likely - Erasmus Mundus Joint Master scholarships are open to Partner Country nationals including Tunisia; not re-verified on an official EU page this session,https://master-waves.eu/,https://www.upv.es/estudios/master/muemwaves/en/home/,https://www.upv.es/estudios/posgrado/masteres-erasmusmundus-en.html,https://master-waves.eu/|https://www.upv.es/estudios/master/muemwaves/en/home/,VERIFIED,W1-H,2026-08-22,"RECRUITMENT SUSPENDED. The consortium site states verbatim that as of 1 October 2025 'it has been decided not to open the recruitment campaign for a 2026-2028 cohort', and UPV's page marks the programme as 'in the process of renewal' with offered places unavailable. A 2027-2029 cohort is therefore NOT confirmed and may never open. Also: only ONE consortium partner is in scope (UPV Gandia, Spain); Portugal and France are out of the geographic scope, so the client would spend three of four semesters outside the priority geographies. || RECRUITMENT SUSPENDED. The consortium committee announced on 1 October 2025 that it would not open a recruitment campaign for the 2026-2028 cohort and that the application platform is therefore unavailable, while it works to enhance the programme. Whether a 2027-2029 cohort will be recruited is unknown. Scholarship coverage and Tunisian eligibility could not be verified because the funding pages are behind the closed platform. Do not build a plan on this without re-checking master-waves.eu in early 2027. || MERGE: path agents disagreed on verification status (PARTIALLY_VERIFIED, VERIFIED) - Wave 3 to adjudicate","WOULD BE THE BEST FUNDING OUTCOME ON THIS PATH IF IT REOPENS - Erasmus Mundus scholarships cover tuition plus a living allowance (published elsewhere at ~1400 EUR/month for up to 24 months). Spatial-audio fit is PARTIAL: the curriculum covers psycho-acoustics, electro-acoustics, room acoustics, ultrasound, musical acoustics and underwater acoustics; no dedicated spatial-audio, 3D-audio or ambisonics track was found. Set a Wave-2 reminder to re-check master-waves.eu for a 2027-2029 call."
J-101,J,"Kultur- und Medienmanagement (Culture and Media Management), M.A.","Master of Arts (M.A.) - German public university degree, consecutive (not a fee-charging weiterbildender master)",Freie Universitaet Berlin - Department of Philosophy and Humanities,Public research university,Berlin,Germany,single_site,German,n/a - German-taught; DSH German exam mandatory for applicants without German-medium schooling,24,TBC (4 semesters),0,"No tuition fees - 'students do not pay any tuition fees, the university only charges semester fees' (Semesterbeitrag amount not stated on the page, TBC)",TBC,TBC,TBC - see FU Berlin central application deadlines page,TBC,"A professionally qualifying German or equivalent foreign degree in Theatre Studies, Film Studies, Dance Studies, Art History, Cultural Studies or a related discipline; a 60-credit-point module or minor in one of these areas also qualifies. DSH German-language examination is mandatory for non-native speakers without German-taught prior study",no,no,TBC,None at programme level; DAAD Study Scholarships would be the usual external route for a Tunisian national (not verified here),none_found,TBC,https://www.fu-berlin.de/en/studium/studienangebot/master/kultur_medien/index.html,https://www.fu-berlin.de/en/studium/bewerbung/bewerbungsfristen/index.html,TBC,https://www.fu-berlin.de/en/studium/studienangebot/master/index.html|https://www.fu-berlin.de/en/studium/studienangebot/master/kultur_medien/index.html,PARTIALLY_VERIFIED,W1-J,2026-08-22,"TWO HARD GATES: (1) mandatory DSH German-language examination - German is disprefered for this client and DSH is C1-level academic German; (2) subject-restricted admission to theatre/film/dance/art-history/cultural-studies degrees, which a software-engineering diploma does not satisfy. Also NOT music-specific - the focus is theatre and performance, visual and multimedia culture, and creative and digital industries","By far the best FUNDING profile of any Berlin row - a public, tuition-free German M.A. with only a semester contribution - which is exactly the funding-first shape the client wants. But it is gated by the two things he lacks (German at DSH level and a humanities/arts bachelor). Keep on file as the target if a German-language year were ever added to the plan"
J-102,J,Master Music Management (M.A.) - degree programme: Media and Communication Management,"Master of Arts (M.A.) - state-recognised (staatlich anerkannt) and accredited under German higher-education law; system accreditation, recognised by the Baden-Wuerttemberg state ministry",Hochschule Macromedia / Macromedia University of Applied Sciences - Berlin campus,Private state-recognised university of applied sciences,Berlin,Germany,single_site,English (English-taught 'Masters (EN)' track; a German-language version also exists),TBC - not stated on the programme or admission pages,18 or 24,90 (3 semesters) or 120 (4 semesters),13680,"From EUR 6,840 per semester plus a one-off registration fee of EUR 699. 4-semester route = EUR 27,360 + 699; 3-semester route = EUR 20,520 + 699. Same rate published for all students; payment by semester, month, one-off, or deposit plus instalments; Flywire international payments supported",TBC,Rolling,Summer semester 1 April; winter semester 1 October (same dates as the start dates),Undated recurring deadlines published on the official page - applies to 2027 unless changed,"A bachelor's degree with at least 210 ECTS gives the 3-semester (90 ECTS) master; a bachelor's with 180 ECTS gives the 4-semester (120 ECTS) master. No subject restriction stated. Online application, document check, then a personal interview",likely,no - personal interview only,yes,"Macromedia partial scholarships | Erasmus+ opportunities | Brain Capital education fund (study now, pay later) | KfW student loan (German and EU nationals only) | BAfoeG (EU citizens resident in Germany only)",partial,"TBC for the Macromedia partial scholarships (no nationality rule published); NO for KfW and BAfoeG, which are explicitly restricted to German/EU nationals",https://www.macromedia-fachhochschule.de/en/master/music-management/,https://www.macromedia-fachhochschule.de/en/master/music-management/admission-fees/,https://www.macromedia-fachhochschule.de/en/master/music-management/admission-fees/,https://www.macromedia-fachhochschule.de/en/master/music-management/|https://www.macromedia-fachhochschule.de/en/master/music-management/admission-fees/,VERIFIED,W1-J,2026-08-22,"Fees are high for Germany (EUR 13,680/year; EUR 20,520-27,360 total) and the two named funding instruments with real money behind them (BAfoeG, KfW) are explicitly EU-only, so a Tunisian student is left with unquantified 'partial scholarships'. The degree is state-recognised via Macromedia's system accreditation recognised by the BADEN-WUERTTEMBERG ministry while the campus is in Berlin - normal for this provider but worth confirming. English-language level requirement is not published. Note both site and PDF fee pages block automated access; figures above were read from the live official page","ADVANCED-STANDING FLAG: the client's 300-ECTS engineering diploma is far above the 210-ECTS threshold, so he qualifies for the SHORTER 3-semester / 90-ECTS route - 18 months instead of 24, saving roughly EUR 6,840 and half a year. English-taught in Berlin with no German requirement and no subject bar; content is artist promotion, music marketing, streaming platforms, live-revenue and cultural management. After Berklee this is the most directly on-target music-business master in the whole sweep"
J-103,J,"Music and Creative Industries (MCI), M.A.",Master of Arts (M.A.) - ACQUIN-accredited German master's degree,Popakademie Baden-Wuerttemberg,"Public state institution for popular music (Hochschule-level, staatlich)",Mannheim,Germany,single_site,German,n/a - German C1 or equivalent required for international applicants,24,120,TBC,"No tuition fees for consecutive master's programmes for domestic students, BUT international students and second-degree students have paid Baden-Wuerttemberg tuition fees since winter semester 2017/18 - the amount is NOT published on the programme or application pages, so TBC. Semester contribution also TBC",TBC,TBC,"15 June (annual), documents uploaded by 23:59; entrance examination in July (20-24 July 2026 for the 2026 intake); winter-semester start only",2026 cycle dates published; the 15 June deadline is stated as annual - 2027 exam dates TBC,"Bachelor's degree (B.A. or B.Sc.) with subject relevance - culture, music, business, social sciences, media or communication studies - with transcript; university entrance qualification; CV; motivation letter of two ~300-word answers; documented MINIMUM SIX MONTHS of practical experience in music, culture or the creative sector (employment, internship or volunteering); German C1 for international applicants; residence permit required by the start of study. Entrance examination (Aufnahmepruefung). Approx. 20 places; admission to the entrance exam is granted a maximum of twice",unclear,yes - entrance examination (Aufnahmepruefung) plus documented sector practice,TBC,BAfoeG eligibility stated (not available to a non-EU student visa holder); no programme scholarship named,none_found,TBC,https://www.popakademie.de/de/studium/music-and-creative-industries-ma/facts/,https://www.popakademie.de/de/studium/music-and-creative-industries-ma/bewerbung/,https://www.popakademie.de/de/studium/music-and-creative-industries-ma/bewerbung/,https://www.popakademie.de/|https://www.popakademie.de/de/studium/music-and-creative-industries-ma/facts/|https://www.popakademie.de/de/studium/music-and-creative-industries-ma/bewerbung/,VERIFIED,W1-J,2026-08-22,"in_scope = flagged_exception - MANNHEIM, NOT BERLIN, so outside the stated German scope; logged deliberately per the brief's exceptional-programme rule and never silently included. Further gates: German C1 mandatory for international applicants; competitive entrance examination with only ~20 places and a maximum of two attempts; six months' documented music/culture sector practice required; Baden-Wuerttemberg international-student tuition applies but the amount is not published","in_scope = flagged_exception. The single best value-for-money music-BUSINESS master in Germany: a public, ACQUIN-accredited 120-ECTS M.A. at the country's flagship popular-music institution, with fees far below any private option even after the Baden-Wuerttemberg international surcharge. It is on this list only because it fits the path so precisely; the German C1 requirement and the entrance exam are the reasons it should still rank below Berklee Valencia and Macromedia Berlin for this client. The client's DJ/producer activity is the natural evidence for the six-month sector-practice rule"
J-104,J,Master Crossover Creativity (deeltijd / part-time),Master of Arts (MA) - NVAO-accredited hbo-master,HKU University of the Arts Utrecht - HKU Creative Transformation,University of applied sciences (hogeschool) / art school,Utrecht (Jaarbeursplein),Netherlands,single_site,Dutch,n/a - Dutch-taught,24,60,TBC,Non-EU tuition not published on the programme page,no,TBC,15 January 2026 for the 2026-2027 intake; later applications only subject to availability,2026 cycle (2026-2027 intake) - 2027 cycle TBC,"Completed hbo bachelor's degree, preferably related to the programme; relevant work experience; a clear societal question to pursue; a relevant (paid or unpaid) work environment to use as a 'laboratory'; design, creative or research skills; willingness to work across disciplines. Maximum 25 students",unclear,"no formal portfolio, but an existing professional practice must be demonstrated",TBC,TBC,none_found,TBC,https://www.hku.nl/studeren-aan-hku/creative-transformation/master-crossover-creativity-(deeltijd),https://www.hku.nl/studeren-aan-hku/creative-transformation/master-crossover-creativity-(deeltijd),TBC,https://www.hku.nl/studeren-aan-hku/creative-transformation/master-crossover-creativity-(deeltijd)|https://www.hku.nl/studeren-aan-hku/alle-opleidingen,PARTIALLY_VERIFIED,W1-J,2026-08-22,"DUTCH-TAUGHT AND PART-TIME. A Dutch part-time (deeltijd) master does not support a student residence permit for a non-EU national, and the programme requires an existing Dutch professional work environment - both are effectively disqualifying for a Tunisian applicant relocating for study. Non-EU tuition not published","Logged because it is HKU's only management/entrepreneurship-flavoured master and HKU was named in the sweep list. HKU has NO music-management master: its verified master portfolio is Crossover Creativity, Fine Art, Interior Architecture, Education in Arts, Music Design, Music Performance and Scenography. Kunst en Economie (with a Music Management specialisation) is a BACHELOR only"
J-105,J,MA Arts and Culture (Kunst- en cultuurwetenschappen) - track Popular Music and Sonic Cultures,Master of Arts (MA) - NVAO-accredited Dutch research-university degree,University of Groningen (RUG) - Faculty of Arts,Public research university,Groningen,Netherlands,single_site,English (programme offered in English; some tracks Dutch),IELTS 6.5 (all sections >= 6.0); TOEFL iBT 90; Cambridge C1 Advanced 180,12,60,19900,"Non-EU/EEA tuition EUR 19,900 per year for 2026-2027 (full-time)",yes,TBC,1 May 2027 (non-EU applicants) for a 1 September 2027 start,2027 cycle - dates published on the RUG page for September 2027 entry,"Applications are assessed by an Admissions Board, which decides on direct admission, a pre-master, or refusal, based on the applicant's educational background. Track-specific requirements are set per track",unclear,no,TBC,TBC,none_found,TBC,https://www.rug.nl/masters/arts-and-culture/popular-music-and-sonic-cultures/,https://www.rug.nl/masters/arts-and-culture/,TBC,https://www.rug.nl/masters/arts-and-culture/|https://www.rug.nl/masters/arts-and-culture/popular-music-and-sonic-cultures/,VERIFIED,W1-J,2026-08-22,"ACADEMIC, NOT MANAGERIAL: the track studies popular-music and sonic practices from a cultural-studies angle; the page does NOT confirm coverage of industry business models, rights or streaming economics - treat the music-business claim as unverified. Admissions Board discretion means a non-arts bachelor may be routed into a pre-master (extra year, extra cost). Non-EU fee EUR 19,900 with no scholarship confirmed","ONLY row on this path with a CONFIRMED 2027-cycle deadline (1 May 2027 for a 1 Sep 2027 start), which makes it a useful calendar anchor. Groningen is in scope. The Admissions Board / pre-master route is the realistic entry mechanism for a 300-ECTS engineering diploma"
J-106,J,MA Applied Musicology,Master of Arts (MA) in Arts and Culture - NVAO-accredited Dutch research-university degree,Utrecht University,Public research university,Utrecht,Netherlands,single_site,English,'EMI-experienced' level required; accepted tests and scores listed on UU's EMI page (TBC),12,60,21342,"Institutional fee for non-EU/EEA students, EUR 21,342 per year for 2026-2027. Part-time route over 2 years also offered",TBC,1 October (annual),1 April (non-EU applicants),Undated annual cycle shown on page - 2027 TBC,"Bachelor's in Music, Music Studies, Musicology or Culture Studies; applicants must show at least 60 ECTS of music/musicology coursework at bachelor level plus proficiency in cross-medial musicological research methods. Documents: diploma and transcript with translations, motivation statement, CV, English test, passport, two referees, and a research paper/essay/BA thesis in English. Other backgrounds only via prior agreement with the Programme Coordinator",no,no - but an academic writing sample in English is required,TBC,TBC,none_found,TBC,https://www.uu.nl/en/masters/applied-musicology,https://www.uu.nl/en/masters/applied-musicology/application-and-admission/degree-from-a-non-dutch-university,TBC,https://www.uu.nl/en/masters/applied-musicology|https://www.uu.nl/en/masters/applied-musicology/application-and-admission/degree-from-a-non-dutch-university,VERIFIED,W1-J,2026-08-22,"HARD PREREQUISITE: at least 60 ECTS of music/musicology coursework at bachelor level. The client has no music degree, so this is a genuine bar rather than a soft preference - a documented DJ/producer practice does not substitute for academic credits. Programme is described as selective. Most expensive Dutch option at EUR 21,342/yr, no scholarship confirmed. Also requires an academic writing sample in English","Content-wise this is the Dutch programme closest to music-industry infrastructure (internship + thesis inside the sector), which is why it stays on the list, but the 60-ECTS musicology prerequisite makes it a NO for this client unless the Programme Coordinator agrees an alternative route. Contact the coordinator before investing application effort"
J-107,J,Master of Arts in Global Entertainment and Music Business (GEMB),Master of Arts (MA) - US NECHE-accredited AND accredited in Spain in collaboration with Universitat Politecnica de Valencia,Berklee College of Music - Valencia Campus,Private music college (US institution; Spanish 'Centro Superior Autorizado de Ensenanzas Artisticas de la Musica'),Valencia,Spain,single_site,English,TOEFL iBT 100 (exams before 21 Jan 2026); IELTS Academic 7.5; Duolingo 130; Cambridge CAE/C1 Business Higher. Waiver if prior degree taught in English,12,60,TBC,"Published in USD only: USD 50,430 tuition for the 3-semester 2026-27 academic year (USD 1,615 per credit). Plus USD 150 application fee; USD 2,500 non-refundable deposit; USD 1,600 comprehensive fee; USD 200-850 software bundle. No EUR figure published - not converted here",TBC,TBC,Early Action 1 Nov; Regular Action 15 Jan; Extended Action 10 Mar. Separate SCHOLARSHIP deadlines: 15 Nov / 1 Feb / 10 Mar,Deadlines listed undated on the page; site content refers to the 2026-27 academic year - 2027 cycle TBC,"Online application + USD 150 fee; statement of purpose 400-500 words in English; CV in English; one professional letter of recommendation; official transcripts; English test; GEMB-specific portfolio = link to a self-produced video (max 1 min) pitching one original product/service/initiative. Programme seeks candidates with executive/managerial goals, prior academic success, prior business knowledge and industry understanding. No music degree required and no degree field is specified",likely,yes - 1-minute self-produced video pitch (no musical audition),yes,"Berklee General Scholarship (amount varies) | Berklee Valencia Diversity Scholarship (up to 50% of tuition) | Berklee Outstanding Women Scholarships with Mentorship (up to 70% of tuition; one per programme incl. GEMB) | Berklee Alumni Scholarship (USD 18,000) | Berklee Global Partners Scholarship (USD 18,000) | Berklee CACSA - Palau de les Arts Scholarships (Valencian students only) | Berklee Groove Scholarship (performance programmes only, not GEMB)",partial,"yes - no nationality restriction stated for the General, Diversity or Outstanding Women scholarships; only CACSA is restricted (Valencian students)",https://valencia.berklee.edu/graduate-programs/gemb/global-entertainment-and-music-business,https://valencia.berklee.edu/graduate-admissions/how-to-apply,https://valencia.berklee.edu/scholarships-financial-aid/scholarships-for-graduate-programs,https://valencia.berklee.edu/graduate-programs/gemb/global-entertainment-and-music-business|https://valencia.berklee.edu/graduate-admissions/how-to-apply|https://valencia.berklee.edu/graduate-admissions/application-deadlines|https://valencia.berklee.edu/tuition-fees-payment/tuition-and-related-costs-for-graduate-programs|https://valencia.berklee.edu/scholarships-financial-aid/scholarships-for-graduate-programs|https://www.berklee.edu/institutional-research-assessment/valencia-spain-campus-accreditation,VERIFIED,W1-J,2026-08-22,"ACCREDITATION IS CLEAN: an official Spanish degree accredited with Universitat Politecnica de Valencia plus a US NECHE degree - unusually strong for a private music school. FUNDING RISK: by far the most expensive programme on this path (USD 50,430 + ~USD 4,250 fees) and combined scholarships are capped at 90% of tuition; even a 50% award leaves ~USD 25k plus USD 10-12k housing. Tuition billed in USD so the EUR cost floats with FX. Scholarship deadlines are EARLIER than the matching programme deadlines","FLAGSHIP of this path. 300-ECTS engineering diploma vastly exceeds any entry bar and the quantitative/business profile matches what they say they select for; no music degree needed. English-taught, 12 months, Valencia. Portfolio gate is a 1-minute business-idea video, NOT a musical audition - so the client's incomplete music portfolio is not a blocker. Apply Early Action (1 Nov) with the 15 Nov scholarship application to maximise the award pool"
J-108,J,Master propi de Management i Produccio Musical (Master's Degree in Music Management and Production),Titulo propio / master propi of ESMUC - NOT an official Spanish degree,ESMUC - Escola Superior de Musica de Catalunya,Public higher music education centre (conservatory),Barcelona,Spain,single_site,Spanish (occasional English from guest speakers),Not required as a test; applicants must read and understand English and be fluent in Spanish,11,60,4692,"EUR 78.20 per credit as published; 60 ECTS x EUR 78.20 = EUR 4,692 for the programme (exact multiplication of the two published figures, not an estimate)",no,2 Feb (round 1),Round 1: 2 Feb - 25 Mar (decision 15 Apr); Round 2: 4 May - 24 May (decision 9 Jun); Round 3: 6 Jul - 6 Sep (decision 6-13 Sep),2026 cycle (course runs Sept 2026 - Jul 2027) - 2027 cycle TBC,Bachelor's degree in music OR any university degree with demonstrated musical skills; CV and motivation letter; possible personal interview; fluency in Spanish and ability to read/understand English,yes_explicit,"flagged - no formal audition, but 'demonstrated musical skills' are required alongside a non-music degree, plus a possible interview",TBC,TBC,none_found,TBC,https://www.esmuc.cat/en/studies/masters-i-postgraus/master-propi-de-management-i-produccio-musical/,https://www.esmuc.cat/en/studies/masters-i-postgraus/master-propi-de-management-i-produccio-musical/,TBC,https://www.esmuc.cat/en/studies/masters-i-postgraus/master-propi-de-management-i-produccio-musical/,VERIFIED,W1-J,2026-08-22,"TITULO PROPIO, not a titulo oficial - no RUCT entry, which restricts public scholarship access and can complicate both the Tunisian student visa and later recognition. Taught in Spanish. Cheapest programme on this path by a wide margin but the award is the weakest","STRONGEST admission signal on this path: the entry rule explicitly reads 'bachelor's in music OR any university degree with demonstrated musical skills' - a 300-ECTS engineering diploma clearly qualifies on the degree side, and the client's DJ/producer practice is exactly the 'demonstrated musical skills' evidence needed. Barcelona (priority city), EUR 4,692 total. Combines management AND production, matching the dual software/music career"
J-109,J,Master en Industria Musical (Master's in Music Industry),"Master de Formacion Permanente (titulo propio) of Universitat de Barcelona, 60 ECTS","IL3 - Institut de Formacio Continua, Universitat de Barcelona",Public university (continuing-education institute),Barcelona,Spain,single_site,Spanish (castellano),TBC,10,60,6020,"EUR 6,020 for the programme, including Universitat de Barcelona administrative fees. 40 weeks, three evenings a week (Mon/Wed/Thu 18:00-21:00)",no,Enrolment open at time of check,TBC - rolling until the cohort fills; course starts 14 Oct 2026,2026 cycle (starts 14 Oct 2026) - 2027 cycle TBC,"University graduates from arts, humanities, social sciences, law OR ENGINEERING; alternatively professionals with 2+ years' sector experience plus a higher-level VET qualification",yes_explicit,no,yes,"10% discounts for members of ARC, APECAT, Academia Catalana de la Musica, ASACC and other sector bodies | alumni and other group discounts (non-cumulative)",partial,no - all discounts are tied to Catalan professional associations or UB alumni status,https://www.il3.ub.edu/master-industria-musical,https://www.il3.ub.edu/master-industria-musical,https://www.il3.ub.edu/master-industria-musical,https://www.il3.ub.edu/master-industria-musical,VERIFIED,W1-J,2026-08-22,"TITULO PROPIO, not oficial. Spanish-taught. SCHEDULE RISK: three evenings a week (18:00-21:00) - a part-time evening timetable may not meet the full-time-study condition of a Spanish student visa for a Tunisian national; must be checked with the consulate. Discounts are all Catalonia-sector or alumni based, so effectively zero funding for this client","Explicitly lists ENGINEERING among the accepted bachelor fields - a rare and clean 'yes' for this client. Barcelona (priority city), EUR 6,020, strong industry orientation (production, management, marketing). Main obstacles are Spanish-language delivery and the evening-only timetable/visa question"
J-110,J,Master en Industria Musical 360,"Three awards: Master Profesional en Industria Musical (accredited by UDIMA) + Master de Formacion Permanente en Industria Musical, 60 ECTS (accredited by UDIMA) + SAE Diploma Profesional",SAE Institute Spain (SAE Creative Media Education),"Private creative-media academy (awards validated by UDIMA, a private Spanish distance university)",Barcelona and Madrid,Spain,single_site,Spanish (high proficiency in both Spanish and English required),High English proficiency stated as an entry condition; no test score published,12,60,TBC,Price not published on the programme page,no,TBC,TBC - intake October 2026 on both campuses,2026 cycle (Oct 2026 intake) - 2027 cycle TBC,"Age 18+; high Spanish and English proficiency. For the 60-ECTS Master de Formacion Permanente: an official university degree (Grado, Licenciatura, INGENIERIA etc.). Alternative route for the Master Profesional: minimum 2 years' professional experience",yes_explicit,no,TBC,TBC,none_found,TBC,https://www.sae.edu/esp/courses/master-en-industria-musical/,https://www.sae.edu/esp/courses/master-en-industria-musical/,TBC,https://www.sae.edu/esp/courses/master-en-industria-musical/,PARTIALLY_VERIFIED,W1-J,2026-08-22,"PRIVATE ACADEMY AWARD: the 60-ECTS award is a UDIMA titulo propio, not a titulo oficial; the other two awards (Master Profesional, Diploma Profesional) are not university degrees at all - be sure any offer is for the 60-ECTS UDIMA-accredited route or it will not support a student visa. Price not published. Spanish-taught","Uniquely blends 360 music business (artist management, publishing, labels, live, monetisation, business plan) with hands-on audio/production and Ableton/Pro Tools/Cubase certification - the closest single programme to this client's software+producer dual profile. Available in Barcelona (priority city). Engineering degree explicitly accepted for the 60-ECTS route"
J-111,J,Master en Gestion de la Musica en Directo (Master's in Live Music Management),"Titulo propio of Universidad Alfonso X el Sabio, 60 ECTS",UAX - Universidad Alfonso X el Sabio (in collaboration with Live Nation),Private university,Madrid (Campus Chamberi),Spain,single_site,Spanish,TBC,9,60,TBC,Price not published on the programme page; a '25% de ayuda' (25% aid) is advertised for enrolment before 31 August,no,TBC,TBC - 25% early-enrolment aid advertised before 31 August; course starts in October,2026 cycle (October start) - 2027 cycle TBC,"Not published on the programme page (TBC). Presencial, Faculty of Music and Performing Arts, Madrid Chamberi",unclear,TBC,yes,"Ayuda por pronta matricula (early-enrolment aid, 25%) | Becas de excelencia (academic record) | Becas para estudiantes con discapacidad | Becas para deportistas de alto rendimiento (up to 50%) | Becas MEC (Spanish ministry) | Becas OEI (Ibero-American nationals/residents only, 50%) | Becas Senescyt (Ecuadorian nationals only, 50%) | Becas Santander",partial,"partial - Becas OEI, Becas Senescyt and Becas MEC exclude Tunisian nationals; the excellence and early-enrolment discounts carry no stated nationality bar",https://www.uax.com/titulaciones/master-gestion-musica-directo,https://www.uax.com/titulaciones/master-gestion-musica-directo,https://www.uax.com/becas-ayudas-y-financiacion,https://www.uax.com/titulaciones/master-gestion-musica-directo,PARTIALLY_VERIFIED,W1-J,2026-08-22,"TITULO PROPIO, not oficial. PRICE NOT PUBLISHED anywhere on the programme page - a material gap for a funding-first client. Spanish-taught. The two largest named scholarships (OEI 50%, Senescyt 50%) are nationality-restricted and exclude Tunisia","The only dedicated LIVE-music / touring-and-festival business master found in Spain, run with Live Nation and taught by working promoters, producers and ticketing leads - directly relevant to a DJ/electronic-music career. Entry requirements and price both need a direct enquiry"
J-112,J,Master Universitario en Gestion Empresarial en la Industria Musical (University Master's in Business Management in the Music Industry),TBC - named as 'Master Universitario' (which in Spain denotes a titulo oficial) but NOT confirmed on an official page this session,UNIR - Universidad Internacional de La Rioja,"Private online university (Spanish university, RUCT-registered institution)",Logrono (100% online delivery),Spain,single_site,Spanish,TBC,TBC,TBC,TBC,TBC,TBC,TBC,TBC,TBC,TBC - official access page could not be opened,unclear,TBC,TBC,TBC,none_found,TBC,https://www.unir.net/musica/master-gestion-industria-musical/,https://usa.unir.net/musica/master-gestion-industria-musical/acceso/,TBC,https://www.unir.net/musica/master-gestion-industria-musical/|https://usa.unir.net/musica/master-gestion-industria-musical/acceso/,UNVERIFIED,W1-J,2026-08-22,"BLOCKED SOURCE: every unir.net domain returned HTTP 403 (Akamai 'Access Denied') to both WebFetch and curl this session, so NOTHING could be confirmed on the official domain - ECTS, tuition, deadlines and even the titulo oficial status are all TBC and must be re-verified manually. SECOND RISK: UNIR delivers this 100% online; a fully online programme normally does NOT support a Tunisian student visa / Spanish residence permit","Potentially the ONLY official Spanish university master's (titulo oficial) squarely on music business - which would matter enormously for scholarship access and recognition. Worth a manual browser check in Wave 2; if it is oficial and has an on-campus or blended option it jumps up the ranking. As it stands, online-only makes it a poor fit for a relocation-driven client"
J-113,J,Master de Formacion Permanente en Industria Musical (Master in Music Industry),"Master de Formacion Permanente (titulo propio) of Universidad Autonoma de Madrid, 60 ECTS",Universidad Autonoma de Madrid (UAM) - Centro de Formacion Continua,Public university (continuing-education own-title programme),Madrid (Campus de Cantoblanco),Spain,single_site,Spanish,TBC,8,60,6000,"EUR 6,000 total, paid in two instalments of EUR 3,000 per semester",no,TBC,TBC - programme runs October 2026 to May 2027,2026 cycle (Oct 2026 start) - 2027 cycle TBC,"Official university degree (Grado, Licenciatura, INGENIERIA, Arquitectura, Diplomatura or equivalent), or a foreign qualification of equivalent level; professionals with substantial industry experience may also be admitted; up to 60 ECTS of the bachelor may still be pending",yes_explicit,no,yes,"UAM programme aid - 10% of enrolled students receive support, scored on unemployment status (35%), academic record (35%) and professional connection to the music industry (30%)",partial,"TBC - no nationality restriction stated, but the aid is scored partly on unemployment status",https://www.uam.es/CentroFormacionContinua/nuevo-MFP_industria_musical/1446835293258.htm,https://www.uam.es/CentroFormacionContinua/nuevo-MFP_industria_musical/1446835293258.htm,https://www.uam.es/CentroFormacionContinua/nuevo-MFP_industria_musical/1446835293258.htm,https://www.uam.es/CentroFormacionContinua/nuevo-MFP_industria_musical/1446835293258.htm,VERIFIED,W1-J,2026-08-22,"TITULO PROPIO, not oficial. Spanish-taught. Only 8 months long (Oct-May) - a short programme can be awkward for a 12-month student residence permit. Aid reaches only 10% of the cohort","'Ingenieria' is named explicitly in the access rule, so the 300-ECTS engineering diploma is a clean yes. Strong industry partner list (AGEDI, elrow, Artist Publicist, Pitch Music Marketing, Analog Agency) - elrow in particular is directly relevant to an electronic-music/DJ career. Madrid, EUR 6,000"
J-114,J,Master de Formacion Permanente en Industria Musical y Estudios Sonoros - MiMeS (Master in Music Industry and Sound Studies),"Master de Formacion Permanente (titulo propio) of Universidad Carlos III de Madrid, 60 ECTS",Universidad Carlos III de Madrid (UC3M),Public university (continuing-education own-title programme),Madrid (Puerta de Toledo campus),Spain,single_site,Spanish,TBC,12,60,5900,"EUR 5,900 for the programme as published for academic year 2026/27",no,TBC,Application shown as CERRADO (closed) for 2026/27; programme runs 15 Sep 2026 to 30 Sep 2027,2026 cycle (2026/27) - 2027 cycle TBC,"University degree; recommended backgrounds listed as Audiovisual Communication, Journalism, Business Administration, Sociology, SOUND ENGINEERING, Art History, Musicology, Advertising and PR, Marketing. Professional experience valued positively",likely,no,no,TBC,none_found,n/a - no scholarship found,https://www.uc3m.es/formacion-permanente/industria-musical-estudios-sonoros,https://www.uc3m.es/formacion-permanente/industria-musical-estudios-sonoros,TBC,https://www.uc3m.es/formacion-permanente/industria-musical-estudios-sonoros,VERIFIED,W1-J,2026-08-22,"TITULO PROPIO (Master de Formacion Permanente), not a titulo oficial - weaker for visa, recognition and public funding. Spanish-taught. No scholarships listed. 2026/27 applications already closed and the 2027/28 calendar is not yet published","The longest-running university music-industry programme in Spain and it explicitly names Sound Engineering among recommended backgrounds - which reads well against a 300-ECTS software/MedTech engineering diploma. Madrid, in-person, EUR 5,900. Fully self-funded: no scholarship route found"
J-115,J,MAGMa - Managing Art and Cultural Heritage in Global Markets (Erasmus Mundus Joint Master),Joint/multiple master's degree titled 'Managing Art and Cultural Heritage (IntM)',"Consortium: University of Glasgow (coordinator), ISCTE-Instituto Universitario de Lisboa, Universidade de Lisboa (Faculty of Humanities), IESA Arts and Culture Paris, ERASMUS UNIVERSITY ROTTERDAM",Erasmus Mundus consortium of public research universities plus one private arts school,"Rotating - Glasgow, Lisbon, Paris, Rotterdam",United Kingdom / Portugal / France / Netherlands,rotating,English (TBC on official page),TBC,24,TBC,22224,"Non-EU fee EUR 22,224 / GBP 19,000 per annum, i.e. EUR 44,448 / GBP 38,000 over two years - fully covered for Erasmus Mundus scholarship holders",TBC,1 October (applications opened 1 Oct 2025 for the 2026 intake),"Erasmus Mundus scholarship deadline was 19 January 2026 for September 2026 entry (now closed). Future cohorts listed for 2027, 2028 and 2029",2026 cycle published; 2027 cycle announced but dates TBC (expect ~January 2027),TBC on the consortium page - general Erasmus Mundus requirement of a first-cycle degree,unclear,no,yes,"Erasmus Mundus Joint Master Scholarship (EMJMD) - maximum EUR 33,600, covering tuition, travel and insurance plus monthly stipend across the mobility locations",full+stipend,"yes - Erasmus Mundus Joint Master scholarships are open to applicants of all nationalities, including Partner-Country nationals such as Tunisia",https://www.gla.ac.uk/postgraduate/erasmusmundus/magma/,https://www.gla.ac.uk/postgraduate/erasmusmundus/magma/,https://www.gla.ac.uk/postgraduate/erasmusmundus/magma/,https://www.gla.ac.uk/postgraduate/erasmusmundus/magma/,VERIFIED,W1-J,2026-08-22,"NOT MUSIC-SPECIFIC: the subject is art and cultural-heritage markets, not the music industry - rights, streaming and live-music economics are not confirmed content. Only ONE in-scope partner (Erasmus University Rotterdam); no Spanish and no Berlin partner, and the coordinator is in the UK (outside the EU), which complicates the mobility and visa picture. 2027-intake dates not yet published","Included because it is the ONLY fully funded (full tuition + stipend, EUR 33,600) route found anywhere on this path and Tunisian nationals are explicitly eligible for Erasmus Mundus. For a funding-first client this outranks every self-funded private music-business master on cost, at the price of subject fit. Watch for the ~January 2027 scholarship deadline"
J-116,"J,AD",MA Media Studies - Media & Creative Industries,MA,"Erasmus University Rotterdam (Erasmus School of History, Culture and Communication - ESHCC)",Public research university,Rotterdam,Netherlands,single_site,English,IELTS Academic 7.0 overall (6.5 subscores) or TOEFL iBT 100 (23 subscores); max 2 years old,12,60,21000,Institutional fee for NON-EEA master students at ESHCC 2026-2027 = EUR 21.000; statutory (EEA) fee EUR 2.694. 2027-2028 rate not yet published - 2026 cycle figure.,"likely - September start; 2026-2027 cycle pages live, 2027 dates TBC",1 October,15 April (non-EEA); 15 May (EEA),2026-2027 cycle - 2027 TBC,Research-university bachelor in social sciences or humanities; BSc Business Administration also eligible. Basic knowledge of media/communication field and social-scientific research methods required. HBO/vocational degrees need a pre-master. Unrelated research-university bachelors: pre-master recommended.,no,no,yes,Erasmus Trustfonds Scholarship; Holland Scholarship (institution-level),partial,TBC - Erasmus Trustfonds open to non-EEA; nationality rules not stated on page,https://www.eur.nl/en/master/media-creative-industries,https://www.eur.nl/en/master/media-creative-industries/application,https://www.eur.nl/en/master/media-creative-industries/fees-and-finances,https://www.eur.nl/en/master/media-creative-industries|https://www.eur.nl/en/master/media-creative-industries/application|https://www.eur.nl/en/master/media-creative-industries/fees-and-finances|https://www.eur.nl/en/education/practical-matters/registration/tuition-fee/tuition-fee-2026-2027|https://www.eur.nl/en/master/media-creative-industries/admission,VERIFIED,W1-AD,2026-08-22,"Non-EU tuition EUR 21.000/yr - one of the most expensive routes in this path. No direct-entry route for an engineering degree; pre-master year would add cost and time. || HARD FIELD BAR: admission is explicitly limited to bachelor's degrees 'in the social sciences or the humanities' - a Tunisian software-engineering diploma falls outside the stated field list regardless of its 300 ECTS. Non-EEA fee EUR 21,000, no scholarship named on the programme pages","Content fit is the single best in Europe for this path: 'production, organisation, management, marketing and distribution of media and creative products'. BUT the admission text enumerates social sciences/humanities/Business Administration only - a 300-ECTS software-engineering diploma is not on the list, so the realistic route is the one-year pre-master then the MA (2 years total). 300 ECTS far exceeds the credit bar; the blocker is DISCIPLINE, not credit volume. Overlaps Path L only lightly (management, not venture-building)."
J-117,"J,L,AD",MA Business for the Creative Industries,"MA Business for the Creative Industries awarded by BIMM University (UK), plus a CMI Level 7 Certificate in Strategic Management and Leadership",BIMM Institute Berlin (BIMM University),"Private music and creative-industries institute (UK degree-awarding body, Berlin campus)",Berlin,Germany,single_site,English,CEFR B2,12,90,16950,"2026 fee table: MA Business for the Creative Industries full-time EUR 16,950/year for INTERNATIONAL students (EUR 11,950 for EU/EEA/Swiss/UK). Part-time EUR 8,475/year international (EUR 5,975 EU). Deposit EUR 4,000 for international students (EUR 1,000 EU); 8-instalment payment plan from 1 Sep 2026. 90 ECTS / 180 UK FHEQ level-7 credits",no,TBC,Late applications open at time of check; no fixed date published. International early-acceptance discount requires accepting the offer by 6 August 2026,2026 cycle - 2027 TBC,A good degree (normally 2:2 or above) OR significant professional experience in the creative arts/industries; no subject field specified. Recognition of Prior Certified or Experiential Learning considered for applicants without a formal undergraduate qualification. All candidates undergo a portfolio review and an interview with a lecturer,likely,yes - portfolio review plus interview with a lecturer (no musical audition),yes,"Early Acceptance Discount (EUR 2,000 per year, international students accepting by 6 Aug 2026) | SBW Berlin Scholarship (accommodation, living allowance and tuition support for international and refugee students) | Creative Futures Discount (EUR 1,000, BIMM alumni only) | BIMM Graduate Launch Scholarship (50% - BIMM graduates, MA Music for Film Games and Media only, not this course)",partial,"yes for the Early Acceptance Discount and, in principle, the SBW Berlin Scholarship (international students); the alumni-linked awards are not available",https://www.bimm-institute.de/courses/ma-business-for-the-creative-industries/,https://www.bimm-institute.de/apply/,https://www.bimm-institute.de/fees-finance/,https://www.bimm-institute.de/courses/ma-business-for-the-creative-industries/|https://www.bimm-institute.de/fees-finance/|https://www.bimm-institute.de/berlin/|https://www.bimm-institute.de/how-to-apply/,VERIFIED,W1-J,2026-08-22,"AWARD IS BRITISH, NOT GERMAN: the MA is conferred by BIMM University in the UK, so it is NOT a German staatlich anerkannter Hochschulabschluss. The fees page cites 'recognition by the Federal Education Authorities in Berlin' for BAfoeG purposes, but that is funding recognition, not degree-awarding status - the client must confirm with the Berlin Auslaenderbehoerde and with anabin that a UK-awarded MA taught in Berlin supports a German student visa and later residence rights. 90 ECTS compressed into 12 months. International rate is EUR 5,000/yr above the EU rate || ACCREDITATION IS THE KEY QUESTION: the award is a UK BIMM University degree delivered on a Berlin campus, and German staatliche Anerkennung is NOT stated anywhere on the pages read. That affects German student-visa issuance, Anabin/KMK recognition and German/EU scholarship access for a Tunisian national - must be resolved before this is ranked. The course page also notes module structure is 'subject to validation'. || ACCREDITATION RISK: the degree is awarded by BIMM University (UK), NOT a German state degree - German recognition and the Tunisian student-visa route must be checked before this is treated as viable. Portfolio and interview required (client's music portfolio is still in progress). Tuition unverified. || MERGE: path agents disagreed on verification status (PARTIALLY_VERIFIED, VERIFIED) - Wave 3 to adjudicate","The ONLY dedicated music/creative-industries BUSINESS master found in Berlin. English-taught, no German required, no subject bar on the bachelor - the 300-ECTS engineering diploma is comfortably above the 'good degree' threshold. Portfolio review is creative-industries work, not a musical audition, so the incomplete music portfolio is manageable. Visa/recognition question is the single item to resolve before ranking it highly"
J-118,"J,L,AD",MA Arts and Culture - Cultural Economics and Entrepreneurship,MA,Erasmus University Rotterdam (ESHCC),Public research university,Rotterdam,Netherlands,single_site,English,IELTS Academic 7.0 (6.5 subscores) or TOEFL iBT 100 (23 subscores),12,60,21000,ESHCC non-EEA institutional master fee 2026-2027 = EUR 21.000.,likely - September start,1 October,1 May (non-EEA); 15 May (EEA),2026-2027 cycle - 2027 TBC,"Verbatim: 'At least a bachelor's degree from a recognised Dutch research university with a good overall result or an equivalent qualification from an international higher education institution'; plus 'Some training in economics at university level, combined with a sustained interest in arts and culture documented in academic studies and/or vocational experience' and 'academic training in empirical research methods'. No discipline list - the gate is economics coursework, not faculty.",unclear,no,yes,Erasmus Trustfonds Scholarship,partial,"TBC - Erasmus Trustfonds nationality rules not confirmed; Fulbright, LPDP and StuNed all exclude Tunisia",https://www.eur.nl/en/master/cultural-economics-and-entrepreneurship,https://www.eur.nl/en/master/cultural-economics-and-entrepreneurship/admission,https://www.eur.nl/en/master/media-creative-industries/fees-and-finances,https://www.eur.nl/en/master/cultural-economics-and-entrepreneurship|https://www.eur.nl/en/master/cultural-economics-and-entrepreneurship/admission|https://www.eur.nl/en/education/practical-matters/registration/tuition-fee/tuition-fee-2026-2027|https://www.eur.nl/en/master/cultural-economics-and-entrepreneurship/fees-and-finances,VERIFIED,W1-AD,2026-08-22,"EUR 21.000/yr non-EU. Requires demonstrable university-level economics; a pure software-engineering curriculum may not satisfy it. || DATE CONFLICT on EUR's own site: the programme overview page states an EEA deadline of 15 May while the admission page states 1 May (non-EEA) and 1 August (EEA) - use the admission page and re-confirm. ENTRY RISK: prior university-level ECONOMICS coursework plus documented cultural-sector engagement are required; a software-engineering diploma supplies the research-methods and quantitative half but not the economics or cultural-sector half - a pre-master may be imposed. Non-EEA fee EUR 21,000 with no confirmed Tunisia-eligible scholarship || NVAO-accredited public university - no accreditation concern. High English bar (IELTS 7.0) and no test taken yet. Economics prerequisite may require the pre-master. Erasmus Trustfonds amount could not be confirmed on eur.nl this session (its scholarship page returned 404). || MERGE: path agents disagreed on verification status (PARTIALLY_VERIFIED, VERIFIED) - Wave 3 to adjudicate",BEST EUR ENTRY ROUTE FOR THIS CLIENT of the three ESHCC options: unlike Media & Business / Media & Creative Industries it does NOT enumerate eligible disciplines - it asks for economics training + empirical research methods + documented interest in arts/culture. A 5-year engineering diploma normally carries economics/gestion and statistics modules; if so this is arguably 'likely'. Music-production portfolio and DJ activity can serve as the 'sustained interest in arts and culture ... vocational experience'. Heavy overlap with Path L (entrepreneurship) - orchestrator should dedupe against L.
L-119,L,Master in Innovation and Entrepreneurship (MIE),MSc,ESMT Berlin,private business school (staatlich anerkannt),Berlin,Germany,single_site,English,proof of English proficiency (TOEFL/IELTS) or a prior degree taught in English,24,TBC,TBC,EUR 36000 total programme fee (not split per year on the page read).,TBC - annual September intake; the site currently markets September 2026,rolling,rolling admission; final places for the September 2026 intake being released,2026 cycle - 2027 TBC,Bachelor's degree; 0-3 years of postgraduate work experience (up to five considered case by case); proof of English. GMAT not stated as mandatory. Application includes a scholarship essay.,likely,no,yes,"ESMT merit-based scholarships (essay-based, awarded to accepted students)",partial,TBC,https://www.esmt.berlin/master-programs/master-innovation-entrepreneurship,https://www.esmt.berlin/master-programs/master-innovation-entrepreneurship,https://www.esmt.berlin/master-programs/master-innovation-entrepreneurship,https://www.esmt.berlin/|https://www.esmt.berlin/master-programs/master-innovation-entrepreneurship,PARTIALLY_VERIFIED,W1-L,2026-08-22,"EUR 36000 total fee with explicitly PARTIAL scholarships only - the worst funding profile of any row on this path. Generic entrepreneurship, no creative-sector content.","Berlin's most credible venture-building master: Summer Entrepreneurship Program, NEXT Accelerator and the Vali Berlin entrepreneurship hub all sit inside the programme, so a music-tech startup could be built and incubated during the degree. Engineering background is normal intake here. Included because 'Entrepreneurship Master Berlin' is a named seed term, but funding-first ranking will punish it hard. No Path J overlap."
L-120,L,"Leadership in digitaler Innovation (M.A., weiterbildend) [Leadership in Digital Innovation]",M.A. (weiterbildender Masterstudiengang),"Universitaet der Kuenste Berlin (UdK Berlin), Berlin Career College / Zentralinstitut fuer Weiterbildung",public art university (continuing-education master),Berlin,Germany,single_site,German,not applicable,TBC,TBC,TBC,Not published on the page read; UdK weiterbildende Master normally carry substantial fees.,no - the programme page states it will enrol students for the last time in the summer semester 2026 (Der Master Leadership in digitaler Innovation wird letztmalig zum Sommersemester 2026 Studierende immatrikulieren),closed after the SS2026 intake,n/a - no September 2027 intake,programme discontinued after the 2026 cycle,Weiterbildender Master - normally requires a first degree plus professional experience; details not published on the page read.,unclear,TBC,TBC,TBC,none_found,TBC,https://www.ziw.udk-berlin.de/weiterbildungsangebote/masterstudiengaenge/leadership-in-digitaler-innovation/,https://www.udk-berlin.de/studium/leadership-in-digitaler-innovation/,TBC,https://www.ziw.udk-berlin.de/|https://www.ziw.udk-berlin.de/weiterbildungsangebote/masterstudiengaenge/leadership-in-digitaler-innovation/,VERIFIED,W1-L,2026-08-22,"DISCONTINUED - final matriculation is summer semester 2026, so there is NO September 2027 intake. German-taught. Logged as a definitive negative so no later wave re-investigates it.","Was UdK Berlin's leadership/innovation continuing-education master and the closest thing UdK offered to cultural-innovation management. UdK's remaining Berlin Career College masters are Musiktherapie, Sound Studies and Sonic Arts, and Kulturjournalismus - Sound Studies belongs to Path K/J, Kulturjournalismus is arts-journalism, not entrepreneurship. Conclusion for the orchestrator: UdK Berlin offers NO cultural-entrepreneurship master for a Sept 2027 start."
L-121,L,Management of Creative Industries (M.A.) [also marketed as Integrative Management of Creative Industries],M.A.,bbw Hochschule Berlin,private university of applied sciences (staatlich anerkannt),Berlin,Germany,single_site,English (lectures and teaching formats almost exclusively in English),"good English, CEFR B2",24 (4 semesters),TBC (not stated on the official page; a German study portal reports 120),TBC,"The official bbw page does not publish fees. A German study portal reported EUR 3270 per semester (which would be EUR 6540 per year) - LEAD ONLY, not confirmed on bbw-hochschule.de.",TBC,TBC,TBC - winter-semester start; no deadline published on the page read,TBC,A first professionally qualifying higher-education degree (erster berufsqualifizierender Hochschulabschluss); a bachelor of at least six semesters with at least a 'satisfactory' grade; good English at CEFR B2. Full-time (Vollzeit).,likely,no,TBC,TBC,TBC,TBC,https://www.bbw-hochschule.de/studium/studiengaenge/master/management-of-creative-industries.html,https://www.bbw-hochschule.de/studium/studiengaenge/master/management-of-creative-industries.html,TBC,https://www.bbw-hochschule.de/studium/studiengaenge/master/management-of-creative-industries.html|https://www.bbw-hochschule.de/eng/international.html,PARTIALLY_VERIFIED,W1-L,2026-08-22,"Private Hochschule but confirmed staatlich anerkannt and accredited by FIBAA / Akkreditierungsrat, so the degree is visa- and recognition-safe. Fees and ECTS are not published on the official site - the single biggest gap on this row. Small institution with low international visibility.","Billed as Germany's first master's programme in management of the creative industries, English-taught, in Berlin, at a fraction of the SRH/ESMT price if the ~EUR 3270/semester lead holds. Cross-sector creative-economy management with strong practitioner input - a solid Path L candidate that needs one fee-confirmation call. Path J overlap: light (music is one of several creative sectors covered)."
L-122,L,MBA Imagineering,MBA,Breda University of Applied Sciences (BUas),university of applied sciences (hogeschool),Breda,Netherlands,single_site,English,IELTS Academic 6.0 / TOEFL iBT 80 / Cambridge B2 First 169 / PTE 61 / LanguageCert Academic 65,12 (full-time) or 18 (executive part-time),60,17250,"EUR 17250 stated for 2026-2027 on the programme page; the page does not split EU vs non-EU rates, so the single figure is taken as applying to non-EU too - confirm in Wave 2.",TBC,TBC,15 August (1 July recommended),cycle year not stated - 2027 TBC,"Bachelor's degree (or equivalent) plus relevant work experience and strong personal motivation. Bachelors in tourism, leisure, sports, culture or business management/economics are named; applicants from other fields may be admitted with additional coursework depending on test results, work experience and first-degree field.",likely,no,TBC,TBC,TBC,TBC,https://www.buas.nl/en/programmes/master-imagineering,https://www.buas.nl/en/programmes/master-imagineering/admission-requirements,TBC,https://www.buas.nl/en/programmes/master-imagineering|https://www.buas.nl/en/programmes/master-imagineering/admission-requirements,PARTIALLY_VERIFIED,W1-L,2026-08-22,"Work experience is listed as a requirement - the client is a fresh graduate, so this is the main eligibility risk. NVAO accreditation not stated on the pages read (BUas is a funded Dutch UAS so it is expected, but confirm). No scholarship found.","Experience-economy / creative business design MBA with an explicit startup track (BUas Startup Support, BUSS) - a genuine venture-building master rather than a cultural-policy one. Lowest English bar of the NL rows (IELTS 6.0), which matters given no test taken yet. Music-experience venture (events, live, immersive audio) is exactly the kind of graduation project this programme runs. No Path J overlap."
L-123,L,"Master Arts, Culture and Society",MA,"Erasmus University Rotterdam (Erasmus School of History, Culture and Communication)",public research university,Rotterdam,Netherlands,single_site,English,IELTS Academic 7.0 (min 6.5 per section) / TOEFL iBT 100 (min 23); Cambridge 185; PTE 75; max 2 years old,12,60,21000,ESHCC institutional non-EEA fee 2026-2027 = EUR 21000 (same faculty tier as L-001); statutory EEA fee EUR 2694.,TBC,TBC,1 May (non-EEA); 1 August (EEA) per admission page - programme overview page shows 15 May for EEA,cycle year not stated - 2027 TBC; internal CONFLICT between overview and admission page,"Bachelor's from a recognised research university or equivalent; academic background in arts and culture studies combined with sociology or a relevant social science (political science, organisational science, marketing, didactics); training in empirical research methods mandatory. Motivation, CV, GPA and international background also weighed.",unclear,no,yes,Erasmus Trustfonds Scholarship,partial,TBC,https://www.eur.nl/en/master/arts-culture-and-society,https://www.eur.nl/en/master/arts-culture-and-society/admission,https://www.eur.nl/en/master/arts-culture-and-society/fees-and-finances,https://www.eur.nl/en/master/arts-culture-and-society|https://www.eur.nl/en/master/arts-culture-and-society/admission|https://www.eur.nl/en/education/practical-matters/registration/tuition-fee/tuition-fee-2026-2027,PARTIALLY_VERIFIED,W1-L,2026-08-22,Subject-background requirement (arts/culture + sociology) is stricter than L-001 and does not match an engineering profile. Deadline conflict between two official EUR pages.,"Sibling programme to L-001 at the same faculty; less entrepreneurship, more policy/organisation of culture. Logged for completeness - L-001 dominates it for this client. Overlaps Path J only lightly."
L-124,L,"Master Crossover Creativity (deeltijd) [Crossover Creativity Master, part-time]",MA,HKU University of the Arts Utrecht (Hogeschool voor de Kunsten Utrecht),university of applied sciences / art school,Utrecht,Netherlands,single_site,Dutch (programme states 'This programme is in Dutch only'),not applicable - Dutch proficiency required instead,24 (part-time),60,TBC,"HKU official pages read this session did not publish the fee. A secondary Dutch study portal reported statutory EUR 2209 and institutional EUR 10051 - NOT confirmed on hku.nl, treat as a lead only.",TBC,TBC,TBC,TBC,"Bachelor's degree; demonstrable designing, creative and exploratory knowledge and skills; critical and open mindset; proven Dutch-language proficiency. Selection is via four assignments about your own fascinations, talents and cross-sector idea (creative engineering / applied design / social entrepreneurship).",likely,yes - four selection assignments plus an own cross-sector project idea (portfolio-equivalent),TBC,TBC,TBC,TBC,https://www.hku.nl/en/study-at-hku/creative-transformation/master-crossover-creativity-(part-time),https://www.hku.nl/en/study-at-hku/creative-transformation/master-crossover-creativity-(part-time),TBC,https://www.hku.nl/en/study-at-hku/explore-and-apply/masters|https://www.hku.nl/en/study-at-hku/creative-transformation/master-crossover-creativity-(part-time),PARTIALLY_VERIFIED,W1-L,2026-08-22,"DUTCH-ONLY instruction and Dutch-proficiency entry requirement - effectively closed to the client for a Sept 2027 start. Part-time only (HKU's masters index now lists only the part-time variant), which is normally incompatible with a Dutch student residence permit for a non-EU national. Fee unpublished on the official site.","Conceptually a very strong Path L fit - creative engineering + social entrepreneurship + own cross-sector venture, at an arts university - but the Dutch-only, part-time structure makes it near-unusable for a Tunisian applicant. Logged so the orchestrator does not re-discover it. No Path J overlap."
L-125,L,"MA Arts and Culture - track Arts, Policy and Cultural Entrepreneurship",MA in Arts and Culture,"University of Groningen (Rijksuniversiteit Groningen), Faculty of Arts",public research university,Groningen,Netherlands,single_site,English,IELTS Academic 6.5 / TOEFL iBT 90 / Cambridge C1 180 (Faculty of Arts one-year MA level),12,60,19900,Non-EU/EEA fee 2026-2027 = EUR 19900; EU/EEA statutory fee EUR 2694. 2027-2028 rate not yet published.,yes - RUG pages already show a September 2027 start with a 1 May 2027 non-EU deadline,TBC,"1 May 2027 (non-EU/EEA, September 2027 start)",2027 cycle (stated on RUG page),"Direct admission for a BA in Arts, Culture and Media; related fields (arts philosophy, sociology, arts policy, film, music, theatre, literature) assessed by the admissions board. Non-cognate degrees are individually assessed; no technical/engineering bachelor is listed as directly eligible.",unclear,no,yes,NL Scholarship (Holland Scholarship)|University of Groningen Talent Grant / OTS (restricted nationalities),partial,"TBC - NL Scholarship is open to non-EEA students generally; the Talent Grant/OTS was described for Russia, India and Indonesia only, so Tunisia likely excluded from that one",https://www.rug.nl/masters/arts-policy-and-cultural-entrepreneurship/,https://www.rug.nl/education/application-enrolment-tuition-fees/admission/procedures/non-dutch-qualification/master-non-dutch-qualification,https://www.rug.nl/education/master/international-students/financial-matters/holland-scholarship/,https://www.rug.nl/masters/arts-policy-and-cultural-entrepreneurship/|https://www.rug.nl/masters/cultural-leadership/,PARTIALLY_VERIFIED,W1-L,2026-08-22,"The fetched track page served content that partly described the sibling 'Arts in Society' track - the fee, deadline and English data are faculty-wide and reliable, but the track-specific entry text needs a re-read in Wave 2. Humanities-cognate entry profile is the main admission risk.",Only Dutch MA that puts 'Cultural Entrepreneurship' in the track title. Explicit 2027-cycle deadline already published - rare and useful. Client's 300 ECTS clears the level bar; the subject bar is the question. Music-venture thesis plausible (arts policy + entrepreneurship). Path J overlap: low.
L-126,L,MA Arts and Culture (Research) - track Cultural Leadership,MA in Arts and Culture (research),"University of Groningen (Rijksuniversiteit Groningen), Faculty of Arts",public research university,Groningen,Netherlands,single_site,English,IELTS Academic 7.0 / TOEFL iBT 100 / Cambridge C1 Advanced 185,24,120,19900,Non-EU/EEA fee 2026-2027 = EUR 19900 per year (x2 years); EU/EEA statutory EUR 2694.,yes - 1 May 2027 deadline for a September 2027 start is published,TBC,"1 May 2027 (non-EU/EEA, September 2027 start)",2027 cycle (stated on RUG page),"Bachelor in any humanities discipline or a discipline relevant to leadership in the cultural domain (archaeology, history, language and culture, arts and culture, media studies, religious studies). Social sciences, business administration and international organisation graduates admitted if they demonstrate clear affinity with and knowledge of the arts and humanities.",unclear,no,yes,NL Scholarship (Holland Scholarship),partial,TBC,https://www.rug.nl/masters/cultural-leadership/,https://www.rug.nl/masters/cultural-leadership/,https://www.rug.nl/education/master/international-students/financial-matters/holland-scholarship/,https://www.rug.nl/masters/cultural-leadership/,PARTIALLY_VERIFIED,W1-L,2026-08-22,"Two-year research master at EUR 19900/year = ~EUR 39800 tuition with only partial scholarships found - poor fit with a funding-first strategy unless a full award is secured. IELTS 7.0 bar. Research-track, not venture-track.","Explicitly names 'cultural entrepreneurs, designing, promoting and organizing cultural events' as an outcome. Research orientation makes it the weaker RUG option for a founder profile, but it is the only 120-ECTS cultural-leadership research master found in scope. No Path J overlap."
L-127,L,Master Arts and Society,MA Arts and Culture,Utrecht University,public research university,Utrecht,Netherlands,single_site,English,TBC,12 (full-time) or 24 (part-time),TBC (not stated on the page fetched; NL one-year MA is normally 60),21342,Institutional (non-EU/EEA) fee 2026-2027 = EUR 21342 per the programme page. 2027-2028 rate not yet published.,TBC,TBC,TBC,TBC,Selective programme; the overview page states entry requirements are on a separate page which returned 404 this session. Bachelor-level qualification required; specific accepted disciplines not confirmed.,unclear,TBC,TBC,TBC (Utrecht Excellence Scholarships not confirmed for this programme this session),TBC,TBC,https://www.uu.nl/en/masters/arts-and-society,TBC - https://www.uu.nl/en/masters/arts-and-society/entry-requirements returned 404 this session,TBC,https://www.uu.nl/en/masters/arts-and-society,PARTIALLY_VERIFIED,W1-L,2026-08-22,Entry-requirements and funding pages could not be opened this session. Fee is the highest of the NL public-university rows.,"Includes internships in cultural enterprises and frames graduates for the arts/media/cultural sector, but 'entrepreneurship' is not a named curriculum strand - weaker Path L fit than L-001/L-003/L-005. Needs a Wave 2 re-verification pass. No Path J overlap."
L-128,L,MSc in Innovation and Entrepreneurship (Master's in Innovation & Entrepreneurship),MSc,Esade Business School (Universitat Ramon Llull),private business school (part of a private university),Barcelona (Sant Cugat campus),Spain,single_site,"English (optional classes in Spanish, German, French, Mandarin)",TBC,12,60,TBC,Not published on the programme page read this session; Esade routes fee information through 'financing options'. Expect a high private-school fee - must be confirmed before this row is ranked.,yes - the programme page markets a September 2027 intake,TBC,TBC - rolling admission rounds not published on the page read,2027 cycle (September 2027 intake named on the page),Aimed at recent graduates and professionals with up to 2 years of work experience; a bachelor's degree is required. No mandatory GMAT/GRE stated (a GMAT simulator is offered). Specific accepted disciplines not published on the page read.,unclear,no,TBC,TBC - page refers only to 'financing options',TBC,TBC,https://www.esade.edu/master-of-science/en/program/masters-in-innovation-entrepreneurship,https://www.esade.edu/master-of-science/en,TBC,https://www.esade.edu/master-of-science/en|https://www.esade.edu/master-of-science/en/program/masters-in-innovation-entrepreneurship,PARTIALLY_VERIFIED,W1-L,2026-08-22,"Whether this MSc is a titulo oficial or a titulo propio is NOT stated on the programme page - decisive for scholarships and the visa file, so it must be resolved in Wave 2. Fee unpublished. Esade MSc fees are typically EUR 25k+, which sits badly with a funding-first strategy.","Top-tier Barcelona brand, English-taught, September 2027 intake already advertised, and the stated outcome is 'launch your own startup'. Generic rather than creative-sector entrepreneurship, so it serves Path L only as the business engine - the music dimension would come entirely from the client's own venture. Barcelona location is a strong plus. No Path J overlap."
L-129,L,Master de Formacion Permanente en Gestion Cultural (Continuing-education Master in Cultural Management),Master de Formacion Permanente (titulo propio - NOT an official master),"Universidad Carlos III de Madrid (UC3M), Instituto de Cultura y Tecnologia",public university (own-title postgraduate),Madrid (Puerta de Toledo campus),Spain,single_site,Spanish,not required,"15 (one taught academic year plus internship, max 15 months)",90,9500,"EUR 9500 total, paid as EUR 1000 reservation + EUR 4250 + EUR 4250. Same price for all nationalities as published.",TBC,TBC,4 September (course runs 16 September to early June),cycle year not stated on the page - 2027 TBC (a 31 May 2026 scholarship deadline for the 2026-2027 intake was seen in a secondary source),"Bachelor's degree or equivalent. Backgrounds in humanities, arts, architecture, communication or social sciences are preferred; motivation and academic record are assessed.",unclear,no,yes,UC3M Master en Gestion Cultural scholarships (3 awards covering the third instalment),partial,TBC,https://www.uc3m.es/formacion-permanente/gestion-cultural,https://www.uc3m.es/formacion-permanente/gestion-cultural,https://mastergestioncultural.eu/,https://www.uc3m.es/formacion-permanente/gestion-cultural|https://mastergestioncultural.eu/,PARTIALLY_VERIFIED,W1-L,2026-08-22,"TITULO PROPIO, not titulo oficial. Consequences: does not give automatic access to Spanish doctoral study, is generally excluded from Spanish government/Erasmus+ scholarship schemes, and can complicate the Tunisian student-visa file (although UC3M is a public university, which helps). Only 3 partial scholarships, each worth EUR 4250 of a EUR 9500 fee. Spanish-only instruction.","Long-running, well-regarded Madrid cultural-management master with a strong internship component, but the titulo propio status is a serious strike against a funding-first strategy. Preferred backgrounds are humanities-leaning; an engineer would need to argue the case. No Path J overlap."
L-130,L,Master online en Gestion Cultural Internacional e Innovacion Social (Online Master in International Cultural Management and Social Innovation),Master propio / titulo propio (inferred - pre-registration runs through UCM's 'preinscripciontp' titulos-propios portal),"Universidad Complutense de Madrid (UCM), Escuela de Gobierno",public university (own-title postgraduate),Madrid (fully online),Spain,single_site,Spanish,not required,TBC,TBC,TBC,Not published on the programme site read this session.,TBC,TBC - pre-registration for 2026/27 is open via https://preinscripciontp.ucm.es/iniciotip?anio=2026&codTitulo=B023,TBC,2026-2027 cycle open - 2027-2028 TBC,Not published on the programme site read this session.,unclear,TBC,TBC,TBC,TBC,TBC,https://mastergestionculturalucm.com/,https://preinscripciontp.ucm.es/iniciotip?anio=2026&codTitulo=B023,TBC,https://mastergestionculturalucm.com/,UNVERIFIED,W1-L,2026-08-22,"Almost certainly a TITULO PROPIO (the UCM pre-registration URL is the titulos-propios portal) - weak for scholarships and for the Tunisian student visa. Fully ONLINE, so it does not support a residence permit. Spanish-only. Programme information is hosted on a marketing microsite rather than ucm.es - re-verify on the ucm.es domain in Wave 2.","Logged for coverage of the Complutense line in the brief; combines international cultural management with social innovation, which is adjacent to Path L, but online + titulo propio makes it a low-priority option for this client. No Path J overlap."
L-131,L,Master universitario online en Gestion Cultural (interuniversitario UOC-UdG) [Cultural Management],Master Universitario Oficial (joint UOC / Universitat de Girona),Universitat Oberta de Catalunya (UOC) with Universitat de Girona (UdG),public online university (UOC) + public university (UdG),Barcelona / Girona (fully online),Spain,single_site,Spanish and Catalan (separate cohorts),not required,12 (full-time) or 24 (part-time),60,TBC,"EUR 25.82 per credit plus EUR 18.30 per credit for learning resources for EU students; indicative total EUR 2900 for EU full-time students and EUR 4330-4840 for non-EU students depending on duration, per the UOC programme page. Because the non-EU total spans one or two years, no single annual figure is asserted.",TBC,April (for the September/October start); October (for the February/March start),June (for the September/October start) - exact date not published on the page read,2026 cycle (October 2026 start shown) - 2027 TBC,"An official university degree is required; any bachelor gives access. Recommended backgrounds are humanities, social sciences or communication, but the programme is not restricted to them.",likely,no,TBC,TBC,TBC,TBC,https://www.uoc.edu/es/estudios/masters/master-universitario-gestion-cultura,https://www.uoc.edu/es/estudios/masters/master-universitario-gestion-cultura,TBC,https://www.uoc.edu/es/estudios/masters/master-universitario-gestion-cultura,PARTIALLY_VERIFIED,W1-L,2026-08-22,"100% ONLINE - a fully online master does not normally support a Spanish student visa/residence permit for a Tunisian national, which undercuts the whole relocation goal. Titulo oficial (accreditation fine). Taught in Spanish/Catalan only.","By far the cheapest official Spanish route into cultural management (EUR ~4.3-4.8k total for non-EU) and it explicitly trains students to run their own cultural project, but the online format conflicts with the client's move-to-Europe objective. Worth keeping as a fallback/parallel credential. No Path J overlap."
L-132,L,Master Universitari en Gestio Cultural / Master Universitario en Gestion Cultural (Official Master's degree in Cultural Management),Master Universitario Oficial,Universitat de Barcelona (UB),public university,Barcelona,Spain,single_site,"Catalan 78%, Spanish 12%, English 10% (final project may also be in French, Italian or Portuguese)",not required as an entry test - the programme is Catalan-dominant,18 (3 semesters over 2 academic years),90,TBC,"Price per credit 2025-2026: EUR 19.37/credit for EU students-residents and EUR 82.00/credit for non-EU non-residents. 90 ECTS at the non-EU rate; UB does not publish a single annual figure and the credit split across the three semesters was not stated, so no annual figure is asserted here.",TBC,29 January 2026 (first pre-registration period),"26 March 2026 (first period, entrance test 27 March 2026); second period 28 March - 9 July 2026 (test 10 July 2026)",2026 cycle (for a September 2026 start) - 2027 TBC,Open to university graduates from any bachelor background; the programme states it values a real interest in cultural management. Pre-registration includes an entrance test on a fixed date.,likely,no - but a written entrance test is part of pre-registration,yes,UB general master's grants (beques i ajuts de master)|50% credit-price discount in year 2 for top-performing students,partial,TBC,https://www.ub.edu/cultural/master-universitari-en-gestio-cultural/?lang=en,https://www.ub.edu/acad/pops/acces/identificacio3.php,http://www.ub.edu/web/ub/es/estudis/suport_estudi/beques_ajuts/master/beques_master.html,https://www.ub.edu/cultural/master-universitari-en-gestio-cultural/?lang=en|https://web.ub.edu/en/web/estudis/w/masterdegree-m0304,PARTIALLY_VERIFIED,W1-L,2026-08-22,"Titulo OFICIAL - accreditation fine for visa and scholarships. Main risk is language: 78% Catalan instruction, which is a harder barrier than Spanish. Non-EU credit price is 4.2x the EU price. 90 ECTS over 3 semesters means a longer, costlier programme than the 60-ECTS NL options.","Barcelona is the client's highest-priority city and this is the reference official cultural-management master there, at a low absolute cost (roughly EUR 7.4k total at the published non-EU per-credit rate). Any bachelor is accepted, so the 300-ECTS engineering diploma is not a barrier. Entrepreneurship is a component, not the spine - it sits between Path L and cultural administration. No Path J overlap."
L-133,"L,AD",M.A. International Management - Creative Leadership,M.A.,SRH Berlin University of Applied Sciences (Berlin School of Popular Arts / School of Management),Private university of applied sciences (state-recognised),Berlin,Germany,single_site,English,Proof of English proficiency; SRH English Proficiency Certificate test accepted in lieu,24,120,13900,"EUR 6.950 per semester for non-EU students = EUR 13.900 per year (EUR 27.800 over 4 semesters), plus a one-off EUR 1.000 enrolment fee for non-EU/EEA. EU/EEA rate is quoted as EUR 840/month.",likely - fixed 1 April and 1 October starts each year,rolling - applications accepted year-round,rolling / no fixed deadline published,rolling admission - no cycle-specific deadline,"Bachelor's degree (no discipline restriction published), letter of motivation, CV, proof of English, passport copy. If GPA, subject or language requirements are not fully met, a one-semester PreMaster at SRH International College is recommended.",likely,no,yes,SRH partial scholarships for talented international students,partial,TBC,https://www.srh-university.de/en/master/international-management-creative-leadership/b/,https://www.srh-university.de/en/master/international-management-creative-leadership/b/,https://www.srh-university.de/fileadmin/1HE/SRH_University/Fuer_Unternehmen/Pricelists/SRH-University-Tuition-Fees-EN-Non-EU.pdf,https://www.srh-university.de/en/master/international-management-creative-leadership/b/|https://www.srh-university.de/en/master/|https://www.srh-university.de/en/master-communication-media-marketing-search/,VERIFIED,W1-AD,2026-08-22,"Private provider at EUR 13.900/yr non-EU x 2 years = approx. EUR 27.800 plus a EUR 1.000 enrolment fee - the total cost rivals a Dutch public master. Only partial scholarships found. It is state-recognised and FIBAA-accredited, so the degree and the student visa are sound; the risk is purely financial. || Private provider: staatlich anerkannt and FIBAA Premium Seal accredited (so the degree is valid for the visa), but EUR 27800 total tuition with only unspecified partial scholarships is a poor funding-first profile. Non-EU students pay a per-semester rate roughly 40% above the EU monthly-rate equivalent. || MERGE: path agents disagreed on verification status (PARTIALLY_VERIFIED, VERIFIED) - Wave 3 to adjudicate","The only Berlin master this sweep confirmed that is English-taught, management-focused AND explicitly creative-industries framed (SRH lists it under 'Communication, Media & Marketing' and it sits alongside the Berlin School of Popular Arts). No discipline gate published - an engineering diploma should be accepted on its face, which is rare on this path. Berlin location is the best possible base for the electronic-music career. Verify whether the 300-ECTS diploma shortens the 120-ECTS programme."
L-134,"L,AD",MSc Business Administration - Entrepreneurship and Management in the Creative Industries (EMCI),MSc,"University of Amsterdam (Amsterdam Business School, Faculty of Economics and Business)",Public research university,Amsterdam,Netherlands,single_site,English,TBC - not stated on programme page,12,60,24050,"UvA 2026-2027 institutional fee table: Faculty of Economics and Business master's - EUR 21.800 (Amsterdam School of Economics) and EUR 24.050 (Amsterdam Business School). EMCI sits in the Amsterdam Business School. The table's EEA-institutional vs non-EEA columns were not fully disambiguated by the fetch, so treat EUR 24.050 as indicative and re-confirm.",likely - September start,TBC,TBC - non-EU deadline not published on programme page,2026-2027 cycle - 2027 TBC,"Completed academic BSc/BA/LLB from a research university; intermediate/advanced business courses in at least 2 of strategy, international management, organisation, marketing, leadership, entrepreneurship or organisational psychology totalling min 15 ECTS; min 10 ECTS intermediate/advanced quantitative research courses; min 5 ECTS academic writing at 3rd-year level (e.g. bachelor thesis); sound research methodology, analytical and statistical skills.",unclear,no,yes,Amsterdam Merit Scholarship (AMS) - non-EEA; Holland Scholarship,partial,likely - AMS is for 'outstanding students from outside the European Economic Area (non-EEA)'; no nationality exclusion found,https://www.uva.nl/en/programmes/masters/business-administration-entrepreneurship-and-management-in-the-creative-industries/business-administration-entrepreneurship-and-management-in-the-creative-industries.html,https://www.uva.nl/en/programmes/masters/business-administration-entrepreneurship-and-management-in-the-creative-industries/application-and-admission/entry-requirements/entry-requirements.html,https://www.uva.nl/en/education/fees-and-funding/tuition-fees/tuition-fees.html,https://www.uva.nl/en/programmes/masters/business-administration-entrepreneurship-and-management-in-the-creative-industries/business-administration-entrepreneurship-and-management-in-the-creative-industries.html|https://www.uva.nl/en/education/fees-and-funding/tuition-fees/tuition-fees.html|https://www.uva.nl/shared-content/programmas/en/masters/communication-science-corporate-communication/tuition-fee/amsterdam-merit-scholarship.html|https://www.uva.nl/en/programmes/masters/business-administration-entrepreneurship-and-management-in-the-creative-industries/application-and-admission/application-and-admission.html|https://www.uva.nl/en/programmes/masters/business-administration-entrepreneurship-and-management-in-the-creative-industries/tuition-fee/tuition-fee.html,PARTIALLY_VERIFIED,W1-AD,2026-08-22,"Around EUR 24k/yr non-EU - the most expensive Dutch option logged here; exact non-EEA column needs re-confirmation. The 15-ECTS business-coursework gate is a hard, countable requirement that a pure engineering transcript may fail. || Highest non-EU tuition of any NL row here (~EUR 24050). Scholarship deadline is roughly 3.5 months earlier than the standard deadline (mid-January) - a hard planning constraint for a Sept 2027 start. English requirement and exact entry ECTS still unread.","Described by UvA as one of 'few Master's Business Administration programmes worldwide' focused exclusively on cultural and creative industries. The 10-ECTS quantitative-methods and 5-ECTS thesis gates are trivially met by a 300-ECTS engineering diploma; the 15 ECTS of business/management courses is the decisive question - Zizz should map his transcript against it before anything else. Amsterdam Merit Scholarship (approx. two-thirds of tuition, deadline 15 January) is the single most valuable funding lever found on this path. Strong overlap with Path L."
L-135,"L,N",Master Universitario en Emprendimiento e Innovacion Abierta / MEINN (Master Degree in Entrepreneurship and Open Innovation),Master Universitario Oficial,"Mondragon Unibertsitatea, Facultad de Empresariales (Mondragon Team Academy network)",private cooperative university (official degree-awarding),Bilbao,Spain,single_site,"Spanish, Basque and English","English B2 (reading, speaking, writing) plus Spanish C1",12,60,10290,"EUR 10290 for 2026-2027 (provisional, set annually by the Governing Council), listed under 'estudiantes de la Union Europea'; no separate non-EU rate published. EUR 550 reservation fee; 40% at enrolment then 20% in November, February and April.",TBC,TBC,TBC - not published on the requisitos-acceso page; see the inscripcion-matricula page,2026-2027 prices published - 2027 intake dates TBC,"An official Spanish university degree or an EHEA degree giving access to master's study; degrees from outside the EHEA accepted where the level is equivalent and grants postgraduate access at home. Engineering is explicitly named as a welcome background; applicants from non-social-science backgrounds complete a complementary online economics and business module before starting. Selection: transcript 40%, CV + motivation letter 30%, English certificate 10%, interview 20%.",yes_explicit,no,yes,Mondragon Unibertsitatea international-student scholarships (via the international advisor),partial,TBC,https://www.mondragon.edu/en/master-degree-entrepreneurship-open-innovation,https://www.mondragon.edu/es/master-universitario-emprendimiento-innovacion-abierta/requisitos-acceso,https://www.mondragon.edu/es/informacion/becas-ayudas/precios-masteres-universitarios,https://www.mondragon.edu/en/master-degree-entrepreneurship-open-innovation|https://www.mondragon.edu/es/master-universitario-emprendimiento-innovacion-abierta/requisitos-acceso|https://www.mondragon.edu/es/informacion/becas-ayudas/precios-masteres-universitarios|https://www.mondragonteamacademy.com/,VERIFIED,W1-L,2026-08-22,"SPANISH C1 IS A HARD ENTRY REQUIREMENT for applicants from non-Spanish-speaking countries - the single biggest obstacle; the client has French, which shortens but does not remove the road to C1 by 2027. Scholarships reported at only 10-20% of fees. Bilbao, not Barcelona/Madrid. Private university, but the degree is oficial so visa and scholarship access are fine. || Tuition not published on the official page. Bilbao, not Barcelona/Madrid. Language mix means some sessions may be in Spanish or Basque. || MERGE: path agents disagreed on verification status (PARTIALLY_VERIFIED, VERIFIED) - Wave 3 to adjudicate","STRONGEST pure venture-building master found in Spain and the postgraduate sibling of the LEINN/Mondragon Team Academy model the brief flagged. Two pathways: create and launch your own company from zero, or lead innovation inside a firm - i.e. the master IS the venture, which is exactly this client's ask; a music-tech startup would be a legitimate project. Explicitly welcomes engineers ('it doesn't matter what you studied, engineering...'). 300 ECTS clears entry comfortably. No Path J overlap - this is business, not music, so the music dimension has to be supplied by the client's own project."
N-136,N,"Innovation Design, M.A.",Master of Arts,CODE University of Applied Sciences Berlin,Private university of applied sciences,Berlin,Germany,single_site,English,B2 minimum,12 or 24 (60 or 120 ECTS); part-time 24 or 48,60 or 120,15000,"EUR 1,250 per month on the Direct Pay model (about EUR 15,000 per year; roughly EUR 30,000 for the 120-ECTS track) or EUR 650 per month on the Stretch Pay model over double the period. No separate non-EU rate published - confirm with admissions.",yes,TBC,31 December 2026 for the Spring 2027 intake (semester starts 1 February 2027); 20 August 2026 for Fall 2026,2026 and 2027 cycles both published; a Fall 2027 deadline is not yet listed,"Bachelor's degree IN ANY FIELD plus at least one year of professional experience after the bachelor (internships, working-student roles or founding a startup count); English B2; portfolio and motivational statement through the application portal, then an interview with faculty and admissions.",yes_explicit,yes,yes,"CODE scholarships and grants, flexible payment plans, Income Share Agreements, KfW student loans",partial,TBC,https://code.berlin/en/study/master/,https://code.berlin/en/study/master/admission,https://code.berlin/en/study/master/tuition/,https://code.berlin/en/study/master/tuition/|https://code.berlin/en/study/master/admission,VERIFIED,W1-N,2026-08-22,"Expensive for a private UAS (about EUR 30,000 for the two-year track) and the one-year-of-professional-experience rule is a hard gate for a 2027 graduate - internships or a startup do count, so this must be evidenced carefully. State recognition/accreditation was not confirmed on the pages opened; confirm before relying on it for the visa. || Same cost and experience-gate caveats as N-026; accreditation status unconfirmed on the pages opened.","Project-based product school embedded in Berlin's startup scene, with any-field bachelors explicitly welcome and a Spring intake (1 February 2027) that fits an early-2027 move. Suits an engineer who wants to build and ship a music product with design and venture coaching rather than sit exams; portfolio-based admission also rewards the music work already in progress."
N-137,N,"Internationaler Studiengang Medieninformatik (International Media Informatics), M.Sc.",Master of Science,HTW Berlin (Hochschule fuer Technik und Wirtschaft Berlin),Public university of applied sciences,Berlin,Germany,single_site,English (international programme with English-language courses),TBC,TBC,TBC,0,Public Berlin university of applied sciences - no tuition fees; semester contribution only (amount not confirmed on the pages opened).,TBC,16 May (winter semester) / 17 November (summer semester),30 September (winter semester) / 31 March (summer semester),Annual pattern published on the official programme site without a year qualifier - confirm the 2027 dates before relying on them,"Bachelor with at least 180 credit points, comparable to HTW Berlin's International Media Informatics bachelor or a related programme. Specialisations: Game Technology and Interactive Systems, Visual Computing, Web Technology; two semesters of team practice projects (groups of 5-6) plus independent coursework; electives from applied computer science including Human-Computer Interaction and Mobile Computing.",likely,no,TBC,TBC,none_found,TBC,https://imi-master.htw-berlin.de/,https://imi-master.htw-berlin.de/bewerbung/,https://www.htw-berlin.de/en/studies/application/masters-application,https://imi-master.htw-berlin.de/|https://imi-master.htw-berlin.de/studium/|https://imi-master.htw-berlin.de/bewerbung/|https://www.htw-berlin.de/en/studies/application/masters-application,VERIFIED,W1-N,2026-08-22,"Requires the first degree to be comparable to HTW's own media-informatics bachelor - a general software-engineering diploma should qualify as related but this needs written confirmation. Duration and ECTS not stated on the programme pages. Both winter and summer starts, so a February 2027 or September 2027 entry are both possible.","Free, English-taught, in Berlin, with a two-semester group practice project and a Game Technology and Interactive Systems track - the closest thing Berlin has to a build-things media-tech master for a coder. Interactive-audio, generative-visuals and music-app projects fit the practice-project format directly, and the 180-CP bar is trivially cleared by a 300-ECTS diploma."
N-138,N,"Innovation Management, Entrepreneurship and Sustainability (IMES), M.Sc.",Master of Science (double-degree option),Technische Universitaet Berlin,Public research university,Berlin,Germany,single_site,English,C1 (CEFR),24,120,0,"No tuition; semester fee approximately EUR 360. If the second year is taken at the University of Twente under the double degree, additional Twente tuition applies.",TBC,approx. beginning of April,approx. mid May,Published as an annual pattern (early April to mid May) for the winter-semester intake; exact 2027 dates TBC,"First university degree in economics/business administration, social sciences, ENGINEERING SCIENCES, natural sciences or a related programme; C1 English; restricted admission with 50 places, ranked by final grade plus up to 100 points for prior coursework in economics, methodology, sustainability, mathematics and statistics. Year 1 at TU Berlin (60 ECTS), year 2 abroad or flexible.",yes_explicit,no,TBC,DAAD (not verified this session),none_found,TBC,https://www.tu.berlin/en/eim/msc-imes/overview,https://www.tu.berlin/en/studying/study-programs/all-programs-offered/study-course/innovation-management-entrepreneurship-and-sustainability-m-sc,https://www.tu.berlin/en/studying/applying-and-enrolling/dates-deadlines,https://www.tu.berlin/en/eim/msc-imes/overview|https://www.tu.berlin/en/studying/study-programs/all-programs-offered/study-course/innovation-management-entrepreneurship-and-sustainability-m-sc,VERIFIED,W1-N,2026-08-22,"Only 50 places and admission is ranked on the first-degree grade plus prior credits in economics, statistics and methodology - an engineering diploma scores on maths/statistics but may score zero on the economics component. Application window closes in mid-May, far earlier than Dutch deadlines.","English-taught, tuition-free, in Berlin, and engineering sciences are an explicitly named entry route - a rare combination for a funding-first strategy. It gives a software engineer the venture-building and innovation-management layer needed to take a music-tech product to market, and the year-two mobility option includes the University of Twente, which also hosts the Interaction Technology master on this same path."
N-139,N,Medieninformatik / Digital Media and Technology (M.Sc.),Master of Science,Technische Universitaet Berlin,Public research university,Berlin,Germany,single_site,German (some courses in English),B2 (CEFR),24,120,0,No tuition fees; semester contribution only (approx. EUR 360 at TU Berlin).,TBC,TBC,TBC - see TU Berlin central dates and deadlines page,TBC,"First degree in digital media and technology or a related field INCLUDING at least 15 ECTS mathematics, 18 ECTS computer science, 24 ECTS media technology and 20 ECTS media communication; proof of German at the required level for holders of a foreign school-leaving certificate; English B2. The programme is admission-free (open admission).",unclear,no,TBC,TBC,none_found,TBC,https://www.tu.berlin/en/eecs/academics-teaching/study-offer/masters-programs/msc-digital-media-technology,https://www.tu.berlin/en/eecs/academics-teaching/study-offer/masters-programs/msc-digital-media-technology/msc-mi-application-admission,https://www.tu.berlin/en/studying/applying-and-enrolling/dates-deadlines,https://www.tu.berlin/en/eecs/academics-teaching/study-offer/masters-programs/msc-digital-media-technology/msc-mi-application-admission,VERIFIED,W1-N,2026-08-22,"GERMAN-TAUGHT - tagged, not dropped, per brief; German proof is mandatory for applicants with a foreign school certificate. The hard credit prerequisites (24 ECTS media technology and 20 ECTS media communication) are the real obstacle: a software-engineering diploma clears maths and computer science easily but is unlikely to show 44 ECTS of media subjects.",Open admission (no numerus clausus) and zero tuition make this the cheapest technical media master in Berlin if the credit profile can be argued - audio/media-signal courses from the engineering diploma would need to be mapped onto the media-technology requirement. Worth a direct enquiry to the admissions office rather than a self-assessment.
N-140,N,"Innovation Design Management, M.A.",Master of Arts,UE University of Europe for Applied Sciences,"Private university of applied sciences (FIBAA accredited, system-accredited)","Potsdam (Innovation Hub, Berlin metropolitan area)",Germany,single_site,English,TBC,"12, 18 or 24","60, 90 or 120",8158,"Official page states from EUR 8,158 per year in Germany. Third-party sources quote higher non-EU totals (about EUR 16,407 for the 2-semester fast track and EUR 19,782 for the 3-semester track, plus a EUR 3,000 deposit) - NOT confirmed on the official page, so the non-EU figure must be re-checked.",TBC,TBC,TBC,TBC - both winter and summer intakes exist,"Bachelor's degree, no specific field mandated and NO portfolio or design background required; application form, transcript, language proof, CV, passport copy and motivational letter. Classes typically Wednesday to Saturday.",yes_explicit,no,yes,UE scholarships via the UE x JobTeaser partnership (details unverified),partial,TBC,https://www.ue-germany.com/programmes/master/innovation-design-management,https://www.ue-germany.com/programmes/master/innovation-design-management,TBC,https://www.ue-germany.com/programmes/master/innovation-design-management,PARTIALLY_VERIFIED,W1-N,2026-08-22,"in_scope = flagged_exception: the programme is delivered at UE's Innovation Hub in POTSDAM, not inside Berlin city limits, though it is in the Berlin metropolitan area and UE also operates a Berlin campus - confirm the actual teaching site. Non-EU fee not confirmed on the official page and third-party figures are roughly double the headline rate. A EUR 3,000 deposit is reported.","No portfolio and no design background required, any bachelor accepted, English-taught, with a Wednesday-to-Saturday timetable that leaves weekdays free for production or freelance work - unusually low-friction entry for an engineer with no design credentials. The 60-ECTS fast track is the cheapest way to add an innovation-management credential in the Berlin area."
N-141,N,"Creative Computing, M.A.",Master of Arts,UE University of Europe for Applied Sciences,Private university of applied sciences,Berlin (campus to be confirmed),Germany,single_site,English,TBC,12,TBC,TBC,"Third-party sources quote EUR 13,000 per year for EU and EUR 14,300 for non-EU applicants plus a EUR 3,000 reservation fee - NOT confirmed on a UE page opened this session.",TBC,TBC,TBC,TBC,Not verified - the UE programme page for Creative Computing could not be reached (the tech-programmes listing opened this session did not include it).,likely,TBC,TBC,TBC,TBC,TBC,https://www.ue-germany.com/programmes,TBC,TBC,https://www.ue-germany.com/programmes/master/innovation-design-management,UNVERIFIED,W1-N,2026-08-22,"Could not be confirmed on any official UE page this session - the programmes listing that loaded showed Generative Design & AI MA, Data Science MSc, Digital Transformations MSc and others but no Creative Computing, so the programme may have been renamed or discontinued. Every figure here is third-party and must be treated as a lead only. UE also offers Generative Design & AI (M.A.), which may be the successor and is the row to check first.","Creative coding at master level in Berlin would be an excellent fit (audio-visual systems, generative work, interactive installations). Logged as a lead so Wave 2 checks both this name and Generative Design & AI on the UE site directly."
N-142,N,Design & Computation (M.A.),Master of Arts (joint degree),Universitaet der Kuenste Berlin jointly with Technische Universitaet Berlin,Public university of the arts with a public technical university,Berlin,Germany,single_site,TBC (programme materials in German and English; the English page directs readers to the German version for detail),TBC,24,TBC,0,No tuition fees at UdK/TU Berlin for any nationality; only the semester contribution (Semesterbeitrag) applies - the exact 2027 amount was not confirmed on the pages opened.,TBC,1 April,15 May,Window 1 April - 15 May 2026 confirmed for winter semester 2026/27; the 2027/28 window is expected to mirror it but is TBC,"First degree-qualifying university degree; bachelor graduates from design, art, ENGINEERING, natural sciences, humanities and social sciences are explicitly eligible. Application via the UdK/TU Berlin portal; a portfolio is referenced. Four-semester research-oriented programme.",yes_explicit,yes,TBC,DAAD study scholarships (not verified this session),none_found,TBC,https://www.udk-berlin.de/en/courses/design-and-computation/,https://www.tu.berlin/en/studying/study-programs/all-programs-offered/study-course/design-computation-m-a/,TBC,https://www.udk-berlin.de/en/courses/design-and-computation/|https://www.newpractice.net/study|https://www.tu.berlin/en/ak/study-and-teaching/degree-programs/design-computation,PARTIALLY_VERIFIED,W1-N,2026-08-22,"Language of instruction not confirmed in writing - the English UdK page pushes readers to the German version, so assume significant German exposure until proven otherwise. Portfolio/admission-test detail and the exact semester fee could not be opened (the UdK application-guide URL 404s and design-computation.berlin now redirects to newpractice.net). Very small, highly selective cohort.","Effectively free (no tuition, only a semester contribution of a few hundred euros) at two of Berlin's best institutions - the single strongest funding-first row on this path. Engineering graduates are named explicitly among eligible applicants, and the programme is built exactly on the design-plus-code intersection this client occupies. Berlin is also the world capital for electronic music, so a music-tech thesis has an unmatched surrounding scene."
N-143,N,Master Digital Design - track Interaction Design,Master of Science,Amsterdam University of Applied Sciences (AUAS/HvA),Public university of applied sciences,Amsterdam,Netherlands,single_site,English,TBC,12,60,TBC,Non-EU institutional fee not published on the pages opened; page states an extra ~EUR 800/year for books and materials on top of the annual tuition fee.,TBC,TBC,TBC,TBC,"Bachelor's degree plus demonstrated previous design experience via an annotated portfolio; limited places with a selection procedure. Built with nine Dutch design agencies (Mirabeau, Fabrique, DEPT, Media.Monks, Momkai and others); team projects with real client briefs.",likely,yes,TBC,Amsterdam Talent Scholarship (unverified),TBC,TBC,https://www.amsterdamuas.com/programmes/master-digital-design-interaction-design,https://www.amsterdamuas.com/study/master-digital-design,TBC,https://www.amsterdamuas.com/programmes/master-digital-design-interaction-design|https://www.masterdigitaldesign.com/,PARTIALLY_VERIFIED,W1-N,2026-08-22,"Annotated design portfolio is a hard eligibility criterion and places are capped by selection - the weakest point for a candidate whose portfolio is code, not design artefacts. Fees not published on the pages opened.","One intense year in Amsterdam (the client's top-priority city) inside a studio co-owned by the leading Dutch digital agencies, with playgrounds in Emerging Interactions and Beyond-Human Design. For a software engineer this converts engineering skill into hireable product-design credibility fast, and Amsterdam is also the strongest electronic-music market in the region."
N-144,N,Executive Master Media Innovation (online),Master of Arts,Breda University of Applied Sciences (BUas),Public university of applied sciences,Breda (delivered fully online),Netherlands,single_site,English,TBC,12,60,TBC,"EUR 2,694 quoted for 2026-2027 (statutory rate); non-EEA rate not shown.",no,TBC,15 August (recommended before 1 July),2026 cycle - start 1 September 2026; 2027 TBC,"Bachelor in a related field PLUS at least three to five years of equivalent industry experience; fully online, roughly 40 hours per week study load.",yes_explicit,no,TBC,TBC,none_found,TBC,https://www.buas.nl/en/programmes/executive-master-media-innovation,https://www.buas.nl/en/programmes/executive-master-media-innovation/admission-requirements,TBC,https://www.buas.nl/en/programmes/executive-master-media-innovation|https://www.buas.nl/en/programmes/executive-master-media-innovation/application-procedure,VERIFIED,W1-N,2026-08-22,"Requires 3-5 years of industry experience, which a 2027 graduate does not have - likely ineligible until later. Fully online means NO Dutch student visa and no residence in Europe, which defeats the relocation goal.",Logged for completeness and as a fallback if the client works for several years first. Not a 2027 option: the experience bar and the absence of a visa route both rule it out for now.
N-145,N,MSc Design for Interaction,Master of Science (NVAO accredited),Delft University of Technology (Faculty of Industrial Design Engineering),Public research university,Delft,Netherlands,single_site,English,TBC,24,120,25633,"Institutional rate for non-EU MSc students, EUR 25,633 for 2026-2027. A transitional rate of EUR 23,404 applies only to students already enrolled who paid EUR 22,290 in 2025-2026.",TBC,TBC,TBC,2026-2027 fees confirmed; 2027-28 deadlines TBC,"Separate admission tracks for Dutch BSc, Dutch HBO and non-Dutch university degrees; the detailed non-Dutch criteria page could not be opened this session. September start (February only for Dutch IDE BSc graduates).",unclear,TBC,TBC,Justus and Louise van Effen Excellence Scholarship (not verified this session),TBC,TBC,https://www.tudelft.nl/en/education/programmes/masters/dfi/msc-design-for-interaction,https://www.tudelft.nl/en/education/programmes/masters/dfi/msc-design-for-interaction/admission-application-finances,https://www.tudelft.nl/en/education/study-programme-orientation/practical-matters/tuition-fee-finances,https://www.tudelft.nl/en/education/programmes/masters/dfi/msc-design-for-interaction|https://www.tudelft.nl/en/education/programmes/masters/dfi/msc-design-for-interaction/admission-application-finances|https://www.tudelft.nl/en/education/study-programme-orientation/practical-matters/tuition-fee-finances,PARTIALLY_VERIFIED,W1-N,2026-08-22,"EUR 25,633/year is the highest non-EU fee found on this path - roughly EUR 51,000 over two years, so this is only viable with a full scholarship. IDE masters usually expect a design bachelor; a software-engineering entrant may face a bridging requirement. Admission-criteria page not reachable this session.","World-leading interaction-design faculty with prototyping labs and industry-brief projects; a music-interaction thesis (instrument, controller, listening experience) is entirely normal here. The client's 300-ECTS engineering diploma far exceeds the 180/240-ECTS entry bar, but the design-portfolio expectation is the real gate."
N-146,N,MSc Integrated Product Design,Master of Science (NVAO accredited),Delft University of Technology (Faculty of Industrial Design Engineering),Public research university,Delft,Netherlands,single_site,English,TBC,24,120,25633,"Institutional rate for non-EU MSc students, 2026-2027.",TBC,TBC,TBC,2026-2027 fees confirmed; 2027 deadlines TBC,"Separate criteria for Dutch BSc, HBO and non-Dutch degrees; September start.",unclear,TBC,TBC,TBC,TBC,TBC,https://www.tudelft.nl/en/education/programmes/masters/ipd/msc-integrated-product-design,https://www.tudelft.nl/en/education/programmes/masters/ipd/msc-integrated-product-design/admission-application-finances,https://www.tudelft.nl/en/education/study-programme-orientation/practical-matters/tuition-fee-finances,https://www.tudelft.nl/en/education/programmes/masters/ipd/msc-integrated-product-design|https://www.tudelft.nl/en/education/study-programme-orientation/practical-matters/tuition-fee-finances,PARTIALLY_VERIFIED,W1-N,2026-08-22,"Same EUR 25,633 non-EU fee. Design-portfolio expectation not verified.","The hardware-leaning sibling of Design for Interaction: digital fabrication, computational design, smart materials and prototyping. This is the Delft route for someone who wants to build a physical music device (controller, synth, wearable) with an engineering-grade process behind it."
N-147,N,MSc Strategic Product Design,Master of Science (NVAO accredited),Delft University of Technology (Faculty of Industrial Design Engineering),Public research university,Delft,Netherlands,single_site,English,TBC,24,120,25633,"Institutional rate for non-EU MSc students, 2026-2027.",TBC,TBC,TBC,2026-2027 fees confirmed; 2027 deadlines TBC,"Separate criteria for Dutch BSc, HBO and non-Dutch degrees; September start.",unclear,TBC,TBC,TBC,TBC,TBC,https://www.tudelft.nl/en/education/programmes/masters/spd/msc-strategic-product-design,https://www.tudelft.nl/en/education/programmes/masters/spd/msc-strategic-product-design/admission-application-finances,https://www.tudelft.nl/en/education/study-programme-orientation/practical-matters/tuition-fee-finances,https://www.tudelft.nl/en/education/programmes/masters/spd/msc-strategic-product-design|https://www.tudelft.nl/en/education/study-programme-orientation/practical-matters/tuition-fee-finances,PARTIALLY_VERIFIED,W1-N,2026-08-22,"Same EUR 25,633 non-EU fee; least technical of the three Delft IDE masters.","Business models, innovation strategy and new-product development - the route for an engineer who wants to run a music-tech product line or start a venture rather than write the DSP. Pairs a strong technical CV with the commercial vocabulary the client currently lacks."
N-148,N,MSc Industrial Design,Master of Science,Eindhoven University of Technology (TU/e),Public research university,Eindhoven,Netherlands,single_site,English,TBC,24,120,22400,"Institutional fee for non-EU/EEA students: EUR 21,700 for 2026-2027 and EUR 22,400 for 2027-2028 (the 2027-28 figure is published).",TBC,TBC,TBC,"2027-2028 fee published; application deadlines 2027 TBC. Departmental admissions board meets monthly October-July, so applying early matters.","Admission decided by the departmental Admissions Board on prior education, professional experience and skills gained elsewhere; only one mandatory course, the rest of the programme is self-composed.",unclear,TBC,yes,TU/e scholarships and grants (see funding_url),TBC,TBC,https://www.tue.nl/en/education/graduate-school/master-industrial-design,https://www.tue.nl/en/education/graduate-school/master-industrial-design/adm,https://www.tue.nl/en/education/become-a-tue-student/scholarships-and-grants,https://www.tue.nl/en/education/graduate-school/master-industrial-design|https://www.tue.nl/en/education/graduate-school/master-industrial-design/adm|https://www.tue.nl/en/education/become-a-tue-student/tuition-fees-and-other-study-costs/tuition-fee,VERIFIED,W1-N,2026-08-22,"Non-EU fee for the client's actual intake year (2027-2028) is confirmed at EUR 22,400 - about EUR 44,800 over two years without a scholarship. Admission is board-discretionary rather than rule-based, which cuts both ways.","Almost entirely self-directed: one mandatory course and a portfolio of squads/projects the student defines, in a department built around intelligent interactive systems and making. That structure is ideal for someone who wants two years of building music-tech artefacts inside a technical university while keeping a DJ/production practice running."
N-149,N,MSc Creative Intelligence and Technology (formerly MSc Media Technology),Master of Science,Leiden University (LIACS with the Academy of Creative and Performing Arts),Public research university,Leiden,Netherlands,single_site,English,TBC,24,120,TBC,Non-EU institutional fee not reachable on the pages opened this session.,TBC,TBC,TBC,TBC,Welcomes applicants from diverse educational backgrounds and states it is open to any field of previous bachelor education; students bring their own research question and work by making. September and February starts.,likely,TBC,TBC,Leiden University Excellence Scholarship (LExS) - not verified this session,TBC,TBC,https://www.universiteitleiden.nl/en/education/study-programmes/master/creative-intelligence--technology,https://www.universiteitleiden.nl/en/education/study-programmes/master/creative-intelligence--technology/admission-and-application,TBC,https://www.universiteitleiden.nl/en/education/study-programmes/master/creative-intelligence--technology|https://www.universiteitleiden.nl/en/education/study-programmes/master/creative-intelligence--technology/admission-and-application|https://mediatechnology.leiden.edu/,PARTIALLY_VERIFIED,W1-N,2026-08-22,"Fees, deadlines and the concrete admission rule set were not obtainable from the pages opened. Programme was renamed from Media Technology, so older sources use the old name.","Explicitly a science-by-doing master run jointly by the computer-science institute and the arts academy: students propose their own creative-technology research and build it. Historically the Dutch home of music-technology and sound-installation theses, and one of the very few masters that says outright it accepts any bachelor background - an unusually low-friction entry for a software engineer with a music question."
N-150,N,MSc Human-Computer Interaction,Master of Science,Utrecht University,Public research university,Utrecht,Netherlands,single_site,English,TBC,24,TBC,25306,"EUR 25,306 per year for non-EU/EEA students, 2026-2027.",TBC,TBC,TBC,2026-2027 fee confirmed; 2027 deadlines TBC,"Selective research master with separate criteria for Dutch research-university, Dutch HBO and non-Dutch bachelors; February and September starts.",unclear,no,TBC,Utrecht Excellence Scholarship (not verified this session),TBC,TBC,https://www.uu.nl/en/masters/human-computer-interaction,https://www.uu.nl/en/masters/human-computer-interaction,TBC,https://www.uu.nl/en/masters/human-computer-interaction|https://www.uu.nl/en/masters/game-and-media-technology,PARTIALLY_VERIFIED,W1-N,2026-08-22,"EUR 25,306/year non-EU is near the top of the range. Selective research master - admission criteria for a non-Dutch engineering degree were not reachable this session. Utrecht's sibling MSc Game and Media Technology may be the better technical fit and should be checked in Wave 2.","Research-grade HCI at a top-50 university in Utrecht, in the same city as HKU - useful because the client could plausibly build a music-interaction thesis with HKU collaborators nearby. Strong for someone who wants the academic/research door left open rather than a studio credential."
N-151,N,Human-Computer Interaction and Design with Extended Reality (HCID/XR),Double MSc degree from two partner universities plus an EIT certificate,"EIT Digital Master School (entry points include University of Twente and Universidad Politecnica de Madrid; also Aalto, KTH, Politecnico di Milano)",European consortium of public universities,Enschede (NL) and Madrid (ES) among the entry points,Netherlands / Spain / rotating,rotating,English,TBC,24,120,TBC,Fee-paying programme; the per-year non-EU amount is set per university and was not obtainable this session.,yes,Fall 2026 (applications for the 2027/28 intake),"TBC - rolling application periods, scholarships awarded first come first served",2027/28 cycle explicitly confirmed on the official site: 'The application for the 2027/28 intake will open in Fall 2026',"BSc (or final year) in Computer Science, Information Systems, Interaction Design, Cognitive Science or ENGINEERING; applicants with professional or research experience in HCI, UX or XR development encouraged. Year 1 at an entry university, year 2 at an exit university, with an Innovation and Entrepreneurship minor, an EIT summer school between years, and a thesis with a company or research internship.",yes_explicit,no,yes,"EIT Digital Scholarships of Excellence (full tuition waiver plus monthly allowance), full tuition waiver, half tuition waiver",full+stipend,NO - the EIT Digital funding scheme is available ONLY to nationals of EU Member States (including OCTs) and listed EEA and Digital-Europe-associated countries. Partner-university scholarships remain open to non-EU students.,https://masterschool.eitdigital.eu/human-computer-interaction-and-design-with-extended-reality,https://masterschool.eitdigital.eu/human-computer-interaction-and-design-with-extended-reality/entry-exit,https://masterschool.eitdigital.eu/human-computer-interaction-and-design-with-extended-reality,https://masterschool.eitdigital.eu/human-computer-interaction-and-design-with-extended-reality|https://masterschool.eitdigital.eu/human-computer-interaction-and-design-with-extended-reality/entry-exit,VERIFIED,W1-N,2026-08-22,MAJOR: the headline EIT Digital scholarships are closed to Tunisian nationals - the funding scheme is restricted to EU/EEA and Digital-Europe-associated country nationals. The programme itself is open to non-EU applicants but must then be self-funded or funded by a partner university's own scheme. This kills the funding-first case unless a Twente (UTS) or UPM scholarship can be stacked.,"Structurally perfect on paper: engineering bachelors named as eligible, a technical XR/HCI major with an innovation-and-entrepreneurship minor, an industry internship thesis, and TWO in-scope entry points - University of Twente (whose Interaction Technology master is row N-010) and UPM Madrid. First-year Twente courses include game-engine and XR development plus experience design, all directly reusable for interactive-music work. Apply early: scholarships are first come first served, and 2027/28 applications open in Fall 2026."
N-152,N,Master in Human Interaction and Artificial Intelligence (MHIAI),"Master's degree awarded by UVic-UCC and Elisava (own-degree title, not a master universitario oficial)",Elisava Barcelona School of Design and Engineering (UVic-UCC),Private university-affiliated design and engineering school,Barcelona,Spain,single_site,English,TBC,10,60,12400,"EUR 12,400 for academic year 2026-27 plus EUR 500 registration fee; same price quoted for all nationalities.",no,TBC,TBC,2026 cycle - 2027 TBC,"Official university degree or equivalent in design, engineering, architecture or related disciplines. Evening timetable (Tue/Thu/Fri 17:00-21:15) in Barcelona.",yes_explicit,no,yes,Elisava Masters' Scholarships (28 x 50% of tuition; next call March 2027),partial,"likely - the call states anyone applying to an Elisava master may apply, no nationality restriction stated",https://ai.elisava.net/master/human-interaction-ai/,https://www.elisava.net/en/how-to-apply/,https://www.elisava.net/en/masters/elisava-masters-scholarships/,https://ai.elisava.net/master/human-interaction-ai/|https://www.elisava.net/en/masters/|https://www.elisava.net/en/masters/elisava-masters-scholarships/,VERIFIED,W1-N,2026-08-22,"Own-degree (titulo propio-style) award issued by UVic-UCC, NOT a Spanish master universitario oficial - check consequences for the Tunisian student visa and for any later doctoral route. Evening schedule means the year is compatible with freelance/part-time work.","Maker-studio master where an engineer builds interactive AI-driven interfaces; a generative-music instrument or an adaptive-audio interface is a plausible final project. Engineering degrees are named explicitly in the admission text, so the 300-ECTS diploma clears the bar with room to spare. Cheapest of the Elisava options that is taught in English."
N-153,N,University Master in Interdisciplinary Design and Communication Studies (Master Universitario en Estudios Interdisciplinarios en Diseno y Comunicacion),Master universitario oficial (official Spanish master's degree) awarded by UVic-UCC,Elisava Barcelona School of Design and Engineering (UVic-UCC),Private university-affiliated design and engineering school,Barcelona,Spain,single_site,Spanish (some classes and workshops in English),TBC,10,60,11700,"EUR 11,700 plus EUR 500 pre-registration; university administrative fees not included.",no,TBC,TBC,2026 cycle - 2027 TBC (start date 26 September 2026 published),"Bachelor in design, communication, marketing, multimedia, digital creation, product development, architecture, urbanism or fine arts; humanities/social-science graduates by committee evaluation; other graduates need 3+ years professional experience in design or communication.",unclear,yes,yes,Elisava Masters' Scholarships (1 x 50% reserved for this official master; next call March 2027),partial,likely - no nationality restriction stated in the call,https://www.elisava.net/en/masters/university-master-in-design/,https://cdnmedia.elisava.net/main-web/2023/01/02160744/eng-20260702_requisits-dadmissio-i-criteris-de-seleccio-del-mueidc.pdf,https://www.elisava.net/en/masters/elisava-masters-scholarships/,https://www.elisava.net/en/masters/university-master-in-design/|https://www.elisava.net/en/masters/elisava-masters-scholarships/,VERIFIED,W1-N,2026-08-22,"Taught in Spanish - the client has no Spanish, so this needs a language plan. Engineering is not in the named list of accepted bachelors, so admission would rest on committee evaluation; 'product development' is the closest listed field.",The only Elisava route that ends in an OFFICIAL Spanish master's degree - materially better for the student visa and for any later PhD. Research-and-prototype structure (theoretical report + material prototype + scientific poster) suits an engineer who wants a documented music-interface artefact rather than a portfolio piece.
N-154,N,Master in Design and Management of User Experience (UX) and Digital Services,Own-degree master issued by UVic-UCC (not official),Elisava Barcelona School of Design and Engineering (UVic-UCC),Private university-affiliated design and engineering school,Barcelona,Spain,single_site,Spanish (some material/lectures in English),TBC,10,60,11250,"EUR 11,250 plus EUR 500 pre-registration fee.",no,TBC,TBC,2026 cycle - 2027 TBC (start 26 September 2026 published),"Preferred backgrounds design, engineering, communication or advertising; junior UX/UI designers and project managers; professional experience can substitute for a formal degree.",yes_explicit,TBC,yes,Elisava Masters' Scholarships (50% of tuition; next call March 2027),partial,likely,https://www.elisava.net/en/masters/master-in-design-and-management-of-user-experience-ux-and-digital-services/,https://www.elisava.net/en/how-to-apply/,https://www.elisava.net/en/masters/elisava-masters-scholarships/,https://www.elisava.net/en/masters/master-in-design-and-management-of-user-experience-ux-and-digital-services/|https://www.elisava.net/en/masters/elisava-masters-scholarships/,VERIFIED,W1-N,2026-08-22,"Spanish-language delivery at a high level is required. Own-degree award, not official - visa and recognition implications.","Product-side complement to an engineering degree: service design, UX research and digital product management. Useful if the target is founding or leading a music-app product team rather than doing DSP; weaker on the audio-technology side than N-001 or N-002."
N-155,N,Master in Applied AI for Arts and Design,Own-degree master issued by UVic-UCC (not official),Elisava Barcelona School of Design and Engineering (UVic-UCC),Private university-affiliated design and engineering school,Barcelona,Spain,single_site,English (Barcelona campus); Spanish (Madrid campus),TBC,10,60,13450,"EUR 13,450 plus EUR 500 pre-registration fee.",no,TBC,TBC,2026 cycle - 2027 TBC (start 26 September published),Aimed at designers and artists working with technology; specific degree requirements not published on the programme page.,unclear,TBC,yes,Elisava Masters' Scholarships (50%),partial,likely,https://www.elisava.net/en/masters/master-ai-design/,https://www.elisava.net/en/how-to-apply/,https://www.elisava.net/en/masters/elisava-masters-scholarships/,https://www.elisava.net/en/masters/master-ai-design/|https://ai.elisava.net/,PARTIALLY_VERIFIED,W1-N,2026-08-22,"Programme text targets designers and artists rather than engineers - the client would be the technical outlier (which can be an advantage, but confirm admission). Own-degree award.",Generative-AI creative practice with an English-taught Barcelona cohort; a generative-music or AI-assisted production tool is an obvious final project for someone who can already code the models.
N-156,N,Master in Design for Interaction and Extended Experiences,IED own master diploma (not a Spanish official degree),IED Barcelona (Istituto Europeo di Design),Private design school,Barcelona,Spain,single_site,English,TBC,11,TBC,15300,"EUR 15,300 total for the 11-month programme as published on the course page.",yes,TBC,TBC,2027 cycle (programme start January 2027 published on the official course page),"Design graduates and professionals interested in AI, technology, UX/UI, interaction and immersive projects; other profiles considered with a suitable portfolio. Evening classes, on campus in Gracia.",likely,yes,yes,IED Spain scholarships and grants (see funding_url),partial,TBC,https://www.ied.edu/courses/barcelona/master/design-for-interaction-and-extended-reality,https://www.ied.edu/apply-now?courseId=01tSX000003UfC5YAK,https://www.ied.edu/study-in-spain/scholarships-grants-and-fees,https://www.ied.edu/courses/barcelona/master/design-for-interaction-and-extended-reality,VERIFIED,W1-N,2026-08-22,"Private-school diploma, NOT a titulo oficial - check whether it supports the Tunisian student visa and later recognition. ECTS load not published. January start (not September), which breaks the September-2027 intake assumption.","Studio culture with four client-brief projects plus a thesis, in English, at a price well under the Dutch non-EU fees. Portfolio is required but 'other profiles with a suitable portfolio' is explicit, so the in-progress music portfolio can carry the application. Strong for building interactive/immersive audio experiences."
N-157,N,Master in User Experience (and the related La Salle-URL degree in Design and Creation of Interactive Products),TBC - La Salle runs both official masters and titulo propio programmes,La Salle Campus Barcelona - Universitat Ramon Llull,Private university,Barcelona,Spain,single_site,TBC,TBC,TBC,TBC,TBC,TBC,TBC,TBC,TBC,TBC,Not verified - the master page fetched this session returned content for a different (marketing) programme.,unclear,TBC,TBC,TBC,none_found,TBC,https://www.salleurl.edu/en/education/master-user-experience,TBC,TBC,https://www.salleurl.edu/en/education/master-user-experience|https://www.url.edu/en/press/news/institutional/2023/la-salle-url-launches-new-degree-design-and-creation-interactive-products|https://www.url.edu/en/node/867,UNVERIFIED,W1-N,2026-08-22,"The programme URL served content for the Marketing and Social Media Management master (titulo propio, Spanish, 60 ECTS, EUR fees not shown) - the UX master could not be confirmed. Treat this whole row as a lead to re-check by hand.","La Salle-URL is the Barcelona engineering-plus-creative-media school (games, interactive products, telecom engineering) and runs a Master of Lifelong Learning in Technology Management and Digital Innovation as well - the closest Spanish private-university analogue to a product-engineering master. Worth one manual pass in Wave 2 before discarding."
N-158,N,"Master Universitari en Estudis Avancats en Disseny - Barcelona (MBDesign), specialty Disseny, Innovacio i Tecnologia (Design, Innovation and Technology)",Master universitario oficial (interuniversity UPC-UB),Universitat Politecnica de Catalunya with Universitat de Barcelona,Public university,Barcelona,Spain,single_site,"English for the Contemporary Design and Design, Innovation and Technology specialties; Catalan/Spanish elsewhere",TBC,12,60,TBC,Public Catalan master fee; non-EU surcharge not verified this session.,TBC,TBC,TBC,2026-2027 catalogue confirmed on upc.edu; 2027-28 dates TBC,"Interuniversity official master run by ETSAB, EPSEVG and ESEIAAT (UPC) with the UB Fine Arts faculty; 15 ECTS common core, 30 ECTS specialty, 15 ECTS final thesis.",likely,TBC,TBC,TBC,none_found,TBC,https://etsab.upc.edu/ca/estudis/mbdesign,https://www.upc.edu/ca/masters,TBC,https://etsab.upc.edu/ca/estudis/mbdesign|https://www.upc.edu/ca/masters|https://etsab.upc.edu/ca/shared/b-estudis/pdf/mbdesign/Trptic_MBDesign.pdf,PARTIALLY_VERIFIED,W1-N,2026-08-22,"Fees, deadlines and admission criteria not published on the pages opened this session - must be confirmed on the UPC master admissions portal. One of the five specialties is Industrial Design Engineering, so engineer intake is normal, but this is not stated as an explicit rule.","A public-university OFFICIAL master in design innovation and technology at roughly one third of Dutch non-EU fees - the strongest funding-first Spanish option found on this path. The Design, Innovation and Technology specialty is English-taught, and a 60-ECTS thesis year lets an engineer build and document a music-hardware or music-software product."
N-159,"N,AD",Master Media Innovation,MA (NVAO-accredited),Breda University of Applied Sciences (BUas),University of applied sciences (hogeschool),Breda,Netherlands,single_site,English,TBC - no scores published on the programme page,12,60,17250,"Institutional tuition fee for non-EU students 2026-2027 = EUR 17.250; statutory EEA fee EUR 2.694. Note: Creative Business, Creative Media and Game Technologies and Applied Data Science & AI carry a HIGHER 'small-scale and intensive' rate - Media Innovation is not listed among them.",likely - programme page shows 1 September 2026 start; 2027 intake TBC,TBC,15 August (apply before 1 July recommended),2026-2027 cycle - 2027 TBC,"Verbatim: 'You are eligible if you hold a bachelor's degree (or equivalent) in the field of Business Administration, Media Studies, Communication Studies, IT, or another media-related field.' Page adds it is 'suitable for graduates and beginners from a wide range of fields' with 'no technical or programming background required'.",yes_explicit,no,TBC,"Holland Scholarship (institution-level, TBC for this programme)",none_found,TBC,https://www.buas.nl/en/programmes/master-media-innovation,https://www.buas.nl/en/programmes/master-media-innovation,https://www.buas.nl/en/programmes/master-media-innovation/study-costs,https://www.buas.nl/en/programmes/master-media-innovation|https://www.buas.nl/en/programmes/master-media-innovation/study-costs|https://www.buas.nl/en/programmes/executive-master-media-innovation,VERIFIED,W1-AD,2026-08-22,"EUR 17.250/yr non-EU with no programme-specific scholarship found - funding-first client would need external funding. Breda is a small city far from the Amsterdam/Rotterdam media cluster. Applied-sciences (HBO) master, not a research master - limits later PhD routes. || The quoted EUR 2,694 is the statutory fee, NOT what a Tunisian national pays - the institutional non-EEA rate must be confirmed before this row is used for budgeting. Breda is outside the priority Amsterdam/Utrecht cluster. || MERGE: path agents disagreed on verification status (PARTIALLY_VERIFIED, VERIFIED) - Wave 3 to adjudicate","STRONGEST ADMISSIBILITY MATCH IN THE WHOLE PATH: 'IT' is named outright as an eligible bachelor field, so a software-engineering diploma is explicitly in scope - the opposite of the Erasmus/RUG/Radboud discipline gates. Curriculum: media business models, IP management, strategy, innovation, entrepreneurship, consumer behaviour 'with particular emphasis on ... the media and entertainment industry'; industry partners include Banijay Productions and Samsung. 300 ECTS vastly exceeds any credit bar. Executive variant exists for 3-5 years' experience - not applicable to a fresh graduate."
R-160,R,Veranstaltungstechnik und -management (Event Technology and Management),Master of Engineering (M.Eng.),Berliner Hochschule fuer Technik (BHT) - formerly Beuth Hochschule,public university of applied sciences (Fachhochschule),Berlin,Germany,single_site,German,none stated; German-taught. German proficiency proof required for foreign qualifications - level TBC,18,90,0,No tuition fees at Berlin public universities; only the Semesterbeitrag (semester contribution) applies - amount TBC on pages opened,no,TBC,TBC for Sommersemester. BHT master deadlines published for Wintersemester 2026/27: 04.05.2026-15.06.2026 (restricted) and 04.05.2026-15.09.2026 (admission-free). This programme starts only in Sommersemester and its window was not published on the pages opened.,2026 cycle - 2027 TBC,Assumes knowledge as taught in BHT's own Bachelor Theater- und Veranstaltungstechnik und -management. Bachelor graduates from other institutions holding fewer than 210 credits must complete additional modules before applying for the thesis. Kein NC (no admission restriction).,unclear,no,TBC,TBC,none_found,TBC,https://www.bht-berlin.de/m-vtm,https://www.bht-berlin.de/bewerbung,TBC,https://www.bht-berlin.de/m-vtm|https://studiengang.bht-berlin.de/veranstaltungstechnik/|https://www.bht-berlin.de/bewerbung|https://www.bht-berlin.de/termine,PARTIALLY_VERIFIED,W1-R,2026-08-22,"Accredited (page states Akkreditierung: Ja) M.Eng. at a staatlich anerkannt public Hochschule - a REAL master's degree, best-in-class for the visa. BUT: SUMMER-SEMESTER-ONLY INTAKE - a September 2027 start is impossible; nearest starts are Sommersemester 2027 (approx. March 2027) or Sommersemester 2028. German language of instruction. Admission is subject-specific and expects a theatre/event-technology bachelor; a generalist software-engineering diploma may require bridging modules or be refused. Summer-semester deadline not published on pages opened.","masters_degree - THE strongest genuine fit on this path anywhere in scope: a full engineering master's in event and theatre technology (rigging, stage machinery, event electrics, sound and lighting systems, safety, production management) at a public German university of applied sciences, tuition-free. Client's 300-ECTS engineering diploma far exceeds the 210-credit threshold mentioned, so the additional-modules clause on credit volume should not bite - the risk is subject match, not credit volume. Intake timing conflicts with the September 2027 target: raise with BHT directly."
R-161,R,"Design & Technologie - Technische Productie / Sound Design (Design & Technology, Academy of Theatre and Dance)",HBO Bachelor (NVAO-accredited); an Associate degree (AD) route in Technical Production also sits in this department,Amsterdamse Hogeschool voor de Kunsten (AHK) - Academie voor Theater en Dans,university of applied sciences / arts academy,Amsterdam,Netherlands,single_site,English and Dutch,TBC - not published on the pages opened,48,240,TBC,Institutional (non-EU) fee not published on the pages opened - see the programme's Costs page,TBC,TBC,TBC,TBC,"Not published on the pages opened; admission and selection handled separately. Graduation majors are lighting design, sound design and technical production. AHK states this is the only programme in this specialist field at HBO level in the Netherlands.",yes_explicit,likely - arts-academy selection procedure,TBC,TBC,none_found,TBC,https://www.atd.ahk.nl/en/theatre-programmes/design-technologie/,https://www.atd.ahk.nl/en/theatre-programmes/design-technology-technical-production-ad/design-technology-bachelor/,TBC,https://www.atd.ahk.nl/en/theatre-programmes/design-technologie/|https://www.atd.ahk.nl/en/theatre-programmes/design-technologie/study-programme/technical-production/|https://www.atd.ahk.nl/en/study-programmes/|https://www.atd.ahk.nl/en/theatre-programmes/das-theatre,PARTIALLY_VERIFIED,W1-R,2026-08-22,"THIS IS A BACHELOR, NOT A MASTER'S - logged deliberately to record the ceiling of Dutch provision. AHK's master's education is bundled in the DAS Graduate School (DAS Theatre, DAS Choreography and similar), which is artistic-research based; there is NO technical-theatre or sound-technology master at AHK. Enrolling would repeat undergraduate level and would not serve a September 2027 master's goal. Fees, deadlines and English requirements were not published on the pages opened.","ENTRY IS BELOW DEGREE LEVEL (original value: ""n/a - this is itself a bachelor"") - the client is over-qualified on paper; the caveat is the award, not his eligibility. bachelor_only - the highest-level theatre/live sound technology provision in the Netherlands, with a genuine sound design major and a technical production major. Its existence at bachelor level, with nothing above it, is the key structural finding for the Netherlands on this path."
R-162,R,Allround Podium- en Evenemententechnicus (Allround Stage and Event Technician),"MBO niveau 4 diploma (Dutch senior secondary vocational qualification, EQF 4)",Herman Brood Academie (part of MBO Utrecht),vocational college (MBO),Utrecht,Netherlands,single_site,Dutch,not applicable - Dutch-taught,36,0 (MBO does not use ECTS),TBC,Statutory lesgeld applies to students aged 18+ on 1 August; approx. EUR 220 for books plus a laptop and a student travel card. Non-EU fee status not addressed on the page.,TBC,1 October,1 May,published as an annual window - 2027 TBC,"VMBO diploma (kader, GL, TL or mavo), or a pass from havo year 3 to year 4, or an MBO level 2/3 diploma. Core subjects include Live Geluid Techniek (live sound technology) alongside lighting and video.",yes_explicit,TBC,no,none found,none_found,n/a - no scholarship,https://hermanbroodacademie.nl/opleiding/allround-podium-en-evenemententechnicus/,https://hermanbroodacademie.nl/opleiding/allround-podium-en-evenemententechnicus/,TBC,https://hermanbroodacademie.nl/opleiding/allround-podium-en-evenemententechnicus/,PARTIALLY_VERIFIED,W1-R,2026-08-22,"MBO NIVEAU 4 IS SECONDARY VOCATIONAL EDUCATION - below bachelor level and dramatically below the client's 300-ECTS engineering diploma. Entry requirements are pre-university (VMBO/havo-3). Dutch-only instruction. MBO is generally a poor and sometimes ineligible basis for a non-EU study residence permit compared with HBO/WO. Logged to document the level at which the Netherlands actually teaches this subject, NOT as a recommendation.","ENTRY IS BELOW DEGREE LEVEL (original value: ""n/a - entry requirements are pre-university"") - the client is over-qualified on paper; the caveat is the award, not his eligibility. vocational - representative of the whole Dutch podium- en evenemententechniek landscape (identical niveau-4 programmes at Deltion, ROC Midden Nederland, ROC van Amsterdam, Albeda, Noorderpoort, SintLucas). The Netherlands trains stage and event technicians at MBO level; there is no Dutch master's in the subject."
R-163,R,Tecnico Superior en Sonido para Audiovisuales y Espectaculos (Higher Technician in Sound for Audiovisuals and Live Events),"Tecnico Superior - CFGS, official LOE title, 120 ECTS","CEV - Escuela Superior de Comunicacion, Imagen y Sonido",private school delivering official state vocational qualifications,Barcelona (also Madrid),Spain,single_site,Spanish,not required,24,120,TBC,"Price not disclosed on the CEV page; 2,000 hours over two years",TBC,TBC,TBC - September 2026 start published,2026 cycle - 2027 TBC,"Bachillerato, or a Tecnico (FP Grado Medio) title, or the prueba de acceso a CFGS (min. age 19), or COU/university studies. Modules include Control de sonido en directo and Electroacustica (year 1) and Ajustes de sistemas de sonorizacion (year 2), plus workplace training and a final sound project.",yes_explicit,no,TBC,TBC,none_found,TBC,https://www.cev.com/tecnico-superior-en-sonido-para-audiovisuales-y-espectaculos-barcelona/,https://www.cev.com/tecnico-superior-en-sonido-para-audiovisuales-y-espectaculos/,TBC,https://www.cev.com/tecnico-superior-en-sonido-para-audiovisuales-y-espectaculos-barcelona/|https://www.cev.com/tecnico-superior-en-sonido-para-audiovisuales-y-espectaculos/|https://www.cev.com/tecnico-superior-en-sonido-para-audiovisuales-y-espectaculos-semipresencial/,PARTIALLY_VERIFIED,W1-R,2026-08-22,"VOCATIONAL, BELOW DEGREE LEVEL. The LOE Tecnico Superior is an official state title carrying 120 ECTS of vocational credit, but it is EQF 5 - a step DOWN from the client's engineering diploma, and it is not a master's. Delivered by a private school, so fees are commercial and unpublished. Would not advance a funding-first master's strategy.","ENTRY IS BELOW DEGREE LEVEL (original value: ""n/a - entry is at post-secondary level"") - the client is over-qualified on paper; the caveat is the award, not his eligibility. vocational - content is squarely on-path (live sound control, electroacoustics, PA system alignment; graduates listed as tecnico de sistemas de sonido and tecnico de sonido para PA) and it exists in both Barcelona and Madrid. This is the standard Spanish state qualification for live-sound work and confirms the field is taught at FP, not master's, level in Spain."
R-164,R,Sonoritzacio per a les Arts Esceniques (Sound for the Performing Arts) - CFGS in Tecniques de les Arts de l'Espectacle,"Tecnic Superior - CFGS (official Spanish higher vocational qualification, EQF level 5)","ESTAE - Escola Superior de Tecniques de les Arts de l'Espectacle, Institut del Teatre (with Universitat Politecnica de Catalunya)",public higher vocational school within a performing-arts institute,Terrassa (Barcelona),Spain,single_site,Catalan,not required,24,"TBC (2,000 taught hours: 1,260 in-centre teaching, 360 in-centre practice, 380 external placement)",TBC,Not disclosed on the page opened,TBC,TBC,TBC - see Institut del Teatre proves d'acces calendar,2025-26 restructuring confirmed - 2027 TBC,"Minimum age 18; Batxillerat in any modality or equivalent (applicants 19+ without formal qualifications via preparatory route). Compulsory entrance exam held on site in Terrassa. From 2025-26 the school awards the state CFGS Tecnic Superior in three specialities (stage lighting, stage machinery, sound for the performing arts); previously it awarded its own Institut del Teatre / Fundacio Politecnica de Catalunya title.",yes_explicit,no - but an entrance exam is compulsory and must be sat in Terrassa,TBC,TBC,none_found,TBC,https://www.institutdelteatre.cat/ca/estudis/futursestudiants/estae-luminotecnia-maquinaria-escpenica-i-so,https://www.institutdelteatre.cat/ca/estudis/provesacces,TBC,https://www.institutdelteatre.cat/ca/estudis/futursestudiants/estae-luminotecnia-maquinaria-escpenica-i-so|https://www.institutdelteatre.cat/ca/escoles/estae/normativa|https://www.diba.cat/documents/553295/7153783/Presentaci%C3%B3%20ESTAE.pdf,PARTIALLY_VERIFIED,W1-R,2026-08-22,"VOCATIONAL, BELOW DEGREE LEVEL. A CFGS is an official Spanish qualification but sits at EQF 5 - below a bachelor and far below the client's 300-ECTS engineering diploma. Taking it would be a downward move academically, gives no master's credential, and while FP does support a Spanish student visa it does not build toward a European master's. Catalan-language; compulsory on-site entrance exam in Terrassa is a real obstacle for an applicant abroad.","ENTRY IS BELOW DEGREE LEVEL (original value: ""n/a - entry is at post-secondary level"") - the client is over-qualified on paper; the caveat is the award, not his eligibility. vocational - the most genuinely on-path live-sound training in Spain by content (sound and acoustics for live performance, sound control during concerts and events, taught with UPC and industry professionals). Logged so the client sees the actual shape of Spanish provision: the country trains live-sound engineers at vocational level, not at master's level."
R-165,R,Curso de especializacion en Sonorizacion de espectaculos en vivo (Specialisation course in Live Show Sound Reinforcement),Private school certificate (Microfusa own certificate),Escuela Microfusa,private academy,Barcelona (also Madrid),Spain,single_site,Spanish,not required,3,"0 (11 weeks, part-time)",1240,"EUR 1,240 paid in advance, or EUR 1,296 in monthly instalments - total course price, not per year",TBC,TBC,TBC - cohorts start 7 April 2026 (Barcelona) and 6 April 2026 (Madrid),2026 cycle - 2027 TBC,Minimum age 16; must have completed Microfusa's Curso de Sonido Profesional or pass an entrance test. In-person with virtual learning support; Barcelona timetable Tue 10:00-13:00 and Thu 10:00-15:00.,yes_explicit,no,no,none found,none_found,n/a - no scholarship,https://microfusa.com/products/sonorizacion-de-espectaculos-en-vivo,https://microfusa.com/products/sonorizacion-de-espectaculos-en-vivo,TBC,https://microfusa.com/products/sonorizacion-de-espectaculos-en-vivo|https://escuela.microfusa.com/cursos-de-sonido|https://escuela.microfusa.com/barcelona,VERIFIED,W1-R,2026-08-22,"NOT A DEGREE and not even a full-time programme: 11 weeks, two part-days a week, private certificate with no ECTS and no official recognition. Cannot support a student visa. Requires a Microfusa prerequisite course or an entrance test, so it is not directly enterable.","ENTRY IS BELOW DEGREE LEVEL (original value: ""n/a - no degree requirement"") - the client is over-qualified on paper; the caveat is the award, not his eligibility. certificate - included because Microfusa is named in the search floor and is Barcelona's best-known live-sound school; the honest finding is that its live-sound offer tops out at an 11-week specialisation, far below master's level. Useful only as paid skills training alongside a real degree elsewhere in Barcelona."
R-166,R,Postgrau en Escena i Tecnologia Digital (Postgraduate in Stage and Digital Technology),Postgrau propi (own postgraduate diploma) of the Institut del Teatre,Institut del Teatre (Diputacio de Barcelona),public performing-arts institute / conservatory,Barcelona,Spain,single_site,Catalan,not required,TBC,TBC,TBC,Not published on the page opened,TBC,TBC,16 July 2026 for the 2026-27 intake,2026 cycle - 2027 TBC,"Not detailed on the page opened; enquiries to postgraus@institutdelteatre.cat. Focus on the expressive value of digital tools from the perspective of the live arts, delivered with performance-creation centres.",unclear,unclear - likely for an arts postgraduate,TBC,TBC,none_found,TBC,https://www.institutdelteatre.cat/ca/estudis/oferta/masterspostgraus/postgrau-escenificacio-i-tecnologia-digital,https://www.institutdelteatre.cat/ca/estudis/oferta/masterspostgraus,TBC,https://www.institutdelteatre.cat/ca/estudis/oferta|https://www.institutdelteatre.cat/ca/estudis/oferta/masterspostgraus/postgrau-escenificacio-i-tecnologia-digital,PARTIALLY_VERIFIED,W1-R,2026-08-22,"A POSTGRAU PROPI, not a titulo oficial - no RUCT registration found, so it does not carry official master's status for funding or for the Tunisian visa (short postgraduate diplomas are also often below the hours threshold for a long-stay student visa). Taught in Catalan. Institut del Teatre's only official master is the Master Universitari en Estudis Teatrals (theatre studies - academic, not technical). ECTS, duration and price all unpublished on the page opened.","postgraduate_diploma - the technology-facing postgraduate at Spain's leading public theatre institution, but the framing is artistic/scenographic (digital tools in live performance) rather than sound-system or event-systems engineering. Logged for completeness of the Barcelona stage-technology landscape; weak against a funding-first, degree-first strategy."
R-167,R,Master en Sistemas de Sonido Directo (Master in Live Sound Systems),Private school certificate ('master' used as a marketing title; no university validation stated),Trade Formacion (in partnership with Fluge Audiovisuales),private vocational training centre,Madrid,Spain,single_site,Spanish,not required,5,0 (500 taught hours),TBC,Price not published on the page; enquiry form only,TBC,TBC,TBC - cohort starts 5 October 2026,2026 cycle - 2027 TBC,Not published on the page. One-month internship with Fluge Audiovisuales included.,unclear,no,no,none found,none_found,n/a - no scholarship,https://tradeformacion.es/master-sistemas-sonido-directo/,https://tradeformacion.es/master-sistemas-sonido-directo/,TBC,https://tradeformacion.es/master-sistemas-sonido-directo/,PARTIALLY_VERIFIED,W1-R,2026-08-22,"NOT AN ACCREDITED DEGREE. No titulo oficial, no titulo propio universitario, no ECTS, no NVAO/RUCT/staatlich-anerkannt equivalent - a private certificate only. A 5-month, 500-hour private course will NOT support a Tunisian long-stay student visa as higher education and attracts no scholarship. Price undisclosed.","certificate - CONTENT-wise this is the single most precisely on-target programme found anywhere in scope: RF and microphone systems (Shure, Sennheiser), Dante audio networking, DiGiCo/Yamaha consoles, FOH and monitor mixing, PA/line-array system configuration on Meyer Sound, L-Acoustics and DAS Audio, plus a placement with a major Spanish touring supplier. Logged so the client can see what real live-sound-systems training looks like - but as a credential it is worth nothing for the visa or funding strategy. Possible as a post-master add-on, not as the master's."
R-168,R,Experto en Luz y Sonido (Expert in Light and Sound),Titulo de Experto issued by Universidad San Jorge - NOT an official master (not a titulo oficial); a university-issued non-degree expert certificate,Universidad San Jorge / CPA Online Formacion Audiovisual (associated centre),private university (associated training centre),Zaragoza (delivered online/distance),Spain,single_site,Spanish,not required,TBC,TBC (approx 625 contact hours per aggregator listings - UNCONFIRMED),TBC,Price not published on any reachable official page,TBC,TBC,TBC,no official cycle data reachable,"A university degree or equivalent, per aggregator listings only - NOT confirmed on an official page",unclear,no,TBC,TBC,none_found,unclear,https://www.usj.es/estudios/centros-asociados/cpa-formacion,TBC,TBC,https://www.usj.es/estudios/centros-asociados/cpa-formacion,UNVERIFIED,orchestrator,2026-08-22,"NOT VERIFIED ON AN OFFICIAL PAGE - usj.es sits behind Cloudflare and returned HTTP 403 to both WebFetch and a direct browser-agent curl on 2026-08-22, so every field here comes from aggregator listings and none of it is confirmed. Award is an Experto (non-degree), NOT a titulo oficial and not in RUCT. Delivered ONLINE/distance, which cannot support a Tunisian student visa. Included only so the lead is not silently dropped.","certificate. Logged for completeness as the one lead W1-R could not reach. On the evidence available this is not a master s degree, is online-only, and is therefore not visa-viable - it should be treated as out of contention unless a future run reaches the official page and contradicts this."
