scholarship_id,name,funder,block,amount_detail,covers,tunisian_eligible,eligibility_verbatim,exclusion_clause_verbatim,deadline_2027_intake,application_url,path_codes,notes,sources
emjm-umbrella,Erasmus Mundus Joint Masters (EMJM) student scholarship — umbrella rules,European Commission / EACEA (Erasmus+ Key Action 2),EU-level,"Unit contribution of EUR 1,400/month x DS (duration of the Master in months). Programme Guide formula quoted verbatim: ""1 400 Euros/month x DS"". For a 24-month EMJM that is EUR 33,600 total; 18 months = EUR 25,200; 12 months = EUR 16,800. NOTE — under the post-2021 EMJM design this single monthly unit REPLACED the old EMJMD three-part split (participation costs / travel+installation / subsistence). The Programme Guide states the amount ""shall cover travel, visa, installation and subsistence costs"" as one lump. There is NO separately published Partner-Country uplift in the 2021+ EMJM rules — the EUR 1,400/month is the same regardless of nationality. Individual consortia may still publish their own internal breakdown (e.g. EUR 1,275/month subsistence + separate travel/installation), which is a consortium presentation choice, not an EC rule.","No tuition/participation fees for scholarship holders (""projects cannot charge tuition fees or other mandatory costs related to student participation in the course to Erasmus Mundus scholarship holders""); no application fee; plus EUR 1,400/month covering travel, visa, installation and subsistence.",YES,"""EMJM scholarships can be offered to students from all over the world. However, consortia should ensure geographical balance – i.e. no more than 10% of the total number of scholarships awarded during project implementation should be awarded to candidates from the same nationality."" Students must be ""enrolled at Master level who have obtained a first higher education degree or demonstrate a recognised equivalent level of learning.""","No nationality exclusion found. The only nationality-linked constraint quoted in the Programme Guide is the geographical-balance cap: ""no more than 10% of the total number of scholarships awarded during project implementation should be awarded to candidates from the same nationality."" (Tunisia is not a high-volume EMJM nationality, so this cap is unlikely to bind.)","Set per consortium, not centrally. EMJM calls for an autumn intake typically close between October and February of the PRECEDING academic year — i.e. for a September 2027 start, expect deadlines roughly Oct 2026 – Feb 2027. NOT FOUND as a central date; must be checked per programme.",https://www.eacea.ec.europa.eu/scholarships/erasmus-mundus-catalogue_en,A | B | C | AA | AB | AC | X,"CRITICAL CORRECTION TO THE WORKING ASSUMPTION: the belief that Partner-Country status INCREASES the EMJM award is true of the OLD Erasmus Mundus Joint Master Degrees (EMJMD, 2014-2020 calls), where participation-cost caps were EUR 9,000/yr for Programme Country vs EUR 25,000/yr for Partner Country students and travel/installation was EUR 1,000 vs EUR 3,000. Under the current EMJM design (2021+ calls, which is what a Sept 2027 intake will be) the grant is a flat EUR 1,400/month for everyone. Tunisian status is therefore neutral on the money, not favourable — but it is fully eligible. Second point: Tunisia is a ""third country not associated to the Programme"" (Region 3, South-Mediterranean). Being in that category is what makes a Tunisian applicant a normal, welcome EMJM candidate rather than one competing inside an EU quota. Third point: a Tunisian applicant with NO prior EU residency is exactly the profile EMJM targets; the only residency-linked rule some consortia apply is a mobility rule (you cannot do your mobility in the country where you obtained your first degree) — irrelevant here.","{""field"": ""scholarship amount, coverage, eligibility, no-tuition rule"", ""url"": ""https://erasmus-plus.ec.europa.eu/programme-guide/part-b/key-action-2/erasmus-mundus-action"", ""accessed"": ""2026-08-25""} | {""field"": ""catalogue of EMJM programmes (220 projects, filterable by country/university/field)"", ""url"": ""https://www.eacea.ec.europa.eu/scholarships/erasmus-mundus-catalogue_en"", ""accessed"": ""2026-08-25""}"
emjm-resound,ReSound — Erasmus Mundus Joint Master of Arts in Sound Design for Media Arts,European Commission / EACEA (Erasmus+ EMJM) — consortium: IADT / Universidade Lusofona / LMTA,EU-level,"""no tuition fees and receive a scholarship of 1,400 EUR per month"" (consortium wording). 24-month programme => EUR 33,600 over the course. Non-scholarship students pay EUR 15,000 total participation costs (EUR 7,500 before semester 1 + EUR 7,500 before semester 3).","Full participation-cost waiver (EUR 15,000) + EUR 1,400/month; consortium states the scholarship covers ""travel, visa and a living allowance"". Estimated living costs 600-1,000 EUR/month not additionally funded.",YES,"""open to both European and non-European students"" (ReSound application page). Entry requires a bachelor degree in sound, music, film or media studies; English proficiency minimum IELTS 6.0 or equivalent.",NOT FOUND — no nationality or residency exclusion stated on the application page.,"NOT FOUND. The 2026 cycle is closed (""Applications for ReSound 2026 have now closed.""). The 2026-intake window ran 20 October 2025 to 20 January 2026, extended to 27 January 2026 (figures surfaced by search of the FilmEU/IADT announcements, NOT verified on a primary page). Expect the Sept-2027 intake call to open around October 2026 and close around late January 2027 — TREAT AS PATTERN, NOT AS A PUBLISHED DATE.",https://resound-ma.eu/application/,A,"VERIFIED AS REAL but the wave-2 lead was over-sold: ReSound has NO Spanish node. Consortium is IADT (Dun Laoghaire, Ireland), Universidade Lusofona (Lisbon, Portugal) and the Lithuanian Academy of Music and Theatre (Vilnius) — the three FilmEU alliance members. It is nonetheless the single most on-target EMJM for path A (Sound Design) in the whole catalogue and is fully open to a Tunisian citizen. Max 24 places per year (""A maximum of 24 places are offered at ReSound each year""). CAVEAT FOR THIS CANDIDATE: entry is specified as a bachelor in sound, music, film or media studies — a Software Engineering degree is not on that list, so admission would depend on the consortium accepting a portfolio/practice-based equivalence. This is an arts master (MA), not an engineering one. Language of instruction not explicitly stated on the page; English proficiency is mandatory, implying English.","{""field"": ""consortium partners, cohort size, tuition, scholarship amount, eligibility, 2026 closure"", ""url"": ""https://resound-ma.eu/application/"", ""accessed"": ""2026-08-25""} | {""field"": ""programme overview, partner list"", ""url"": ""https://resound-ma.eu/"", ""accessed"": ""2026-08-25""}"
emjm-emai-upf,EMAI — Erasmus Mundus Joint Master in Artificial Intelligence,European Commission / EACEA (Erasmus+ EMJM); coordinated by Universitat Pompeu Fabra,EU-level,"Erasmus Mundus Scholarship (EMS): full tuition waiver + approx. EUR 1,400/month stipend + travel support, for up to 24 months (=> approx. EUR 33,600 stipend over the programme). A second, lesser instrument exists: a Tuition Fee Waiver (TFW) with NO stipend, applied for in a separate round. AMOUNT NOT VERIFIED ON PRIMARY PAGE — upf.edu returns HTTP 403 to automated fetch.","EMS: participation costs/tuition + monthly subsistence + travel. TFW: tuition only, no living stipend.",YES,"NOT FOUND verbatim on the primary page (upf.edu returns 403). The governing rule is the EMJM Programme Guide text: ""EMJM scholarships can be offered to students from all over the world."" UPF describes its round 3 as open to ""worldwide self-funded candidates"" and round 4 as ""exclusively for EU self-funded candidates"", which confirms non-EU applicants are handled as a normal category and are in fact the target of the EARLIEST (scholarship) round.","NOT FOUND. Note the inverse-direction clause that DOES exist: the fourth application period is ""exclusively for EU self-funded candidates"" — i.e. the only nationality-restricted round excludes non-EU applicants from a LATE self-funded round, not from the scholarship.",NOT FOUND for the Sept-2027 intake. The published 2026-intake calendar (four rounds) was: 1st period 15/11/2025 - 20/12/2025 23:59 CET for Erasmus Mundus Scholarship (EMS) candidates; 2nd period 21/12/2025 - 18/03/2026 23:59 CET for Tuition Fee Waiver candidates; 3rd period 19/03/2026 - 05/06/2026 23:59 CEST for worldwide self-funded candidates; 4th period 06/06/2026 - 06/07/2026 23:59 CEST exclusively for EU self-funded candidates. THE SCHOLARSHIP ROUND CLOSES IN DECEMBER — for a September 2027 start expect it to open mid-November 2026 and close around 20 December 2026. This is the single earliest deadline found in this block and is the classic way to miss EMAI by a year.,https://www.upf.edu/web/emai/access-admission,AA | B,"RUCT 4318493, estado ""Publicado en B.O.E."", active — official Master Universitario, confirmed from output/ruct-backbone.jsonl. Full consortium per RUCT title: Universidad Pompeu Fabra; Radboud Universiteit Nijmegen (Netherlands); Universita degli Studi di Roma ""La Sapienza"" (Italy); Univerza v Ljubljani (Slovenia). UPF COORDINATES. 15 full Erasmus Mundus Scholarships were allocated for the 2025-2026 edition (search-index figure, not verified on the primary page). SOURCE ACCESS WARNING: ""search index — page returns 403, not directly fetched"" applies to the deadline calendar, the scholarship count and the amount. NEEDS A HUMAN TO OPEN https://www.upf.edu/web/emai/access-admission IN A NORMAL BROWSER. Relevance to this candidate: strongest AA/B fit with a Spanish node, in Barcelona, taught in English, and the Music Technology Group is at UPF (though EMAI is not an MTG programme).","{""field"": ""official status, RUCT code, consortium members"", ""url"": ""https://www.educacion.gob.es/ruct/estudio.action?codigoCiclo=SC&codigoTipo=M&CodigoEstudio=4318493&actual=estudios"", ""accessed"": ""2026-08-25""} | {""field"": ""application periods, scholarship count, amount — SEARCH INDEX ONLY, page returns 403"", ""url"": ""https://www.upf.edu/web/emai/access-admission"", ""accessed"": ""2026-08-25""} | {""field"": ""EMJM scholarship rules and eligibility"", ""url"": ""https://erasmus-plus.ec.europa.eu/programme-guide/part-b/key-action-2/erasmus-mundus-action"", ""accessed"": ""2026-08-25""}"
emjm-ipcvai-uam,IPCVai — Erasmus Mundus Joint Master in Artificial Intelligence for Image Processing and Computer Vision,European Commission / EACEA (Erasmus+ EMJM); coordinated by Universite de Bordeaux,EU-level,"Full scholarship: EUR 1,400 per month for the full 2-year duration (=> EUR 33,600), plus full waiver of participation costs. Consortium wording: scholarships are ""full scholarships, providing EUR 1,400 per month for the entire two-year duration of the programme"" and ""the scholarship also covers the participation costs of the programme, meaning all tuition and administrative fees are fully paid"". Separately, ""half-fee waivers for self-funded students"" are available. Also noted: all students may apply to PPKE for Erasmus+ top-up funding for the Madrid semester at a current rate of EUR 520/month.","Tuition + all administrative fees + EUR 1,400/month for living, accommodation, travel and materials.",YES,"""Students must be able to finance their study and living expenses, either by EU scholarships, non-EU scholarships or other funding resources."" Entry: a bachelor degree (180 ECTS) in computer science, engineering, mathematics or physics; English B2 (IELTS 6.5 / TOEFL 90). No nationality restriction stated. Scholarships ""will be awarded to a select group of candidates with the highest scores from both the written and oral assessments during the selection process.""",NOT FOUND — no nationality or residency exclusion appears on ipcv.eu.,"NOT FOUND. Only the self-funding call is currently published: ""9 March - 7 April, 2026 (at noon - Paris time)"". The Erasmus Mundus SCHOLARSHIP round is not currently listed on the site; a previous cycle used 4 February 2024, 23:55 CET. PATTERN: scholarship round closes early February of the year of entry. For a September 2027 start expect a deadline around early February 2027 — NOT A PUBLISHED DATE, must be re-checked from October 2026.",https://ipcv.eu/application-and-selection/apply-now/,AA,"RUCT 3500514, estado ""Publicado en B.O.E."", active. Consortium: Pazmany Peter Catholic University Budapest (semester 1), Universidad Autonoma de Madrid (semester 2), Universite de Bordeaux (semester 3). UAM is a PARTNER, not the coordinator — the application goes through Bordeaux (portal https://emundus-ipcv.u-bordeaux.fr, contact application-ipcv@u-bordeaux.fr). Fully taught in English (""Fully taught in English""). Entry bar is 180 ECTS, so a 300-ECTS Software Engineering degree clears it comfortably. WARNING for path fit: this is computer vision / image processing, not audio — it is AA only, no A/B/C content. Participation-fee amounts for EU vs non-EU self-funded students NOT FOUND on the site.","{""field"": ""consortium, coordinator, language, application portal"", ""url"": ""https://ipcv.eu/"", ""accessed"": ""2026-08-25""} | {""field"": ""self-funding deadline 9 March - 7 April 2026"", ""url"": ""https://ipcv.eu/application-and-selection/application/"", ""accessed"": ""2026-08-25""} | {""field"": ""scholarship amount EUR 1,400/month, coverage, entry requirements, PPKE Erasmus+ top-up"", ""url"": ""https://ipcv.eu/about-ipcv-program-2/costs-and-funding-2/scholarships/"", ""accessed"": ""2026-08-25""} | {""field"": ""official status, RUCT code"", ""url"": ""https://www.educacion.gob.es/ruct/estudio.action?codigoCiclo=SC&codigoTipo=M&CodigoEstudio=3500514&actual=estudios"", ""accessed"": ""2026-08-25""}"
emjm-waves-upv,"WAVES — Erasmus Mundus Master in Waves, Acoustics, Vibrations, Engineering and Sound",European Commission / EACEA (Erasmus+ EMJM); consortium Coimbra / UPV Gandia / Aix-Marseille / Centrale Mediterranee,EU-level,"NOT FOUND — no scholarship amount is published on master-waves.eu or the UPV programme page. If a scholarship round reopens it would be the standard EMJM EUR 1,400/month + participation-cost waiver. Do not assume it will reopen (see deadline field).",NOT FOUND on primary pages.,CONDITIONAL,"NOT FOUND — no nationality or residency eligibility text is published on master-waves.eu (the application platform is down) or on the UPV page. The blocker here is not nationality, it is whether the programme recruits at all.",NOT FOUND,"BLOCKED / CONFLICT. master-waves.eu states (as of 1 October 2025) that following the decision not to open recruitment for a 2026-2028 cohort, ""The application platform is therefore unavailable"". The UPV programme page simultaneously advertises ""Course start: September of 2026 (course 26-27)"" with pre-registration phases from November 2025 to September 2026, while listing offered places as ""Not avaliable (course 26-27)"" and the title as ""Title in the process of renewal"". CONFLICT LOGGED — both values recorded. NO September-2027 date is published anywhere. A human must contact the consortium directly before counting on this route.",https://application.master-waves.eu/,A | C,"THE HIGHEST PATH-FIT EMJM WITH A SPANISH NODE FOR THIS CANDIDATE (acoustics + sound, path A and C, Gandia is UPVs audio/sound campus) — AND ALSO THE MOST AT-RISK. RUCT 4317455, estado ""Publicado en B.O.E."", active in the backbone; UPV separately cites registration number 2289 in the Registro de Universidades. Consortium: Universidade de Coimbra (semester 1, structural dynamics + building acoustics), UPV Gandia (semester 2), Aix-Marseille Universite (semester 3, Marseille, environmental acoustics), Centrale Mediterranee / Ecole Centrale de Marseille; semester 4 is a worldwide internship + thesis. Language: English (UPV states ""English"", no language requirement). UPV fee data, useful if it runs self-funded: 39.27 EUR/credit x 120 ECTS = EUR 4,712.40 total (2026-27 rates), and UPV publishes THE SAME price for Type 1 (national/EU/resident) and Type 2 (other international) students — i.e. NO non-EU surcharge on this title. BLOCKER: EMJM consortium funding runs in fixed multi-year editions; a consortium that skipped the 2026-2028 cohort has most likely reached the end of its EC grant, which usually means the Sept-2027 intake is either self-funded or does not exist. Treat WAVES as unfunded until the consortium says otherwise.","{""field"": ""consortium members, semester structure, no 2026-2028 cohort, platform unavailable"", ""url"": ""https://master-waves.eu/"", ""accessed"": ""2026-08-25""} | {""field"": ""language, fees 39.27 EUR/credit, no non-EU surcharge, places not available 26-27, title in renewal, registro 2289"", ""url"": ""https://www.upv.es/estudios/master/muemwaves/en/home/"", ""accessed"": ""2026-08-25""} | {""field"": ""RUCT official status"", ""url"": ""https://www.educacion.gob.es/ruct/estudio.action?codigoCiclo=SC&codigoTipo=M&CodigoEstudio=4317455&actual=estudios"", ""accessed"": ""2026-08-25""}"
emjm-bdma-upc,BDMA — Erasmus Mundus Master in Big Data Management and Analytics,European Commission / EACEA (Erasmus+ EMJM) — FUNDING ENDED; coordinated by Universite Libre de Bruxelles,EU-level,"NO LONGER AWARDED. The consortium states the programme ""has finished the current funding from the European Commission"" and that ""there will NOT be an opening for"" Erasmus Mundus scholarships. Self-funded entry continues.","Nothing — no EMJM scholarship is on offer for upcoming intakes. Self-funded students pay participation fees (amounts NOT FOUND on the site; the page directs to a ""Tuition Fees & Scholarships"" section).",NO,"Programme entry (not scholarship): students need ""a Bachelor of Science (or a level equivalent to 180 ETCS) with major in Computer Science"" and English proficiency at B2 level or higher. ""The tuition language is English.""","""The BDMA Program has finished the current funding from the European Commission. Therefore, there will NOT be an opening for Erasmus Mundus scholarships."" — this is a funding termination, not a nationality exclusion. A Tunisian citizen remains eligible to ENROL self-funded; they cannot obtain the EMJM scholarship.","NOT FOUND on the primary site. Aggregator reporting suggests a self-funded application deadline in May 2027 for the 2027 intake — NOT VERIFIED ON bdma.ulb.ac.be, do not act on it. Applications run via the emundus platform.",https://bdma.ulb.ac.be/,AB | X,"RUCT 4317908 active (""Publicado en B.O.E.""); an older edition 4317203 is ""TITULACION A EXTINGUIR"" — consistent with a consortium winding through grant editions. Consortium: ULB (Belgium, COORDINATOR, semester 1), UPC Barcelona (semester 2), TU Eindhoven (Netherlands), CentraleSupelec (France), Universita degli Studi di Padova (Italy). RANK THIS LOW FOR A FUNDING-DRIVEN SEARCH: it is a strong AB programme but the money is gone. Wave 1 listed it as an EMJM target; that is now stale.","{""field"": ""EC funding ended, no Erasmus Mundus scholarship opening, consortium, coordinator, language, entry requirements"", ""url"": ""https://bdma.ulb.ac.be/"", ""accessed"": ""2026-08-25""} | {""field"": ""RUCT official status"", ""url"": ""https://www.educacion.gob.es/ruct/estudio.action?codigoCiclo=SC&codigoTipo=M&CodigoEstudio=4317908&actual=estudios"", ""accessed"": ""2026-08-25""}"
emjm-codas-upc,CoDaS — Erasmus Mundus Joint Master in Communications Engineering and Data Science,European Commission / EACEA (Erasmus+ EMJM); coordinated by Aalto University (Finland),EU-level,"The Erasmus Mundus scholarship covers the Programme fee (EUR 8,000 per academic year) for the normative duration of studies (two academic years) = EUR 16,000, PLUS EUR 1,400/month for subsistence for the duration of the programme, up to a maximum of 24 months = EUR 33,600. Total value approx. EUR 49,600.","Full programme fee (EUR 8,000/yr x 2) + EUR 1,400/month subsistence for up to 24 months.",YES,"""The programme fee for the CoDaS programme is 8000 EUR/academic year, and the fee is the same for all students of the programme regardless of their citizenship."" ""Applicants can apply for the available scholarships when they apply to the CoDaS programme. All applicants who have applied for the scholarships are considered for them."" Governing EMJM rule: ""EMJM scholarships can be offered to students from all over the world.""","""Students who have previously received an Erasmus Mundus Joint Master (EMJM) scholarship cannot apply for an additional scholarship through the EMJM programme"" and ""students already funded by an Erasmus Mundus Joint Masters (EMJM) are ineligible for further European Union scholarships throughout their entire master course."" No nationality exclusion.","PUBLISHED AND CONFIRMED: ""Open for applications from 1 Dec 2026 - 5 January 2027"" for the 2027 intake. THIS IS THE ONLY HARD SEPTEMBER-2027 EMJM DEADLINE FOUND IN THIS BLOCK. (For comparison, the 2026 intake ran 2 Dec 2025 - 12 Jan 2026.)",https://www.unite-codas-master.eu/admission.html,AB | C | AC,"RUCT 3500616, estado ""Publicado en B.O.E."", active. Consortium: Aalto University (Finland, COORDINATOR), UPC BarcelonaTech (Spain), Grenoble INP-UGA (France), Instituto Superior Tecnico Universidade de Lisboa (Portugal), TU Braunschweig (Germany). Part of the Unite! European University alliance. Structure: two years, 120 ECTS, one year at each of two partner universities; four possible home universities (Aalto, Tecnico Lisboa, TU Braunschweig, UPC Barcelona) and five possible hosts (those four plus Grenoble INP-UGA). Language: English (UPC states ""English"", face-to-face). UPC offers 10 new intake places. PRE-ENROLMENT IS DONE THROUGH AALTO, not UPC — ""Pre-enrollment must be completed through Aalto University (the coordinating institution)"", and UPC own page currently reads ""Pre-enrolment for this master degree is currently closed"", which is normal between rounds and is NOT evidence the programme is closing. Note the fee equality clause is unusually explicit and useful: no non-EU surcharge. PATH FIT: communications engineering + data science; contains signal-processing content (path C) and data science (AB), but no music/audio specialisation. BEST FUNDED, MOST CERTAIN EMJM OPTION WITH A SPANISH NODE FOR THIS CANDIDATE.","{""field"": ""2027 application window 1 Dec 2026 - 5 Jan 2027, consortium members"", ""url"": ""https://www.unite-codas-master.eu/"", ""accessed"": ""2026-08-25""} | {""field"": ""programme fee EUR 8,000/yr regardless of citizenship, scholarship = fee + EUR 1,400/month up to 24 months, prior-EMJM exclusion"", ""url"": ""https://www.unite-codas-master.eu/scholarship.html"", ""accessed"": ""2026-08-25""} | {""field"": ""UPC role, 10 places, language English, 120 ECTS, pre-enrolment via Aalto"", ""url"": ""https://www.upc.edu/en/masters/erasmus-mundus-communications-engineering-and-data-science-codas"", ""accessed"": ""2026-08-25""} | {""field"": ""RUCT official status"", ""url"": ""https://www.educacion.gob.es/ruct/estudio.action?codigoCiclo=SC&codigoTipo=M&CodigoEstudio=3500616&actual=estudios"", ""accessed"": ""2026-08-25""}"
emjm-lct-ehu,LCT — Erasmus Mundus Master in Language and Communication Technologies,European Commission / EACEA (Erasmus+ EMJM) — DISCONTINUED; coordinated by Saarland University,EU-level,"NONE AVAILABLE. ""Erasmus Mundus scholarships are not available for the upcoming intake."" Self-funding fees were EUR 8,500 per year for non-European students and EUR 4,250 per year for European students, with ""a limited number of partial fee waivers"".",Nothing. No EMJM scholarship on offer.,NO,"""Due to the lack of Erasmus Mundus funding, the LCT Master Programme will unfortunately not continue in its current form, and there will be no further calls for applications.""","""Due to the lack of Erasmus Mundus funding, the LCT Master Programme will unfortunately not continue in its current form, and there will be no further calls for applications."" Also note the FEE structure was itself nationality-differentiated against non-Europeans: ""EUR 8,500 per year for non-European students; EUR 4,250 per year for European students"" — a 2x non-EU surcharge, relevant if any successor programme reuses it.",NONE — no further calls for applications. CONTRADICTION LOGGED: aggregator/secondary reporting claimed the consortium would reapply for Erasmus Mundus funding with a possible resumption in 2027; the consortium own page states flatly that there will be no further calls. THE PRIMARY SOURCE WINS. Do not plan around a 2027 LCT intake.,https://lct-master.org/current_call_for_application/,AA,"DEAD ROUTE. UPV/EHU still hosts a programme page (https://www.ehu.eus/en/web/master/master-language-communication-technologies) but the consortium coordinator (Saarland) has closed applications. RUCT history is consistent: the two earlier NLP joint titles in the register (3002937 and 4311353) are both TITULACION EXTINGUIDA. Flag for a human to confirm with UPV/EHU directly whether any Basque-side successor exists, but do not count this as funding.","{""field"": ""discontinuation statement, fees, fee waivers, scholarship unavailability"", ""url"": ""https://lct-master.org/current_call_for_application/"", ""accessed"": ""2026-08-25""} | {""field"": ""Spanish node"", ""url"": ""https://www.ehu.eus/en/web/master/master-language-communication-technologies"", ""accessed"": ""2026-08-25""}"
emjm-multicom-um,MULTICOM — Erasmus Mundus Joint Master in Data Science of Human Multimodal Communication,European Commission / EACEA (Erasmus+ EMJM); COORDINATED BY UNIVERSIDAD DE MURCIA (Spain),EU-level,"""Scholarships cover participation costs (tuition, insurance, admin/cultural costs) and include a pro-rata EUR 1,400/month stipend for the full duration of the program."" Self-funded students pay public fees estimated at ""17000 EUR per year, 34000 EUR for the full program"", so the participation-cost waiver alone is worth approx. EUR 34,000; with the stipend (24 x 1,400 = EUR 33,600) the total package is approx. EUR 67,600. The consortium also warns self-funders to budget ""at least 35,000 EUR for the full duration of the program (2 years)"" for travel, visas and living.","Tuition + insurance + admin/cultural costs + EUR 1,400/month stipend for the full 24 months.",YES,"""10-15 Erasmus Mundus scholarships are planned for each edition."" The consortium distributes ""regular Erasmus Mundus Scholarships evenly between EU and non-EU students throughout the first four editions (2026-2031)"", with ""a max. 10% of scholarships for the same nationality during the first four editions"". TARGETED REGIONAL (NDICI/IPA) TOP-UP SCHOLARSHIPS ARE LISTED SEPARATELY, INCLUDING: ""Neighborhood South: 1-2 full scholarships"" (alongside Sub-Saharan Africa 5-6, Latin America 4-5, Asia 4-5, Central Asia 1-2, Middle East 0-1, Pacific/Caribbean 0-1, Western Balkans 2). ""The 10% rule does not apply to top up scholarships for targeted regions of the world (NDICI and IPA), if applicable."" Entry: ""excellent command of English, a strong background in language and communication, and basic quantitative skills."" Language: ""Taught fully in English. Opportunities to learn Spanish, Swedish, and German.""",No nationality exclusion. The 10% same-nationality cap applies to the REGULAR scholarships only and is explicitly disapplied for the NDICI/IPA targeted-region awards.,"NOT FOUND for a September 2027 start. The FIRST EDITION runs ""Applications are open until 15 March 2026"" with ""First edition starts on 1 September 2026"". The consortium plans four editions 2026-2031, so a 2027 edition is expected; PATTERN suggests an application deadline around mid-March 2027, but NO 2027 DATE IS PUBLISHED. Re-check from late 2026.",https://multicom-em.eu/how-to-apply/,AB | AA,"THE SINGLE MOST IMPORTANT FIND IN THIS BLOCK FOR A TUNISIAN APPLICANT, ON THE MONEY QUESTION. This is where the brief working assumption (""Partner Country status increases the award"") is actually TRUE under the modern EMJM rules — not as a bigger grant per head, but as a RESERVED QUOTA. MULTICOM sets aside 1-2 full scholarships specifically for ""Neighborhood South"", the NDICI Southern Neighbourhood region, which is the EU designation that covers Tunisia (together with Morocco, Algeria, Egypt, Libya, Jordan, Lebanon, Palestine, Syria, Israel). The consortium itself does not enumerate the countries and points readers to the official NDICI/IPA country lists — A HUMAN SHOULD CONFIRM TUNISIA APPEARS ON THE LIST MULTICOM USES before relying on the quota, though Tunisia being in the Southern Neighbourhood is not seriously in doubt. Because that quota is small (1-2), applying EARLY and flagging Tunisian nationality matters. Second important point: MULTICOM is COORDINATED BY A SPANISH UNIVERSITY (Murcia), so the Spanish node is the lead, not a stopover. Third: consortium is Universidad de Murcia (Spain) + Lund University (Sweden) + Friedrich-Alexander-Universitaet Erlangen-Nuernberg (Germany). Brand new programme, first cohort September 2026, so a Sept-2027 entry falls in edition 2. PATH FIT: multimodal human communication data science — speech, gesture, audio-visual signals. This has genuine overlap with paths A/B (audio, speech, multimodal signal analysis) as well as AB, which makes it unusually well matched to the candidate profile among the Spanish EMJMs.","{""field"": ""consortium, coordinator, deadline 15 March 2026, start 1 Sept 2026, language"", ""url"": ""https://multicom-em.eu/"", ""accessed"": ""2026-08-25""} | {""field"": ""scholarship amount, coverage, 10-15 per edition, EU/non-EU split, 10% cap, NDICI/IPA regional quotas including Neighborhood South 1-2, self-funded fees 17,000 EUR/yr"", ""url"": ""https://multicom-em.eu/costs-and-financial-aid/"", ""accessed"": ""2026-08-25""} | {""field"": ""discovery / Spanish node"", ""url"": ""https://multicom.um.es/"", ""accessed"": ""2026-08-25""}"
emjm-maia-udg,MAIA — Erasmus Mundus Joint Master in Medical Imaging and Applications,European Commission / EACEA (Erasmus+ EMJM); COORDINATED BY UNIVERSITAT DE GIRONA (Spain),EU-level,"Erasmus Mundus scholarship covers ""student participation costs (tuition fees and other mandatory costs related to student participation in the course and full insurance coverage) and a subsistence allowance for the entire duration of the programme (1,400 EUR/month)"" = EUR 33,600 over 24 months plus the fee waiver. Self-funded fees: ""4,500 EUR/year per student"" for EU students (EUR 9,000 total) and ""6,500 EUR/year per student"" for non-EU students (EUR 13,000 total). Separate Consortium Grant: ""One student with the strongest academic record from France, Italy, or Spain receives a waiver valued at 9,000 EUR"".","Tuition + all mandatory participation costs + full insurance + EUR 1,400/month subsistence.",CONDITIONAL,"Entry: ""holders of a bachelor degree in Informatics Engineering but also in closely related fields in either Engineering... or Science..."". No nationality restriction on the Erasmus Mundus scholarship itself. WARNING QUOTE ON RELIABILITY OF FUNDING: ""Although students from previous promotions have obtained those grants in the past, it should be noted that none of those can be 100% guaranteed for prospective students, and will ultimately depend on the availability of funding institutions.""","The CONSORTIUM GRANT (the EUR 9,000 waiver) is nationality-restricted AGAINST this candidate: it goes to ""One student with the strongest academic record from France, Italy, or Spain"" — a Tunisian citizen is excluded from that specific award. The regional grants named (Burgundy Regional Council, LazioDisco, UdG-Banco de Santander) are likewise geographically tied. Erasmus+ Master Degree Loans are described as ""EU-backed financing for eligible countries"" — Tunisia is not an Erasmus+ Programme Country, so those loans are NOT available to a Tunisian citizen.","NOT FOUND. The MAIA site currently shows only ""Open soon!"" on the application button, with no dates and no intake year. Must be re-checked; MAIA has historically opened around November-December with a scholarship deadline in January.  DO NOT TREAT THAT PATTERN AS A DATE.",https://maiamaster.udg.edu/admission/,AA,"RUCT 4315815. Coordinated by UdG (Spain), with University of Bourgogne Europe (France) and Universita degli Studi di Cassino e del Lazio Meridionale (Italy) as partners. 120 ECTS over 2 years. NON-EU SURCHARGE CONFIRMED AND EXPLICIT: 6,500 EUR/yr non-EU vs 4,500 EUR/yr EU — a EUR 4,000 penalty over the programme if unfunded. PATH FIT IS POOR FOR THIS CANDIDATE: medical imaging, no audio/music content, AA only. Whether an Erasmus Mundus scholarship round exists for the Sept-2027 intake is NOT CONFIRMED — the fees page describes the scholarship in generic terms and then explicitly disclaims any guarantee. NEEDS A HUMAN TO CHECK https://maiamaster.udg.edu/admission/ once it opens.","{""field"": ""coordinator and partners, 120 ECTS, entry background, application status Open soon"", ""url"": ""https://maiamaster.udg.edu/"", ""accessed"": ""2026-08-25""} | {""field"": ""fees EU 4,500/yr vs non-EU 6,500/yr, EM scholarship coverage and 1,400 EUR/month, consortium grant nationality restriction, no-guarantee disclaimer"", ""url"": ""https://maiamaster.udg.edu/fees/"", ""accessed"": ""2026-08-25""} | {""field"": ""RUCT official status"", ""url"": ""https://www.educacion.gob.es/ruct/estudio.action?codigoCiclo=SC&codigoTipo=M&CodigoEstudio=4315815&actual=estudios"", ""accessed"": ""2026-08-25""}"
emjm-emildai-unileon,"EMILDAI — Erasmus Mundus Master in Law, Data and Artificial Intelligence",European Commission / EACEA (Erasmus+ EMJM) — FULL SCHOLARSHIP SUSPENDED; coordinated by Dublin City University,EU-level,"NO FULL ERASMUS MUNDUS SCHOLARSHIP for the 2026/2028 intake. What is offered instead: ""up to 24 Partial Fee Waivers and 8 EMILDAI Merit Scholarships."" Partial Fee Waiver = second-year tuition only (student pays a EUR 500 deposit and full year-one fees, then year two is exempt). EMILDAI Merit Scholarship = ""EUR 2000 payment per year for each year of the programme"" (EUR 4,000 total), student still pays the EUR 500 deposit and regular fees.","At best a partial fee reduction or EUR 4,000 cash. No living stipend, no full tuition waiver.",CONDITIONAL,"""Full Erasmus Mundus Scholarship will not be available"" for this cohort, with a stated hope to restore it if future funding permits. Track-based nationality rules apply to the two instruments: the Partial Fee Waiver excludes ""Non-EU students in Track C and EU students in Track D""; the EMILDAI Merit Scholarship is ""Eligible only for: Non-EU students in Track C and EU students in Track D"".","""Full Erasmus Mundus Scholarship will not be available."" Plus the track rule: ""Ineligible tracks: Non-EU students in Track C and EU students in Track D"" (for the Partial Fee Waiver). A Tunisian citizen is a non-EU student, so which instrument they can claim depends entirely on which track they enter: Track C => Merit Scholarship (EUR 2,000/yr) only; any other track => Partial Fee Waiver route. ""Students who previously received an Erasmus Mundus Joint Master scholarship cannot apply for another EMJM scholarship.""","PROBABLY NO SEPTEMBER-2027 INTAKE. EMILDAI runs biennial cohorts — the current one is labelled ""2026/2028"", entering September 2026, with round 1 (partially funded) opening 10 November 2025 and round 2 (self-funded only) opening 22 March 2026. On that cycle the next entry point is September 2028, not September 2027. NOT CONFIRMED by an explicit statement; a human should verify with the consortium.",https://emildai.eu/admissions/how-to-apply/,AA,"RUCT 4318252, active. Consortium: Dublin City University (Ireland, COORDINATOR), Avignon Universite (France), Universidad de Leon (Spain), Universita di Pisa (Italy), plus Erasmus University Rotterdam and Fundacao Getulio Vargas Rio joining from the 2026/2028 edition. Applications are made through DCU (https://dcuie2.elluciancrmrecruit.com/Apply/Account/Login), not Leon. RANK LOW: the full EMJM money is gone for the current cohort, the likely next entry is 2028 not 2027, and the subject (law + AI) is only tangentially in the nine fields. Tuition amounts and language of instruction NOT FOUND on the site.","{""field"": ""consortium, coordinator, application rounds, portal"", ""url"": ""https://emildai.eu/"", ""accessed"": ""2026-08-25""} | {""field"": ""no full EM scholarship, 24 partial fee waivers, 8 merit scholarships, track eligibility rules, prior-EMJM exclusion"", ""url"": ""https://emildai.eu/admissions/scholarships-and-fee-waivers/"", ""accessed"": ""2026-08-25""} | {""field"": ""RUCT official status"", ""url"": ""https://www.educacion.gob.es/ruct/estudio.action?codigoCiclo=SC&codigoTipo=M&CodigoEstudio=4318252&actual=estudios"", ""accessed"": ""2026-08-25""}"
emjm-mir-uji,MIR — Erasmus Mundus Joint Master in Marine and Maritime Intelligent Robotics,European Commission / EACEA (Erasmus+ EMJM); coordinated by Universite de Toulon,EU-level,"""An average of 22 Erasmus Mundus scholarships are available per year for students of excellence."" Amount per scholarship NOT PUBLISHED on the fees page — it says only that EMJMD scholarships cover the participation costs. Participation fees the scholarship would cover: ""Program Country students (EU/EEA): EUR 4,500 per year""; ""Partner Country students (non-EU): EUR 9,000 per year"" — so for a Tunisian the fee waiver alone is worth EUR 18,000 over two years.","Participation costs (""Enrollment and tuition costs at local universities"", insurance cover, symposium participation, induction activities, conference travel for published research). Monthly subsistence amount NOT FOUND on the site.",CONDITIONAL,"""Hold at the beginning of the programme/time of registering to the programme (September) a first university degree after at least three years of university studies totaling 180 ECTS, of which at least 30 ECTS are in mathematics-related subjects."" ""Proficient in one programming language."" ""Proven B2 minimum CEFR level English proficiency."" On scholarships: for 2025/2026 ""Scholarships are unavailable for the upcoming academic year."" Historical scholarship criteria are described as including ""nationality restrictions, the 12-months rule for partner country students, and limits on same-nationality recipients.""","""Scholarships are unavailable for the upcoming academic year"" (2025/2026). Also, this programme applies an EXPLICIT nationality-based FEE PENALTY: ""Program Country students (EU/EEA): EUR 4,500 per year"" vs ""Partner Country students (non-EU): EUR 9,000 per year"" — double. And self-financed students were ""previously limited to study tracks in Spain or Portugal (not Norway) due to cost-of-living concerns, though this policy changes for the 2025/2027 cohort.""","NOT FOUND. The site news mentions a ""self-financed students recruitment campaign opening on May 8, 2025"" for ""the 2025/2026 academic year, starting in September 2025"". No 2027 calendar published, and no confirmation that EM scholarships return.",https://www.master-mir.eu/admission-requirements/,AA,"RUCT 4317521 (Master Universitario Erasmus Mundus en Robotica Inteligente Marina y Maritima). Consortium: Universite de Toulon (France, COORDINATOR), Universitat Jaume I (Spain), NTNU (Norway), Instituto Superior Tecnico Universidade de Lisboa (Portugal); ""over 25 international research establishments"" and ""over 30 industry partners"" associated. THIS RECORD IS THE CLEAREST EVIDENCE IN THE BLOCK THAT PARTNER-COUNTRY STATUS CUTS AGAINST THE CANDIDATE ON FEES: a Tunisian self-funder pays exactly twice what an EU student pays. The ""12-months rule"" the site mentions is the legacy EMJMD rule under which a Partner Country applicant qualified for the larger award only if they had not resided or carried out their main activity in a Programme Country for more than 12 months in the preceding 5 years — a candidate with NO prior EU residency satisfies it, which is the one place Partner Country status historically helped. PATH FIT POOR: marine robotics, AA only, no audio content.","{""field"": ""consortium, coordinator, 22 scholarships/year, self-funded campaign dates"", ""url"": ""https://www.master-mir.eu/"", ""accessed"": ""2026-08-25""} | {""field"": ""Programme Country EUR 4,500/yr vs Partner Country EUR 9,000/yr fees, what fees cover"", ""url"": ""https://www.master-mir.eu/participation-fees/"", ""accessed"": ""2026-08-25""} | {""field"": ""entry requirements, scholarships unavailable 2025/2026, 12-months rule mention"", ""url"": ""https://www.master-mir.eu/admission-requirements/"", ""accessed"": ""2026-08-25""} | {""field"": ""official status"", ""url"": ""https://www.educacion.gob.es/ruct/estudio.action?codigoCiclo=SC&codigoTipo=M&CodigoEstudio=4317521&actual=estudios"", ""accessed"": ""2026-08-25""}"
emjm-cosi-ugr,CoSI — Erasmus Mundus Master in Computational Colour and Spectral Imaging (COlour in Science and Industry),European Commission / EACEA (Erasmus+ EMJM) — APPEARS TO HAVE ENDED,EU-level,NOT FOUND.,NOT FOUND.,NOT FOUND,NOT FOUND — no reachable consortium website.,NOT FOUND,"NOT FOUND — and probably none. CoSI DOES NOT APPEAR IN THE OFFICIAL EACEA ERASMUS MUNDUS CATALOGUE, which was enumerated in full for this task (all 220 currently listed EMJM projects across 11 pages, 25 August 2026). Absence from the catalogue is strong evidence the EC grant has ended and no funded cohort is being recruited.",NOT FOUND,AA,"RUCT 4317566, recorded in wave 1 as Master Universitario Erasmus Mundus en Ciencia del Color, Imagenes y Vision Computacional (CoSI), consortium UGR (Spain) + University of Eastern Finland + NTNU (Norway) + Universite Jean Monnet Saint-Etienne (France). Its predecessor CIMET (RUCT 4310888) is already ""TITULACION A EXTINGUIR"" in the register. Two candidate consortium domains were tried and neither resolves or returns content (www.master-colourscience.eu = DNS failure; cosi-master.eu = empty response). NEEDS A HUMAN to confirm with UGR whether the title still admits. DO NOT COUNT AS FUNDING.","{""field"": ""absence from official EMJM catalogue (full enumeration of 220 projects)"", ""url"": ""https://www.eacea.ec.europa.eu/scholarships/erasmus-mundus-catalogue_en"", ""accessed"": ""2026-08-25""} | {""field"": ""RUCT registration"", ""url"": ""https://www.educacion.gob.es/ruct/estudio.action?codigoCiclo=SC&codigoTipo=M&CodigoEstudio=4317566&actual=estudios"", ""accessed"": ""2026-08-25""}"
emjm-goals-no-spanish-node,GOALS — Governance & Administration of Leisure and Sports International Master (EMJM),European Commission / EACEA (Erasmus+ EMJM); coordinated by University of Lille,EU-level,"NOT FOUND on the primary site. Standard EMJM terms would apply (EUR 1,400/month + participation-cost waiver) but the amount is not published on master-goals.eu.",NOT FOUND,YES,"NOT FOUND verbatim; the governing EMJM rule (""EMJM scholarships can be offered to students from all over the world"") applies.",NOT FOUND,"NOT FOUND. Current published call: ""Application campaign for self funded students for GOALS fifth cohort is now open until May 15, 2026.""",http://www.master-goals.eu/,S,"RECORDED BECAUSE PATH S (events / leisure / sports administration) HAS ALMOST NO EMJM COVERAGE — this is the only one in the catalogue. BUT: ""No Spanish university is included in this"" consortium — partners are University of Lille (COORDINATOR), University of Lisbon, Mykolas Romeris University, Nicolaus Copernicus University and Lunex University. Fits path S but sits entirely outside Spain, and the subject is sports governance rather than live music/festival management. Contact: contact@master-goals.eu.","{""field"": ""consortium, coordinator, no Spanish partner, self-funded call to 15 May 2026"", ""url"": ""http://www.master-goals.eu/"", ""accessed"": ""2026-08-25""}"
emjm-emlds-unizar,EMLDS — European Master in Linguistic Data Science (Erasmus Mundus),European Commission / EACEA (Erasmus+ EMJM); coordinated by Universidade NOVA de Lisboa,EU-level,"""For the 2027-2029 cohort, a total of 15 scholarships will be awarded."" ""Scholarship holders are exempt from tuition fees."" Tuition otherwise: ""The tuition fee for the full four-semester study period is EUR 18,000.00 (can be paid in instalments)."" So the fee waiver alone is worth EUR 18,000; the standard EMJM monthly unit of EUR 1,400 x 24 = EUR 33,600 is NOT restated on this page — the site does not publish a stipend figure, so treat the stipend as governed by the Programme Guide rather than by a consortium statement.","Full tuition exemption plus ""classes, activities, examinations, diploma issuance, insurance starting upon arrival, and disability support accommodations"". Explicitly NOT covered by the fee: ""Travel, accommodation, living expenses, visas, and personal materials"".",YES,"""For the 2027-2029 cohort, a total of 15 scholarships will be awarded."" ""Students are ranked by final classification, with the top 15 receiving EMJM Scholarships."" The site ""does not differentiate tuition costs between EU and non-EU applicants"" and states no nationality or residency condition. Governing rule: ""EMJM scholarships can be offered to students from all over the world.""",NOT FOUND — no nationality or residency exclusion published.,"THE 2027-2029 COHORT IS CONFIRMED AND FUNDED, BUT DATES ARE NOT YET PUBLISHED. The timeline page lists, for the ""2027-2029 Cohort - EMJM Scholarship and Non-Scholarship Holders"": ""Call Opening - Date to be announced""; ""Call Closure - Date to be announced""; ""Interviews - If and when requested by the Joint Admissions Committee""; ""Final Results - Date to be announced""; ""Final Acceptance by Students - Date to be announced"". THERE IS NO SEPARATE SCHOLARSHIP ROUND — one call, and the top 15 ranked applicants get the scholarships, so every applicant is automatically considered. MONITOR https://emlds.fcsh.unl.pt/whentoapply/ FROM AUTUMN 2026.",https://emlds.fcsh.unl.pt/for-applicants/application-submission/,AB | AA,"NOT ON THE WAVE-1 LIST — THIS IS A MISSED PROGRAMME, FOUND BY FULL ENUMERATION OF THE EACEA CATALOGUE. It is registered in Spain: RUCT 3500872, ""Master Universitario Erasmus Mundus en Ciencia de Datos Lingueisticos / Erasmus Mundus Master in Linguistic Data Science por la Universidad de Zaragoza; National University of Ireland Galway; Universidade Nova de Lisboa; Universita Cattolica del Sacro Cuore - Milano"", estado ""Publicado en B.O.E."", active, verified 07/04/2025, BOE 01/10/2025 and 27/10/2025, 120 ECTS with ects_complementos_formativos = 0. NOTE A DISCREPANCY: the RUCT title still lists NUI Galway as a partner, while the consortium page now names only three universities — NOVA Lisboa (COORDINATOR), Universita Cattolica del Sacro Cuore, and University of Zaragoza. CONFLICT LOGGED; the consortium page is the more current source. TWO REASONS THIS MATTERS FOR THE CANDIDATE: (1) it is one of only two programmes in this whole block with a CONFIRMED, FUNDED SEPTEMBER-2027 COHORT; (2) linguistic data science is NLP/speech-adjacent, which is closer to paths B/AA than most of the Spanish EMJM field. Language: ""120 ECTS, English-taught master programme leading to a Joint Degree"". Zaragoza is a partner, not the coordinator, so applications go through NOVA Lisboa.","{""field"": ""15 scholarships for the 2027-2029 cohort, tuition exemption, EUR 18,000 fee, what is covered"", ""url"": ""https://emlds.fcsh.unl.pt/for-students/costs-and-funding/"", ""accessed"": ""2026-08-25""} | {""field"": ""2027-2029 timeline, all dates to be announced, top-15 ranking rule"", ""url"": ""https://emlds.fcsh.unl.pt/whentoapply/"", ""accessed"": ""2026-08-25""} | {""field"": ""consortium members and coordinator"", ""url"": ""https://emlds.fcsh.unl.pt/program/consortium/"", ""accessed"": ""2026-08-25""} | {""field"": ""English-taught, 120 ECTS, joint degree"", ""url"": ""https://emlds.fcsh.unl.pt/"", ""accessed"": ""2026-08-25""} | {""field"": ""Spanish official status and RUCT partner list"", ""url"": ""https://www.educacion.gob.es/ruct/estudio.action?codigoCiclo=SC&codigoTipo=M&CodigoEstudio=3500872&actual=estudios"", ""accessed"": ""2026-08-25""}"
emjm-ifros-udg,IFRoS — Erasmus Mundus Joint Master in Intelligent Field Robotic Systems,European Commission / EACEA (Erasmus+ EMJM); coordinated by Universitat de Girona — EM SCHOLARSHIP APPEARS REPLACED BY CONSORTIUM TUITION-REDUCTION GRANTS,EU-level,"NO ERASMUS MUNDUS SCHOLARSHIP IS ADVERTISED for the 2026-2028 intake. Instead: 14 ""Excellence Grants"" which are TUITION REDUCTIONS ONLY, no living stipend — ""EU Students: EUR 8,500 reduction, requiring a EUR 500 mandatory contribution to accept""; ""Non-EU Students: EUR 14,500 reduction, also requiring the EUR 500 contribution"". Participation costs over the 2 years: Programme Country (EU) EUR 9,000 total (EUR 4,500/year); Partner Country (non-EU) EUR 15,000 total (EUR 7,500/year).","The Excellence Grant covers tuition only, leaving a EUR 500 non-refundable contribution. It does NOT cover living costs, transport, visa or diploma issuance fees. So a Tunisian holder of an Excellence Grant would still need roughly EUR 12,000-18,000 of their own money for two years of living costs.",CONDITIONAL,"""Programme Country status requires being Spanish nationals, students from EU member states, or foreign students residing in Spain."" ""Students with dual nationality must select which nationality to use for applications... No change will be possible after the submission of the application."" The EUR 500 contribution is ""strictly non-refundable (except in cases of Visa denial or Force Majeure, where it may be deferred to the next intake)"". Entry: a first degree in ""Computer Science, Mathematics, Robotics, or Engineering-based (Biomedical, Electronics, Industrial, Mechanical and similar)"", strong Python, and ""the equivalent of a level B2 in English language"". ""The IFROS master is taught in English and is very programming intensive.""","A Tunisian citizen with no Spanish residency falls OUTSIDE the quoted Programme Country definition (""Spanish nationals, students from EU member states, or foreign students residing in Spain"") and is therefore charged the Partner Country rate: EUR 15,000 instead of EUR 9,000. The Excellence Grant is correspondingly larger (EUR 14,500 vs EUR 8,500), so the net cost converges to EUR 500 for grant holders — but ONLY for the 14 who get one.","NOT FOUND for September 2027. Current published call: ""SELF-FUNDED APPLICATIONS FOR THE 2026-2028 INTAKE OPEN UNTIL 14TH JUNE 2026"". IFRoS appears to run biennial cohorts (2026-2028), which would put the next entry point at September 2028, not September 2027 — NOT CONFIRMED, verify with the consortium.",https://ifrosmaster.org/ifros-applicants,AA,"RUCT 4317866. Consortium: Universitat de Girona (Spain, coordinator), University of Zagreb FER (Croatia), Eoetvoes Lorand University ELTE (Hungary). 2-year joint degree, 120 ECTS, four semesters of 30 ECTS, English. IMPORTANT NUANCE: IFRoS is still LISTED in the EACEA Erasmus Mundus catalogue, but its own fees page advertises consortium Excellence Grants rather than EMJM scholarships for 2026-2028 — read that as the EC grant having run out of scholarship slots for this cohort. PATH FIT POOR: field robotics, AA only.","{""field"": ""consortium, language, entry requirements, 2026-2028 self-funded deadline 14 June 2026"", ""url"": ""http://ifrosmaster.org/"", ""accessed"": ""2026-08-25""} | {""field"": ""fees Programme vs Partner Country, 14 Excellence Grants and their values, EUR 500 contribution, Programme Country definition, dual nationality rule"", ""url"": ""https://ifrosmaster.org/fees-grants"", ""accessed"": ""2026-08-25""} | {""field"": ""catalogue listing"", ""url"": ""https://www.eacea.ec.europa.eu/scholarships/erasmus-mundus-catalogue_en"", ""accessed"": ""2026-08-25""} | {""field"": ""RUCT registration"", ""url"": ""https://www.educacion.gob.es/ruct/estudio.action?codigoCiclo=SC&codigoTipo=M&CodigoEstudio=4317866&actual=estudios"", ""accessed"": ""2026-08-25""}"
aecid-africa-med-master,Becas MAEC-AECID — Programa África-Med Máster: Becas para la ciudadanía de países de África y Oriente Medio,"AECID / Cooperación Española (Ministerio de Asuntos Exteriores, Unión Europea y Cooperación, Spain)",Tunisia-origin & bilateral,"'Dotación: mensualidad y seguro de asistencia sanitaria en España para enfermedades no contraídas con anterioridad al inicio de la beca.' — the monthly figure is NOT published on the AECID summary page; it is in the full convocatoria text on the sede electrónica, which could not be retrieved automatically (Liferay portlet URL, not fetchable). Amount = NOT FOUND.",Monthly allowance + health insurance in Spain. Tuition coverage NOT STATED on the summary page.,"CONDITIONAL — TÚNEZ IS EXPLICITLY LISTED AS AN ELIGIBLE NATIONALITY, BUT ONLY FOR PERMANENT PUBLIC EMPLOYEES","« Programa África-Med Máster: Becas para la ciudadanía de países de África y Oriente Medio, 2026-2027. Dirigidas a: Personas funcionarias o empleados públicos de carácter fijo, no temporal (incluido el personal del sistema educativo y universitario público), con ciudadanía de los siguientes países de África y Oriente Medio: Angola, Argelia, Cabo Verde, Camerún, Chad, Costa de Marfil, Egipto, Etiopía, Gabón, Ghana, Guinea, Guinea-Bissau, Guinea Ecuatorial, Irak, Jordania, Kenia, Líbano, Libia, Mali, Marruecos, Mauritania, Mozambique, Namibia, Níger, Nigeria, Palestina, República Democrática del Congo, Senegal, Sudáfrica, Sudán, Tanzania, Túnez y Zimbabue. » || « Las personas solicitantes de la beca deben estar obligatoriamente en posesión de la admisión al máster para el curso 2026-2027 al momento de presentar la solicitud, así como contar con la autorización de su superior jerárquico para realizar la estancia de estudios en el extranjero. » || « Se debe acreditar conocimiento de español (a excepción de la ciudadanía de Guinea Ecuatorial) o del idioma específico en el que se imparta el máster si este fuera distinto al castellano. »","« Dirigidas a: Personas funcionarias o empleados públicos de carácter fijo, no temporal (incluido el personal del sistema educativo y universitario público) » — the scholarship is reserved for PERMANENT (non-temporary) civil servants or public employees of the listed countries. A new graduate in private-sector or freelance work is outside the target group. Reinforced by « contar con la autorización de su superior jerárquico », which presupposes an employing public administration. A language proof is also mandatory: « Se debe acreditar conocimiento de español ... o del idioma específico en el que se imparta el máster ».","NOT YET PUBLISHED for a 2027-28 intake. The 2026-2027 round is marked 'Plazo cerrado': « Plazo de presentación de solicitudes: Del 2 al 15 de julio de 2026 a las 23:59:59 h. del registro telemático de la AECID, Madrid, España. » (opened 02/07/2026, closed 15/07/2026). Note the very short two-week window and that admission to the master's must ALREADY be held at the moment of application.","https://www.aecid.es/becas-para-ciudadanos-de-paises-de-america-latina-africa-y-asia (full convocatoria via AECID sede electrónica, https://www.aecid.gob.es/)",,"THE ONE ROUTE IN THIS BLOCK THAT GENUINELY NAMES TUNISIA AND GENUINELY FUNDS A MASTER'S IN SPAIN — and the candidate is blocked by employment status, not by nationality or destination. Worth flagging for a human: if the candidate were to hold a permanent post in the Tunisian public sector (including public education/university staff, which the text explicitly includes), this becomes live. Two other MAEC-AECID lines on the same page are NOT open to him: 'Programa ESCUELA DIPLOMÁTICA' (also « Funcionarios o empleados públicos de carácter fijo, no temporal », and tied to the Máster Interuniversitario en Diplomacia y Relaciones Internacionales), and 'Becas para jóvenes españoles' (Spanish nationals only). Fundación Carolina, listed by AECID as part of Cooperación Española, runs its master's scholarships for Latin America and was NOT verified for Tunisia in this block — treat as out of scope here rather than as a negative finding. Amount and tuition coverage need a human to open the sede electrónica convocatoria PDF.","{""field"": ""eligible nationalities incl. Túnez, target group, admission requirement, Spanish-language requirement, dotación, dates"", ""url"": ""https://www.aecid.es/becas-para-ciudadanos-de-paises-de-america-latina-africa-y-asia"", ""accessed"": ""2026-08-25""} | {""field"": ""MAEC-AECID scholarship portfolio 2026/2027"", ""url"": ""https://www.aecid.es/scholarships-and-lectureships"", ""accessed"": ""2026-08-25""}"
aecid-programa-master,Becas MAEC-AECID — Programa MÁSTER (América Latina y Filipinas),MAEUEC / AECID,Spanish government,"BOE-B-2025-5706 (2025-2026 edition): 'una dotación mensual de 1.900 euros y seguro de asistencia sanitaria' en España; crédito total '1.981.100,00 euros'; aprox. 90 becas.","Monthly stipend EUR 1,900 + health insurance in Spain, 1 Sept – 31 July, for an official on-campus Spanish university master of at most 60 ECTS.",NO,"BOE-B-2025-5706, Beneficiarios: 'Ciudadanos de Bolivia, Colombia, Cuba, Ecuador, El Salvador, Filipinas, Guatemala, Haití, Honduras, Paraguay, Perú y República Dominicana'. Objeto: 'másteres universitarios (oficiales) de carácter presencial en España de 60 créditos ECTS como máximo, del 1 de septiembre de 2025 al 31 de julio de 2026'. AECID convocatoria page: the programme is for 'empleados públicos y personal integrado en los sistemas públicos' of those countries.","'Ciudadanos de Bolivia, Colombia, Cuba, Ecuador, El Salvador, Filipinas, Guatemala, Haití, Honduras, Paraguay, Perú y República Dominicana' (BOE-B-2025-5706, Beneficiarios). Tunisia is not named; the beneficiary class is closed and enumerated. DOUBLE exclusion — nationality AND permanent public-employee status.","2025-2026 edition: 'Del 20 de febrero al 6 de marzo de 2025', closing at '13:00:00 horas del registro electrónico de la AECID'. No 2026-2027 or 2027-2028 Programa MÁSTER convocatoria located as of 2026-08-25 — NOT FOUND. Moot for this candidate given the nationality exclusion.",https://www.aecid.es/becas-para-ciudadanos-de-paises-de-america-latina-africa-y-asia,,"This is the AECID line most often confused with África-Med. It is the LATIN-AMERICA line: Tunisia is not in its enumerated beneficiary list, and it additionally requires permanent public-employee status. Note the wider AECID landing page headline says 'América Latina, África y Asia', which is the umbrella for all lines collectively — the individual convocatoria for Programa MÁSTER is narrower. Do not read the umbrella heading as an eligibility statement. BDNS 814969.","{""field"": ""beneficiarios, objeto, cuantía, plazo, BDNS"", ""url"": ""https://www.boe.es/buscar/doc.php?id=BOE-B-2025-5706"", ""accessed"": ""2026-08-25""} | {""field"": ""countries + 'empleados públicos' framing"", ""url"": ""https://www.aecid.es/w/abierta-la-convocatoria-2025/2026-de-becas-maec-aecid-para-ciudadanos-de-pa%C3%ADses-de-am%C3%A9rica-latina-y-de-filipinas-programa-m%C3%A1ster"", ""accessed"": ""2026-08-25""}"
aecid-escuela-diplomatica,Becas MAEC-AECID — Programa Escuela Diplomática (Máster de Formación Permanente en Diplomacia y Relaciones Internacionales),MAEUEC / AECID — Escuela Diplomática,Spanish government,"BOE-B-2026-16321 (2026-2027): 'Cuantía total: 156.420,00 euros'; 'dotación mensual de 1.500 euros'; 'hasta 11 becas'.","Monthly stipend EUR 1,500 to follow the Escuela Diplomática's Máster de Formación Permanente en Diplomacia y Relaciones Internacionales in Madrid.",NO,"BOE-B-2026-16321, Beneficiarios: 'Personas con nacionalidad de países de América Latina, África y Asia'. Objeto: 'Conceder hasta 11 becas para realizar el Máster de Formación Permanente en Diplomacia y Relaciones Internacionales'. AECID 2026-2027 announcement describes the target as 'personas funcionarias y profesionales integradas en sistemas públicos de América Latina, África, Asia y Ucrania'. AECID programme index states: 'Funcionarios o empleados públicos de carácter fijo, no temporal, de países de América Latina, África, Asia y Ucrania'.","TWO independent bars. (1) Nationality: per AECID's Preguntas frecuentes, Túnez does NOT appear in the Escuela Diplomática country list, although it does appear in the África-Med list — the two lines carry DIFFERENT country annexes and the Diplomática one excludes Tunisia. (2) Employment status: 'Ser personal funcionario o empleado público, de carácter fijo, no temporal, de su país.'",2026-2027 edition: applications closed 3 June 2026 (AECID announcement); BOE extract defines the window as '10 días hábiles a contar desde el día siguiente a la publicación'. No 2027-2028 call published as of 2026-08-25 — NOT FOUND.,https://www.aecid.es/becas-para-ciudadanos-de-paises-de-america-latina-africa-y-asia,,"Off-field for this candidate on two counts beyond eligibility: (1) it funds ONE named programme, a diplomacy master, not a master of the applicant's choosing — none of the nine path codes apply; (2) that programme is a 'Máster de Formación Permanente', i.e. a título propio under RD 822/2021, so it is not an official máster universitario and carries no PhD access. BDNS 906276.","{""field"": ""beneficiarios, objeto, cuantía, plazo, BDNS"", ""url"": ""https://www.boe.es/diario_boe/txt.php?id=BOE-B-2026-16321"", ""accessed"": ""2026-08-25""} | {""field"": ""funcionario wording, 3 June 2026 deadline"", ""url"": ""https://www.aecid.es/w/la-aecid-abre-la-convocatoria-de-becas-maec-aecid-2026-2027-1"", ""accessed"": ""2026-08-25""} | {""field"": ""'Funcionarios o empleados públicos de carácter fijo, no temporal, de países de América Latina, África, Asia y Ucrania'"", ""url"": ""https://www.aecid.es/becas-para-ciudadanos-de-paises-de-america-latina-africa-y-asia"", ""accessed"": ""2026-08-25""} | {""field"": ""requisito verbatim 'Ser personal funcionario o empleado público, de carácter fijo, no temporal, de su país'; Túnez in África-Med list, absent from Escuela Diplomática list; admisión previa; 60 ECTS cap"", ""url"": ""https://www.aecid.es/en/preguntas-frecuentes-becas-para-ciudadanos-de-america-latina-%C3%A1frica-y-asia"", ""accessed"": ""2026-08-25""}"
aecid-colegio-de-europa,Becas MAEC-AECID — Programa Colegio de Europa,MAEUEC / AECID,Spanish government,12 becas in the 2026-2027 call (AECID announcement). Per-beca amount NOT FOUND on the pages read.,"Study at the College of Europe (Brujas, Natolin, Tirana).",NO,AECID 2026-2027 announcement: the programme is for 'jóvenes españoles que hayan sido admitidos en alguno de los programas oficiales de esta institución académica'.,'jóvenes españoles' — Spanish nationality required. A Tunisian citizen is excluded outright.,2026-2027 edition closed 3 June 2026. 2027-2028 NOT FOUND.,https://www.aecid.es/w/la-aecid-abre-la-convocatoria-de-becas-maec-aecid-2026-2027-1,,"Recorded only to close the AECID line-by-line map. Spanish nationals only, and the destination is Belgium/Poland/Albania, not Spain.","{""field"": ""eligibility, count, deadline"", ""url"": ""https://www.aecid.es/w/la-aecid-abre-la-convocatoria-de-becas-maec-aecid-2026-2027-1"", ""accessed"": ""2026-08-25""}"
aecid-academia-espana-roma,Becas MAEC-AECID — Real Academia de España en Roma,MAEUEC / AECID,Spanish government,171 residency months for a maximum of 19 beneficiaries (2026-2027 call). Per-beneficiary amount NOT FOUND on the page read.,Artistic/cultural residencies at the Real Academia de España en Roma.,NO,"AECID 2026-2027 announcement: beneficiaries are 'personas beneficiarias españolas, iberoamericanas y de otros países de la Unión Europea'.","'personas beneficiarias españolas, iberoamericanas y de otros países de la Unión Europea' — the beneficiary class is Spanish, Ibero-American or EU. Tunisia is none of these.",2026-2027 edition closed 3 June 2026. 2027-2028 NOT FOUND.,https://www.aecid.es/w/la-aecid-abre-la-convocatoria-de-becas-maec-aecid-2026-2027-1,,"Relevant only because the candidate is a working music producer and an arts residency might look adjacent — but it is a residency in Rome, not master's funding in Spain, and the nationality clause excludes him.","{""field"": ""eligibility, count, deadline"", ""url"": ""https://www.aecid.es/w/la-aecid-abre-la-convocatoria-de-becas-maec-aecid-2026-2027-1"", ""accessed"": ""2026-08-25""}"
becas-mec-caracter-general,"Becas de carácter general del Ministerio de Educación (""Becas MEC"") — enseñanzas postobligatorias, incl. máster universitario","Ministerio de Educación, Formación Profesional y Deportes — Secretaría de Estado de Educación",Spanish government,"Means-tested and componentised. Ministry portal, 'Tipos de becas — Universidad y Enseñanzas Artísticas Superiores: grado y máster', curso 2026/2027: beca de matrícula — 'Comprenderá el importe de los créditos de los que te matricules por primera vez'; 'Por renta familiar: 1.700 €'; 'Por cambio de residencia: 2.700 €'; 'Por excelencia académica: 50 € - 125 €'; plus a cuantía variable distributed by formula, with 'la cuantía variable será la mínima (60 €)' where enrolment is 30-59 credits or thesis-only. (2026-27 rates.)",Tuition (precios públicos) plus income- and residence-linked cash components for official university study including máster universitario.,NO,"Ministry portal becaseducacion.gob.es, 'Universidad y Enseñanzas Artísticas Superiores: grado y máster — Qué necesitas' (requisitos generales): 'Ser español/a o tener la nacionalidad de un estado miembro de la Unión Europea.' For EU nationals: 'tú o tu familia tenéis que residir de forma permanente en España o acreditar un trabajo por cuenta propia o ajena en España' (otherwise only the tuition component). For non-EU nationals: 'puedes tener derecho a beca si eres menor de 18 años o si has obtenido permiso de residencia a 31 de diciembre de 2025.' Also general: 'No haber obtenido un título de nivel igual o superior a los estudios para los que pides la beca.' Master-specific: first year requires enrolment in 'mínimo 60 créditos' (30 with limitations) and 'nota media de 5 puntos en los estudios que dan acceso al máster'.","'No es suficiente tener concedida la autorización de estancia.' (becaseducacion.gob.es, requisitos generales, non-EU applicants — immediately following 'puedes tener derecho a beca si eres menor de 18 años o si has obtenido permiso de residencia a 31 de diciembre de 2025.') THIS IS THE DECISIVE CLAUSE. A Tunisian student entering Spain on a study visa holds an 'autorización de estancia por estudios', not a 'permiso de residencia' — expressly declared insufficient. The residence permit must moreover already exist by 31 December of the calendar year BEFORE the course starts, i.e. before the student has arrived.","2026-2027 convocatoria (Resolución de 23 de marzo de 2026, BOE-B-2026-9261): 'desde el día 7 de abril de 2026, a las 8,00, hora peninsular, hasta el día 18 de mayo de 2026, a las 15,00, hora peninsular'. The 2027-2028 convocatoria is NOT YET PUBLISHED (NOT FOUND). Note the structural trap even if the candidate somehow qualified: the window closes in MAY, months before a September enrolment, and the residence-permit cut-off is the PRECEDING 31 December.",https://www.becaseducacion.gob.es/becas-y-ayudas/universidad-grado-master/que-necesitas,A | B | C | AA | AB | AC | X | P | S,"THE 'WIDELY ASSUMED OPEN' ROUTE THAT IS CLOSED. Two independent bars for this candidate: (1) nationality/residency — Spanish or EU nationality, or a non-EU permiso de residencia already held by 31 Dec of the prior year; a study-stay authorisation is explicitly excluded; (2) SECOND POSSIBLE BAR worth flagging: 'No haber obtenido un título de nivel igual o superior a los estudios para los que pides la beca' — a 300-ECTS 5-year Spanish-equivalent Ingeniería title is MECES level 3 (máster), so if his Tunisian degree were homologated at that level this rule could independently disqualify him from a máster beca. That is a reasoned flag, NOT a ruling — not verified against the convocatoria text. FURTHER: from 2026-27 the competence was transferred to the Generalitat de Catalunya, so applicants whose family domicile is in Catalonia apply to AGAUR's 'Beca general de la Generalitat' instead of this call — relevant because several target programmes are in Barcelona; CONFIRMED on the Ministry's own portal front page: 'as of 2026/27, students with family residences in Catalonia must apply through the corresponding regional authority, as competencies have been transferred to the Generalitat de Cataluña'. Full convocatoria text: BDNS 894743, https://www.infosubvenciones.es/bdnstrans/GE/es/convocatoria/894743","{""field"": ""requisitos generales, nacionalidad, residencia, exclusion clause, master requirements"", ""url"": ""https://www.becaseducacion.gob.es/becas-y-ayudas/universidad-grado-master/que-necesitas"", ""accessed"": ""2026-08-25""} | {""field"": ""convocatoria 2026-2027, plazo, BDNS"", ""url"": ""https://www.boe.es/diario_boe/txt.php?id=BOE-B-2026-9261"", ""accessed"": ""2026-08-25""} | {""field"": ""cuantías 2026/2027 (matrícula, renta 1.700 €, residencia 2.700 €, excelencia 50-125 €, variable mín. 60 €)"", ""url"": ""https://www.becaseducacion.gob.es/becas-y-ayudas/universidad-grado-master/tipos-de-becas.html"", ""accessed"": ""2026-08-25""} | {""field"": ""Catalonia competence transfer from 2026/27"", ""url"": ""https://www.becaseducacion.gob.es/portada.html"", ""accessed"": ""2026-08-25""}"
fundacion-carolina-posgrado,Fundación Carolina — Becas de Posgrado (máster) en España,Fundación Carolina (public-private foundation; MAEUEC/AECID plus Spanish corporate patrons),Spanish government,"NOT FOUND at the level of a single figure — Fundación Carolina amounts are set per máster in the annual convocatoria annex. The 2026-2027 call totals '736 becas en todas las áreas de conocimiento', of which '228 becas de posgrado'.","Typically tuition plus travel and a monthly living allowance, set per programme in the convocatoria annex. NOT verified per-programme here.",NO,"Fundación Carolina, Becas de Posgrado: the programme is directed at 'licenciados nacionales y residentes de un país de América Latina, miembro de la Comunidad Iberoamericana de Naciones, o Portugal, con capacidad académica o profesional avalada por un currículum sobresaliente'. Restated on the 2026-2027 convocatoria coverage as: 'las becas de postgrado están dirigidas a la formación en España de licenciados nacionales de un país de América Latina miembro de la Comunidad Iberoamericana de Naciones, o de Portugal'. A further standing requirement is 'no tener la residencia en España'.","'licenciados nacionales y residentes de un país de América Latina, miembro de la Comunidad Iberoamericana de Naciones, o Portugal' (fundacioncarolina.es/formacion/postgrado/). Tunisia is not a member of the Comunidad Iberoamericana de Naciones and is not in Latin America or Portugal. A Tunisian citizen is outside the beneficiary class for every Fundación Carolina postgraduate line.",2026-2027 call: 'Las fechas de apertura y cierre de la convocatoria de becas de posgrado y estudios institucionales será del 12 de enero al 2 de marzo de 2026'; doctorate/short-stay/mobility '12 de enero ... 9 de abril'. The 2027-2028 call is NOT YET PUBLISHED (NOT FOUND). Moot given the nationality bar.,https://www.fundacioncarolina.es/convocatoria-de-becas-2026-2027/,,"CLEAN, DOCUMENTED NO — stated flatly because Fundación Carolina is the single most-cited 'study in Spain' scholarship and is routinely recommended to applicants for whom it is legally impossible. Its mandate is Ibero-American, by design and by charter. There is no Tunisia-eligible line, no exception route, and no point spending application effort here. Caveat on precision: the exact 'Requisitos' list was not retrievable as a standalone block from the Fundación's own page (the requisitos live inside the per-programme convocatoria annex); the nationality wording quoted above IS from fundacioncarolina.es. The 'no tener la residencia en España' condition is reported by secondary sources and is UNCONFIRMED against the Fundación's own text — it does not change the verdict.","{""field"": ""nationality clause"", ""url"": ""https://www.fundacioncarolina.es/formacion/postgrado/"", ""accessed"": ""2026-08-25""} | {""field"": ""2026-2027 dates, 736 becas / 228 posgrado"", ""url"": ""https://www.fundacioncarolina.es/convocatoria-de-becas-2026-2027/"", ""accessed"": ""2026-08-25""} | {""field"": ""2026-2027 call description restating the nationality scope"", ""url"": ""https://www.fundacioncarolina.es/la-convocatoria-de-becas-20262027-de-fundacion-carolina-abre-con-736-becas-en-todas-las-areas-de-conocimiento/"", ""accessed"": ""2026-08-25""}"
aecid-tunez-country-programme,AECID Cooperación Española en Túnez — becas y lectorados (country-level channel),AECID — Oficina Técnica de Cooperación / Embajada de España en Túnez,Spanish government,Not a separate funding instrument with its own amounts. It is the country channel through which the MAEC-AECID lines reach Tunisian applicants.,Channels the MAEC-AECID becas and lectorados to Tunisia; no independent country scholarship for master's study was found.,NO,"AECID en Túnez: 'Programas de Becas y Lectorados MAEC-AECID' — 'la Cooperación Española contribuye a la capacitación y formación de ciudadanos tunecinos integrados en el sistema público del país, incluido el sistema educativo y universitario, ofreciéndoles la oportunidad de formarse en España.'","'ciudadanos tunecinos integrados en el sistema público del país, incluido el sistema educativo y universitario' (AECID en Túnez). This is the COUNTRY-LEVEL RESTATEMENT of the funcionario restriction: Spain's own description of what its cooperation offers Tunisians is public-sector capacity building, not open student scholarships. It independently corroborates the África-Med finding.",NOT FOUND — no independent Tunisia-specific call. Deadlines follow the MAEC-AECID convocatorias.,https://www.aecid.es/d%C3%B3nde-cooperamos/norte-de-%C3%A1frica-y-oriente-pr%C3%B3ximo/aecid-en-tunez,,"Searched specifically for a bilateral Spain–Tunisia scholarship for master's study open to private-sector graduates. NONE FOUND. Tunisia is a priority partner under the 'Plan Director de la Cooperación Española para el Desarrollo Sostenible y la Solidaridad Global 2024-2027', but the instrument that reaches individuals is África-Med, with its funcionario condition. The Spanish Embassy in Tunis publishes a general guide 'Estudiar en las universidades españolas (Túnez)' which, on reading, contains NO Tunisia-specific scholarship — it simply links onward to the AECID becas-y-lectorados page. Separate lead worth passing to the university-scholarships block: secondary reporting mentions Universidad de Jaén offering scholarships specifically for Tunisian nationals covering housing and tuition; this was NOT confirmed on ujaen.es and is recorded here only as an UNVERIFIED lead, not a finding.","{""field"": ""country programme framing / funcionario restatement"", ""url"": ""https://www.aecid.es/d%C3%B3nde-cooperamos/norte-de-%C3%A1frica-y-oriente-pr%C3%B3ximo/aecid-en-tunez"", ""accessed"": ""2026-08-25""} | {""field"": ""embassy study guide contains no Tunisia-specific scholarship"", ""url"": ""https://www.exteriores.gob.es/Embajadas/tunez/es/Comunicacion/Noticias/Documents/Estudiar%20en%20las%20universidades%20espa%C3%B1olas%20(T%C3%BAnez).pdf"", ""accessed"": ""2026-08-25""}"
aecid-lectorados,Lectorados MAEC-AECID de español en universidades extranjeras,MAEUEC / AECID,Spanish government,NOT FOUND on the page read. 150 lectorado positions across 147 universities in 74 countries (2026-2027 call).,"A teaching post ('persona que ejerce la docencia del español como lengua extranjera en universidades extranjeras'), not study funding.",NO,"AECID 2026-2027 lectorados call: open to 'jóvenes españoles' who 'no han de superar los 37 años', hold a university degree in Arts/Humanities or Social/Legal Sciences, have 'formación específica para la docencia del español' and teaching experience in Spanish.",'jóvenes españoles' — Spanish nationality required.,2026-2027 call: new/vacant posts 13–30 January 2026; renewals 13–21 January 2026 and 22–29 April 2026. 2027-2028 NOT FOUND.,https://www.aecid.es/w/convocatoria-aecid-2026-2027-de-lectorados-de-espa%C3%B1ol-en-universidades-extranjeras,,"Recorded to complete the AECID line-by-line map. It is a job abroad teaching Spanish, not a master's scholarship, and requires Spanish nationality. Not a route.","{""field"": ""eligibility, requisitos, deadlines, count"", ""url"": ""https://www.aecid.es/w/convocatoria-aecid-2026-2027-de-lectorados-de-espa%C3%B1ol-en-universidades-extranjeras"", ""accessed"": ""2026-08-25""}"
csic-jae-intro,CSIC — Becas JAE Intro / JAE Intro ICU (introducción a la investigación),Consejo Superior de Investigaciones Científicas (CSIC),Spanish government,NOT FOUND — no amount stated on any CSIC page reachable during this pass. Volume for 2026: '240 becas JAE INTRO de introducción a la investigación' and '441 becas JAE Intro ICU de introducción a la investigación en 2026'.,"An introduction-to-research stipend for a short placement in a CSIC research group. It is NOT tuition or living funding for a master's degree — the master's degree is the context, not the object of the grant.",NOT FOUND,"NOT FOUND. The CSIC pages reachable in this pass (csic.es 'Formación de personal investigador' and its Máster sub-page) name 'Becas Programa JAE', 'Alianza académica UIMP-CSIC', 'Participación en másteres', 'Trabajo Fin de Máster (TFM)' and 'Prácticas de máster Convenio Universidades-CSIC' but publish no requisitos, no nationality clause and no amounts at that level; the annual convocatoria PDF (sede.csic.gob.es) could not be located — the two URLs tried returned HTTP 404.","NOT FOUND — do not assume either way. The general pattern for JAE Intro is that the applicant must already be enrolled in a Spanish university grado or máster, which would make it a top-up AFTER admission and funding are secured, not a way to fund the move to Spain. That is stated as a pattern, NOT as a verified rule.",NOT FOUND.,https://www.csic.es/es/formacion-y-empleo/formacion-de-personal-investigador/master,A | B | C | AA | AB | AC,"BLOCKER — needs a human. CSIC's own site does not expose the JAE Intro convocatoria requisitos at any URL found; both sede.csic.gob.es paths tried 404'd and the WebSearch budget for this session was exhausted before the convocatoria could be located. What IS established: CSIC's JAE line is an introduction-to-research grant sitting alongside an existing enrolment, so even if open to non-EU nationals it does not solve the primary funding problem (tuition + living costs for a September 2027 master's intake). Relevant to path codes AA/AB/AC/A/B/C because CSIC institutes (e.g. IIIA-CSIC in AI) host such placements. Recommend a human open https://sede.csic.gob.es and the CSIC convocatorias listing to read the requisitos before this is ranked at all.","{""field"": ""JAE Intro volumes 2026; CSIC master-level offer list"", ""url"": ""https://www.csic.es/es/formacion-y-empleo/formacion-de-personal-investigador"", ""accessed"": ""2026-08-25""} | {""field"": ""master-level programme names, no requisitos published"", ""url"": ""https://www.csic.es/es/formacion-y-empleo/formacion-de-personal-investigador/master"", ""accessed"": ""2026-08-25""}"
ministerio-universidades-master-funding,"Ministerio de Ciencia, Innovación y Universidades — funding for máster universitario students","Ministerio de Ciencia, Innovación y Universidades",Spanish government,NOT FOUND,NOT FOUND,NOT FOUND,NOT FOUND — universidades.gob.es returned HTTP 503 on every attempt during this pass (root and two beca paths).,NOT FOUND,NOT FOUND,https://www.universidades.gob.es/,,"BLOCKER — needs a human. IMPORTANT CONTEXT that limits how much is missing: the Spanish state's general student scholarship for máster universitario is the Ministerio de Educación 'beca de carácter general' already recorded in this file (scholarship_id becas-mec-caracter-general), not a separate Universidades instrument. The Universidades/Ciencia department's individual-facing instruments are predoctoral (FPU, FPI, Ramón y Cajal etc.) and the 'beca de colaboración', which attaches to the FINAL YEAR OF GRADO, not to a máster. So the expected finding is that there is no additional central master's scholarship here — but universidades.gob.es was unreachable (503) so this is recorded as NOT FOUND, not as a negative finding. A human should open universidades.gob.es and ciencia.gob.es/Convocatorias to close this.","{""field"": ""attempted, HTTP 503"", ""url"": ""https://www.universidades.gob.es/"", ""accessed"": ""2026-08-25""}"
cat-agaur-beca-general-generalitat,Beca general de la Generalitat de Catalunya per a estudiants que cursin estudis universitaris (grau o master),Generalitat de Catalunya - Agencia de Gestio d'Ajuts Universitaris i de Recerca (AGAUR),Regional,"Modular beca: exempcio/component de matricula plus quantia variable per renda i rendiment academic. Exact 2026-27 amounts not captured; the matricula-waiver component is stated to be exempt from the EU-nationality residence conditions, but NOT from the non-EU residence-permit rule.",Estudis universitaris oficials de grau o de MASTER at any university in the Spanish state university system. Titols propis are not covered.,NO,"Non-EU applicants: 'cal tenir permis de residencia a Espanya es a dir NIE/TIE (Targeta Identificacio Estranger). No serveix el permis d'estada per estudis.' This condition must be satisfied as at 31 December of the year preceding the call. Separately: the applicant must have 'domicili familiar a Catalunya' as at 31 December of the year preceding the call. EU applicants: 'Ser espanyol/a o posseir la nacionalitat d'un estat membre de la Unio Europea', with permanent residence or employment/self-employment in Spain.","'No serveix el permis d'estada per estudis.' - the student-stay authorisation a Tunisian applicant would hold is expressly declared insufficient. This is the same legal distinction the Catalan pricing decree makes in Decret 96/2026 art. 1.5 ('l'autoritzacio d'estada de llarga durada per estudis ... no equival a la condicio de residents'), applied here to funding instead of fees.","The 2026-2027 call ran from late March to mid-May 2026 ('finals de marc a mitjan maig de 2026'), closing 18 May. The equivalent 2027-2028 window is therefore expected around March-May 2027, i.e. BEFORE the September 2027 intake - but it is irrelevant to this candidate, who cannot meet the residence condition at 31.12.2026.",https://agaur.gencat.cat/ca/beques-i-ajuts/beca-general-generalitat/estudiants-domicili-catalunya/informacio-solicitud-requisits/,,"DOUBLE BLOCKER, either one fatal on its own: (1) non-EU applicants need a residence permit, and a study-stay permit is expressly excluded; (2) family domicile must be in Catalonia at 31 December of the preceding year. The candidate is a Tunisian non-resident with no family in Catalonia, so both fail. The brief's note that from 2026/27 AGAUR's beca general ABSORBED the state beca for Catalan-domiciled students makes this WORSE, not better: it means that for a student at a Catalan university there is now a single consolidated route, and that route carries the Catalan residence condition. Wave 3 already established every Spanish central-government scholarship route is closed to this candidate; in Catalonia the regional route that replaced it is closed on the same ground. NOT verified on the AGAUR page itself: the absorption of the state beca (the page does not state it).","{""field"": ""eligibility_verbatim, exclusion_clause_verbatim, covers, deadline"", ""url"": ""https://agaur.gencat.cat/ca/beques-i-ajuts/beca-general-generalitat/estudiants-domicili-catalunya/informacio-solicitud-requisits/"", ""accessed"": ""2026-08-25""} | {""field"": ""2026-2027 call opening"", ""url"": ""https://govern.cat/salapremsa/notes-premsa/809812/sobre-termini-sol-licitar-beca-general-generalitat-al-curs-2026-2027"", ""accessed"": ""2026-08-25""}"
eus-gv-beca-estudios-universitarios-superiores,Becas para realizar estudios universitarios y otros estudios superiores (Beka orokorra / beca general del Gobierno Vasco),"Gobierno Vasco / Eusko Jaurlaritza - Departamento de Ciencia, Universidades e Innovacion",Regional,"Modular. For master's, the aprovechamiento academico component is capped at 250 EUR; other components (matricula, renta, residencia, material) apply per the Orden's scales.",Estudios oficiales de GRADO y MASTER. Titulos propios are excluded. Also excluded: 'No se podra optar a beca para realizar ensenanzas universitarias correspondientes a titulaciones de sistemas universitarios extranjeros.',NO,"'En el caso de personas solicitantes de origen extranjero, ademas del padron, deben poseer la nacionalidad espanola o estar en situacion de residencia legal en Espana.' And: 'Estar empadronada o empadronado en un municipio de la Comunidad Autonoma del Pais Vasco a 31 de diciembre de 2025' (exception where a principal economic supporter pays tax in Euskadi).",'En esta consideracion de residente legal queda excluida la situacion de ESTANCIA POR ESTUDIOS.' - the Basque Government excludes the study-stay authorisation from its definition of legal residence in the same explicit terms Catalonia uses.,"For 2026-2027: ORDEN de 7 de julio de 2026; applications 16 July 2026 to 16 September 2026 for all students. The 2027-2028 call is expected on the same rhythm (Orden in early July 2027, window to mid-September 2027) - which would align with a September 2027 intake, but the candidate cannot satisfy the padron/residence conditions.",https://www.euskadi.eus/ayuda_subvencion/2026/goi-mailako-beka-orokorra/web01-tramite/es/,,"REFUTES the brief's premise that 'its international line is reportedly open - check carefully'. Checked on the Gobierno Vasco's own 2026-2027 convocatoria page: there is NO separate international line for non-resident foreign students. The padron requirement (registered in a Basque municipality at 31.12 of the preceding year) and the legal-residence requirement apply uniformly, and the estancia-por-estudios exclusion is explicit. Verdict: CLOSED. Note the important asymmetry with the fee side: the Basque Country is the ONLY community verified to charge a Tunisian student the resident tuition rate with no surcharge at all, while simultaneously closing its scholarship to that student. For this candidate Euskadi is therefore a LOW-FEE, NO-SCHOLARSHIP jurisdiction - which, given wave 3's finding that every central-government route is also closed, is a better outcome than a high-fee jurisdiction with an equally closed scholarship. Contact given on the page: uni.ikasketak@euskadi.eus.","{""field"": ""eligibility_verbatim, exclusion_clause_verbatim, padron, Orden reference, deadline, amounts, absence of international line"", ""url"": ""https://www.euskadi.eus/ayuda_subvencion/2026/goi-mailako-beka-orokorra/web01-tramite/es/"", ""accessed"": ""2026-08-25""} | {""field"": ""programme landing page"", ""url"": ""https://www.euskadi.eus/alumnado-universitario-becas-estudios-universitarios-y-otros-superiores/web01-a3lagun/es/"", ""accessed"": ""2026-08-25""}"
mad-becas-excelencia-comunidad-madrid,Becas de Excelencia para cursar estudios en las Universidades de la Comunidad de Madrid,"Comunidad de Madrid - Consejeria de Educacion, Ciencia y Universidades",Regional,"2,100 EUR per beca. 2,559 becas in the current call (895 for new entrants, 1,664 for continuing students).","GRADO ONLY. Master's, postgraduate and doctoral study are expressly outside the scope of the scheme.",NO,"The Comunidad de Madrid's own Becas de Excelencia page does not publish nationality or residence conditions in its summary; the decisive text is the scope clause below, which closes the scheme on study level before nationality is ever reached.","'Quedan expresamente excluidas del ambito de aplicacion de esta Orden, las ayudas para la realizacion de estudios correspondientes al tercer ciclo, postgrado o doctorado, ESTUDIOS DE MASTER.'",Current (2025-26) call: applications 9-29 January 2026; subsanacion 26 March - 10 April 2026. Not applicable - master's study is out of scope in any year.,https://www.comunidad.madrid/educacion/becas-excelencia-universitarios,,"Madrid's flagship regional scholarship is CLOSED to this candidate on study level, not on nationality: it is a grado-only scheme and master's study is expressly excluded from the Orden's scope. Madrid appears to run NO general regional master's scholarship comparable to AGAUR's or the Basque general beca. This is a bad combination for the candidate: Madrid is a high-surcharge fee jurisdiction (84.07 vs 45.02 EUR/credit, x1.867, under Decreto 43/2022 art. 4 / Anexo IV) with no regional master's funding to offset it. What DOES exist in Madrid at master's level is university-level and separately funded, not regional - e.g. UAM's own Becas de Excelencia para Estudios de Master Oficial 2026/2027 (refund of 100% of first-enrolment public prices, requires prior enrolment and payment at UAM), and AUIP-funded master's becas at UAH (window 19 March - 29 May 2026). Those belong in the university/foundation blocks, not here, and AUIP is Ibero-American in scope so is unlikely to reach a Tunisian applicant. Orden reference for the current call: Orden n. 6113/2025, del Consejero de Educacion, Ciencia y Universidades.","{""field"": ""exclusion_clause_verbatim, amount, Orden reference, deadline, number of becas"", ""url"": ""https://www.comunidad.madrid/educacion/becas-excelencia-universitarios"", ""accessed"": ""2026-08-25""} | {""field"": ""regional becas landing page"", ""url"": ""https://www.comunidad.madrid/servicios/educacion/becas-estudiantes-universitarios"", ""accessed"": ""2026-08-25""} | {""field"": ""UAM university-level master excellence beca (context, not regional)"", ""url"": ""https://www.uam.es/uam/estudios/beca-ayuda/uam-propias/becas-excelencia-master-26-27"", ""accessed"": ""2026-08-25""}"
val-gva-beca-exencion-tasas,Becas para la realizacion de estudios universitarios - exencion de tasas - en las universidades que integran el Sistema Universitario Valenciano,"Generalitat Valenciana - Conselleria d'Educacio, Cultura i Universitats, Direccio General d'Universitats",Regional,"Exemption from tasas / public prices (the fee component), not a maintenance stipend. Regulated by ORDEN 21/2016 (bases reguladoras) and called annually by resolucion.",Official university studies (grado and MASTER) at a university of the Sistema Universitari Valencia or its affiliated centres. Applicant must not already hold a degree of the same or higher level than the one applied for.,NO,"Nationality: the applicant must be Spanish or an EU citizen; for non-EU foreigners the general Spanish immigration law on the rights of foreigners applies, EXCLUDING those in a temporary-stay situation. Nationality conditions must be met at 31 December of the year preceding the call. Residence: the applicant must be EMPADRONADO in a municipality of the Comunitat Valenciana at the time of applying and must maintain that condition throughout the academic year. For EU citizens and their family members permanent-resident status or employment is not required.",Non-EU applicants in a 'situacion de estancia temporal' are excluded - the same estancia-por-estudios carve-out used by Catalonia ('No serveix el permis d'estada per estudis') and the Basque Country ('queda excluida la situacion de estancia por estudios').,"Most recent call: RESOLUCION de 3 de febrero de 2026, de la Direccion General de Universidades (DOGV num. 10298, 9.2.2026), applications 10 February 2026 to 9 March 2026. The window is FEBRUARY-MARCH, i.e. mid-academic-year and after enrolment - so for a September 2027 start the relevant call would open around February 2028, not before arrival.",https://sede.gva.es/es/inicio/procedimientos?id_proc=G265 | https://universitats.gva.es/es/exempcio-taxes/convocatoria,,"CLOSED, on two independent grounds: the estancia-temporal exclusion and the empadronamiento-in-the-Comunitat requirement. Note the empadronamiento condition is subtler than Catalonia's: it is tested AT THE TIME OF APPLYING and must be maintained, not at 31 December of the prior year - so a student already living in Valencia could satisfy the padron limb. It is the NATIONALITY limb that is fatal, because a student-visa holder is in a temporary-stay situation and is excluded regardless of padron. This matters because Valencia is the harshest explicit fee jurisdiction in the sweep (x2 under Decreto 101/2024 as amended; UMH 2,120 -> 4,241 EUR) and its regional fee-exemption beca cannot be used to offset that. Contact: auniv_becas@gva.es. GAP: the verbatim Spanish of the nationality clause was not read from the ORDEN 21/2016 bases reguladoras text itself - the convocatoria page links to but does not reproduce the requisitos; the wording above is reported from the Generalitat's own materials rather than quoted from the DOGV.","{""field"": ""resolucion reference, DOGV number, deadline, application URL"", ""url"": ""https://universitats.gva.es/es/exempcio-taxes/convocatoria"", ""accessed"": ""2026-08-25""} | {""field"": ""nationality/residence requirements, empadronamiento, coverage"", ""url"": ""https://sede.gva.es/es/detall-tramit?id_proc=265"", ""accessed"": ""2026-08-25""} | {""field"": ""university restatement of the call"", ""url"": ""https://sa.ua.es/es/becas/beca-generalitat/becas-de-estudios-de-la-generalitat-valenciana.html"", ""accessed"": ""2026-08-25""}"
and-bonificacion-99-creditos-primera-matricula,Bonificacion del 99% del precio de los creditos superados en primera matricula (Junta de Andalucia),"Junta de Andalucia - Consejeria de Universidad, Investigacion e Innovacion",Regional,"99% of the price of the credits the student passed at FIRST enrolment, deducted from the following year's matricula. Combined with Andalusia's low tariff (13.68 EUR/ECTS, Grupo 3 Ingenierias, non-habilitante master) this makes the second year of study effectively free. NOT income-tested - it depends on academic performance, not family means.",Grado and MASTER at centros propios y adscritos of the Andalusian public universities (and Andalusian UNED associated centres where also empadronado in Andalucia).,NO FOR THE FIRST YEAR OF A MASTER; CONDITIONAL YES FROM THE SECOND YEAR ONWARD,"Art. 12.1 Decreto 98/2023: 'El estudiantado de los centros propios y adscritos de las universidades publicas andaluzas tendra derecho, en el curso academico de que se trate, a una bonificacion equivalente al 99% del precio de los creditos que hubiera superado en primera matricula en sus estudios de Grado y Master ... cuando se cumplan los siguientes requisitos: ... b) En la PRIMERA MATRICULACION en los estudios de Master, cuando haya estado matriculado en centros propios o adscritos de universidades publicas andaluzas o en ensenanzas artisticas superiores en centros publicos de la Comunidad Autonoma de Andalucia, DURANTE LOS DOS CURSOS ANTERIORES, en los estudios que hayan dado acceso al Master ... c) En la SEGUNDA O SUCESIVA MATRICULACION de estudios de Master, cuando haya estado matriculado en centros propios o adscritos de las universidades publicas andaluzas durante el curso anterior, tomandose en consideracion a efectos de la bonificacion, los creditos correspondientes a asignaturas superadas en primera matricula en dicho curso.'","'Quienes hayan sido beneficiarios de una bonificacion total o parcial en dos titulos de Master no podran obtenerla en un tercero o sucesivos.' Also, per the Junta's own guidance, the bonificacion is directed at those who do not meet the requirements for the Ministry of Education beca, accredited by declaracion responsable - a condition this candidate satisfies trivially, since wave 3 established every central-government route is closed to him.","No separate application window: the bonificacion is applied automatically at matricula by the university, with a declaracion responsable. It is a fee mechanism inside the precios publicos decree, not a call-based beca.",https://www.juntadeandalucia.es/organismos/universidadinvestigacioneinnovacion/areas/universidad/talento/paginas/bonificacion-creditos-matriculas.html,,"THE MOST IMPORTANT POSITIVE FINDING IN THIS BLOCK, and the only regional mechanism in Spain identified as reachable by this candidate. CRITICALLY, art. 12 contains NO nationality condition and NO residence condition - the gate is purely 'were you enrolled at an Andalusian public university in the qualifying prior period'. That gate is what excludes the first year: art. 12.1.b requires prior enrolment at an Andalusian public university (or Andalusian public ensenanzas artisticas superiores) during the two preceding courses in the studies that gave access to the master, which a Tunisian arriving from SMU MedTech cannot satisfy. But art. 12.1.c opens the SECOND and subsequent enrolments to anyone enrolled in an Andalusian public university the previous course - which the candidate WILL be, from year 2 of a 90/120-ECTS master or on any repeated/carried credits. So on a two-year master in Andalusia, year 1 is charged at 13.68 EUR/ECTS with no non-EU surcharge (Andalusia's art. 3.2 leaves the surcharge to each university and Universidad de Sevilla publishes none), and year 2 attracts a 99% bonificacion on the credits passed at first enrolment in year 1. This is by a wide margin the cheapest realistic public route found in the whole sweep. ACTION FOR WAVE 4: confirm per target university (US, UGR, UMA, UCA, UPO, UJA, UAL, UHU, UCO) that (a) it publishes no extracomunitario surcharge under art. 3.2, and (b) it applies art. 12.1.c to international students without an added residence rule of its own. UJA publishes an 'incidencias con la bonificacion' page suggesting per-university administration varies.","{""field"": ""eligibility_verbatim, exclusion_clause_verbatim, article text"", ""url"": ""https://cat.us.es/sites/default/files/documentos/2025-10/boja-05-05-2023-y-modificacion-de-09-09-25.pdf"", ""accessed"": ""2026-08-25""} | {""field"": ""decree of origin"", ""url"": ""https://www.juntadeandalucia.es/boja/2023/84/74"", ""accessed"": ""2026-08-25""} | {""field"": ""scheme description, declaracion responsable, master limit"", ""url"": ""https://www.juntadeandalucia.es/organismos/universidadinvestigacioneinnovacion/areas/universidad/talento/paginas/bonificacion-creditos-matriculas.html"", ""accessed"": ""2026-08-25""} | {""field"": ""regional becas landing page"", ""url"": ""https://www.juntadeandalucia.es/temas/estudiar/becas/junta-andalucia/paginas/universidad.html"", ""accessed"": ""2026-08-25""}"
gal-beme-bolsas-excelencia-mocidade-exterior,Bolsas Excelencia Mocidade Exterior (BEME) - Masteres 2026/2027,Xunta de Galicia - Secretaria Xeral da Emigracion / Direccion Xeral de Xuventude,Regional,"8,000 to 12,500 EUR depending on country of origin and length of the master. 250 becas offered for masters at Galician public universities in 2026/27.","Master universitario of at least 60 ECTS, presencial or semipresencial, at a Galician public university (USC, UDC, UVigo), 2026/27.",NO,"Requires: under 40; SPANISH NATIONALITY; resident outside Spain for at least 2 years; and a demonstrated link to Galicia - by birth in Galicia, by 5 years' continuous residence in Galicia holding Spanish nationality before emigrating, or by being a blood descendant of a person born in Galicia. Plus a grado/licenciatura/ingenieria/arquitectura giving access to master, and enrolment in 2026/27.","The Spanish-nationality requirement is absolute: this is a diaspora-return scheme for the Galician emigrant community, not an international scholarship. A Tunisian national with no Galician ancestry cannot qualify on any of the three vinculacion routes.",The 2026 call for the 2026/27 master intake was open in 2026; a 2027 call for the 2027/28 intake would be expected on the same annual rhythm. Not applicable to this candidate.,https://emigracion.xunta.gal/es/actividad/linea-de-ayuda/programa-becas-excelencia-juventud-exterior-2026 | https://xuventude.xunta.gal/es/node/2816,,"Recorded because BEME is the scheme most likely to be mistaken for an open international route - it is heavily promoted through Spanish embassies and consulates abroad and targets applicants living outside Spain, which superficially fits this candidate. It does not: it is a Galician-diaspora instrument gated on Spanish nationality plus Galician ancestry or prior Galician residence. Amount is large (8,000-12,500 EUR) which makes the false positive costly if not ruled out explicitly. Galicia has no equivalent general regional master's beca open to non-EU non-residents identified in this sweep.","{""field"": ""eligibility, amounts, number of becas, coverage"", ""url"": ""https://emigracion.xunta.gal/es/actividad/linea-de-ayuda/programa-becas-excelencia-juventud-exterior-2026"", ""accessed"": ""2026-08-25""} | {""field"": ""master-specific call page"", ""url"": ""https://xuventude.xunta.gal/es/node/2816"", ""accessed"": ""2026-08-25""} | {""field"": ""FAQ"", ""url"": ""https://emigracion.xunta.gal/es/bolsas-excelencia-mocidade-exterior-2026"", ""accessed"": ""2026-08-25""}"
nav-becas-estudios-universitarios-gobierno-navarra,Becas y ayudas al estudio universitario del Gobierno de Navarra (Grado y Master) / Becas Equidad Master,"Gobierno de Navarra - Departamento de Universidad, Innovacion y Transformacion Digital",Regional,NOT CAPTURED for the 2026-2027 call.,Grado and Master studies at Spanish universities.,NO,The applicant must be empadronado and resident in Navarra at the time of applying; applicant and family must have been empadronados in Navarra since at least 1 January of the year preceding the application and must still be resident there when the application is filed.,"The padron-since-1-January-of-the-prior-year condition is by itself fatal for an applicant arriving from Tunisia for a September 2027 start - the qualifying period would have had to begin on 1 January 2026, before any move to Spain.",NOT FOUND for 2027-2028. The 2023-24 and 2025-26 cycles ran as an annual convocatoria general.,https://www.navarra.es/es/tramites/on/-/line/convocatoria-general-de-becas-y-ayudas-para-estudios-postobligatorios-no-universitarios,,"CLOSED on the family/personal padron requirement. HOWEVER, Navarra carries the single best non-beca funding lever found in this block, and it sits in the FEE decree rather than in any scholarship call: ORDEN FORAL 63E/2026 art. 4.2 lets UPNA waive tuition outright - 'En el marco de los convenios que la Universidad Publica de Navarra suscriba, y que respondan al ambito de acciones en materia de internacionalizacion, cooperacion al desarrollo o de solidaridad con los pueblos o colectivos desfavorecidos, la Universidad podra otorgar EXENCION DE PRECIOS DE MATRICULA en Grado, Master Universitario o Doctorado en los terminos que esten previstos en el respectivo convenio.' That is a live, master-level, nationality-neutral waiver route that does not depend on padron, and it should be pursued by writing directly to UPNA's Servicio de Relaciones Internacionales to ask whether any convenio covering Tunisia or the Maghreb exists. Cross-referenced to the Navarra row of regional-fee-policy.jsonl. GAP: amounts and the 2026-2027 convocatoria text for the beca itself were not opened; the padron requirement is reported from secondary aggregation of the Gobierno de Navarra call, not quoted verbatim from the BON.","{""field"": ""padron/residence requirement, coverage"", ""url"": ""https://www.navarra.es/es/tramites/on/-/line/convocatoria-general-de-becas-y-ayudas-para-estudios-postobligatorios-no-universitarios"", ""accessed"": ""2026-08-25""} | {""field"": ""UPNA convenio-based matricula exemption (art. 4.2)"", ""url"": ""http://www2.unavarra.es/gesadj/Estudios/Precios/OrdenForalPrecios.pdf"", ""accessed"": ""2026-08-25""}"
ara-becas-excelencia-acceso-primera-vez-grado-master,"Becas de excelencia para el acceso, por primera vez, a estudios universitarios oficiales de Grado y Master - Convocatoria 2026",Gobierno de Aragon,Regional,NOT CAPTURED.,First-time access to official Grado or Master studies in 2026-2027 at Universidad de Zaragoza or Universidad San Jorge.,NO,"Requires empadronamiento in a municipality of Aragon, and a PAU access mark of 9 or above. The parallel scheme, Becas de movilidad en los campus universitarios en Aragon (Convocatoria 2026), requires having been a beneficiary of the MINISTRY's general beca in 2025-2026, study at UNIZAR or USJ, and family residence in an Aragonese municipality at least 15 km from the campus.","Two independent blocks. (1) Empadronamiento in Aragon - not satisfiable by an incoming Tunisian applicant. (2) For the movilidad line, prior receipt of the Ministry's general beca is a precondition, and wave 3 established that every Spanish central-government scholarship route is closed to this candidate - so the state-beca gate transmits that closure into the regional scheme.",NOT FOUND for 2027-2028; the 2026 convocatoria covers the 2026-2027 course.,https://www.aragon.es/tramitador/-/tramite/becas-de-excelencia-para-el-acceso-por-primera-vez-a-estudios-universitarios-oficiales-de-grado-y-master/convocatoria-2026,,"CLOSED. Worth recording because it illustrates a pattern that recurs across the regional layer and is decisive for this candidate: several regional schemes are BUILT ON TOP of the state beca (they require the applicant to already hold it, or to have been rejected for it on income grounds while still being nationality-eligible). Since wave 3 established the state routes are closed to this candidate on nationality/residence, that closure propagates. Aragon is also the harshest surcharge jurisdiction (x2 for non-habilitante masters, x3 for habilitantes, Decreto 120/2026 art. 4), so the only Aragonese lever worth pursuing is the art. 4.1.b convenio override recorded in the fee file, which can reduce the non-habilitante master price to the EU rate outright.","{""field"": ""eligibility, coverage"", ""url"": ""https://www.aragon.es/tramitador/-/tramite/becas-de-excelencia-para-el-acceso-por-primera-vez-a-estudios-universitarios-oficiales-de-grado-y-master/convocatoria-2026"", ""accessed"": ""2026-08-25""} | {""field"": ""movilidad line requirements"", ""url"": ""https://www.aragon.es/tramitador/-/tramite/becas-movilidad-campus-universitarios-aragon/convocatoria-2026"", ""accessed"": ""2026-08-25""} | {""field"": ""UNIZAR restatement"", ""url"": ""http://www.unizar.es/actualidad/vernoticia_ng.php?id=97887&idh="", ""accessed"": ""2026-08-25""}"
cyl-ayudas-estudio-grado-master-universidades-cyl,Ayudas al estudio al alumnado que curse estudios universitarios de Grado y Master de las Universidades de Castilla y Leon,Junta de Castilla y Leon - Consejeria de Educacion,Regional,NOT CAPTURED for 2026-2027.,"Grado and MASTER at the universities of Castilla y Leon, including creditos complementarios / complementos de formacion needed to access or obtain the master title - relevant to the 300-ECTS advanced-standing question.",NO,"For the 2025-2026 call: students must be EMPADRONADOS in a municipality of Castilla y Leon within the application period, and must maintain that condition throughout the period in which entitlement to payment of the subvencion is recognised.","The empadronamiento requirement is the block. Note it is tested at the APPLICATION DATE rather than at 31 December of the prior year - milder than Catalonia's or Navarra's - but an applicant applying from Tunisia before arrival cannot satisfy it, and the general 2026/2027 call for postobligatorio studies opened well before a September 2027 arrival.",The general 2026/2027 call for postobligatory (university and non-university) studies is open; specific 2027-2028 dates NOT FOUND.,https://www.tramitacastillayleon.jcyl.es/web/jcyl/AdministracionElectronica/es/Plantilla100Detalle/1251181050732/Ayuda012/1285570226823/Propuesta,,"CLOSED on empadronamiento. Castilla y Leon nonetheless remains attractive on the fee side: it is one of the communities verified as having NO non-EU surcharge in its precios publicos decree (DECRETO 8/2024 full-text checked), with a non-habilitante master at 26.20 EUR/ECTS. The scheme's explicit coverage of complementos de formacion is noted for wave 4 in case the candidate is required to take bridging credits - but it is inaccessible to him. GAP: the verbatim Spanish of the empadronamiento clause was not read from the BOCyL convocatoria text; it is reported from the Junta's own tramitacion page for the 2025-2026 call.","{""field"": ""empadronamiento requirement, coverage"", ""url"": ""https://www.tramitacastillayleon.jcyl.es/web/jcyl/AdministracionElectronica/es/Plantilla100Detalle/1251181050732/Ayuda012/1285570226823/Propuesta"", ""accessed"": ""2026-08-25""} | {""field"": ""2026/2027 general call announcement"", ""url"": ""https://empleo.jcyl.es/web/jcyl/Empleo/es/Plantilla100Detalle/1284216458054/Noticia/1285627245920/Comunicacion"", ""accessed"": ""2026-08-25""} | {""field"": ""coverage of grado and master"", ""url"": ""https://www.educa.jcyl.es/universidad/es/destacados/ayudas-estudio-alumnado-universitario-grado-master-universi"", ""accessed"": ""2026-08-25""}"
can-becas-estudios-universitarios-gobierno-canarias,"Becas del Gobierno de Canarias para la realizacion de estudios universitarios y ensenanzas artisticas superiores, curso 2026-2027","Gobierno de Canarias - Consejeria de Universidades, Ciencia e Innovacion y Cultura",Regional,NOT CAPTURED.,"Official master's study at any Spanish public university, plus grado and ensenanzas artisticas superiores.",NO,"Beneficiaries must hold ADMINISTRATIVE RESIDENCE IN CANARIAS and have their renta domiciled in the autonomous community as at 31 December of the year preceding the call, and must be enrolled in an official master at a Spanish public university. Applicant must not already hold a degree equal to or higher than the one applied for. The call is directed at students who do NOT meet the requirements for one or more of the modalities of the Ministry's beca.",Administrative residence in Canarias plus renta domiciled there at 31 December of the preceding year - not satisfiable by an applicant arriving from Tunisia for a September 2027 start.,"For the 2026-2027 course: applications 7 July to 6 August 2026, via the Gobierno de Canarias sede electronica. The equivalent 2027-2028 window would be expected around July-August 2027 - which would fall just before a September 2027 intake, but the residence condition at 31.12.2026 could not be met.",https://www.gobiernodecanarias.org/universidades/becas_ayudas/becas-gobierno-canarias/estudios-universitarios/curso_2026-2027/,,"CLOSED on residence. Note the interesting design point: this call is expressly a SAFETY NET for students who fail the Ministry's beca requirements - exactly the position this candidate is in - but the safety net is itself gated on Canarian administrative residence, so it does not reach him. Canarias remains the single cheapest fee jurisdiction verified in this sweep (no non-EU surcharge in Decreto 177/2022; 12.80 EUR/ECTS for a non-habilitante master at experimentality 3, about 768 EUR for 60 ECTS), so the absence of scholarship access matters far less here than in Madrid, Valencia or Aragon. ULPGC republishes the call, confirming it reaches master students at the Canarian public universities.","{""field"": ""residence requirement, coverage, deadline, safety-net framing"", ""url"": ""https://www.gobiernodecanarias.org/universidades/becas_ayudas/becas-gobierno-canarias/estudios-universitarios/curso_2026-2027/"", ""accessed"": ""2026-08-25""} | {""field"": ""university restatement of the call"", ""url"": ""https://eiic.ulpgc.es/convocatoria-de-becas-y-ayudas-del-gobierno-de-canarias-para-estudios-universitarios-del-curso-2026-2027/"", ""accessed"": ""2026-08-25""}"
lacaixa-posgrado-extranjero,"Becas de posgrado en el extranjero / Postgraduate Fellowships Abroad (EEES–Europe, North America, Asia-Pacific lines)","Fundación ""la Caixa""",Foundations & banks,NOT FOUND (funder pages fundacionlacaixa.org / lacaixafoundation.org return HTTP 403 Cloudflare challenge to every automated fetch; the mirrored institutional pages reproduce requisitos but not the euro figures). 100 fellowships offered in the 2026 call.,"Postgraduate study (máster, doctorado or predoctoral research), maximum 24 months. All fields of knowledge; MBA programmes explicitly excluded.",NO,"Requisitos: ""Tener la nacionalidad española o portuguesa. Acreditar un nivel avanzado del idioma en el que se cursarán los estudios de destino."" — plus: applicants must hold a degree awarded by a Spanish university (Spanish candidates) or a Portuguese university (Portuguese candidates), completed between January 2017 and July 2026.","""Tener la nacionalidad española o portuguesa"" (Requisitos, convocatoria 2026). Additionally the call requires ""disponer de un título de grado concedido por una universidad española (candidatos españoles) o portuguesa (candidatos portugueses)"" and states that candidates who completed their undergraduate studies outside Spain/Portugal are not eligible. A Tunisian citizen holding a Tunisian degree fails BOTH the nationality test and the prior-degree-location test.","2026 call closed 19 January 2026, 14:00 peninsular Spanish time. The equivalent call for a Sept-2027 start would be the 2027 call (typically opens autumn, closes January) — dates NOT YET PUBLISHED as of 2026-08-25. Moot for this candidate: ineligible.",https://fundacionlacaixa.org/es/becas-posgrado-extranjero-convocatoria,,"DOUBLE DISQUALIFICATION and also structurally irrelevant: this line funds Spanish/Portuguese nationals to study OUTSIDE Spain/Portugal, so it could not fund a master's IN Spain even if the candidate were eligible. There is no 'Becas de posgrado en España' master's line at la Caixa for international students — the only currently open la Caixa lines are this one, the doctoral INPhINIT calls, and the postdoctoral Junior Leader calls. PROVENANCE WARNING: fundacionlacaixa.org and lacaixafoundation.org are behind a Cloudflare 'cf-mitigated: challenge' 403 for all automated fetching, and web.archive.org is blocked by this environment's egress policy. The verbatim requisitos above were obtained from (a) the search index of the funder's own page and (b) canal.ugr.es, a Spanish public university's reproduction of the convocatoria, which was fetched directly. source_access: search index + university mirror — funder page returns 403, not directly fetched. A human should open the funder page in a normal browser to confirm the euro amounts.","{""field"": ""eligibility_verbatim / nationality"", ""url"": ""https://canal.ugr.es/convocatoria/becas-de-la-fundacion-la-caixa-para-estudios-de-posgrado-en-el-extranjero-2/"", ""accessed"": ""2026-08-25""} | {""field"": ""eligibility_verbatim / prior degree location, number of fellowships, destinations"", ""url"": ""https://fundacionlacaixa.org/es/becas-posgrado-extranjero-convocatoria"", ""accessed"": ""2026-08-25""} | {""field"": ""deadline"", ""url"": ""https://canal.ugr.es/convocatoria/becas-de-la-fundacion-la-caixa-para-estudios-de-posgrado-en-el-extranjero-2/"", ""accessed"": ""2026-08-25""} | {""field"": ""programme overview"", ""url"": ""https://fundacionlacaixa.org/es/becas-posgrado-extranjero"", ""accessed"": ""2026-08-25""}"
lacaixa-inphinit-incoming,"Doctoral INPhINIT Fellowships — Incoming call (""la Caixa"" Foundation)","Fundación Bancaria ""la Caixa"" (co-funded historically by the EU H2020 Marie Skłodowska-Curie COFUND grant agreement No 713673)",Assistantships & employment,"Rules for participation §2.1: ""€35,800 per year to cover the fellow's labour costs. This amount includes the Social Security cost and any other compulsory fee or compensation... as well as the fellow's annual gross salary."" / ""In any case, the minimum annual gross salary to be offered to the fellow by the host institution must be €25,000. If the total labour costs exceed the maximum amount offered by the ''la Caixa'' Foundation, the host institution will cover the excess."" / ""€3,500 per year for research costs such as conferences, courses, research stays, consumables, equipment, charges for the use of intellectual property, etc."" / ""The tuition fees to the official doctoral programme where the fellow will be admitted to."" §1.5: ""The fellowship will have a duration of up to four years."" 30 fellowships per call. This is a LABOUR CONTRACT with the host institution, not a stipend: §1.3 ""the host organisation will hire the fellow using the funds provided by the ''la Caixa'' Foundation.""",,CONDITIONAL,"§4.1 Nationality: ""Young researchers of any nationality are eligible to apply for the Doctoral INPhINIT Incoming Fellowships Programme."" || §4.2 Studies pursued: ""Applicants must hold a higher education degree that makes them eligible to enrol in a doctoral programme before starting at their host institutions. The host university will verify, upon starting the admission process to the doctoral programme, that the studies taken up by the selected candidates make them eligible to enrol in an official doctoral programme in accordance with the regulations in force in Spain or Portugal. Should they be found not eligible after verification, the fellowship will be withdrawn. Candidates must not have been enrolled in a doctoral programme prior to the start of the fellowship."" || §4.4 Research experience: ""On the deadline for applications, applicants must still be within the first four years (full-time equivalent research experience) of their research careers."" || §4.5 Mobility: ""Candidates cannot have resided or carried out their main activity (work, studies, etc.) in the country of destination (Spain/Portugal) for more than twelve months in the three years immediately prior to the deadline for applications."" || Call page: ""30 fellowships to pursue PhD studies in research centres accredited with the Spanish Seal of Excellence Severo Ochoa, María de Maeztu or Health Institute Carlos III..."", ""STEM disciplines (technology, engineering, physics, chemistry, mathematics, health and life sciences).""","§4.3 Language proficiency: ""Applicants must accredit their proficiency in the English language by submitting any of the certificates mentioned below. Under no circumstances will any other certificate be accepted, despite being issued by the same organisations and/or accredit equivalence with any of the accepted levels."" — the exemption list (Australia, Canada, Ireland, Malta, New Zealand, Singapore, South Africa, UK, USA, Caribbean states…) does NOT include Tunisia or France, so a Tunisian applicant educated in Tunisia MUST produce one of the named English certificates. || §4.5 Mobility (operates as an exclusion once the candidate has lived in Spain): ""Candidates cannot have resided or carried out their main activity (work, studies, etc.) in the country of destination (Spain/Portugal) for more than twelve months in the three years immediately prior to the deadline for applications."" || §10.5: ""Candidates must not be included on international sanctions lists, such as the United Nations, the European Union, HM Treasury and/or the U.S. Department of the Treasury's Office of Foreign Assets Control (OFAC), among others.""","The 2026 Incoming call is CLOSED: ""End: 28 January 2026, at 2 pm Peninsular Spain""; shortlisting 27 April 2026, interviews 20-22 May 2026, final result 29 May 2026. The 2027 call dates are NOT YET PUBLISHED as of 2026-08-25; the pattern is an opening in autumn with a late-January deadline. Applicants can register for a notification on the fellowships application site.",https://fellowships.lacaixafoundation.org/s_Login.jsp?&lang=1,,"TIMING TRAP, AND IT IS THE MOST IMPORTANT THING IN THIS RECORD. The mobility rule cuts BOTH ways for this candidate. (a) RIGHT NOW, with no prior Spanish residency, the candidate satisfies the Incoming mobility rule perfectly — this is one of the very few first-rate funded routes a Tunisian can enter directly from Tunisia. (b) BUT it funds a DOCTORATE, not a master's, so it does not pay for the September 2027 master's at all. (c) AND once the candidate has spent more than twelve months in Spain doing that master's, the Incoming call is permanently closed to them and they must switch to the Retaining call instead (separate record). So the two routes are mutually exclusive in sequence, and the choice of which one to aim at should be made deliberately, not discovered late. Second unresolved point: §4.2 requires a degree that makes you eligible to enrol in a Spanish doctoral programme, and that is judged by the host university, not by ''la Caixa''. Whether a Tunisian 5-year, 300-ECTS Software Engineering diploma on its own gives Spanish doctoral access (RD 99/2011 normally wants 300 ECTS of which at least 60 at master level) is NOT RESOLVED here and must be asked of the specific host university — this is exactly the 300-ECTS question the shared brief flags. Third: the English certificate is compulsory and the accepted list is closed — a Tunisian applicant cannot substitute a different certificate however equivalent.","{""field"": ""amount, duration, contract nature, nationality, studies, mobility, English, sanctions"", ""url"": ""https://lacaixafoundation.org/documents/d/la-caixa-foundation/doctoral-inphinit-incoming-2026-call-rules-participation-pdf"", ""accessed"": ""2026-08-25""} | {""field"": ""number of fellowships, key dates, host-centre requirement, contact"", ""url"": ""https://lacaixafoundation.org/en/doctoral-inphinit-fellowships-incoming-call"", ""accessed"": ""2026-08-25""}"
areces-postgrado-extranjero,Becas Fundación Ramón Areces para Estudios de Postgrado — Ampliación de Estudios en el Extranjero (Ciencias Sociales / Humanidades / Ciencias de la Vida y de la Materia),Fundación Ramón Areces,Foundations & banks,"""Dotación económica: 2.100 euros mensuales NETOS."" Plus enrolment/tuition fees at the destination institution (""Gastos de INSCRIPCIÓN y MATRÍCULA en la universidad o centro extranjero"") and one annual return economy flight with travel/medical insurance. (XL convocatoria, Ciencias Sociales, curso 2026-2027.)","One academic year of a master's abroad, extendable one further year for 2-year master's; doctorate 12 months + up to 3 extensions. Regulated postgraduate study only — bachelor's study and pure research stays abroad are excluded.",NO,"""I. Requisitos de los candidatos — Tener la nacionalidad española. Haber obtenido un título de licenciado, grado o máster universitario que dé acceso a los estudios solicitados: en un país del Espacio Europeo de Educación Superior o, alternativamente, en un país no perteneciente al Espacio Europeo de Educación Superior, acreditando la homologación oficial del mismo por parte del órgano ministerial competente antes de la fecha que se indica en el apartado V.6 de esta convocatoria. […] Conocimiento excelente del idioma en el que se desarrollen los estudios o investigación. No ser beneficiarios de ninguna beca o ayuda económica para la realización de estudios, crédito, o cualquier otra asignación de similar naturaleza…""","""Tener la nacionalidad española."" (Bases, I. Requisitos de los candidatos, XL Convocatoria para Ampliación de Estudios en el Extranjero en Ciencias Sociales, curso 2026-2027.) A Tunisian citizen is excluded outright.","XL convocatoria (curso 2026-2027): ""Plazo de presentación de solicitudes: desde el 21 de enero al 23 de febrero de 2026"" — CLOSED. The equivalent call for curso 2027-2028 would be expected January–February 2027 but is NOT YET PUBLISHED as of 2026-08-25. Moot: ineligible.",https://www.fundacionareces.es/fundacionareces/es/convocatorias/becas-fundacion-ramon-areces-para-estudios-de-postgrado-xl-convocatoria-para-ampliacion-de-estudios-en-el-extranjero-en-ciencias-sociales.html,,"THREE independent disqualifiers, any one of which is fatal: (1) Spanish nationality required; (2) the becas fund study ABROAD ONLY — 'estudios de postgrado en universidades y centros de investigación en el extranjero' — so they cannot fund a master's in Spain; (3) the subject areas do not include computing, AI, audio or music. The XL Ciencias Sociales call covers only Análisis económico, Distribución comercial, Economía aplicada, Economía de la empresa, Historia Económica, Derecho de la Unión Europea; the parallel calls are Humanidades and Ciencias de la Vida y de la Materia. Note the interesting detail that the title-recognition clause DOES contemplate non-EHEA degrees (with homologación) — but that concession is about where the degree was earned, not about nationality, and the nationality bar is absolute. Contact for queries: becas-economia@fundacionareces.es. fundacionareces.es returns 403 to WebFetch but WAS fetched successfully via curl with a browser User-Agent — the verbatim text above is from the funder's own page, read directly.","{""field"": ""eligibility_verbatim, exclusion, amount, deadline, subject areas"", ""url"": ""https://www.fundacionareces.es/fundacionareces/es/convocatorias/becas-fundacion-ramon-areces-para-estudios-de-postgrado-xl-convocatoria-para-ampliacion-de-estudios-en-el-extranjero-en-ciencias-sociales.html"", ""accessed"": ""2026-08-25""} | {""field"": ""parallel Humanidades call"", ""url"": ""https://www.fundacionareces.es/fundacionareces/es/convocatorias/becas-fundacion-ramon-areces-para-estudios-de-postgrado-convocatoria-para-ampliacion-de-estudios-en-el-extranjero-en-humanidades.html"", ""accessed"": ""2026-08-25""}"
rafael-del-pino-becas-excelencia,Becas de Excelencia Rafael del Pino (XXVII Programa de Becas para Estudios de Posgrado),Fundación Rafael del Pino,Foundations & banks,"""35. La cuantía máxima anual de la beca será: • Estudios de doctorado: un máximo de 24.600 euros anuales por todos los conceptos (matrícula, manutención, desplazamientos, etc.) • Másteres de posgrado: (de Administración de Empresas (MBA), Derecho (LLM), Ciencias y otros Másteres de posgrado similares): un máximo de 50.000 euros anuales por todos los conceptos (matrícula, manutención, desplazamientos, etc.). En aquellos casos en los que el coste de la matrícula sea superior a esta cifra máxima (50.000€), la beca aumentará su montante hasta cubrir el valor integro de la matrícula y sólo ese concepto."" 20 becas offered in the 2026-2027/2027-2028 edition.","One academic year of a full-time, on-campus master's (habilitantes excluded) or doctorate at a world-first-rank university or research centre; tuition, living costs and travel, up to the annual cap.",NO,"""A. Requisitos de los solicitantes — 1. Nacionalidad. Los solicitantes deberán tener la nacionalidad española. 2. Titulación. Los solicitantes deberán tener un título superior expedido por una universidad española o extranjera. 3. Idioma. Los solicitantes, de forma inexcusable, deberán acreditar documentalmente un excelente conocimiento escrito y hablado del idioma inglés y, en su caso, del idioma en el que se llevarán a cabo los estudios a realizar. 4. Compatibilidad con otras becas o ayudas: el solicitante no podrá ser beneficiario, simultáneamente, de ninguna beca, ingreso o ayuda económica relacionada con el objeto de la beca…""","""1. Nacionalidad. Los solicitantes deberán tener la nacionalidad española."" (Bases de la convocatoria 2026-2027, apartado A.1.) Also framed throughout as ""becas para titulados superiores españoles"" and ""contribuir a mejorar la formación de los lideres españoles"".","""5. La convocatoria para solicitar la beca se abrirá el día 9 de enero de 2026 a las 12:00 horas (CET) y se cerrará el día 23 de febrero de 2026 a las 23:59 horas (CET)."" This closed call already covers tenure starting in curso 2026-2027 OR 2027-2028 (""37. El disfrute de la beca se iniciará durante los cursos 2026-2027 o 2027-2028""), i.e. it was the Sept-2027 window. Moot: ineligible.",https://frdelpino.es/beca/convocatoria-becas-de-excelencia-rafael-del-pino/,,"CLEAN DOCUMENTED NO — Spanish nationality is requisite A.1 of the bases. NOTE the asymmetry worth understanding: clause A.2 explicitly accepts a degree ""expedido por una universidad española o extranjera"", so unlike la Caixa this scheme does NOT care where the prior degree was earned — only the passport. Also structurally aimed at study abroad (clause 28 refers to ""antes de la salida de España""), so it would not fund a master's in Spain. Rules PDF read directly: https://frdelpino.es/wp-content/uploads/2024/06/Bases-de-la-convocatoria-2026-2027.pdf . Contact: becas@frdelpino.es . Selection weights: expediente/CV 30%, proyecto de estudio 30%, texto de motivación 30%, cartas de recomendación 10%; interview 27 April 2026. English requirement IELTS 6.5-7.5 / Cambridge C1 / TOEFL iBT 100.","{""field"": ""eligibility_verbatim, exclusion, amount, deadline, duration"", ""url"": ""https://frdelpino.es/wp-content/uploads/2024/06/Bases-de-la-convocatoria-2026-2027.pdf"", ""accessed"": ""2026-08-25""} | {""field"": ""call page / dates / contact"", ""url"": ""https://frdelpino.es/beca/convocatoria-becas-de-excelencia-rafael-del-pino/"", ""accessed"": ""2026-08-25""} | {""field"": ""programme overview"", ""url"": ""https://frdelpino.es/becas/becas-de-excelencia/"", ""accessed"": ""2026-08-25""}"
santander-open-academy-umbrella,Becas Santander / Santander Open Academy (umbrella programme — scholarships delivered per call and per partner university),Banco Santander (Santander Universidades / Santander Open Academy),Foundations & banks,"NO SINGLE AMOUNT — this is a catalogue, not one scholarship. Each call sets its own award. ""More than 900 programmes""; ""+1,000 universities, institutions and organisations collaborating in 13 countries"". Most catalogue items are FREE ONLINE COURSES (language, skills, tech) worth no cash to a master's student; the cash-bearing lines are the Academic Mobility, Research, Professional Internships and Financial Assistance categories, which are published per partner university.","Four declared scholarship categories: ""Financial Assistance — Scholarships for financial assistance to support undergraduate studies and university access for those in need. Academic Mobility — Scholarships for national and international mobility to study at another academic institution. Research — Scholarships for students and faculty to support research in a specific program or project. Professional Internships — Scholarships to facilitate access to the job market through professional internships.""",CONDITIONAL,"Platform-level: ""To sign up and start learning, you just need to be over 16 years old. We believe in your potential and want to help you succeed, whether or not you're a bank customer."" / ""Anyone can register on Santander Open Academy — you do not need to be a Banco Santander customer."" / FAQ, 'Can I access from any country?': ""Yes, Santander Open Academy is globally accessible. You only need an internet connection to access it from Europe, the Americas or any other region. There are no specific residency requirements for direct-access courses. There may be geographic specifications for programmes with limited places and scholarships. Always check the Legal Terms of each programme."" / ""Who can apply for Santander Open Academy scholarships? The scholarships are aimed at a wide variety of profiles, from university students to professionals. Each call may have specific requirements, so review the eligibility criteria.""","There is NO nationality bar at the umbrella level — the bar is institutional affiliation. FAQ, 'What happens if my university does not appear on the list?': ""Some programmes are specifically aimed at students from certain universities. If this is the case and your university is not among the participants, you will not be able to apply for that particular programme. But don't worry — you are sure to find other programmes you can participate in!"" And: ""Partner institution programmes — The universities and institutions we work with also publish their own programmes for their academic communities."" Plus the geographic caveat: ""There may be geographic specifications for programmes with limited places and scholarships.""","NOT APPLICABLE at umbrella level — deadlines are per call, rolling throughout the year, published on app.santanderopenacademy.com. NOT FOUND for any specific Spain master's call for the Sept-2027 intake.",https://app.santanderopenacademy.com/en/program/search,,"UMBRELLA MECHANICS — the answer to 'can a non-EU applicant hold one' is YES IN PRINCIPLE, NO IN PRACTICE UNTIL ADMITTED. Nationality is not a filter: registration is open worldwide to anyone over 16, no Santander banking relationship needed, and there is no citizenship clause anywhere in the platform terms. The real gate is that money-bearing Santander scholarships are issued THROUGH a partner university to ITS OWN academic community — you must already be a student of (or admitted to) a participating institution before you can even see the call in your account, and if your university is not on the list the application form will not open. CONSEQUENCE FOR THIS CANDIDATE: a Santander scholarship is NOT an admission-stage funding route and cannot be counted on when choosing where to apply. It becomes reachable only AFTER securing a place at a Spanish partner university, and then only for whatever that university happens to publish (typically mobility grants, internship grants, or small tuition-assistance awards — rarely full master's tuition). Treat it as a possible top-up in year 1, never as the plan. ACTION FOR A HUMAN: once a target university is chosen, check that university's own Santander Universidades page for the specific call and its Legal Terms (Términos legales), which is where any nationality/residency clause would live. CAVEAT ON COVERAGE: I could not enumerate the live call catalogue — app.santanderopenacademy.com/en/program/search is a JavaScript SPA that returns only an empty shell to automated fetching, and its JS bundle is served 403, so no specific Spain-master's call could be inspected. The WebSearch budget for this session was exhausted before I could search for one. This is a genuine gap, not a finding of absence.","{""field"": ""platform openness / age / non-customer"", ""url"": ""https://www.santanderopenacademy.com/en/about/becas-santander.html"", ""accessed"": ""2026-08-25""} | {""field"": ""country access, residency caveat, university-restricted calls, per-call Legal Terms"", ""url"": ""https://www.santanderopenacademy.com/en/faq.html"", ""accessed"": ""2026-08-25""} | {""field"": ""the four scholarship categories, who can apply, no bank customer needed"", ""url"": ""https://www.santanderopenacademy.com/en/sites/scholarships.html"", ""accessed"": ""2026-08-25""} | {""field"": ""scholarship catalogue / application portal"", ""url"": ""https://app.santanderopenacademy.com/en/program/search"", ""accessed"": ""2026-08-25""}"
fbbva-becas-leonardo,Becas Leonardo a Investigadores y Creadores Culturales (Fundación BBVA) — and the Fundación BBVA calls catalogue generally,Fundación BBVA,Foundations & banks,"""La dotación global de esta convocatoria está fijada en 2.750.000 euros. Se concederán al menos 55 becas, dotadas cada una de ellas con un importe bruto máximo de 50.000 euros"" (convocatoria 2025).","An individual research or cultural-creation project by a mid-career researcher/creator, executed over a fixed period. NOT tuition, NOT a taught master's.",NO,"""4/ Solicitantes — Los solicitantes serán personas físicas, investigadores o creadores culturales de nacionalidad española con residencia en España, o nacionales de otros países con residencia en España, en los términos previstos en estas bases, debiendo acreditar el requisito de residencia aportando la documentación que se indica en el apartado 5. El solicitante deberá tener una edad comprendida entre los 30 y 45 años (ambos inclusive) en el momento de la solicitud.""","""En caso de que el solicitante sea un nacional de un país no miembro de la Unión Europea, deberá aportar su tarjeta de identidad de extranjero en vigor en la que se acredite tener residencia de larga duración en España o permiso de residencia al amparo de la Ley 14/2013, de 27 de septiembre, de apoyo a los emprendedores y su internacionalización. Y, en este último caso, adicionalmente, deberá acreditar tener residencia en España de al menos tres años de antigüedad a la fecha de presentación de la solicitud aportando certificado/s de empadronamiento o informe de vida laboral que acredite la residencia en España durante los tres últimos años."" (Bases Becas Leonardo 2025, apartado 5.) Plus the absolute age bar: ""El solicitante deberá tener una edad comprendida entre los 30 y 45 años (ambos inclusive) en el momento de la solicitud.""","NOT APPLICABLE. 2025 general call: ""Desde el 1 de abril de 2025 al 30 de mayo de 2025, a las 14:00 h"" — closed. The only Becas Leonardo calls currently OPEN (as of 2026-08-25) are Becas Leonardo 2026 – México and Becas Leonardo 2026 – Argentina, Colombia y Perú, i.e. Latin-America-only geographies.",https://www.fbbva.es/convocatorias/,,"CLEAN DOCUMENTED NO, AND A WHOLE FUNDER CLOSED OFF. Fundación BBVA runs NO master's scholarship of any kind. Its full open/recent catalogue at fbbva.es/convocatorias consists of research prizes (Premios Fronteras del Conocimiento, Vicent Caselles, SCIE, SEBBM, CSIC, RSEF, Biodiversidad), research aid (Ayudas CSIC, Programa Prismas y Problemas), the Becas Leonardo research/creation grants, and the Beca Xabier Lete for literary creation in Basque. None funds tuition or living costs for a taught máster. For Becas Leonardo specifically the candidate fails on THREE independent grounds: (1) the non-EU nationality route requires an already-held Spanish long-term residence card or a Ley 14/2013 residence permit PLUS three years of prior residence in Spain — a first-time student arriving in 2027 has neither; (2) the 30–45 age band; (3) it funds a project, not a degree. NOTE for the wider sweep: the 'three years of prior residence in Spain' construction seen here is the archetypal Spanish-foundation exclusion clause — expect it to recur. Contact: becas-leonardo@fbbva.es.","{""field"": ""eligibility_verbatim, exclusion_clause_verbatim, amount, deadline"", ""url"": ""https://www.redleonardo.es/wp-content/uploads/sites/6/2025/03/bases-becas-leonardo-2025.pdf"", ""accessed"": ""2026-08-25""} | {""field"": ""call page / deadline / contact"", ""url"": ""https://www.redleonardo.es/becas/becas-leonardo-a-investigadores-y-creadores-culturales-2025/"", ""accessed"": ""2026-08-25""} | {""field"": ""full Fundación BBVA calls catalogue — no master's scholarship exists"", ""url"": ""https://www.fbbva.es/convocatorias/"", ""accessed"": ""2026-08-25""}"
fundacion-telefonica-becas-posgrado,"Becas Fundación Telefónica (programa de becas de posgrado tecnológico, 1ª edición 2026)",Fundación Telefónica,Foundations & banks,"""La dotación económica máxima de cada beca asciende a OCHENTA MIL EUROS (80.000 EUR) para la totalidad del periodo de disfrute, constituyendo un límite absoluto e infranqueable."" Programme total: ""4 millones de euros en 2026 para conceder 50 becas anuales"". Priority application: ""La dotación económica de la beca se aplicará con carácter preferente al pago de la matrícula y de las tasas académicas obligatorias del programa financiado.""","Master's tuition and compulsory academic fees as first charge, plus accessory living/travel items inside the global cap. ""Las becas podrán concederse por una o dos anualidades, en función de la duración del programa de máster financiado, con un periodo máximo de disfrute de veinticuatro (24) meses."" Compatible with other funding (""serán compatibles con ayudas, becas, subvenciones, exenciones arancelarias (fee waivers)…""). MBAs, másteres habilitantes and management-heavy programmes are excluded.",NO,"""Artículo 6. Requisitos de las personas candidatas — 6.1 Nacionalidad. Las personas candidatas deberán ostentar la nacionalidad española. Las personas con doble nacionalidad podrán participar siempre que acrediten su nacionalidad española mediante Documento Nacional de Identidad (DNI) en vigor en el momento de presentar la solicitud. Las personas que se encuentren en proceso de obtención de la nacionalidad española podrán participar en la convocatoria siempre que dispongan del documento oficial acreditativo de dicha nacionalidad antes del cierre del plazo de solicitud. Las personas candidatas que hayan cursado sus estudios de grado en una universidad extranjera deberán acreditar, adicionalmente, su título conforme al artículo 6.3. — 6.2 Edad. Las personas candidatas no podrán haber cumplido treinta y seis (36) años antes del 31 de diciembre de 2026."" Website summary of the same: ""Requisitos — Formales: Ser ciudadano/a español/a. Tener hasta 35 años en el año de la convocatoria.""","""6.1 Nacionalidad. Las personas candidatas deberán ostentar la nacionalidad española."" (Bases de la convocatoria Becas Fundación Telefónica, 1ª edición, junio 2026, artículo 6.1.) A Tunisian citizen without Spanish nationality cannot apply, full stop.","1st edition timetable (published): ""Apertura de la Convocatoria — 1 de Junio de 2026, 8:00 h. Cierre del plazo de solicitud — 30 de Junio de 2026, 23:59 h. (hora peninsular española). Plazo ampliado para documentación pendiente — Hasta el 1 de septiembre de 2026. Publicación de resultados — A partir del 24 de septiembre de 2026."" First-edition applications are now CLOSED (""Proceso de admisión de solicitudes de la primera convocatoria cerrada""). A 2nd edition is announced but its dates are NOT YET PUBLISHED as of 2026-08-25 — the site offers only a notification sign-up form. Moot for this candidate: ineligible on nationality.",https://becas.fundaciontelefonica.com/,AA | AB | AC,"THE MOST PAINFUL 'NO' IN THIS BLOCK — record it prominently so nobody wastes time re-discovering it. This is a brand-new (launched 2026), very large and almost perfectly field-matched programme: eligible areas are literally ""Inteligencia Artificial, Machine Learning y Ciencia de Datos"", ""Infraestructuras Digitales, Cloud, Edge, IoT y Computación Avanzada"", ""Ciberseguridad"", ""Redes Avanzadas y Telecomunicaciones"" — path codes AA, AB, AC — at up to EUR 80,000 per award, 50 awards a year, and it explicitly funds master's study at ""universidades e instituciones académicas de reconocido prestigio internacional"" (national or international). Everything about it fits the candidate EXCEPT article 6.1, which requires Spanish nationality with a valid DNI. Note that the bases DO contemplate applicants whose bachelor's was earned abroad (art. 6.1 final paragraph refers such candidates to art. 6.3 for título recognition) — so the foreign-degree route is open; only the passport is not. Note also art. 6.2: born on or after 1 January 1991 for the 2026 edition, and the Fundación reserves the right to change the age limit in later editions. Also carries a positive-action reserved quota for women (art. 9.6). Contact via the becas team email published on the programme page. Bases read directly at legal.fundaciontelefonica.com.","{""field"": ""eligibility_verbatim, exclusion_clause_verbatim, amount, deadlines, eligible areas, duration"", ""url"": ""https://legal.fundaciontelefonica.com/bases-de-la-convocatoria-becas"", ""accessed"": ""2026-08-25""} | {""field"": ""programme summary, 50 becas / EUR 4M / EUR 80,000, requisitos summary, first call closed"", ""url"": ""https://www.fundaciontelefonica.com/becas/"", ""accessed"": ""2026-08-25""} | {""field"": ""bases landing page"", ""url"": ""https://www.fundaciontelefonica.com/becas/becas-fundacion-telefonica-bases-de-la-convocatoria/"", ""accessed"": ""2026-08-25""} | {""field"": ""application platform"", ""url"": ""https://becas.fundaciontelefonica.com/"", ""accessed"": ""2026-08-25""}"
mutua-madrilena-becas-excelencia,Becas Excelencia para la ampliación de estudios de posgrado en el extranjero (XXI Convocatoria),Fundación Mutua Madrileña,Foundations & banks,"""50 becas, por una o dos anualidades y a razón de 12.000 euros anuales"". Total budget EUR 1,000,000. Area split: 10 Artes/Humanidades/Arquitectura, 10 Ciencias Sociales y Jurídicas, 10 Ciencias de la Salud, 20 STEM.","A master's or doctorate abroad, 1–2 years, starting in 2026, full-time. ""Al menos tres cuartas partes de la duración de los estudios de posgrado para los que se solicite la beca deberán desarrollarse en el extranjero."" Strictly incompatible with any other public or private aid, including fee waivers, and with any paid work other than compulsory curricular placements.",NO,"""6. REQUISITOS Y FACTORES EXCLUYENTES — Todas las solicitudes deberán cumplir con los siguientes requisitos sin excepción: • Ser hijo/a de mutualista, persona física que reúna al menos 20 años de antigüedad o que cuente con una póliza activa de al menos 20 años de antigüedad en el momento de la solicitud y que tal circunstancia se mantenga durante la vigencia de la beca. […] • Estar en posesión del título grado expedido por una universidad española o poder acreditarlo. • La fecha de graduación no debe ser anterior a septiembre de 2022. • No haber percibido con anterioridad otra ayuda para la ampliación de estudios en el extranjero de la Fundación Mutua Madrileña en pasadas convocatorias.""","""Ser hijo/a de mutualista, persona física que reúna al menos 20 años de antigüedad o que cuente con una póliza activa de al menos 20 años de antigüedad en el momento de la solicitud"" AND ""Estar en posesión del título grado expedido por una universidad española"". (Bases reguladoras XXI Convocatoria, apartado 6.) Two absolute bars: the applicant must be the child of a 20-year Mutua Madrileña policyholder, and must hold a bachelor's issued by a SPANISH university. A Tunisian applicant with a Tunisian degree fails both.","""El plazo de presentación de solicitudes será: desde las 08:30 horas del jueves día 5 de marzo hasta las 14:00 horas del viernes día 24 de abril de 2026, hora peninsular española."" — CLOSED. This XXI call funds studies STARTING IN 2026, so the equivalent Sept-2027 call would be the XXII convocatoria, expected March–April 2027; dates NOT YET PUBLISHED as of 2026-08-25. Moot: ineligible.",https://www.fundacionmutua.es/accion-social/jovenes/becas-posgrado/bases/,,"CLEAN DOCUMENTED NO — the hardest kind of bar: it is a family-membership benefit, not an open competition. Note two details worth carrying into other records anyway. (1) This scheme awards ""+0,5 puntos"" automatically to applicants with a 300-ECTS bachelor's: ""A los solicitantes que hayan cursado un grado de 300 o más créditos ECTS, o finalizado más de un grado en los últimos 4 años, se les concederá medio punto extraordinario (+0,5 puntos) que se sumará de forma automática a la nota media final de sus estudios de grado."" — evidence that Spanish funders DO explicitly recognise the 300-ECTS profile as a merit, useful framing elsewhere. (2) It also funds study abroad only, so it is doubly irrelevant to a master's in Spain. Fundación Mutua's other lines (Becas de Cooperación Internacional in the Salud programme, Becas Valores/España Rumbo al Sur, Programa Demos for young people with disabilities) are not master's funding. PROVENANCE: www.fundacionmutua.es sits behind a Cloudflare 'cf-mitigated: challenge' 403 for both WebFetch and curl; the verbatim bases above were retrieved through the r.jina.ai text-extraction proxy reading the funder's own URL, so the content is the primary page's own text but was not fetched by a direct connection. A human should confirm in a normal browser.","{""field"": ""eligibility_verbatim, exclusion_clause_verbatim, amount, areas, deadline, 300-ECTS bonus"", ""url"": ""https://www.fundacionmutua.es/accion-social/jovenes/becas-posgrado/bases/"", ""accessed"": ""2026-08-25""} | {""field"": ""programme summary, EUR 12,000/year, hijos de mutualistas 20 años"", ""url"": ""https://www.fundacionmutua.es/accion-social/jovenes/becas-posgrado/"", ""accessed"": ""2026-08-25""}"
fundacion-botin-becas,Becas Fundación Botín (Becas para Estudios Universitarios; Becas de Arte; Beca de Comisariado de Exposiciones y Gestión de Museos),Fundación Botín,Foundations & banks,"Becas para Estudios Universitarios, 54ª edición: ""se convocan 47 becas, de las que 28 son para estudios universitarios en la región y 19 para otras universidades españolas… Las ayudas al estudio de Grado en Cantabria serán de 1.500 euros, mientras que las correspondientes al resto de comunidades autónomas cuentan con una dotación de 5.000 euros."" Duration 9 months, renewable.","UNDERGRADUATE (grado) study only for the university line. The Arte and Comisariado lines fund artistic training/curatorial studies, not taught technical master's.",NO,"""Dirigida a: Jóvenes cántabros que comiencen sus estudios en el año 2026/2027 y a aquellos que ya los estén realizando."" / ""Completan los requisitos para optar a estas becas para estudios superiores, ser natural y vecino de Cantabria o haber residido en la comunidad como mínimo los tres años inmediatamente anteriores a la solicitud de la beca; no ser mayor de 25 años; no estar en posesión del título de licenciado o grado; y no disfrutar de otra beca o ayuda para el mismo concepto."" Required documents include ""Certificado de vecindad o empadronamiento en Cantabria, antes del año 2023, expedido en 2026.""","""ser natural y vecino de Cantabria o haber residido en la comunidad como mínimo los tres años inmediatamente anteriores a la solicitud de la beca; no ser mayor de 25 años; no estar en posesión del título de licenciado o grado"". Three independent bars for this candidate: Cantabria residency (3 years minimum, proven by empadronamiento), and — decisively — the scheme funds people who do NOT yet hold a degree, i.e. undergraduates, so a master's applicant is out of scope by definition.",Becas para Estudios Universitarios 2026-2027: applications closed 31 July 2026; results published September 2026. NOT APPLICABLE to a master's applicant.,https://fundacionbotin.org/becas-convocatorias/becas-para-estudios-universitarios/,,"CLEAN DOCUMENTED NO — Fundación Botín runs NO postgraduate scholarship in any technical field. Its full current becas portfolio is: Becas para Estudios Universitarios (undergraduate, Cantabria-only), Becas de Arte (visual arts — genuinely open to ""artistas de cualquier nacionalidad"", but visual-arts practice, not a master's), Beca de Comisariado de Exposiciones y Gestión de Museos (curatorial studies abroad), and non-academic Talleres de Arte. The Fundación's science activity is technology transfer (Mind the Gap), not student funding. Note in passing that the Becas de Arte line IS nationality-blind — ""artistas de cualquier nacionalidad pueden concurrir a esta convocatoria"" — which is the exception that proves how rare open nationality is among Spanish foundations; it is however irrelevant to path codes A/B/C/AA/AB/AC/X/P/S. Contact: becas@fundacionbotin.org, Pedrueca 1, 39003 Santander, +34 942 226 072.","{""field"": ""eligibility_verbatim, exclusion, amounts, deadline, number of becas"", ""url"": ""https://fundacionbotin.org/becas-convocatorias/becas-para-estudios-universitarios/"", ""accessed"": ""2026-08-25""} | {""field"": ""full becas portfolio; Becas de Arte open to any nationality"", ""url"": ""https://fundacionbotin.org/becas-convocatorias/"", ""accessed"": ""2026-08-25""}"
fundacion-repsol-no-scheme,Fundación Repsol — NO master's scholarship programme exists (negative finding),Fundación Repsol,Foundations & banks,NOT APPLICABLE — no such scheme in the current portfolio.,NOT APPLICABLE,NO,NOT APPLICABLE — no scholarship call to quote.,"NOT APPLICABLE. The exclusion is structural: Fundación Repsol's published 'Qué hacemos' portfolio as of 2026-08-25 contains no student scholarship line at all. The listed programmes are: Cátedras Universitarias, Deporte escolar, Economía verde y social, Fondo de Emprendedores, Motor Verde, Open Room, Voluntariado Repsol, Zinkers.",NOT APPLICABLE,https://www.fundacionrepsol.com/es/que-hacemos/,,"NEGATIVE FINDING, RECORDED SO NOBODY RE-SEARCHES IT. https://www.fundacionrepsol.com/es/becas/ does not exist — it 302-redirects to the site root. The only competitive open call is the Fondo de Emprendedores (startup accelerator for sustainability ventures), which is business funding, not education funding, and the Cátedras Universitarias are institutional research chairs, not student awards. If Fundación Repsol previously ran energy-sector postgraduate becas, they are not in the current portfolio and I found no live call. Treat as CLOSED ROUTE unless a human sees a new announcement. LIMITATION: fundacionrepsol.com publishes no sitemap.xml (404), so this conclusion rests on the site's own top-level navigation rather than an exhaustive crawl, and the session's WebSearch budget was exhausted before I could search for an archived call.","{""field"": ""full programme portfolio — no becas line"", ""url"": ""https://www.fundacionrepsol.com/es/que-hacemos/"", ""accessed"": ""2026-08-25""} | {""field"": ""/es/becas/ redirects to site root"", ""url"": ""https://www.fundacionrepsol.com/es/"", ""accessed"": ""2026-08-25""}"
fundacion-once-oportunidad-al-talento,Oportunidad al Talento — Becas de Máster y Posgrado (and the wider Fundación ONCE becas portfolio),Fundación ONCE,Foundations & banks,"NOT FOUND for the Máster/Posgrado line — the convocatoria is served from a Salesforce Experience Cloud single-page app (ayudasybecas.fundaciononce.es) that returns only a loading shell to automated fetching. For comparison, the sibling 'Fundación ONCE-Investiga' line publishes ""becas por un importe de 18.000 euros anuales para doctorado y 30.000 euros para investigación, cofinanciados por el Fondo Social Europeo"", and the oposiciones line ""ayudas económicas de hasta 5.000 euros al año"".","Oportunidad al Talento covers: Becas de Movilidad Internacional, Máster y Posgrado, Doctorado, Investigación, Formación Profesional, and Estudio y Deporte.",NO,"""Con los programas de Becas de la Fundación ONCE queremos apostar por la educación y el acceso al conocimiento de los jóvenes con discapacidad"" — every line in the portfolio is addressed to ""personas con discapacidad"" (e.g. Fundación ONCE-Investiga ""impulsa la inclusión de personas con discapacidad en la ciencia""; the oposiciones aid is ""para personas con discapacidad con titulación universitaria""; Programa Radia is for ""mujeres con discapacidad"").",The binding condition across the whole Fundación ONCE becas portfolio is certified disability. The exact threshold and the issuing-authority rule (Spanish disability certificate) could NOT be read from the primary convocatoria — see notes. Do NOT assume a percentage figure; it is NOT FOUND here.,"""Las solicitudes para las becas máster, movilidad internacional, formación profesional y estudios y deporte, deberán ser dirigidas a la Fundación ONCE desde la publicación de la convocatoria hasta el 30 de septiembre. Las solicitudes para las becas de doctorado e investigación […] hasta el 10 de octubre."" (annual pattern, from the funder's own becas portal). The specific 2027 call dates are NOT YET PUBLISHED as of 2026-08-25.",https://ayudasybecas.fundaciononce.es/s/oportunidadaltalento?recordId=a0tQF00000VvuTTYAZ,,"NO ON A NON-NATIONALITY GROUND. Fundación ONCE's scholarships are a disability-inclusion instrument, not a general international scholarship: the whole portfolio (Oportunidad al Talento, ONCE-Investiga, Becas por Talento Digital, Programa Radia, Becas a la Excelencia, Prácticas ONCE-CRUE, ayudas para oposiciones) is addressed exclusively to people with a recognised disability. The candidate profile in the brief records no disability, so this route is closed. IF that assumption is wrong, this becomes a real route worth a human visit — the Máster y Posgrado line is exactly the right level, and the portfolio has no nationality clause visible at portal level. GAP TO CLOSE BY HUMAN: the convocatoria bases live inside a Salesforce SPA that cannot be read by any automated fetch, so I could NOT verify (a) the disability percentage threshold, (b) whether the disability certificate must be issued by a Spanish administration, (c) whether Spanish residency or a Spanish university enrolment is required, or (d) the euro amounts for the master's line. The neighbouring www.oportunidadaltalento.org domain does not resolve/connect from this environment at all (502 CONNECT tunnel / DNS failure). All four of those unknowns must be checked in a normal browser before this record is relied on.","{""field"": ""portfolio, disability framing, deadlines, ONCE-Investiga amounts"", ""url"": ""https://becas.fundaciononce.es/"", ""accessed"": ""2026-08-25""} | {""field"": ""convocatoria portal (SPA, unreadable)"", ""url"": ""https://ayudasybecas.fundaciononce.es/s/oportunidadaltalento?recordId=a0tQF00000VvuTTYAZ"", ""accessed"": ""2026-08-25""} | {""field"": ""Fundación ONCE institutional site"", ""url"": ""https://www.fundaciononce.es/es"", ""accessed"": ""2026-08-25""}"
tn-mesrs-circ61-25-eu-master,"Bourses pour études de mastère et de doctorat à l'étranger — Annonce n°1 : pays de l'Union européenne (Circulaire n° 61/25, année universitaire 2026-2027) / منح لإعداد دراسات الماجستير والدكتوراه ببلدان الاتحاد الأوروبي","Ministère de l'Enseignement Supérieur et de la Recherche Scientifique (MESRS), Tunisie — Direction Générale des Affaires Estudiantines (الإدارة العامة للشؤون الطالبية)",Tunisia-origin & bilateral,"NOT FOUND — Circulaire 61/25 (13 p., scanned, Arabic) does not state the monthly stipend or coverage; it states only the number of grants (10 for the EU announcement: 5 'Transition énergétique' + 5 'Industrie intelligente 4.0'). Separate 2026 arrêté raising a 'bourse spécifique' for students in Europe to EUR 1,000/month is recorded as a separate line and NOT confirmed to be this scheme.",NOT FOUND in the circular text,CONDITIONAL,"اعلان عدد 1: منح لإعداد دراسات الماجستير والدكتوراه ببلدان الاتحاد الأوروبي بعنوان السنة الجامعية 2026-2027 || مجال الدراسة المزمع إتباعه بالخارج: 1. التحول الطاقي (عدد 5) 2. الصناعة الذكية 4.0 (عدد 5) — المجموع 10 || الطلبة المعنيون: 1. الطلبة المرشحون من طرف مؤسّساتهم والمسجّلون بالسنة الثالثة من شهادة مهندس بعنوان السنة الجامعية 2025-2026. 2. الطلبة المرشحون من طرف مؤسّساتهم والمسجّلون بالسنة الثالثة من شهادة إجازة بعنوان السنة الجامعية 2025-2026. || الشروط المبدئية للترشح: 1. معدل سنوات الدراسة (م.س.د) ≥ 12.5/20 ؛ 2. مسار الدّراسة: مسار منتظم مع عدم الرسوب أو الانقطاع خلال كامل سنوات الدراسة الجامعية منذ تاريخ الحصول على شهادة البكالوريا الى غاية تاريخ الترشح ؛ 3. عمر المترشح: لا يفوق 24 سنة في غرة سبتمبر 2026 للمتحصلين على شهادة إجازة، ولا يفوق 26 سنة في غرة سبتمبر 2026 للمتحصلين على شهادة مهندس. || يكون التسجيل بالجامعات الأوروبية في المستويات الآتية: بالسنة الأولى ماجستير بحث بالنسبة لحاملي شهادة إجازة؛ بالسنة الأولى دكتوراه أو بالسنة الأولى ماجستير بحث أو السنة الثانية ماجستير بحث بالنسبة لحاملي شهادة مهندس. || على المترشحين أن يبادروا منذ صدور هذا الإعلان بتقديم مطالب تسجيل مبدئي لدورة خريف 2026 أو شتاء 2027 دون سواهما بالجامعات الأوروبية. (OCR of scanned Arabic PDF, pages 4-6)","(1) FIELD EXCLUSION — the EU announcement offers ONLY two study fields: 'مجال الدراسة المزمع إتباعه بالخارج: 1. التحول الطاقي / 2. الصناعة الذكية 4.0'. Artificial intelligence, data science, big data and cybersecurity appear ONLY under 'اعلان عدد 2: منح لإعداد دراسات الماجستير والدكتوراه بكندا' (Canada), never under the EU announcement. (2) ENROLMENT-STATUS EXCLUSION — 'الطلبة المرشحون من طرف مؤسّساتهم والمسجّلون بالسنة الثالثة من شهادة مهندس بعنوان السنة الجامعية 2025-2026': the applicant must be nominated by his institution WHILE STILL ENROLLED in the third (final) year of the engineering degree; a graduate cannot apply. (3) AGE — 'لا يفوق 26 سنة في غرة سبتمبر 2026 للمتحصلين على شهادة مهندس'. (4) INTAKE — 'لدورة خريف 2026 أو شتاء 2027 دون سواهما' ('for the autumn 2026 or winter 2027 intake and no other'). (5) DEGREE TYPE — every eligible feeder qualification is named as a 'الشهادة الوطنية لمهندس ...' (national engineering diploma) or 'الإجازة في ...'; the circular is addressed to 'السيّدات و السادة: رؤساء الجامعات ... العمداء ومديري مؤسّسات التعليم العالي والبحث' and files are routed through 'رئاسة الجامعة' — a public-university presidency. (6) LEVEL — only 'ماجستير بحث' (RESEARCH master's), not a professional/taught master's.","NOT YET PUBLISHED for the Sept-2027 intake. The 2026-2027 edition (Circulaire 61/25) closed: 'آخر أجل لتقديم الملفات يوم 2025/12/19 حسب ختم مكتب ضبط الجامعة' (19 December 2025, student file deposit); institutional list to university presidency 14 Nov 2025; national scholarship commission 03 Feb 2026. On that pattern the 2027-2028 circular would be issued ~Oct-Nov 2026 with a ~19 Dec 2026 deposit deadline — NOT ASSERTED, only the 2026-27 dates are sourced.",https://best.rnu.tn/offre-nationale-des-bourses-pour-des-etudes-de-mastere-et-de-doctorat-a-letranger-au-titre-de-lannee-universitaire-2026-2027/ ; online application portal named in the circular: www.best.rnu.tn,,"THIS IS THE CIRCULAR THE PREVIOUS AGENT CALLED DECISIVE. Read in full from the source PDF (13 pages, scanned Arabic, OCR). Verdict: Spain IS an eligible destination in principle (Annonce n°1 covers 'بلدان الاتحاد الأوروبي' = EU countries, and Spain is an EU member state), but this route is CLOSED to this candidate for four independent reasons: (a) the only EU-fundable study fields are Energy Transition and Smart Industry 4.0 — none of the nine target fields (A/B/C/AA/AB/AC/X/P/S) is offered for the EU; AI and Data Science exist in this programme only as CANADA lines; (b) the candidate must be nominated by his institution while enrolled in the FINAL year, and he graduates Aug 2026, so by the 2027-28 circular he is a graduate, not a nominatable 3rd-year student; (c) age cap 26 at 1 September; (d) only a RESEARCH master's abroad qualifies. Additionally, every listed feeder qualification is a 'الشهادة الوطنية لمهندس' and files flow through a public 'رئاسة الجامعة'; whether a private institution (SMU MedTech) can nominate at all is NOT stated in the circular and needs human confirmation with the Direction Générale des Affaires Estudiantines. Contact given in circular: وزارة التعليم العالي والبحث العلمي - الإدارة العامة للشؤون الطالبية، شارع أولاد حفوز، تونس.","{""field"": ""circular text, announcements 1-3, eligibility, deadlines, fields"", ""url"": ""https://best.rnu.tn/wp-content/uploads/2019/10/Circulaire-61-25-Bourses-Mastere-et-Doctorat-2026-2027.pdf"", ""accessed"": ""2026-08-25""} | {""field"": ""landing page listing the circular and its annexes"", ""url"": ""https://best.rnu.tn/offre-nationale-des-bourses-pour-des-etudes-de-mastere-et-de-doctorat-a-letranger-au-titre-de-lannee-universitaire-2026-2027/"", ""accessed"": ""2026-08-25""}"
tn-mesrs-alternance-43-19,Bourses d'alternance (recherche / PFE) — Circulaire n° 43/19,MESRS Tunisie — Direction Générale des Affaires Estudiantines (best.rnu.tn),Tunisia-origin & bilateral,"EUR 1,000 per month (or CAD 1,250 per month for Canada), maximum 6 consecutive months per academic year — per the scheme table on best.rnu.tn/bourses-universitaires/",Monthly living allowance for a research stay / end-of-studies project abroad of at most 6 months. Not a tuition scholarship and not a full degree scholarship.,CONDITIONAL,"« Aux étudiants tunisiens chercheurs inscrits dans des établissements universitaires publics en Tunisie, en deuxième année mastère de recherche ou en doctorat jusqu'à la troisième inscription » ; engineering line: final-year students in public engineering institutions pursuing an end-of-studies project abroad. Destinations: European Union countries and Canada. Duration: maximum 6 consecutive months per academic year.","« inscrits dans des établissements universitaires PUBLICS en Tunisie » — enrolment at a Tunisian PUBLIC university institution is a stated condition. The candidate's institution (SMU MedTech) is private, and in any case the scheme funds a stay attached to a Tunisian enrolment, not a degree abroad.",NOT FOUND on the circular page. Secondary reporting says the call is normally published in February each year by each Tunisian university; not asserted as a 2027 date.,https://best.rnu.tn/bourses-dalternancecirculaire-n-43-19-relatif-aux-bourses-dalternances/ (circular PDF: https://best.rnu.tn/wp-content/uploads/2020/06/circulaire-alternance-pfe-43-19-20-21.pdf),,"Recorded to close it out, not as a live option. This is the scheme most often confused with the outbound degree scholarship. It cannot fund a Spanish master's degree: it funds a <=6-month mobility while the student remains enrolled in Tunisia, and requires enrolment at a Tunisian PUBLIC institution. Related sibling amounts on the same portal: 'Bourses spécifiques' EUR 800/month (EUR 600 grant + EUR 200 repayable loan over 10 years) or CAD 1,000/month for EU/Canada.","{""field"": ""eligibility, destinations, duration, circular number"", ""url"": ""https://best.rnu.tn/bourses-dalternancecirculaire-n-43-19-relatif-aux-bourses-dalternances/"", ""accessed"": ""2026-08-25""} | {""field"": ""amounts (EUR 1,000/mo alternance; EUR 800/mo bourse spécifique = 600 grant + 200 loan)"", ""url"": ""https://best.rnu.tn/bourses-universitaires/"", ""accessed"": ""2026-08-25""}"
isdb-msc-ldmc,IsDB Master of Science Scholarship Programme (M.Sc.) for IsDB Least Developed Member Countries,"Islamic Development Bank (IsDB), Jeddah",Tunisia-origin & bilateral,"Tuition fees paid direct to the university; monthly stipend 'commensurate with the cost of living in the country of study' (figure not published in the booklet); medical treatment; thesis preparation allowance; return air ticket and installation allowance. Excludes visa costs, residence permit fee, family support, computers, research/conference costs.","Two-year M.Sc.; tuition, stipend, medical, thesis allowance, travel",NO,"'Interested applicants must meet the following eligibility criteria: • Citizen of any of the 20 Least Developed member countries. • Age not over 30 years at the closing date of applications. • In possession of a B.Sc., or equivalent degree, in science and technology. • Above average in academic standing/grade. • Nominated by scientific/academic/research institutions of their countries. • Have good command of the language of the institution of study...' || 'INSTITUTIONS OF STUDY — The successful candidate for the program must secure admission at one of the IsDB member countries' universities listed in the top 1000 in the Times Higher Education Supplement (THES) ranking.' || 'Under the M.Sc. program, eligible students may apply only for studies in science, engineering, technology, or medicine/medical sciences.'","TWO INDEPENDENT EXCLUSIONS. (1) NATIONALITY: 'Citizen of any of the 20 Least Developed member countries.' Tunisia is an IsDB member country but is NOT one of the 20 IsDB Least Developed Member Countries, so a Tunisian citizen is outside the eligible pool for the M.Sc. line. (2) DESTINATION: 'The successful candidate for the program must secure admission at one of the IsDB member countries' universities listed in the top 1000 in the Times Higher Education Supplement (THES) ranking.' Spain is not an IsDB member country, so no Spanish university is an eligible place of study under this programme. 'Priority shall be given to applicants with secured admission at universities in member countries that have concluded a cooperation agreement with IsDB, such as Malaysia, Morocco, and Turkey, as well the university of Makerere in Uganda.'",NOT FOUND — the booklet publishes no date; the IsDB scholarship overview page states that applications for 2024-2025 'officially closed' and the site is branded 'Scholarship Programs 2026 – 2027' without a published deadline at time of access.,https://www.isdb.org/scholarships ; application portal https://scholarship.isdb.org (sign-in required); booklet https://www.isdb.org/sites/default/files/media/documents/2025-01/Booklet%20-%20MASTER%20OF%20SCIENCE%20SCHOLARSHIP%20FOR%20IsDB%20LEAST%20DEVELOPED%20MEMBER%20COUNTRIES.pdf,,"This is the ONLY master's-level line in the IsDB scholarship portfolio. The other three products are: IsDB-ISFD Scholarship for LDMCs (undergraduate); Merit Scholarship Programme for High Technology (MSP) for IsDB Member Countries, which the IsDB overview page describes as 'for Ph.D. studies and post-doctoral research in applied science and high technology' — not master's; and the Scholarship Program for Muslim Communities in Non-Member Countries (SPMC), whose 2025-2026 eligible-country list is published on isdb.org and does not include Tunisia (Tunisia is a member country, not a non-member Muslim community). So IsDB offers this candidate no master's route at all, and no route to Spain at any level under the M.Sc. line.","{""field"": ""eligibility, institutions of study, fields, benefits, obligations"", ""url"": ""https://www.isdb.org/sites/default/files/media/documents/2025-01/Booklet%20-%20MASTER%20OF%20SCIENCE%20SCHOLARSHIP%20FOR%20IsDB%20LEAST%20DEVELOPED%20MEMBER%20COUNTRIES.pdf"", ""accessed"": ""2026-08-25""} | {""field"": ""programme portfolio; MSP is PhD/post-doc; SPMC eligible-country list"", ""url"": ""https://www.isdb.org/scholarships/scholarship-programs"", ""accessed"": ""2026-08-25""} | {""field"": ""programme history and scope"", ""url"": ""https://www.isdb.org/scholarships"", ""accessed"": ""2026-08-25""}"
auf-pimef-mobility,"AUF — Programme International de Mobilité et d'Employabilité Francophone (PIMEF), and AUF student mobility generally",Agence Universitaire de la Francophonie (AUF),Tunisia-origin & bilateral,NOT FOUND — the AUF student page describes the mechanism (mutual exchange between AUF member institutions) but publishes no grant value.,"Short stays of 1 to 4 months (academic, research or professional). Not a degree scholarship.","CONDITIONAL — TUNISIA IS HEAVILY REPRESENTED IN THE AUF NETWORK, BUT ELIGIBILITY RUNS THROUGH THE STUDENT'S AUF-MEMBER HOME INSTITUTION","« Le Programme International de Mobilité et d'Employabilité Francophone (PIMEF), conçu et porté par l'AUF, est une initiative unique qui place les étudiants au cœur de la coopération universitaire francophone. […] le PIMEF propose des séjours courts (de 1 à 4 mois) dans des universités, centres de recherche ou entreprises partenaires à travers plus de 100 pays francophones. Sa particularité? Un système d'échange mutuel entre établissements membres de l'AUF, garantissant des mobilités équitables et de qualité. Trois formules sont proposées — académique, recherche et professionnelle. »",« séjours courts (de 1 à 4 mois) » — duration excludes a full master's; « à travers plus de 100 pays francophones » — the destination pool is the francophone space; « Un système d'échange mutuel entre établissements membres de l'AUF » — both ends of the mobility must be AUF member institutions. AUF describes itself as an « Association mondiale d'établissements d'enseignement supérieur et de recherche FRANCOPHONES ». Spain is not a francophone country and no Spanish AUF member institution was confirmed (see notes).,NOT FOUND,https://www.auf.org/etudiants-apprenants/ ; PIMEF platform https://www.auf.org/plateforme-mondiale-collaborative/ ; AUF calls https://www.auf.org/type-appel/appels-a-candidature/,,"THIS ANSWERS THE 'DECISIVE QUESTION' PUT TO AUF: no, AUF does not fund a Spanish master's. AUF's whole student-facing offer is (a) distance qualifications through IFIC with partial registration-fee aid, (b) Campus Numériques Francophones / Centres d'Employabilité Francophones services, (c) PIMEF short mobilities of 1-4 months between AUF member institutions in francophone countries, and (d) ~50 prizes and competitions. None is a degree scholarship for a non-francophone destination. Whether any Spanish institution holds AUF membership was NOT verified — www.auf.org returns HTTP 403 to direct automated fetch and the member directory is a JS application; this page was read through the r.jina.ai text proxy. Even a Spanish AUF member would not change the verdict, because PIMEF funds a 1-4 month stay, not a master's degree. Flag for a human to confirm the AUF Tunisia office position if the candidate wants a short research stay rather than a degree.","{""field"": ""PIMEF mechanism, duration, destinations, member-to-member exchange; full AUF student offer"", ""url"": ""https://www.auf.org/etudiants-apprenants/"", ""accessed"": ""2026-08-25""} | {""field"": ""AUF self-description as a network of francophone institutions"", ""url"": ""https://www.auf.org/"", ""accessed"": ""2026-08-25""}"
berklee-val-general,Berklee General Scholarship (Berklee Valencia graduate),Berklee College of Music (Valencia campus),Field-specific & industry,"""Amount varies, multiple awards"". Berklee states over $1.5m in merit- and need-based scholarship funds for graduate applicants at the Valencia campus. Total of ALL Berklee awards to one student is capped: ""the total amount of all Berklee scholarship awards cannot exceed 90 percent of the tuition"". Exact typical award NOT FOUND on the page.","Tuition only. ""scholarship awards may not be used to pay the tuition deposit or any other non-tuition-related costs""; award ""divided equally into three parts and applied directly to each semester's tuition bill"".",YES,"""Scholarship Eligibility All applicants are eligible to apply for available Berklee scholarships."" / ""Eligibility: All master's degree applicants"" / ""Awarded to outstanding applicants accepted to any master's degree program on the Valencia campus.""","No nationality or residency exclusion appears on the page. The only nationality-linked sentence is a US-specific add-on: ""In addition to applying for a scholarship from Berklee, we encourage all U.S. citizens and permanent US residents to submit the Free Application for Federal Student Aid (FAFSA).""","Scholarship deadline is tied to the admissions round, NOT to the intake date: ""If you submit your program application for early action (November 1), the scholarship deadline is November 15. If you submit your program application for regular action (January 15), the scholarship deadline is February 1."" For a September 2027 start that means programme application 1 Nov 2026 / scholarship 15 Nov 2026 (early), or programme application 15 Jan 2027 / scholarship 1 Feb 2027 (regular). Exact 2027-intake dates NOT YET PUBLISHED as such - dates quoted are the standing cycle text on the page.",https://valencia.berklee.edu/scholarships-financial-aid/scholarships-for-graduate-programs,A | P | S,"NOT automatic in the loose sense: a SEPARATE scholarship application must be filed, but it is a single form that then considers you for every award. ""In order to apply for a Berklee scholarship, students must submit the Berklee Graduate Scholarship Application by the deadline. The Berklee Graduate Scholarship Application will appear in the Next Steps section of your online portal once you submit your program application."" ""All applicants who apply for a scholarship will automatically be considered for all scholarships listed below, depending on eligibility."" Decision timing: ""Applicants receive a scholarship decision after acceptance into a master's degree program. Applicants not accepted to the program will not receive a scholarship decision."" Both merit AND need are assessed: ""awarded to candidates demonstrating the highest musical and/or academic merit together with financial need."" Conditions attach: ""Students who receive scholarships are required to meet a series of terms and conditions relating to attendance, academics, and conduct in order to keep their award during the academic year."" Note the 90% cap is the effective MAXIMUM for any combination of Berklee awards. Relevant programmes for this candidate: MM Music Production, Technology and Innovation (MPTI); MA Global Entertainment and Music Business (GEMB); MM Scoring for Film, TV and Video Games.","{""field"": ""scheme, eligibility, amounts, deadlines"", ""url"": ""https://valencia.berklee.edu/scholarships-financial-aid/scholarships-for-graduate-programs"", ""accessed"": ""2026-08-24""}"
berklee-val-groove,Berklee Groove Scholarship,Berklee College of Music (Valencia campus),Field-specific & industry,"""up to 90 percent of tuition fees""",Tuition,NO,"""Eligibility: MM in Contemporary Performance (Production Concentration) for applicants whose principal instruments are drums, bass, general rhythm section, traditional/folk/non-traditional""","Not excluded by nationality - excluded by programme and instrument: the award exists only for the MM in Contemporary Performance (Production Concentration) and only for the listed principal instruments. It is not available on MPTI, GEMB or SFTV.",Same cycle as the general scholarship application: 15 Nov (early action) / 1 Feb (regular action). See berklee-val-general.,https://valencia.berklee.edu/scholarships-financial-aid/scholarships-for-graduate-programs,A,"Recorded because it is the single largest percentage award at Berklee Valencia (90%) and is therefore the headline number often quoted - but it is NOT reachable from the music-technology or music-business masters this candidate is targeting. Verdict NO is programme/instrument-based, not nationality-based.","{""field"": ""scheme, eligibility, amounts, deadlines"", ""url"": ""https://valencia.berklee.edu/scholarships-financial-aid/scholarships-for-graduate-programs"", ""accessed"": ""2026-08-24""}"
berklee-val-diversity,Berklee Valencia Diversity Scholarship,Berklee College of Music (Valencia campus),Field-specific & industry,"""Up to 50 percent of the tuition (the total amount of all Berklee scholarship awards cannot exceed 90 percent of the tuition)""; ""Up to four awardees per academic year""","Tuition. ""The award works as an addition to their general scholarship (if applicable)""",CONDITIONAL,"""Eligibility Requirements: Demonstrated leadership or support for historically underrepresented or culturally diverse communities, including first-generation college students. Acceptance to one of the graduate programs at Berklee Valencia""","No nationality exclusion stated. Conditionality is evidential, not legal: the applicant must be able to evidence leadership of or support for underrepresented/diverse communities. ""Priority will go to students with demonstrated financial need"".","""Application deadline: February 1"" with ""Awardees announced: March 25"". For a Sept 2027 start that is 1 Feb 2027 (standing cycle text; 2027-specific dates not separately published on the page).",https://valencia.berklee.edu/scholarships-financial-aid/scholarships-for-graduate-programs,A | P | S,"This one requires an EXTRA submission beyond the scholarship form: ""Eligible candidates should submit a short video (up to three minutes) or a written personal statement (maximum 500 words) ... To be considered for this scholarship, candidates must complete the Berklee Valencia scholarship form found in the Next Steps section of the application portal. The link to the video or essay must be sent to scholarshipsvalencia@berklee.edu by the deadline."" Stackable with the general scholarship up to the 90% ceiling - so general + diversity is the realistic route to a large award on MPTI/GEMB.","{""field"": ""scheme, eligibility, amounts, deadlines"", ""url"": ""https://valencia.berklee.edu/scholarships-financial-aid/scholarships-for-graduate-programs"", ""accessed"": ""2026-08-24""}"
berklee-val-outstanding-women,Berklee Outstanding Women Scholarships with Mentorship (MPTI / GEMB / SFTV / Contemporary Performance),Berklee College of Music (Valencia campus),Field-specific & industry,"""up to 70 percent of tuition fees, plus mentorship sessions"" - one award per programme, four programmes",Tuition + mentorship sessions,CONDITIONAL,"""Awarded to one gifted individual who supports the musicianship and leadership of women in the music industry and who is accepted to the MM in Music Production, Technology, and Innovation."" (parallel wording for GEMB, SFTV and Contemporary Performance)","No nationality exclusion. The page's own framing is ""We strive to support musicianship and leadership of women in the music industry"" - the award text says ""one gifted individual who supports the musicianship and leadership of women"", which is not literally worded as women-only, but the programme intent is clearly to support women. Treat as effectively restricted unless Berklee confirms otherwise; a human should ask admissions directly.",Same cycle: 15 Nov (early action) / 1 Feb (regular action).,https://valencia.berklee.edu/scholarships-financial-aid/scholarships-for-graduate-programs,A | P,"CONTRADICTION FLAGGED, not resolved: the award title and the section header are women-focused, but the literal award sentence describes someone 'who supports' women in the industry rather than someone who is a woman. Do not rely on the looser reading without written confirmation from scholarshipsvalencia@berklee.edu.","{""field"": ""scheme, eligibility, amounts, deadlines"", ""url"": ""https://valencia.berklee.edu/scholarships-financial-aid/scholarships-for-graduate-programs"", ""accessed"": ""2026-08-24""}"
berklee-val-alumni-globalpartners,Berklee Alumni Scholarship / Berklee Global Partners Scholarship,Berklee College of Music (Valencia campus),Field-specific & industry,"$18,000 each (two separate awards)",Tuition,NO,"Alumni: ""Eligibility: Berklee alumni ... Awarded to an outstanding Berklee undergraduate alumnus/a"". Global Partners: ""Eligibility: Student, alumnus/a, or faculty from a Berklee Global Partner school""","Excluded by prior affiliation, not nationality: the candidate is neither a Berklee undergraduate alumnus nor a student/alumnus/faculty member of a Berklee Global Partner school (SMU MedTech Tunisia is not one, so far as this sweep found - NOT VERIFIED against Berklee's partner list).",15 Nov (early action) / 1 Feb (regular action),https://valencia.berklee.edu/scholarships-financial-aid/scholarships-for-graduate-programs,A | P | S,"Only worth re-checking if SMU/MedTech Tunisia turns out to appear on Berklee's Global Partners list - a human should check that list once. These are the two awards on the page stated as a fixed USD sum, which confirms Berklee Valencia denominates fixed awards in USD, not EUR.","{""field"": ""scheme, eligibility, amounts, deadlines"", ""url"": ""https://valencia.berklee.edu/scholarships-financial-aid/scholarships-for-graduate-programs"", ""accessed"": ""2026-08-24""}"
berklee-val-cacsa,Berklee CACSA - Palau de les Arts Scholarships,Berklee / Ciutat de les Arts i les Ciencies (CACSA) + Fundacio Palau de les Arts,Field-specific & industry,"NOT FOUND on the page - ""Scholarship funds are allocated based on artistic, academic, and professional accomplishments as well as the financial resources of the candidates."" Terms are in a linked PDF: ""Terms of the agreement - CACSA Scholarship 2026-2027"".",NOT FOUND,NO,"""Berklee, in compliance with its agreement with the Ciutat de les Arts i les Ciencies (CACSA) dated July 1, 2020, has an annual scholarship program aimed at Valencian students who have been admitted to any of its master's degree programs.""","""aimed at Valencian students"" - a Tunisian citizen with no prior Spanish residency is not a Valencian student. HARD EXCLUSION.","""The application deadline is April 1.""",https://valencia.berklee.edu/scholarships-financial-aid/scholarships-for-graduate-programs,A | P | S,Recorded so it is not re-discovered as a live option. This is the largest locally-funded Berklee Valencia scheme and it is closed to this candidate.,"{""field"": ""scheme, eligibility, amounts, deadlines"", ""url"": ""https://valencia.berklee.edu/scholarships-financial-aid/scholarships-for-graduate-programs"", ""accessed"": ""2026-08-24""}"
sae-spain-internal-becas,SAE Institute Spain internal discounts (Becas y Ayudas) - Barcelona campus,SAE Institute Spain (private specialist school),Field-specific & industry,"Percentage discounts on tuition, not cash awards: Excelencia Bachillerato 60% Year 1 (requires 'nota media de 9 o mas en Bachillerato'); Excelencia tras 1er curso 60% Year 2 ('nota media igual o superior a 9'); Desempleo/ERTE 10%; Familia numerosa 10%; Discapacidad 30% ('discapacidad igual o superior al 33%'); Alumno actual/Alumni 40%; Familiar de alumno 20%; Victimas de violencia de genero 40%; Refugiados ucranianos 100% de matricula y tasas.","Tuition discount only. No stipend, no living costs.",NO,"Page lists each discount against a documentary requirement, e.g. 'nota media de 9 o mas en Bachillerato' (Excelencia); 'discapacidad igual o superior al 33%'; SEPE documentation for Desempleo/ERTE; 'titulo de familia numerosa' for Familia Numerosa; accreditation as refugee or host family for the Ukrainian scheme.","No nationality clause is published. Exclusion is structural, on three grounds recorded here rather than asserted: (1) the internal discounts are listed for the SAE BARCELONA campus and against 'Titulo de Grado en Musica de SAE' / bachillerato entry, NOT against the master's programmes; (2) every remaining category (SEPE unemployment records, Spanish familia numerosa certificate, Spanish disability certificate at 33%, Ukrainian refugee accreditation, alumni status) presupposes existing Spanish residency, Spanish administrative status or prior SAE enrolment, none of which a Tunisian citizen with no prior Spanish residency holds; (3) the government routes listed on the same page are explicitly for Spanish/resident students - 'MEC Scholarships (Ministry of Education) - Spanish students' and the Generalitat de Catalunya non-university grants which carry residency and income requirements. VERBATIM EXCLUSION TEXT FOR THE MASTER'S PROGRAMMES: NOT FOUND - the page does not address master's eligibility either way.",NOT FOUND. No deadline is published for the internal discounts; the page directs applicants to barcelona@sae.edu. The third-party routes it signposts carry their own calendars (Generalitat non-university grants 2026-2027; Yamaha Music Europe Foundation 'February-March annually').,https://www.sae.edu/esp/becas-y-ayudas/,A | P,"SAE Spain master's programmes (Audio Production, Music Industry, Electronic Music Production, Urban Music Production, Live Audio) are delivered with UDIMA and are titulo propio territory - check official status separately before ranking. The page ALSO signposts the Yamaha Music Europe Foundation grant (EUR 1,000-2,000 single payment, 'estudiantes que se esten formando para desarrollar una carrera musical profesional', max age 25, 'February-March annually', recognised European music institutions) which is a separate funder and is recorded here only as a pointer - it was not verified on Yamaha's own site in this pass and needs its own record. A separate press/aggregator claim of '7 Tu Futuro Digital scholarships covering 50% of tuition, including one for the Madrid Masters in Live Audio' appeared via European Funding Guide (aggregator) and is NOT confirmed on sae.edu - do not treat as fact until a human opens the Madrid campus page.","{""field"": ""internal discounts, amounts, requirements, government routes, Yamaha pointer"", ""url"": ""https://www.sae.edu/esp/becas-y-ayudas/"", ""accessed"": ""2026-08-25""} | {""field"": ""admissions page - international support exists but no scholarship or nationality detail published"", ""url"": ""https://www.sae.edu/esp/admisiones/"", ""accessed"": ""2026-08-25""}"
aes-ef-graduate-studies-grant,AES Educational Foundation Graduate Studies Grant,"Audio Engineering Society Educational Foundation (AESEF), USA",Field-specific & industry,"""Graduate studies grants are generally in the two to five thousand dollar range."" Award is ""for one academic year, beginning with the first semester.""","Unrestricted grant toward graduate study in audio - not tied to a tuition bill. Only the separate Mary Lea Simpson Scholarship ""offers tuition remission"", and that one is undergraduate and North-America-only.",CONDITIONAL,"""Any student participating in a graduate program in audio or related subjects who is a current AES member."" / ""Yes, you must be a member in good standing of the AES. (All grades of membership qualify, including student membership.)"" / ""No, grants are only for full-time students.""","NO nationality or residency exclusion is stated for the Graduate Studies Grant. The only geographic clause on the page attaches to a DIFFERENT award: ""Any North American college senior who is a current AES member and who meets the criteria described in our website"" (Mary Lea Simpson Scholarship). The conditionality on the Graduate Studies Grant is therefore procedural, not national: current AES membership in good standing, full-time enrolment in a graduate audio programme, and two references (""Two references are required from a major professor or academic advisor, and one from a non-educator, a distinguished professional in the field"").","""Online applications may be submitted to AES from March 15 through May 15 for graduate studies grants"". The grant covers the academic year that follows, so for a September 2027 start the window is 15 March - 15 May 2027. This is a standing annual window, not a published 2027-specific date. NOTE THE TIMING TRAP: this closes AFTER a Spanish or Berklee admission decision, so it cannot be counted on when deciding whether to accept an offer.",https://aes2.org/community/education-students/aes-educational-foundation-scholarships/,A | B | C,"AES membership must be in place BEFORE applying, so a human should budget for AES student membership dues in advance of March 2027. Grant is annual and non-renewing by default (""for one academic year""). Funders named for the 2026/27 cycle include EAW, Eventide, Genelec, L-Acoustics, Sean Olive and WSDG. Whether AESEF has ever funded a student enrolled at a NON-US institution was NOT established in this pass - the rules do not forbid it, but no European awardee was verified. A human should ask AESEF directly before relying on it. Small absolute size (USD 2k-5k) means this is a top-up, not a funding solution.","{""field"": ""eligibility, membership requirement, amounts, deadlines, references, full-time rule"", ""url"": ""https://aes2.org/community/education-students/foundation-faqs/"", ""accessed"": ""2026-08-25""} | {""field"": ""award list and 2026/27 benefactors"", ""url"": ""https://aes2.org/community/education-students/aes-educational-foundation-scholarships/"", ""accessed"": ""2026-08-25""}"
becasaie-alta-especializacion,BECASAIE - Becas de Alta Especializacion y de Formacion o Ampliacion de Estudios Musicales,"AIE, Sociedad de Artistas Interpretes o Ejecutantes de Espana (Fondo Asistencial y Cultural)",Field-specific & industry,2026/27 convocatoria: 34 BECASAIE de Alta Especializacion plus 111 BECASAIE de Formacion o Ampliacion de Estudios Musicales (over 170 becas total per AIE's own announcement). Alta Especializacion amounts by centre: Berklee College of Music (Boston) 'de hasta 6.000 EUR'; Liverpool Institute for Performing Arts (LIPA) 'de hasta 10.000 EUR' (the largest); Escuela Superior de Musica Reina Sofia 'de hasta 6.000 EUR'; Conservatori Superior de Musica del Liceu 'de hasta 6.000 EUR'; ESMUC 'de hasta 2.000 EUR'; Universidad Alfonso X El Sabio 'de hasta 6.000 EUR'; Centros de ensenanza musical no oficial en Espana y el extranjero 'de hasta 6.000 EUR'; Master AIE en gestion de grupos musicales 'de hasta 5.000 EUR'. Formacion/Ampliacion line: 'con una dotacion de hasta 1.000 EUR'. Cumulative to date: '4.676 BECASAIE por importe de 5.820.300 EUR'.,"Study costs. 'En el caso de las BECASAIE destinadas a escuelas de libre eleccion, es condicion indispensable que los gastos de educacion asciendan, al menos, a un 60% del importe de la Beca.' Where AIE has a collaboration agreement with the school, 'AIE tramitara el pago correspondiente a las becas directamente con el centro de estudios.'",NO,"""Podra optar a la concesion de una beca cualquier estudiante o profesional de la musica en activo, con independencia del instrumento o modalidad objeto de estudio, incluyendo la voz, direccion de orquesta o las nuevas tecnologias.""","""Tanto los estudiantes como los profesionales deben tener la nacionalidad espanola o de otro pais de la Union Europea, o la de un pais latinoamericano y ser residentes legales en Espana."" (Convocatoria BECASAIE 2026/27, seccion 1 REQUISITOS PARA LOS SOLICITANTES, https://www.aie.es/wp-content/uploads/Folleto-BECASAIE-26-Esp.pdf). This is a DOUBLE barrier and Tunisia clears neither limb: Tunisia is not an EU member state and is not a Latin American country, so the nationality test fails outright; and the candidate has no prior Spanish residency, so the conjunctive 'y ser residentes legales en Espana' fails as well. Second exclusion, relevant if the position ever changed: ""Es requisito indispensable para los becarios de Alta Especializacion no estar en posesion de una beca de otra entidad."" - i.e. an Alta Especializacion beca cannot be stacked with any other body's scholarship.","For curso 2026/27 the published deadline was ""El plazo para presentar la solicitud y documentacion finalizara el 31 de Marzo de 2026, a las 18.00"", with ""A partir del 11 de julio de 2026, AIE informara a los solicitantes de la concesion o no de la beca"". The equivalent 2027/28 convocatoria is NOT YET PUBLISHED; do not assume 31 March 2027 - AIE reissues the folleto annually.",https://www.aie.es/formacion/becas-aie/,A | B | P,"This is the single most painful exclusion in this block: BECASAIE explicitly funds Berklee College of Music at up to 6.000 EUR and covers 'las nuevas tecnologias' as a study modality, so on subject matter it is an exact fit for this candidate's Berklee Valencia / music-technology target - and the nationality clause closes it completely. AIE membership is NOT required for the general lines (the eligibility sentence says 'cualquier estudiante o profesional de la musica en activo'); membership appears only in one carve-out, '5 BECASAIE ... destinadas a Socios de AIE mayores de 35 anos'. So joining AIE would not cure the problem - the barrier is nationality plus Spanish legal residency, not membership. THE ONE THING THAT COULD CHANGE THIS: the clause requires nationality of Spain/EU/Latin America AND legal residency in Spain. If the candidate were already resident in Spain on a student visa he would satisfy the residency limb but STILL fail the nationality limb. Verdict NO is therefore stable across the whole timeline, not merely 'not yet'. Note the Berklee line names the BOSTON campus, not Valencia - a human should confirm with becas@aie.es whether Berklee Valencia is covered, though it is moot given the exclusion.","{""field"": ""requisitos, nationality/residency exclusion, deadline, resolution date, amounts by centre, stacking ban, 60% rule"", ""url"": ""https://www.aie.es/wp-content/uploads/Folleto-BECASAIE-26-Esp.pdf"", ""accessed"": ""2026-08-25""} | {""field"": ""scheme landing page / application route"", ""url"": ""https://www.aie.es/formacion/becas-aie/"", ""accessed"": ""2026-08-25""}"
fundacion-sgae-estudios-internacionales,Becas Fundacion SGAE para la ampliacion de estudios internacionales,Fundacion SGAE (the foundation of the Sociedad General de Autores y Editores),Field-specific & industry,"""Los solicitantes podran optar a una beca integral de hasta 9.000 euros, destinada a cubrir gastos como los de matricula, estancia, viaje o manutencion durante el curso completo."" Programme budget for the 2024/25 edition: ""una dotacion presupuestaria de 90.000 euros repartidos entre las seis categorias que se ofertan"" - i.e. roughly one integral beca per category.","""matricula, estancia, viaje o manutencion durante el curso completo"" - one of the few schemes in this block that funds living costs and travel, not just tuition.",CONDITIONAL,"""La convocatoria esta dirigida a todos los autores y autoras socios/as de SGAE."" Categories: ""creacion teatral, creacion coreografica, escritura de guion, direccion de audiovisual, creacion de musicas populares y creacion de musica clasica actual.""","NO nationality clause was found. The gate is MEMBERSHIP: only SGAE author-members may apply. SGAE membership is itself open to non-Spaniards and non-residents - SGAE's own site states ""Si tu lugar de residencia es fuera de Espana, sea cual sea tu nacionalidad, tambien podemos gestionar tus derechos en el mundo"" and ""SGAE cuenta con mas de 127.000 socios y socias, 6.600 de los cuales residen fuera de Espana"", with an initial cost of ""15 euros; unico pago que se debe realizar en la entidad"". Two further conditions reported for the 2024/25 edition and NOT yet verified verbatim against the bases PDF: that the applicant must master the language of instruction, and that the course of study must take place in a country different from the applicant's country of residence.","NOT PUBLISHED for the 2027/28 cycle. The 2024/25 edition closed 17 May 2024. The programme is described as having been 'retomado' (revived) rather than running continuously, so a human must confirm the scheme is live at all for 2027/28 before counting on it.",https://fundacionsgae.org/actividades/ayudas/,A | P,"REAL BUT SLOW PATH, and the only Spanish music-industry body in this block that a Tunisian can actually reach. The route is: join SGAE as an author-member first (15 EUR one-off, open to any nationality resident anywhere), establish an authorial catalogue, then apply under 'creacion de musicas populares'. Two things a human must check before relying on it: (1) whether the residence-country rule bites - the scheme funds SGAE members studying OUTSIDE their country of residence, which for a Tunisia-resident applicant studying in Spain should be satisfied, but the scheme's intent is plainly Spanish creators going abroad and this reading is UNCONFIRMED; (2) whether a master's in music technology counts as 'ampliacion de estudios' in 'creacion de musicas populares' - the categories are creation-oriented, not technology-oriented. PROVENANCE WARNING: fundacionsgae.org returns HTTP 202 with a bot challenge to automated fetching (curl and WebFetch both returned empty bodies), so the verbatim quotes above come from the SEARCH INDEX of fundacionsgae.org pages, not from pages directly read. source_access: search index - page returns 202 challenge, not directly fetched. This scheme needs a human to open the bases PDF in a normal browser. Note also that FUNDACION AUTOR, which the orchestrator asked about separately, is the legacy SGAE-group foundation whose activity has been absorbed into Fundacion SGAE - its old domain fundacionautor.org still surfaces this same becas announcement, so it is recorded here rather than as a separate live funder.","{""field"": ""eligibility (socios de SGAE), amount 9.000 EUR, covered costs, categories, 90.000 EUR budget"", ""url"": ""https://fundacionsgae.org/actualidad/la-fundacion-sgae-retoma-su-programa-de-becas-para-estudios-internacionales/"", ""accessed"": ""2026-08-25""} | {""field"": ""convocatoria page for the 2024/25 edition (deadline 17 May 2024)"", ""url"": ""https://fundacionsgae.org/actividad/becas-fundacion-sgae-para-la-ampliacion-de-estudios-internacionales-curso-2024-2025/"", ""accessed"": ""2026-08-25""} | {""field"": ""SGAE membership open to any nationality resident outside Spain; 15 EUR joining cost"", ""url"": ""https://www.sgae.es/autores-editores/alta-online/"", ""accessed"": ""2026-08-25""} | {""field"": ""scheme index"", ""url"": ""https://fundacionsgae.org/actividades/ayudas/"", ""accessed"": ""2026-08-25""}"
fundacion-sgae-ayudas-creacion,Fundacion SGAE Ayudas a la creacion de musicas populares / Incentivos a la Creacion Musical,Fundacion SGAE,Field-specific & industry,"Ayudas a la creacion de musicas populares 2026: 8 ayudas de 1.000 EUR each, to authors/composers to create new work. Programa General de Incentivos a la Creacion Musical 2026: 130.000 EUR total for symphonic creation, 'con dotacion de hasta 6.000 EUR por obra', covering estrenos absolutos, edicion de partituras and encargos orquestales.","Creation of new musical works. NOT study, NOT tuition, NOT living costs while studying.",NO,"Aimed at 'autores/compositores de obra musical para crear obra nueva'. Fundacion SGAE ayudas are, as a class, directed at SGAE member authors.","Excluded by PURPOSE, not by nationality: these are creation grants, not study funding, and cannot pay for a master's degree. 'El proyecto debera presentarse acompanado de una descripcion especificando los trabajos de documentacion e investigacion necesarios' and the work 'debe realizarse entre el 1 de enero de 2026 y el 31 de marzo de 2027' - a project delivery window, not an academic year. No nationality exclusion was located; the verbatim membership clause was NOT retrieved because fundacionsgae.org blocks automated fetching.","Not applicable to a 2027 study intake. 2026 cycle dates for reference: musicas populares 24 February - 10 April 2026; incentivos - estrenos y ediciones until 27 March 2026, encargos orquestales 17 February 2026.",https://fundacionsgae.org/actividades/ayudas/,A | P,"Recorded so this is not re-discovered and mistaken for study funding. Fundacion SGAE's main money is creation aid, not scholarships - the ONLY study line it runs is the ampliacion de estudios internacionales scheme recorded separately as fundacion-sgae-estudios-internacionales. Same provenance warning: fundacionsgae.org returns a bot challenge to automated fetching, so figures here come from the search index of fundacionsgae.org pages. source_access: search index - page returns 202 challenge, not directly fetched.","{""field"": ""ayudas index"", ""url"": ""https://fundacionsgae.org/actividades/ayudas/"", ""accessed"": ""2026-08-25""} | {""field"": ""ayudas a la creacion de musicas populares 2026 - 8 x 1.000 EUR, window 24 Feb - 10 Apr 2026"", ""url"": ""https://fundacionsgae.org/actividad/ayudas-a-la-creacion-de-musicas-populares-2026/"", ""accessed"": ""2026-08-25""} | {""field"": ""incentivos a la creacion musical 2026 - 130.000 EUR, up to 6.000 EUR per work, deadlines"", ""url"": ""https://fundacionsgae.org/actividad/incentivos-a-la-creacion-musical-2026-estrenos-de-obras/"", ""accessed"": ""2026-08-25""}"
fundacion-telefonica-becas-master-stem,Becas Fundacion Telefonica (masteres de posgrado en tecnologias estrategicas),Fundacion Telefonica (corporate foundation of Telefonica S.A.),Field-specific & industry,"""Ochenta mil euros (80.000 EUR) por beca para la totalidad del periodo"", extendable across up to two years depending on the length of the master. ""Se convocan maximo 50 becas."" This is by a wide margin the largest single award found anywhere in this block.","""Cubre principalmente la matricula y, de forma complementaria, los gastos asociados a movilidad, alojamiento, manutencion y seguros."" Bases wording: ""Matricula, tasas academicas, gastos de movilidad, alojamiento/manutencion (si hay cambio de residencia), seguros medicos.""",NO,"""Las personas candidatas deberan ostentar la nacionalidad espanola."" Plus: no haber cumplido 36 anos antes del 31 de diciembre de 2026 (nacidos a partir del 1 de enero de 1991); ""Poseer o poder obtener antes del 1 de septiembre de 2026 un titulo de Grado equivalente a MECES 2 / EQF 6"". Eligible areas: ""Inteligencia Artificial, Infraestructuras Digitales, Ciberseguridad, Robotica, Tecnologias Cuanticas, Biotecnologia, Nanotecnologia, o Redes Avanzadas/Telecomunicaciones.""","""Las personas candidatas deberan ostentar la nacionalidad espanola."" (bases, https://legal.fundaciontelefonica.com/bases-de-la-convocatoria-becas) and, in the FAQ, ""Si. La convocatoria esta dirigida exclusivamente a personas con nacionalidad espanola."" (https://www.fundaciontelefonica.com/becas/faqs-becas-fundacion-telefonica/). The ONLY softening is for applicants already mid-naturalisation: an applicant 'en proceso de conseguir la nacionalidad espanola' may apply provided that by the closing date they hold a document evidencing Spanish nationality - which is not a route open to a Tunisian citizen with no prior Spanish residency, since Spanish naturalisation by residence requires years of prior legal residence. HARD EXCLUSION, and it cannot be cured by moving to Spain on a student visa.","2026 convocatoria: ""1 a 30 de junio de 2026"", with interviews 11-20 September 2026 and results 24 September 2026; studies must begin between 1 June and 31 December 2026. The 2027 convocatoria is NOT YET PUBLISHED - the pattern is a June window, but do not assume June 2027.",https://www.fundaciontelefonica.com/becas/,AA | AB | AC,"THE BIGGEST NEAR-MISS IN THIS BLOCK. On every dimension except nationality this scheme is a precise match for this candidate: it names Inteligencia Artificial as its first eligible area, explicitly permits the master to be studied IN SPAIN, funds up to 80.000 EUR covering tuition plus living costs, and the age and degree tests are both satisfied (Software Engineering, MECES 2 / EQF 6 equivalent, completed Aug 2026). It fails on the single sentence 'deberan ostentar la nacionalidad espanola'. Also note the strings-attached clause for anyone who does qualify: ""Las personas beneficiarias que cursen estudios fuera de Espana asumiran el compromiso de retornar o vincularse profesionalmente al ecosistema tecnologico espanol en un plazo maximo de 12 meses."" Recorded in full so that no later wave re-opens it as a candidate route.","{""field"": ""nationality clause, age, degree, areas, institutions, number of becas, amount, coverage, window, return obligation"", ""url"": ""https://legal.fundaciontelefonica.com/bases-de-la-convocatoria-becas"", ""accessed"": ""2026-08-25""} | {""field"": ""FAQ confirming exclusivity to Spanish nationals, study-anywhere rule, amount, deadlines"", ""url"": ""https://www.fundaciontelefonica.com/becas/faqs-becas-fundacion-telefonica/"", ""accessed"": ""2026-08-25""} | {""field"": ""programme landing page"", ""url"": ""https://www.fundaciontelefonica.com/becas/"", ""accessed"": ""2026-08-25""}"
bbva-carolina-master-datos-ia,Beca Fundacion Carolina - Master en Ciencia de Datos e Inteligencia Artificial (BBVA),"BBVA, in partnership with Fundacion Carolina and Afi Global Education",Field-specific & industry,"Full tuition of 23.000 EUR, plus a monthly stipend of 900 EUR for accommodation and living expenses, plus return economy airfare from the applicant's capital city, plus non-pharmaceutical medical insurance for the stay in Spain.",Tuition in full + 900 EUR/month living stipend + return flight + medical insurance. One of the most complete packages found - and closed to this candidate.,NO,"""Ser nacional de algun pais de America Latina miembro de la Comunidad Iberoamericana de Naciones o de Portugal y residir en alguno de ellos.""","""Ser nacional de algun pais de America Latina miembro de la Comunidad Iberoamericana de Naciones o de Portugal y residir en alguno de ellos."" (https://gestion.fundacioncarolina.es/programas/6411). Tunisia is neither a Latin American member of the Comunidad Iberoamericana de Naciones nor Portugal, and the clause is conjunctive - it also demands residence in one of those countries. HARD EXCLUSION on both limbs.","2026/27 edition closed 2 March 2026 at 09:00 Spanish time, for a programme running late September 2026 to June 2027. The 2027/28 convocatoria is NOT YET PUBLISHED. Fundacion Carolina normally opens its convocatoria in the preceding autumn/winter.",https://gestion.fundacioncarolina.es/programas/6411,AA | AB,"Recorded because a search for 'industry-sponsored AI master's places in Spain' surfaces this first and it looks like an open corporate scheme. It is not: it is a Fundacion Carolina Iberoamerican-mobility beca with BBVA money attached, and Fundacion Carolina's whole mandate is Latin America and Portugal. The SAME structural bar applies to essentially every Fundacion Carolina corporate-branded master's beca (Santander, Repsol, Iberdrola and others co-fund through the same channel), so a Tunisian citizen should treat the entire Fundacion Carolina corporate-master's catalogue as closed unless a specific programme states otherwise. NOTE: the delivering body Afi Global Education is a private business school, so the qualification is a titulo propio, not a master universitario - verify before any comparison against public-university options.","{""field"": ""funder, delivering institution, nationality clause, amount, coverage, deadline, dates"", ""url"": ""https://gestion.fundacioncarolina.es/programas/6411"", ""accessed"": ""2026-08-25""}"
pointblank-scholarships-bursaries,"Point Blank Music School Scholarships, Bursaries & Funds","Point Blank Music School (private specialist school; campuses London, Los Angeles, Ibiza, plus Online)",Field-specific & industry,"Mixed. Online school: ""Scholarships are available for applicants to practical courses in the Online school worth the value of one module"". Higher-education line: ""Some scholarships are worth GBP 3,000 per year (up to GBP 9,000 total)"". Named partner awards exist (e.g. the DENIS SULTA X DJ MAG SCHOLARSHIP, London). Exact amounts per award NOT VERIFIED against the primary pages - see provenance warning.","Tuition, in whole or in part (module value, or an annual sum against fees). No living-cost element identified.",NO,"For the GBP 3,000/year higher-education award: applicants must ""be UK nationals applying to study their first degree, have household income under GBP 46,000 per annum, and not be eligible for other funding including student loans"". For the youth award: ""available to applicants aged 18-25 whose circumstances may otherwise prevent them from commencing their studies, aiming to provide a unique platform for electronic music DJs and producers"". EU line: ""The We Are Europe Scholarship is available to eligible EU students and ensures they pay the same tuition fees as Home (UK) students"".","Three independent bars, none of which a Tunisian citizen clears: (1) the main HE award requires applicants to ""be UK nationals applying to study their first degree"" - fails on nationality AND on first-degree status, since this candidate already holds a 300-ECTS degree and is seeking a master's; (2) the We Are Europe Scholarship is ""available to eligible EU students"" - Tunisia is not an EU member state; (3) the awards are attached to the LONDON and ONLINE schools, and no scholarship was found attached to the IBIZA campus - the Ibiza page located is ""Student Discounts & Opportunities for Our Ibiza Students and Graduates"", i.e. discounts for people already enrolled, not entry scholarships. A VERBATIM Ibiza-campus exclusion clause: NOT FOUND, because no Ibiza scholarship scheme was found to exclude from.","NOT FOUND. No deadline is published in the material retrievable here; the route given is ""Applications can be made by completing a Scholarship and Bursary Application form, which can be requested from admissions@pointblankmusicschool.com"", with queries to scholarships@pointblankmusicschool.com.",https://www.pointblankmusicschool.com/locations/london/joining-pointblank-london/scholarship-bursaries-and-funds/,A | P | S,"RELEVANCE CAVEAT: Point Blank's Spain presence is the IBIZA campus, which runs short courses and diplomas rather than a master's degree; the degree-level provision (and therefore the scholarship machinery) sits in LONDON, which is outside Spain and outside this sweep's target. So even setting nationality aside, Point Blank is a weak fit for a September 2027 Spanish master's intake. PROVENANCE WARNING - this record is weaker than the others in this file: pointblankmusicschool.com is on the brief's confirmed-blocked list and returned HTTP 403 to a direct fetch of the scholarships & bursary policy PDF. All quotes above come from the SEARCH INDEX of pointblankmusicschool.com pages, not from pages directly read. source_access: search index - domain returns 403, not directly fetched. A human must open https://www.pointblankmusicschool.com/content/pdf/policies/policies-23-24/scholarships-&-bursary-policy---v2.0-2023-24.pdf in a normal browser to confirm the eligibility wording and to check whether any newer policy version covers Ibiza. Flag for gaps.md.","{""field"": ""scholarship list, HE award amount and UK-national requirement, We Are Europe EU restriction, application route"", ""url"": ""https://www.pointblankmusicschool.com/locations/london/joining-pointblank-london/scholarship-bursaries-and-funds/"", ""accessed"": ""2026-08-25""} | {""field"": ""online school scholarships worth one module"", ""url"": ""https://www.pointblankmusicschool.com/about-point-blank/about-online-school/online-scholarships-and-bursaries-/"", ""accessed"": ""2026-08-25""} | {""field"": ""Ibiza campus offers discounts for enrolled students/graduates, not entry scholarships"", ""url"": ""https://www.pointblankmusicschool.com/about-point-blank/about-ibiza-school/about-point-blank-ibiza-/discount-and-opportunities"", ""accessed"": ""2026-08-25""} | {""field"": ""scholarships & bursary policy PDF - returned HTTP 403, NOT READ"", ""url"": ""https://www.pointblankmusicschool.com/content/pdf/policies/policies-23-24/scholarships-&-bursary-policy---v2.0-2023-24.pdf"", ""accessed"": ""2026-08-25""}"
nvidia-graduate-fellowship,NVIDIA Graduate Fellowship Program,NVIDIA Corporation,Field-specific & industry,"""funding in the amount of up to $60,000 per award"". ""The amount of the award is based on the individual student's actual costs of stipend, tuition and mandatory fees."" ""Amount of the award cannot exceed stipend, tuition, and mandatory fees.""","""an unrestricted gift to be used to further the student's research over the academic year"", covering stipend, tuition and mandatory fees. ""Awards are issued to the university for disbursement, not directly to the student"" / ""the award must be administered through the student's university; payment will be made to the university, not directly to the student"".",NO,"""Students must have already completed their first year of PhD level studies (at the time of application)"" / ""Students must have majors in Computer Science, Computer Engineering, System Architecture, Electrical Engineering, or a related area"" / ""Students must be engaged in active research as part of their PhD thesis"" / ""Students must be enrolled as a full time active PhD student during the 2026-2027 academic year (9 months) of the award"" / ""Students must be available to complete an in-person summer internship prior to the start of their Fellowship year at one of NVIDIA's research offices in the United States, Canada, Germany, Sweden, Finland, Switzerland, Israel, and Taiwan.""","Excluded by DEGREE LEVEL, not by nationality. NVIDIA is explicit that nationality is not a bar: ""Are International PhD students eligible? Yes. International students are eligible to apply. Keep in mind, the Graduate Fellowship Award amount may vary by country, region or location, and while NVIDIA has many international offices, we can only support fellowship internships in the United States, Canada, Germany, Sweden, Finland, Switzerland, Israel, and Taiwan."" The bar is that the scheme is PhD-ONLY and requires a full year of PhD study already completed at application: ""Students must have already completed their first year of PhD level studies (at the time of application)"". A master's applicant cannot apply. Note also that SPAIN IS NOT on the list of countries where NVIDIA can host the mandatory internship, and ""If selected for an award, a completed internship at NVIDIA is required before the Fellowship award year can begin"" - so even a future PhD in Spain would have to travel to one of the eight listed countries. Also: ""Full-time NVIDIA employees and immediate family of NVIDIA employees cannot participate.""","Not applicable to a master's intake. For reference, the most recent published cycle closed ""3pm Pacific Time, September 15, 2025"" for the student application, with recommendation letters due ""12noon Pacific Time, September 15, 2025"" (three hours earlier).",https://www.nvidia.com/en-us/research/graduate-fellowships/,AA | AB,"Recorded to close the question: NVIDIA has NO master's-level scholarship. The Graduate Fellowship is a PhD research fellowship and is the only NVIDIA academic funding line found. It is worth flagging as a FUTURE option: if this candidate proceeds to a PhD in AI/ML after the master's, he would become eligible from his second PhD year onward, with no nationality bar - but the mandatory in-person NVIDIA internship excludes Spain as a host location, which is a practical complication for a Spain-based PhD. Stacking is not automatic: ""Whether it is OK to combine the NVIDIA fellowship with another fellowship depends on several factors -- please contact the NVIDIA Graduate Fellowship for details"".","{""field"": ""amount, eligibility, internship countries, international-student FAQ, deadline, award administration, stacking"", ""url"": ""https://www.nvidia.com/en-us/research/graduate-fellowships/"", ""accessed"": ""2026-08-25""}"
microsoft-research-phd-fellowship,Microsoft Research PhD Fellowship (EMEA / Europe region),Microsoft Research,Field-specific & industry,NOT FOUND - the programme page carries no current amount because the call is paused (see below).,NOT FOUND,NO,"""The Microsoft Research PhD Fellowship is a global program that identifies and empowers the next generation of exceptional computing research talent."" / ""For eligible students at universities globally pursuing research aligned to Microsoft Research areas of focus."" / ""We currently offer PhD fellowships in Asia-Pacific, Canada and the United States, EMEA (Europe, Middle East, Africa), Latin America, Australia and New Zealand.""","TWO independent bars, neither of them nationality. (1) DEGREE LEVEL - it is a PhD fellowship; there is no master's-level Microsoft Research fellowship. (2) THE PROGRAMME IS PAUSED: ""Update: Microsoft Research has paused our call for proposals/nominations for the 2023 calendar year. We are exploring new avenues to invest in our academic partnerships and bring together students and researchers to collaborate, share knowledge, and pursue new research directions."" That notice was still the live banner on the page when read on 2026-08-25, and the most recent cohort named on the page is ""The Microsoft Research 2022 Global PhD Fellowship recipients were announced in October 2022"" - i.e. no cohort has been announced for four cycles.",NONE - no call is open. The programme has not run a call since the 2022 cohort.,https://www.microsoft.com/en-us/research/academic-program/phd-fellowship/,AA | AB,"Recorded so that no later wave re-lists Microsoft as a live funder for Spanish study. Microsoft's replacement vehicle named on the same page is the ""Microsoft Research AI & Society Fellows program"", which ""unit[es] eminent scholars and experts"" - a senior-researcher programme, not student funding, and therefore also not a route for this candidate. NO Microsoft master's scholarship active in Spain was found. If a human wants to double-check, the Europe regional tab of the same page is the place to look for any restart of the call.","{""field"": ""programme scope, regions, pause notice, last announced cohort"", ""url"": ""https://www.microsoft.com/en-us/research/academic-program/phd-fellowship/"", ""accessed"": ""2026-08-25""}"
google-phd-fellowship-europe,Google PhD Fellowship Program (Europe and the Middle East region),Google Research,Field-specific & industry,"Europe and the Middle East: ""Up to 2 year Fellowship"" and ""Yearly bursary towards stipend / salary, health care, social benefits, tuition and fees, conference travel and personal computing equipment. The bursary varies by country."" NO fixed figure is published for Europe - unlike other regions, which are stated numerically (Canada/US US $85K per year, India early-stage US $50K, Africa US $15K, Latin America US $15K/yr, East Asia US $10K, Australia/NZ AUD $20K). The Europe amount for Spain is therefore NOT FOUND.","""stipend / salary, health care, social benefits, tuition and fees, conference travel and personal computing equipment"" - the most comprehensive coverage of any scheme in this block, and one of the few naming health care and social benefits.",NO,"""The Google PhD Fellowship Program welcomes applications for outstanding PhD students worldwide. The details of each Fellowship vary by region. PhD students from Africa, Australia, Canada, East Asia, Europe, India, Latin America, the Middle East, New Zealand, Southeast Asia and the United States, must be nominated for the fellowship by their university. Applications must be submitted by an official representative of the university during the application window. Please contact your department or graduate school for more information on the internal nomination process.""","Excluded by DEGREE LEVEL and by ROUTE, not by nationality. (1) It funds PhD students only - ""Google PhD Fellowships directly support graduate students as they pursue their PhD"" - so a master's applicant cannot apply. (2) It is nomination-only and the student cannot self-apply: ""must be nominated for the fellowship by their university. Applications must be submitted by an official representative of the university during the application window."" No nationality or residency clause was found; the programme is described as open to ""outstanding PhD students worldwide"" with regional streams, and Spain sits inside the ""Europe and the Middle East"" stream.",Not applicable to a master's intake. Regional application windows are set by Google and routed through the university's internal nomination process; no Europe date is published on the programme page.,https://research.google/programs-and-events/phd-fellowship/,AA | AB,"FUTURE OPTION, NOT A 2027 MASTER'S OPTION. Recorded because 'Google academic programmes active in Spain' was an explicit target: the answer is that Google's Spain-reachable academic funding is the PhD Fellowship, and it is closed to master's applicants. If the candidate proceeds to a PhD in Spain after the master's, this becomes live and carries no nationality bar - and the Europe stream's coverage of health care and social benefits is unusually generous. The practical constraint is that it must be won THROUGH the Spanish university, so choice of PhD institution matters. SEE ALSO the separate record google-generation-scholarship-emea for Google's master's-level line, which could NOT be verified.","{""field"": ""programme scope, regions, nomination requirement, Europe bursary description, per-region amounts"", ""url"": ""https://research.google/programs-and-events/phd-fellowship/"", ""accessed"": ""2026-08-25""}"
google-generation-scholarship-emea,Generation Google Scholarship (EMEA) - UNVERIFIED,Google,Field-specific & industry,NOT FOUND,NOT FOUND,NOT FOUND,NOT FOUND,NOT FOUND,NOT FOUND,https://buildyourfuture.withgoogle.com/scholarships/generation-google-scholarship-emea,AA | AB | AC,"DELIBERATE NOT-FOUND RECORD, written so this lead is not lost and is not later filled in from memory. The Generation Google Scholarship (EMEA) is Google's student-level - as opposed to PhD-level - scholarship line for Europe, the Middle East and Africa, and it is the only plausible Google route for a master's student in Spain. It could NOT be verified in this pass. Reason: buildyourfuture.withgoogle.com is an Angular single-page application whose content is not present in the served HTML. Direct fetch returned HTTP 200 with a 96KB shell containing only the string 'BuildYourFuture'; the JavaScript bundle (main.9ca0c65bf5ce4c16.js, 286KB) was downloaded and searched and contains NO scholarship text and NO discoverable JSON data endpoint; probing /api/scholarships and /index.json returned the same SPA shell. WebSearch could not be used to recover indexed content because this agent's per-session WebSearch budget (200 calls) was already exhausted by earlier waves. WHAT A HUMAN MUST CHECK, in priority order: (1) whether master's/postgraduate students are eligible at all, or only undergraduates - this is the decisive question and Google's student scholarships are historically undergraduate-weighted; (2) whether eligibility is defined by country of STUDY (a university in Spain would then qualify a Tunisian) or by country of CITIZENSHIP/right to work (which would likely exclude him); (3) amount, currency and deadline. Flag for gaps.md as needing a human to open the page in a normal browser. source_access: page is a client-rendered SPA - HTML shell fetched, content NOT retrievable by any automated means available here.","{""field"": ""page exists but content is not machine-retrievable"", ""url"": ""https://buildyourfuture.withgoogle.com/scholarships/generation-google-scholarship-emea"", ""accessed"": ""2026-08-25""}"
ibm-phd-fellowship,IBM PhD Fellowship Award (IBM Academic Awards Program),IBM Research,Field-specific & industry,"""IBM PhD Fellowships are awarded worldwide. The value of the awards varies by the country in which the university is located. Awards for universities in the United States are $40,000. Awards for other countries vary between $6,000 and $25,000."" A university in Spain therefore falls in the $6,000-$25,000 band.","NOT SPECIFIED beyond the cash value. Non-cash: ""All awardees will have an IBM mentor for the duration of the award period and are strongly encouraged to intern during the year of their award. The internship is not guaranteed or mandatory.""",NO,"""Must be nominated by a doctoral faculty member; students cannot nominate themselves."" / ""Must be enrolled full-time in a PhD program over the academic year of the award or forfeit the fellowship."" / ""Must stay in the same program for the duration of the award - no transferring of departments or schools."" / ""Nomination for the award program is by invitation only. Nominating faculty must submit thoroughly developed proposals, remain engaged during the vetting and due diligence process, and use the university domain email address for all correspondence."" / ""The highly competitive IBM PhD Fellowship Awards provide funding for PhD students in the final years of their PhD program.""","Excluded by DEGREE LEVEL and by ROUTE: PhD only, final years of the PhD, faculty-nominated, invitation-only, no self-application. IBM DOES publish a nationality-linked exclusion, and it is worth recording precisely because it does NOT catch Tunisia: ""That are from U.S. embargoed countries or attending institutions located in U.S. embargoed countries are not eligible for the program."" Tunisia is not a U.S. embargoed country, and Spain plainly is not, so this clause would not bite - the bar for this candidate is purely that he is a master's applicant, not a late-stage PhD student. Also a stacking ban: ""Receiving a comparable fellowship or support from another company or institution (except for academic scholarships) during the IBM PhD Fellowship funding period are ineligible for this award. IBM reserves the right to revoke nominee's eligibility and withdraw the funding of the PhD award upon knowledge of such award.""",Not applicable to a master's intake; no date published on the page - the cycle runs through faculty nomination via the IBM Fellowship Awards nomination portal. Contact: phdfellow@us.ibm.com.,https://research.ibm.com/university/awards/fellowships.html,AA | AB | AC,"Recorded to close the IBM question: IBM has NO master's-level scholarship in the Academic Awards Program; the PhD Fellowship is the student-funding line and it targets students in the FINAL years of a PhD, so it is two steps away from this candidate. The embargoed-countries clause is captured verbatim because it is exactly the kind of industry restriction the brief asked to be checked - and here it happens to be harmless. Note the internship caveat for any future application: ""All student visas must align with terms of the internship.""","{""field"": ""eligibility, nomination route, embargoed-countries clause, stacking ban, award values by country, mentor/internship terms"", ""url"": ""https://research.ibm.com/university/awards/fellowships.html"", ""accessed"": ""2026-08-25""}"
aws-ai-ml-scholars,"AWS AI & ML Scholars (powered by AWS Skill Builder, with Udacity)","Amazon Web Services, delivered with AWS Training Partner Udacity",Field-specific & industry,"In-kind training, not cash. ""AWS AI & ML Scholars covers the full cost of a three-month Udacity Nanodegree."" ""All learners who complete the program's Challenge phase receive a three-month subscription to AWS Skill Builder"". Scale: ""AWS AI & ML Scholars sponsored 100,000 learners in 2026"", of whom ""The top 4,500 performers after the Challenge phase will advance to participate in a fully-funded Udacity Nanodegree"". No monetary value is published.","A three-month Udacity Nanodegree and a three-month AWS Skill Builder subscription. It covers NO university tuition, NO fees, NO living costs.",NO,"""Who's eligible? Learners 18+ years old / No prior AI/ML experience needed / Available globally (where permitted)"" and ""Anyone 18 years or older was eligible to apply. No prior AI or ML experience required.""","Excluded by PURPOSE, not by nationality - and the nationality position is deliberately vague rather than restrictive: ""Available globally (where permitted)"". AWS does not publish the list of countries where participation is 'permitted', so whether Tunisia is included is NOT FOUND; a human would have to check Udacity's terms at application time. The decisive point is that this is NOT university funding: it awards a three-month Udacity Nanodegree, so it cannot contribute anything to the cost of a master's in Spain. Also note the 2026 cycle is closed: ""Please note that all available spots for the program's 2026 Challenge phase have been filled.""","Not applicable to a 2027 master's intake, and the cycle does not align with an academic year. 2026 cycle for reference: applications opened 24 March 2026 on Udacity and closed 24 June 2026 (""earlier if all 100,000 seats are filled""); the Nanodegree phase ran 4 August to 4 November 2026. No 2027 cycle is published.",https://aws.amazon.com/machine-learning/scholarship/,AA | AB,"Recorded to close the AWS question definitively: AWS does NOT fund Spanish university study. Its student-facing programme is free vendor training delivered through Udacity, valuable as CV material and as AI/ML upskilling before a September 2027 intake, but it is not funding and must not be counted in any budget. AWS Educate, the other programme sometimes cited, is likewise free training credits rather than tuition support. NO AWS scholarship for degree study in Spain was found.","{""field"": ""eligibility, global availability caveat, what the award covers, phases, 2026 dates, 100,000/4,500 figures"", ""url"": ""https://aws.amazon.com/machine-learning/scholarship/"", ""accessed"": ""2026-08-25""}"
santander-open-academy,Santander Open Academy scholarships (formerly Becas Santander),"Banco Santander, through Santander Universidades / Santander Open Academy",Field-specific & industry,"NOT A SINGLE SCHEME - it is a catalogue of many separate calls, each with its own value. The platform organises them into four families: ""Financial Assistance - Scholarships for financial assistance to support undergraduate studies and university access for those in need""; ""Academic Mobility - Scholarships for national and international mobility to study at another academic institution""; ""Research - Scholarships for students and faculty to support research in a specific program or project""; ""Professional Internships - Scholarships to facilitate access to the job market through professional internships"". Per-call amounts NOT FOUND - see provenance note.","Varies by call. Many Santander calls are short-course or language-training grants rather than tuition for a full master's - the platform's own headline is ""More than 1,000 courses, content, and scholarships"" and ""Courses, content, and scholarships, at no cost to you.""",CONDITIONAL,"""Who can apply for Santander Open Academy scholarships? The scholarships are aimed at a wide variety of profiles, from university students to professionals. Each call may have specific requirements, so review the eligibility criteria."" / ""Do scholarships require being a Banco Santander customer? No, in most cases it is not necessary to be a Banco Santander customer. Some calls may have particular conditions.""","NO platform-wide nationality or residency exclusion exists - and that is itself the finding. Santander explicitly devolves eligibility to each individual call: ""Each call may have specific requirements, so review the eligibility criteria."" The structural constraint that matters for this candidate is not nationality but SEQUENCING: the catalogue is built ""With the support of leading universities, institutions and organizations"", and the Academic Mobility and Financial Assistance families are addressed to students already enrolled at a partner institution. A Tunisian citizen applying from Tunisia before securing a place therefore has nothing to apply to; the same person, once matriculated at a Spanish partner university in September 2027, becomes eligible to apply to that university's Santander calls. The bank-customer question is explicitly NOT a barrier in most cases.","NOT FOUND - there is no single deadline. Each call publishes its own window on the Santander Open Academy platform, and calls open and close continuously through the year.",https://www.santanderopenacademy.com/en/scholarships.html,AA | AB | AC | X | P,"ACTION POINT RATHER THAN A FUNDING SOURCE FOR THE APPLICATION STAGE. The right way to use Santander is: (1) it cannot help fund the decision to come to Spain, because nearly every call presupposes enrolment at a partner university; (2) once a Spanish university place is confirmed for September 2027, check that specific university's Santander calls immediately, because there is no nationality bar and no customer requirement; (3) when comparing Spanish universities, whether the university is a Santander Universidades partner is a genuine tie-breaker. PROVENANCE WARNING: the scholarship CATALOGUE itself (app.becas-santander.com) is a client-rendered application - fetching the search endpoint returned an 83KB shell containing only the string 'Santander Open Academy', with no call data. Individual call values, requirements and deadlines could NOT be enumerated here, and WebSearch budget was exhausted. A human must browse the catalogue in a normal browser and filter by 'Spain' and 'master'. Flag for gaps.md. Note also that becas-santander.com now 301-redirects to santanderopenacademy.com - any older URL in this dataset should be updated.","{""field"": ""scholarship families, per-call eligibility devolution, bank-customer FAQ, application route"", ""url"": ""https://www.santanderopenacademy.com/en/scholarships.html"", ""accessed"": ""2026-08-25""} | {""field"": ""platform homepage; confirms 301 redirect from becas-santander.com"", ""url"": ""https://www.santanderopenacademy.com/en/index.html"", ""accessed"": ""2026-08-25""} | {""field"": ""scholarship catalogue - client-rendered, no call data retrievable"", ""url"": ""https://app.becas-santander.com/en/search?q=master"", ""accessed"": ""2026-08-25""}"
spain-corporate-master-places-not-found,"Company-funded master's places at Spanish universities (Indra, Repsol, Inditex, NTT Data, Accenture) - NO SCHEME FOUND",Indra / Fundacion Repsol / Inditex / Fundacion NTT DATA / Fundacion Accenture,Field-specific & industry,NOT FOUND,NOT FOUND,NOT FOUND,NOT FOUND,NOT FOUND,NOT FOUND,,AA | AB | AC | X,"DELIBERATE NEGATIVE RECORD covering the corporate names the orchestrator asked about that produced no verifiable master's-funding scheme, so that a later wave does not re-run the same dead ends without knowing they were tried. WHAT WAS ACTUALLY CHECKED AND WHAT CAME BACK: (1) FUNDACION REPSOL - https://www.fundacionrepsol.com/es/becas/ resolved (HTTP 200) but the foundation's published activity lines are 'Catedras Universitarias', 'Fondo de Emprendedores', 'Deporte escolar', 'Economia verde y social', 'Open Room', 'Voluntariado Repsol' and 'Zinkers'. Catedras Universitarias funds university CHAIRS, not student scholarships. No master's beca found. (2) FUNDACION NTT DATA - https://www.nttdatafoundation.com/ returned HTTP 200 but is entirely client-rendered; the served HTML contains only the title string. No content retrievable. (3) INDITEX - https://www.inditex.com/itxcomweb/es/sostenibilidad/comunidad returned an 834KB page containing NO occurrence of 'beca', 'scholarship', 'master' or 'convocatoria'. Inditex's known education programmes are its language/mobility becas run with UNED and its Salvador de Madariaga chairs, neither of which surfaced here and neither of which funds an AI or music master's. (4) FUNDACION INDRA (fundacionindra.org) and FUNDACION ACCENTURE (fundacionaccenture.org) - BOTH FAILED AT THE NETWORK GATEWAY with 'CONNECT tunnel failed, response 502'. This is an infrastructure block in this environment, NOT evidence that the schemes do not exist, and must not be read as a negative finding. THESE TWO ARE THE HIGHEST-VALUE REMAINING LEADS IN THIS BLOCK and a human should open both in a normal browser. GENERAL PATTERN OBSERVED, offered as a hypothesis and not as a verified fact: Spanish corporate money for postgraduate study reaches students through intermediaries rather than direct company scholarships - through Fundacion Carolina (nationality-restricted to Latin America and Portugal, see bbva-carolina-master-datos-ia), through corporate foundations that fund university chairs rather than students (Repsol), or through corporate-nationality-restricted programmes (see fundacion-telefonica-becas-master-stem, Spanish nationals only). A Tunisian candidate should not expect direct company funding for a Spanish master's and should not delay other applications waiting for it. CAVEAT ON SEARCH COVERAGE: this agent's WebSearch budget (200 calls per session) was exhausted before this group could be searched, so these four were probed only by direct fetch of canonical URLs. Absence here is weak evidence. Flag all five for gaps.md.","{""field"": ""Fundacion Repsol activity lines - no student becas"", ""url"": ""https://www.fundacionrepsol.com/es/becas/"", ""accessed"": ""2026-08-25""} | {""field"": ""Fundacion NTT DATA - client-rendered, no content retrievable"", ""url"": ""https://www.nttdatafoundation.com/"", ""accessed"": ""2026-08-25""} | {""field"": ""Inditex community/sustainability page - no beca/scholarship/master strings present"", ""url"": ""https://www.inditex.com/itxcomweb/es/sostenibilidad/comunidad"", ""accessed"": ""2026-08-25""} | {""field"": ""Fundacion Indra - network gateway 502, NOT REACHED"", ""url"": ""https://www.fundacionindra.org/"", ""accessed"": ""2026-08-25""} | {""field"": ""Fundacion Accenture - network gateway 502, NOT REACHED"", ""url"": ""https://www.fundacionaccenture.org/"", ""accessed"": ""2026-08-25""}"
es-work-rights-student-visa-30h,"Student stay (estancia de larga duración por estudios) — right to paid work, 30 h/week, no separate work permit","Gobierno de España — Reglamento de la LO 4/2000, aprobado por Real Decreto 1155/2024 (in force 20 May 2025)",Assistantships & employment,"N/A — this is the legal ceiling on paid work, not an award. Cap: 30 hours per week. Pay must comply with the applicable convenio colectivo: ""siempre y cuando las condiciones laborales se ajusten a la normativa vigente y al convenio colectivo aplicable para la actividad a ejercer"" (art. 57.1).",,YES,"Art. 57.1, párrafo 4: ""La autorización de estancia de larga duración obtenida en virtud de los supuestos establecidos en el artículo 52.1, letra a), autorizará a trabajar por cuenta propia y ajena, automáticamente y sin necesidad de un trámite adicional, siempre que esta actividad laboral sea compatible con la realización de esos estudios."" || Art. 57.2: ""Con carácter general, la actividad laboral a la que se refiere el apartado primero del presente artículo no podrá ser superior a las treinta horas semanales, salvo en el caso de la formación profesional de régimen intensivo que se estará a lo que determine la legislación sectorial. El incumplimiento de dicho límite será causa de extinción de la autorización estancia de larga duración."" || Art. 52.1.a) (who this covers): ""Realización de estudios superiores, como actividad principal, en una institución o centro de enseñanza superior reconocido en España, en el marco de un programa a tiempo completo, que conduzca a la obtención de un título de educación superior reconocido."" || Art. 57.5: ""En caso de que la persona titular de la autorización ejerza una actividad laboral en los términos previstos en este artículo, el requisito de seguro médico establecido en el artículo 35 se entenderá cumplido mediante el alta en el régimen correspondiente de la Seguridad Social."" || Curricular internships need nothing extra: ""No será preciso solicitar otra autorización adicional para realizar prácticas curriculares, entendiendo por tales las que formen parte del plan de estudios o formación para el que se otorgó la autorización de estancia de larga duración... Las prácticas académicas externas curriculares en entidades públicas o privadas y la fase de formación en empresa u organismo equiparado tendrán dicha consideración, y, por tanto, su realización estará cubierta por la autorización de estancia de larga duración por estudios concedida.""","Geographic limit — art. 57.3: ""La autorización se limitará geográficamente a la comunidad autónoma en la que se haya concedido la autorización de estancia de larga duración. No obstante, se podrá realizar actividad laboral en localidades de otra comunidad autónoma siempre y cuando sean localidades limítrofes con la comunidad autónoma en la que se haya concedido la autorización de estancia de larga duración."" || Duration tie — art. 57.4: ""La vigencia de la autorización para trabajar coincidirá con la de la autorización de estancia de larga duración. La pérdida o denegación de la prórroga de la autorización de la estancia de larga duración será causa de extinción de la autorización para trabajar."" || Compatibility — art. 57.1, párrafo 3: ""Dichas actividades deberán ser compatibles con la realización de aquéllas para las que, con carácter principal, se concedió la autorización de estancia de larga duración.""",N/A — standing law. In force since 2025-05-20 (RD 1155/2024 entered into force six months after BOE publication of 2024-11-20).,https://www.boe.es/buscar/act.php?id=BOE-A-2024-24099,,"THIS IS THE GATING FACT FOR THE WHOLE BLOCK, and the answer is favourable. A Tunisian citizen holding a Spanish student stay authorisation for a full-time official master's (art. 52.1.a) may work up to 30 h/week, employed or self-employed, AUTOMATICALLY, with NO separate work permit. This is a change from the old RD 557/2011 regime (20 h/week and an employer-initiated autorización de trabajo). Consequences: (1) a paid RA/TA contract at a lab is legally holdable; (2) part-time paid work in general is holdable; (3) the employer must register the student with the Seguridad Social, and that registration then substitutes for the private health-insurance requirement of art. 35; (4) the job must be in the same autonomous community as the study authorisation (or a bordering locality) — so a Barcelona student cannot casually hold a Madrid contract; (5) exceeding 30 h/week is an express ground for EXTINCTION of the stay authorisation — this is not a soft limit. Note also art. 52.1.a) expressly includes títulos propios within 'estudios superiores' for visa purposes, so a título propio does not by itself defeat the student visa (it still defeats PhD access and public funding — see the shared brief). Text obtained from the BOE consolidated version, fetched directly and quoted verbatim.","{""field"": ""30 h/week cap, automatic authorisation, curricular internships, Social Security, geographic limit"", ""url"": ""https://www.boe.es/buscar/act.php?id=BOE-A-2024-24099#a5-9"", ""accessed"": ""2026-08-25""} | {""field"": ""art. 52.1.a) definition of covered studies (full text)"", ""url"": ""https://www.boe.es/buscar/act.php?id=BOE-A-2024-24099"", ""accessed"": ""2026-08-25""}"
es-work-rights-study-to-work-conversion,Conversion from student stay to residence-and-work authorisation after the master's (modificación art. 190 RD 1155/2024),"Gobierno de España — Reglamento de la LO 4/2000 (RD 1155/2024), art. 190",Assistantships & employment,"N/A — status change, not an award. Enables a full-time salaried contract (e.g. a predoctoral contract or an industry job) after graduation without leaving Spain and without a new visa.",,CONDITIONAL,"Art. 190.1: ""Las personas extranjeras que se encuentren en España con una autorización de estancia de larga duración concedida para llevar a cabo los estudios o las actividades formativas previstos en los apartados a), b) y los números 4.º y 5.º del apartado e) del artículo 52 podrán acceder a la situación de residencia y trabajo y de residencia con excepción de la autorización de trabajo sin necesidad de solicitar visado, si han obtenido la titulación o el certificado correspondiente a los estudios o formación realizados y cumplen los requisitos establecidos en los apartados siguientes."" || Art. 190.2: ""Para obtener una autorización de residencia y trabajo por cuenta ajena será necesario cumplir los requisitos del artículo 74, excepto lo previsto en su apartado 1.a). La solicitud de la autorización podrá ser presentada tanto por el empleador como por el titular de la autorización por estudios. En todo caso, el empleador asumirá el pago de la correspondiente tasa.""","Art. 190.1, último inciso: ""Además, será requisito que la persona extranjera no haya sido becada o subvencionada por organismos públicos o privados dentro de programas de cooperación para el desarrollo sostenible o de acción humanitaria españoles o del país de origen.""","N/A — standing law, applied on completion of the master's (i.e. from mid/late 2028 for a Sept-2027 intake).",https://www.boe.es/buscar/act.php?id=BOE-A-2024-24099,,"MATERIAL WARNING attached to this record: the art. 190 route out of a student visa into a full work/residence permit is BLOCKED for anyone who financed the studies with a development-cooperation or humanitarian-action scholarship, whether Spanish or from the home country. That clause is directly relevant to a Tunisian candidate, because several Spanish scholarships open to Tunisians are administered under development-cooperation programmes (e.g. AECID-type instruments). Before accepting any award, check whether the awarding instrument is legally classified as 'cooperación para el desarrollo' — if it is, taking it can cost the post-study conversion route. Also note art. 190.2 removes the national-employment-situation test (art. 74.1.a), which is the single biggest practical barrier to a non-EU hire — so a graduate converting from a student visa is much easier for a Spanish lab or company to hire than a candidate applying from abroad.","{""field"": ""art. 190 text, exclusion clause"", ""url"": ""https://www.boe.es/buscar/act.php?id=BOE-A-2024-24099"", ""accessed"": ""2026-08-25""}"
upf-mdm-dtic-msc-research-assistantship,María de Maeztu DTIC-UPF MSc Research Assistantship (paid research assistantship for enrolled master's students),"Departament de Tecnologies de la Informació i les Comunicacions (DTIC), Universitat Pompeu Fabra — María de Maeztu Unit of Excellence Strategic Research Programme",Assistantships & employment,"""The financial award is 5,000 EUR gross for the whole internship."" Workload: ""15h/week between Nov 1st - June 15th of the corresponding academic year (exact dates and distribution of work load during the year can be adjusted in agreement with the supervisors)"". 15 h/week sits well inside the 30 h/week legal ceiling for student-visa holders (art. 57.2 RD 1155/2024). Whether this is paid as a labour contract with Seguridad Social alta or as a non-labour beca is NOT STATED in the indexed content — it matters legally and must be asked.",,CONDITIONAL,"""The María de Maeztu Strategic Research Program supports a number of research assistantships to students enrolled in any of the DTIC-UPF master programs, linked to the projects executed in the context of the program and involving the cooperation of two researchers from different DTIC-UPF groups."" || ""These internships offer an excellent opportunity to work in ongoing research projects, with the potential to become topics for the final MSc thesis."" || Eligible master programmes listed in the indexed content include the Master in Sound and Music Computing, Master in Cognitive Systems and Interactive Media, Master in Intelligent Interactive Systems, Master in Brain and Cognition, Master in Wireless Communications, Master in Computational Biomedical Engineering and Master in Computer Vision.","NOT FOUND — no nationality, residency or EU-citizenship restriction appears in the indexed content; the only stated condition is enrolment in a DTIC-UPF master programme. Absence from an indexed snippet is not proof the full page carries none; the page could not be fetched.","NOT FOUND for 2027-28. Structural timing from the indexed text: the assistantship runs 1 November to 15 June, so the call is issued early in the academic year and targets students already enrolled — a September 2027 entrant would apply in autumn 2027, after arriving, not before. ""Applications are submitted directly to the indicated supervisors.""",https://www.upf.edu/web/mdm-dtic/internships,,"THE BEST-FITTING PAID ROUTE FOUND IN THIS BLOCK. The Master in Sound and Music Computing — the MTG's own master (paths A/B) — is explicitly on the eligible list, so this is the concrete mechanism by which an SMC student gets paid to work inside the MTG. It is NOT an entry scholarship: you must already be enrolled, so it cannot be counted on when budgeting the decision to come. Legally holdable by a Tunisian on a student visa: 15 h/week is under the 30 h cap and needs no separate work permit (art. 57.1/57.2 RD 1155/2024). CURRENCY CAUTION: the indexed pages show two different MdM programme titles ('Data-Driven Knowledge Extraction', the older accreditation cycle, and 'Artificial and Natural Intelligence for ICT and beyond', the current one); whether MSc assistantship calls still run under the current cycle in 2027 is NOT CONFIRMED. Needs a human to open the page in a normal browser. Also unresolved: contrato laboral (which under art. 57.5 would also satisfy the health-insurance requirement) vs beca.","{""field"": ""amount, hours, dates, eligibility, eligible masters, application route"", ""url"": ""https://www.upf.edu/web/mdm-dtic/internships"", ""accessed"": ""2026-08-25"", ""source_access"": ""search index — upf.edu returns HTTP 403 to every automated fetch (curl confirmed 403 on 2026-08-25); content quoted from the search index, page NOT directly fetched""}"
upf-mtg-research-assistantships-internal,MTG research assistantships and R&D internships for Sound and Music Computing master's students,"Music Technology Group (MTG), DTIC, Universitat Pompeu Fabra — funded from the group's own project portfolio",Assistantships & employment,"NOT FOUND. No amount, rate or hours is published in the indexed content. The 'Work with us' page states only that positions exist ""at different levels of salary and expertise"", which confirms they are salaried but not what they pay.",,CONDITIONAL,"Master in Sound and Music Computing FAQ: ""At the MTG, research assistantships are regularly offered to students to collaborate on particular projects, and other collaborating centres may offer internships."" || ""The MTG and collaborating companies offer internships to get involved in specific R&D projects."" || MTG 'Work with us': ""From time to time the MTG looks for candidates to fill research and/or development positions at different levels of salary and expertise""; interested people should contact the group.",NOT FOUND — no nationality or residency condition stated in the indexed content.,"No fixed call. Described as continuous/occasional (""regularly offered"", ""From time to time""). Approach is by direct contact with the group, in practice after enrolment.",https://www.upf.edu/web/mtg/work-with-us,,"ANSWER TO THE CRITICAL QUESTION: yes in principle — a Tunisian on a student visa can hold and be paid for an MTG research assistantship, because RD 1155/2024 art. 57 gives automatic work authorisation up to 30 h/week with no separate permit, and these are part-time student roles. The binding constraints are (a) it is discretionary and unadvertised — no published call, no published amount, no published quota, so it cannot be treated as plannable funding; and (b) you must already be enrolled and known to the group. HOW THE GROUP FUNDS PEOPLE (indexed ongoing-projects page): the current funded portfolio includes the UPF-BMAT Chair on Artificial Intelligence and Music, TROBA (recognition of musical works in the era of dynamic audio generation), TraMuCA (transparency in AI-powered music creation algorithms), Phonos, Musitopia (music interventions for mental well-being), Music and Motion Sensing for Neurorehabilitation, NextCore and Essentia API. That mix — one industry chair (BMAT), national/Catalan projects and applied-health projects — is the pool RA money comes from, so an approach should name a specific project rather than ask generically. Historic anchor: Xavier Serra's ERC Advanced Grant CompMusic, EUR 2.5m over 5 years (finished). All of the above is from the search index; upf.edu is unfetchable — flag for a human.","{""field"": ""assistantships regularly offered to master students"", ""url"": ""https://www.upf.edu/web/smc/faq"", ""accessed"": ""2026-08-25"", ""source_access"": ""search index — upf.edu returns HTTP 403 to every automated fetch (curl confirmed 403 on 2026-08-25); content quoted from the search index, page NOT directly fetched""} | {""field"": ""salaried research/development positions, contact route"", ""url"": ""https://www.upf.edu/web/mtg/work-with-us"", ""accessed"": ""2026-08-25"", ""source_access"": ""search index — upf.edu returns HTTP 403 to every automated fetch (curl confirmed 403 on 2026-08-25); content quoted from the search index, page NOT directly fetched""} | {""field"": ""current funded project portfolio"", ""url"": ""https://www.upf.edu/web/mtg/ongoing-projects"", ""accessed"": ""2026-08-25"", ""source_access"": ""search index — upf.edu returns HTTP 403 to every automated fetch (curl confirmed 403 on 2026-08-25); content quoted from the search index, page NOT directly fetched""} | {""field"": ""location / contact page"", ""url"": ""https://www.upf.edu/web/mtg/contact"", ""accessed"": ""2026-08-25"", ""source_access"": ""search index — upf.edu returns HTTP 403 to every automated fetch (curl confirmed 403 on 2026-08-25); content quoted from the search index, page NOT directly fetched""} | {""field"": ""CompMusic ERC Advanced Grant EUR 2.5m"", ""url"": ""https://www.upf.edu/web/mtg/news/-/asset_publisher/WM181VyAQipW/content/id/8744036/maximized"", ""accessed"": ""2026-08-25"", ""source_access"": ""search index — upf.edu returns HTTP 403 to every automated fetch (curl confirmed 403 on 2026-08-25); content quoted from the search index, page NOT directly fetched""}"
upf-mtg-funded-phd-positions,MTG funded PhD positions (post-master route — master's must already be complete or near-complete),"Music Technology Group / DTIC, Universitat Pompeu Fabra, funded from group projects and industry partners (a Steinberg-funded PhD position has been advertised)",Assistantships & employment,NOT FOUND — indexed announcements say 'funded' but no salary figure was surfaced. Spanish predoctoral contracts are governed by the Estatuto del Personal Investigador Predoctoral en Formación (RD 103/2019); the specific MTG figure is NOT FOUND.,,CONDITIONAL,"From indexed MTG PhD calls: applicants should have ""a completed or soon-to-be completed Master's degree in Computer Science, Electronic Engineering, or Music/Audio Technology"", ""research experience relevant to the chosen PhD topic"", ""experience in machine learning and audio signal processing"", and ""strong Python programming skills"".",NOT FOUND — no nationality restriction stated; MTG PhD calls are internationally open in practice.,"NOT APPLICABLE to a September 2027 master's intake — these require the master's to be finished, so earliest realistic entry is 2028-29. Individual calls appear ad hoc on the MTG news feed and on EURAXESS.",https://www.upf.edu/web/mtg/join-us,,"Recorded as the destination the master's-plus-RA route aims at, not as something claimable now. A Spanish predoctoral contract is a full labour contract, so it needs a change of status from student stay to residence-and-work — which art. 190 RD 1155/2024 allows WITHOUT a new visa and WITHOUT the national-employment-situation test, provided the master's was not financed by a development-cooperation scholarship (see es-work-rights-study-to-work-conversion). That is the strongest structural argument for doing the master's in Spain rather than elsewhere. Indexed only; upf.edu unfetchable.","{""field"": ""PhD applicant requirements"", ""url"": ""https://www.upf.edu/web/mtg/news/-/asset_publisher/WM181VyAQipW/content/the-mtg-opens-four-funded-phd-positions/maximized"", ""accessed"": ""2026-08-25"", ""source_access"": ""search index — upf.edu returns HTTP 403 to every automated fetch (curl confirmed 403 on 2026-08-25); content quoted from the search index, page NOT directly fetched""} | {""field"": ""industry-funded PhD example (Steinberg)"", ""url"": ""https://www.upf.edu/web/mtg/home/-/asset_publisher/sWCQhjdDLWwE/content/phd-position-at-the-mtg/maximized"", ""accessed"": ""2026-08-25"", ""source_access"": ""search index — upf.edu returns HTTP 403 to every automated fetch (curl confirmed 403 on 2026-08-25); content quoted from the search index, page NOT directly fetched""} | {""field"": ""join-us route"", ""url"": ""https://www.upf.edu/web/mtg/join-us"", ""accessed"": ""2026-08-25"", ""source_access"": ""search index — upf.edu returns HTTP 403 to every automated fetch (curl confirmed 403 on 2026-08-25); content quoted from the search index, page NOT directly fetched""}"
lacaixa-inphinit-retaining,"Doctoral INPhINIT Fellowships — Retaining call (""la Caixa"" Foundation) — the route AFTER a master's in Spain","Fundación Bancaria ""la Caixa""",Assistantships & employment,"Same structure as the Incoming call per the call page (""Funding to cover labour costs, research costs and doctoral tuition fees"", ""Maximum duration: 4 years"", 30 fellowships). The exact per-year figures are in the Retaining call's own rules-for-participation PDF, which was NOT fetched — do not assume they equal the Incoming figures. NOT FOUND for this call specifically.",,CONDITIONAL,"Call page: ""''la Caixa'' Foundation grants 30 fellowships for researchers of any nationality who wish to pursue a doctorate in any discipline at any university or research centre in Spain or Portugal."" || ""Studies pursued: at the time of recruitment, candidates must have completed the studies that allow them to enrol in an official PhD programme in Spain/Portugal. The verification of the required level of studies will be carried out by the host university when the admission procedure begins. Candidates can not have started doctoral studies prior to the start of the fellowship."" || ""Mobility: candidates must have resided or carried out their main activity (work, studies, etc.) in Spain/Portugal for more than twelve months in the three years immediately preceding the closing date of the call."" || ""Experience: candidates must not have carried out more than four years of research activity before the closing date of the call.""","""In addition, candidates who are awarded the fellowship must complete their doctoral studies at a university other than the university where they completed their undergraduate studies."" (Not a problem here: the undergraduate degree is from SMU MedTech in Tunisia.) || Level of English requirement applies as in the Incoming call.","The 2026 Retaining call is CLOSED: ""End: 18 February 2026, at 2 pm Peninsular Spain"". Future call dates NOT YET PUBLISHED as of 2026-08-25.",https://lacaixafoundation.org/en/doctoral-inphinit-fellowships-retaining-call,,"THIS IS THE CALL THE CANDIDATE WILL ACTUALLY BE ELIGIBLE FOR after a September 2027 master's in Spain. Its mobility rule is the exact inverse of the Incoming call: it REQUIRES more than twelve months of residence/main activity in Spain in the preceding three years. A master's starting Sept 2027 puts the candidate over that line by roughly autumn 2028, so the realistic target is the call closing in early 2029 for a doctorate starting later that year. Two advantages over Incoming: the host can be ANY Spanish university or research centre (no excellence-accreditation filter), and it is open to ALL areas of knowledge rather than STEM only — which matters if the doctorate leans musicological or industry-facing rather than pure engineering. Nationality: 'any nationality', no exclusion found.","{""field"": ""eligibility, mobility, host scope, dates, number"", ""url"": ""https://lacaixafoundation.org/en/doctoral-inphinit-fellowships-retaining-call"", ""accessed"": ""2026-08-25""}"
bsc-msc-thesis-internship,Barcelona Supercomputing Center — MSc thesis internships and Training Fellowships,"Barcelona Supercomputing Center – Centro Nacional de Supercomputación (BSC-CNS), a public consortium; fellowships funded through European research projects and industry collaborations",Assistantships & employment,"NOT FOUND. Neither the Internships page nor the Fellowships page publishes an amount, rate or duration. At the moment of access the Master-level fellowship filter returned: ""No results have been found for the specified filter criteria."" — i.e. no Master-level fellowship was open on 2026-08-25.",,CONDITIONAL,"Internships page: ""BSC offers internships to MSc students who want to undertake their thesis within one of the BSC research departments."" / ""We are part of the PRACE Summer of HPC Intership programm which offers funding to students for 2 months summer intership in EU HPC centres."" || Fellowships page: ""The BSC-CNS Training Fellowship programme invites applicants from relevant scientific disciplines to participate in several European research projects and collaborations with international industry. Most of these Training Fellowships are for PhD, Master and undergraduate students.""","NOT FOUND on either page. NOTE a real risk not stated on these pages: the PRACE / EuroHPC Summer of HPC programme has historically restricted eligibility to students enrolled at a European institution — enrolment in a Spanish master's would satisfy that, but Tunisian nationality alone would not. NOT VERIFIED here; do not rely on it either way.","Rolling / no published call. ""Send a Spontaneous Application — In the event that there are no published fellowships matching your academic or professional background, you may contact us and explain your professional wishes at recruitment@bsc.es"". Individual vacancies appear on the Job opportunities and Fellowships listings and on EURAXESS.",https://www.bsc.es/join-us/fellowships,,"Relevant to paths AA/AB/AC (AI/ML, data science, HPC/distributed systems). Legally holdable by a Tunisian on a student visa if structured as a part-time paid role within the 30 h/week cap (art. 57 RD 1155/2024); if structured as a CURRICULAR internship forming part of the master's study plan under a convenio, no extra authorisation of any kind is needed (art. 57.1 expressly covers prácticas curriculares). BSC is geographically in Catalunya, so the CCAA restriction in art. 57.3 aligns with a Barcelona-based master's (UPF, UPC, UB). Strategic note: BSC holds the Severo Ochoa accreditation, which makes it an eligible HOST for a la Caixa INPhINIT Incoming doctoral fellowship — so an MSc thesis done at BSC is a natural bridge into that funding. NO AMOUNT IS PUBLISHED and no Master-level fellowship was open at time of access, so this cannot be treated as plannable funding.","{""field"": ""MSc thesis internships, PRACE Summer of HPC, contact"", ""url"": ""https://www.bsc.es/education/graduate/internships"", ""accessed"": ""2026-08-25""} | {""field"": ""Training Fellowship programme, master-level filter empty, recruitment@bsc.es"", ""url"": ""https://www.bsc.es/join-us/fellowships?level=Master"", ""accessed"": ""2026-08-25""} | {""field"": ""Severo Ochoa accreditation"", ""url"": ""https://www.bsc.es/discover-bsc/research-excellence/severo-ochoa"", ""accessed"": ""2026-08-25""}"
vicomtech-student-tfm,Vicomtech — end-of-master's project (TFM) and work-experience placements at an applied research centre,"Vicomtech (applied research centre, Donostia-San Sebastián, Basque Country); placements run under agreements with universities",Assistantships & employment,"NOT FOUND — the Students page lists what it offers in kind (""Infrastructures, guidance and means to develop your work"", supervision, team) and does NOT state any stipend, grant or hourly rate. Do not assume it is paid.",,CONDITIONAL,"""Are you looking for your first opportunity? Do your work experience, your end of degree project or your end of master's project with us. We have agreements with different universities to enable us to offer you this first experience with all the guarantees you need. If you are keen on technologies related to Visual Computing and Interaction and Artificial Intelligence, this is the place for you."" || Among what is offered: ""Possible employment contract when you finish your end of degree project, end of master's project or work experience"".","NOT FOUND — no nationality or residency clause on the page. The binding practical condition is the stated one: ""We have agreements with different universities"" — access runs through a convenio between Vicomtech and YOUR university, so a student at a university with no Vicomtech agreement has no route in.",No published call or deadline — placements are arranged through the university agreement and the centre's job-offers listing.,https://www.vicomtech.org/en/boost-your-career/student-profile,,"GEOGRAPHIC WARNING specific to this candidate: Vicomtech is in the Basque Country. Art. 57.3 RD 1155/2024 limits a student's work authorisation to the autonomous community that granted the study authorisation (plus bordering localities). A student enrolled in Barcelona or Madrid therefore CANNOT simply take a paid Vicomtech placement in Donostia — it would need to be either a curricular internship covered by the study plan or a study authorisation granted in Euskadi. This is the single most-missed constraint on 'thesis in a company' routes and it applies to Tecnalia (Euskadi) too. Research fit is strong for path AA (Visual Computing and Interaction, Artificial Intelligence); Vicomtech also works in speech and language technologies. The 'Possible employment contract when you finish' line is the real value: it is a documented conversion path, and art. 190 RD 1155/2024 lets a graduate convert a student stay into residence-and-work without a visa and without the labour-market test.","{""field"": ""placement offer, university agreements, possible subsequent employment contract"", ""url"": ""https://www.vicomtech.org/en/boost-your-career/student-profile"", ""accessed"": ""2026-08-25""}"
es-tfm-en-empresa-legal-frame,TFM en empresa / prácticas académicas externas — how an industry-hosted master's thesis is (or is not) paid,"Legal frame: Real Decreto 592/2014, de 11 de julio, por el que se regulan las prácticas académicas externas de los estudiantes universitarios; plus Disposición adicional 52ª of the Ley General de la Seguridad Social (RDLeg 8/2015), as introduced by Real Decreto-ley 2/2023. Money, when there is any, comes from the host company.",Assistantships & employment,"THERE IS NO LEGAL MINIMUM AND NO TYPICAL AMOUNT SET BY LAW. Payment is optional and named a 'bolsa o ayuda al estudio', not a salary. RD 592/2014 art. 9.1.d) gives the student the right ""A percibir, EN LOS CASOS EN QUE ASÍ SE ESTIPULE, la aportación económica de la entidad colaboradora, en concepto de bolsa o ayuda al estudio"" (emphasis on the conditional). Art. 7.2.e) makes the convenio state ""La existencia, en su caso, de una bolsa o ayuda de estudios para el estudiante y la forma de su satisfacción."" Any figure quoted by a specific company is that company's own offer — this block records NO typical amount because none is published in law and inventing one would be a corrupted fact.",,CONDITIONAL,"RD 592/2014 art. 8.1: ""Podrán realizar prácticas académicas externas: a) Los estudiantes matriculados en cualquier enseñanza impartida por la Universidad o por los Centros adscritos a la misma. b) Los estudiantes de otras universidades españolas o extranjeras que, en virtud de programas de movilidad académica o de convenios establecidos entre las mismas, se encuentren cursando estudios en la Universidad..."" — NO nationality condition; the condition is enrolment. || Art. 8.2: ""a) Estar matriculado en la enseñanza universitaria a la que se vinculan las competencias... b) En el caso de prácticas externas curriculares, estar matriculado en la asignatura vinculada, según el Plan de Estudios de que se trate. c) No mantener ninguna relación contractual con la empresa, institución o entidad pública o privada o la propia universidad en la que se van a realizar las prácticas, salvo autorización con arreglo a la normativa interna de cada Universidad."" || Immigration side, RD 1155/2024 art. 57.1: ""No será preciso solicitar otra autorización adicional para realizar prácticas curriculares, entendiendo por tales las que formen parte del plan de estudios o formación para el que se otorgó la autorización de estancia de larga duración, que se produzcan en el marco de los correspondientes convenios de colaboración entre las entidades públicas o privadas y la institución de educación superior... y que no tengan carácter laboral."" || Social Security, LGSS DA 52ª.1: ""La realización de prácticas formativas en empresas, instituciones o entidades incluidas en programas de formación y la realización de prácticas académicas externas al amparo de la respectiva regulación legal y reglamentaria, determinará la inclusión en el sistema de la Seguridad Social de las personas que las realicen..."" covering ""a) Las realizadas por alumnos universitarios, tanto las dirigidas a la obtención de titulaciones oficiales de grado y máster, doctorado, como las dirigidas a la obtención de un título propio de la universidad..."" DA 52ª.2: ""...quedarán comprendidas como asimiladas a trabajadores por cuenta ajena en el Régimen General de la Seguridad Social..."" DA 52ª.4.a): ""En el caso de las prácticas formativas remuneradas, el cumplimiento de las obligaciones de Seguridad Social corresponderá a la entidad u organismo que financie el programa de formación, que asumirá a estos efectos la condición de empresario.""","RD 592/2014 art. 2.3 — the clause that defines what a TFM en empresa is NOT: ""Dado el carácter formativo de las prácticas académicas externas, de su realización no se derivarán, en ningún caso, obligaciones propias de una relación laboral, ni su contenido podrá dar lugar a la sustitución de la prestación laboral propia de puestos de trabajo."" || Art. 2.4: ""...en el caso de que al término de los estudios el estudiante se incorporase a la plantilla de la entidad colaboradora, el tiempo de las prácticas no se computará a efectos de antigüedad ni eximirá del período de prueba..."" || LGSS DA 52ª.3: ""La acción protectora será la correspondiente al régimen de Seguridad Social aplicable, con la exclusión de la protección por desempleo, de la cobertura del Fondo de Garantía Salarial y por Formación Profesional. En el supuesto de las prácticas no remuneradas se excluirá también la protección por la prestación de incapacidad temporal derivada de contingencias comunes."" || Duration cap on the non-curricular kind, art. 5.1.b): ""Las prácticas externas extracurriculares tendrán una duración preferentemente no superior al cincuenta por ciento del curso académico...""",N/A — standing law. Placements are arranged inside the academic year through the university's practicas office and a convenio de cooperación educativa; there is no national call or deadline.,https://www.boe.es/buscar/act.php?id=BOE-A-2014-8138,,"ANSWERS THE CRITICAL QUESTION IN THREE PARTS. (1) CAN A TUNISIAN STUDENT HOLD ONE? Yes for the CURRICULAR kind, unambiguously: art. 57.1 RD 1155/2024 says in terms that no additional authorisation is needed for prácticas curriculares done under a convenio, and that they are covered by the study authorisation itself. (2) IS IT PAID? Not necessarily. The law makes payment OPTIONAL ('en los casos en que así se estipule') and calls it a bolsa or ayuda al estudio, explicitly not a wage. There is no statutory minimum. So 'TFM en empresa' is NOT a funding route you can count on — it is a route that MAY carry money, entirely at the company's discretion, and the amount must be read off the individual offer. Anyone presenting a standard figure for this is guessing. (3) THE ONE THING THAT DID CHANGE: since RD-ley 2/2023 introduced LGSS DA 52ª, ALL such placements — paid AND unpaid, official master's AND título propio — must be registered with the Seguridad Social, with the funding entity acting as employer for paid ones. That gives the student a contributory record and, for a student-visa holder, alta in the Seguridad Social also satisfies the art. 35 health-insurance requirement per art. 57.5 RD 1155/2024. UNRESOLVED POINT, FLAGGED HONESTLY: art. 57.1 names prácticas CURRICULARES only. EXTRACURRICULAR prácticas are not named in that paragraph, and they sit awkwardly between two regimes — art. 2.3 RD 592/2014 says they are not a labour relation, while the automatic authorisation in art. 57.1 para 4 is worded as authorisation 'a trabajar por cuenta propia y ajena'. Whether an extracurricular práctica needs anything extra for a non-EU student is NOT RESOLVED by the texts read here. Ask the university's international office before signing one; do not assume either answer.","{""field"": ""nature, non-labour character, optional bolsa, who may do them, duration, convenio contents"", ""url"": ""https://www.boe.es/buscar/act.php?id=BOE-A-2014-8138"", ""accessed"": ""2026-08-25""} | {""field"": ""compulsory Social Security inclusion of all interns, employer role, excluded protections"", ""url"": ""https://www.boe.es/buscar/act.php?id=BOE-A-2015-11724"", ""accessed"": ""2026-08-25""} | {""field"": ""no extra immigration authorisation for prácticas curriculares; Social Security alta satisfies health insurance"", ""url"": ""https://www.boe.es/buscar/act.php?id=BOE-A-2024-24099"", ""accessed"": ""2026-08-25""}"
fpu-formacion-profesorado-universitario,FPU — Ayudas para la Formación de Profesorado Universitario (predoctoral contract),"Ministerio de Ciencia, Innovación y Universidades; from the 2026 call processed entirely by the Agencia Estatal de Investigación (AEI)",Assistantships & employment,"AEI FPU 2026 page: ""La cuantía individual total de la ayuda en la convocatoria 2026 es de 143.350€"", broken down as: ""Contrato predoctoral — 32.500€/año (≈130.000€ por 4 años) — Retribución salarial y cuota empresarial de la Seguridad Social. Mínimo: 75% del convenio aplicable.""; ""Indemnización por fin de contrato — 3.350€ — Importe total a la finalización del contrato.""; ""Estancias y matrícula de doctorado — 10.000€ — Estancias en centros de I+D y matrícula del programa de doctorado. Importe total para los 4 años."" Note 32,500 EUR/year is the total cost to the funder including employer Social Security, not the gross salary.",,CONDITIONAL,"AEI FPU 2026 page, characteristic 03 (""Sin matricularse aún para solicitar""): ""Basta con estar admitido/a en un programa de doctorado, o en disposición de estarlo al firmar el contrato."" || Characteristic 02 (""La solicitud la presenta el centro""): ""El centro de I+D, no la persona doctoranda, es la entidad beneficiaria que firma y envía la solicitud completa."" || ""La FPU es una colaboración entre el/la solicitante y un centro de I+D que te contrata. Sin centro confirmado, no hay solicitud que presentar."" || Characteristic 01: ""Primera convocatoria FPU tramitada íntegramente por la Agencia Estatal de Investigación, con sus procedimientos."" (legal basis cited on the page: RD 265/2026).","THE MASTER'S MUST EFFECTIVELY BE DONE. The requirement is admission to a doctoral programme (or being 'en disposición de estarlo' at contract signature), and Spanish doctoral admission normally presupposes a completed master's. FPU therefore does NOT fund a master's and CANNOT be used to pay for the September 2027 master's year. No explicit nationality exclusion was found on the AEI page; the full nationality and residency conditions live in the convocatoria resolution, which was NOT fetched — treat nationality as NOT VERIFIED rather than as open.","FPU 2026 call (the most recent published): ""Periodo de presentación: del 20 de octubre al 20 de noviembre de 2026. La persona doctoranda y el centro presentan la solicitud por vía telemática."" Provisional resolution June 2027; ""Octubre 2027 — Firma de contrato e incorporación"". These are 2026-call dates and must NOT be shifted forward a year. For this candidate the realistic target is the FPU call of autumn 2028, after finishing a Sept-2027 master's.",https://www.aei.gob.es/ayudas-fpu-2026,,"BE PRECISE, AS INSTRUCTED: FPU is NOT a master's scholarship and there is no version of it that funds the master's year. It is a 4-year predoctoral labour contract that begins after doctoral admission. Two structural features matter more than the money: (1) the APPLICATION IS FILED BY THE CENTRE, not the student — 'Sin centro confirmado, no hay solicitud que presentar' — so the real work is securing a supervisor and a host, which is exactly what a year as an MTG/BSC research assistant buys you; (2) the 2026 call moved to AEI management under RD 265/2026, so older third-party guidance about FPU procedure is out of date. New in 2026 and relevant to this candidate: 'Se incorpora la posibilidad de realizar las obligaciones de docencia en la etapa de máster y no únicamente de grado' — FPU holders may now teach on master's programmes, which is the closest thing Spain has to a formal TA role. Nationality conditions were NOT verified against the convocatoria text and are recorded as unverified.","{""field"": ""amount breakdown, calendar, application filed by centre, doctoral-admission requirement, AEI management"", ""url"": ""https://www.aei.gob.es/ayudas-fpu-2026"", ""accessed"": ""2026-08-25""}"
