institution,programme_name,path_codes,spring_intake,start_month,start_date_verbatim,intakes_per_year,other_intakes,application_deadline_for_spring_intake,official_status,ruct_code,modality,language_of_instruction,tuition_total_eur,url,evidence_verbatim,notes,_verdicts_seen,_disagreement,_slices,_times_checked,city,autonomous_community,campus,university_awarding,institution_type,meces_level,eqf_level,europe_recognition,diploma_supplement,phd_access,tuition_eu_eur,tuition_non_eu_eur,tuition_year_of_rates,fees_extra_eur,boe_order,ruct_url,enriched_official_status,enrichment_sources,_rows_merged
Big Data International Campus (campusbigdata.com) — private online school; degree awarded by Universidad Católica San Antonio de Murcia (UCAM),Máster en Big Data & Business Intelligence,AB | X | AC,YES,March (24 March 2026 is the date published on the page at time of access),«Modalidad 100% online — Duración 12 meses (60 ECTS) — 24 de Marzo 2026 — Posibilidad de pagos fraccionados»,NOT FOUND — only one cohort date is published at a time,NOT FOUND. The sibling Máster en Fundamentos de Big Data y Machine Learning on the same site shows «Pendiente de confirmar fecha».,NOT FOUND,título propio de la UCAM — the page's own Titulación section: «Todos los alumnos del Big Data International Campus al finalizar su formación reciben doble titulación: Un título de la Universidad Católica de Murcia (UCAM) y un certificado del Big Data International Campus.» No RUCT code and no «máster universitario» wording; not present in output/ruct-backbone.jsonl. No PhD access.,"NONE — título propio, not registered in RUCT","100% online, 12 months",Spanish,"NOT FOUND — no price published, only «Posibilidad de pagos fraccionados»",https://www.campusbigdata.com/master-big-data-business-intelligence/,Máster en Big Data & Business Intelligence — Modalidad 100% online — Duración 12 meses (60 ECTS) — 24 de Marzo 2026,"SPRING-START MODEL CONFIRMED, but the published date (24 March 2026) is already in the past as of the 2026-08-29 access date — the site had not yet posted the next cohort. That is still evidence that this provider runs a MARCH cohort rather than a September one, which is the finding that matters; a human should re-check for the 2027 date. Module 2 of the plan is «Cloud Computing Avanzado: Infraestructuras Hyperscale para Big Data» (6 ECTS), so it carries a real cloud component (hence the AC tag). UCAM is a real Spanish private university but the award here is its título propio, not a máster universitario.",YES,,path-AB,1,ONLINE,"Región de Murcia (seat of the awarding university, UCAM, Guadalupe/Murcia); the school itself operates from C/ Campo de Gomara 4, 47008 Valladolid, Castilla y León",100% online — no campus attendance,Universidad Católica San Antonio de Murcia (UCAM) — awards a título propio; the school itself (Big Data International Campus) issues only its own certificate alongside,"private school (not a university) — awards through UCAM, a private university",NOT IN MECES — títulos propios are outside the Marco Español de Cualificaciones para la Educación Superior,NOT IN EQF — no MECES level means no EQF/EHEA level,"NOT in the EHEA framework. This is a university's own certificate (título propio / Máster de Formación Permanente), so it is not in MECES, carries no Diploma Supplement as of right, and gives no doctoral access. There is NO automatic academic recognition in another European country — any recognition is at the discretion of the receiving university or employer. The 60 ECTS shown are the university's own credit count, not an EHEA second-cycle qualification.",NOT FOUND — not carried as of right by a título propio,NO — títulos propios do not give access to doctoral study in Spain,NOT FOUND — no price is published anywhere on campusbigdata.com or on UCAM's partner page; the site only states that payment may be split into interest-free instalments,NOT FOUND — page is silent on any non-EU differential (silence is NOT evidence of no surcharge; as a private-sector título propio a single flat rate is likely but is NOT stated),NOT FOUND,NOT FOUND,,,título propio — UCAM's own partner page lists it verbatim as «Máster de Formación Permanente en Big Data y Business Intelligence» under the heading «Títulos en colaboración». Máster de Formación Permanente is the post-RD 822/2021 legal name for a título propio; it is NOT a máster universitario.,"titulación, ECTS, modality, start date, school address https://www.campusbigdata.com/master-big-data-business-intelligence/ 2026-08-29 | official_status (Máster de Formación Permanente / Títulos en colaboración), university_awarding https://www.ucam.edu/estudios/partners/big-data-international-campus 2026-08-29 | titulación wording (doble titulación UCAM + certificado) https://www.campusbigdata.com/big-data-business-intelligence/ 2026-08-29",1
"CEI — Centro de Estudios de Innovación (escuela privada, grupo Omnes Education; Madrid, Sevilla, Valencia + online)","Máster Avanzado en Inteligencia Artificial, Cloud Computing y Big Data",AC | AA | AB,YES,January (18 Jan 2027); also April and June,"«Próximo inicio: 13 de octubre de 2026 o 18 de enero de 2027»; four annual cohorts — October, January, April and June",4,October,NOT FOUND,"título propio; optional paid university diploma from Sabal University (USA) or UDIMA. Not ANECA-verified, not in RUCT. FUNDAE-bonificable for employed workers",NONE,"100% presencial, 100% online o blended (Madrid, Sevilla, Valencia); online classes live and recorded, recordings available 90 days after completion",Spanish,"EUR 6,100 (matrícula incluida) — as displayed August 2026; discounts up to 40% advertised",https://cei.es/cei-curso/master-inteligencia-artificial-cloud-big-data/,"Próximo inicio: 13 de octubre de 2026 o 18 de enero de 2027. 540 horas (10 meses). 100% presencial, 100% online o blended. 6.100 € (matrícula incluida). Certificaciones: Microsoft AZ-900, AWS Certified Cloud Practitioner, Google Cloud, Python PCAP.","NOTABLE FOR PATH AC: cloud/DevOps is the rarest of the nine fields as a standalone master, and this is a spring-start programme squarely in it, bundled with AWS/Azure/GCP certification prep — the 'cert + master hybrid' the AGENT-BRIEF flags as worth hunting. Fourth CEI title on the same four-intake calendar; 18 January 2027 is a printed cohort start. Título propio, 540 hours, Spanish-only.",YES,,national-sweep,1,"Madrid, Sevilla or Valencia (student chooses) — or ONLINE","Comunidad de Madrid / Andalucía (Sevilla) / Comunitat Valenciana, depending on sede","CEI sedes Madrid, Sevilla, Valencia; also 100% online by live streaming, or blended","NONE — no university awards this. CEI is a private school; only a paid Sabal University (Florida, USA) diploma is available as an add-on, and the UDIMA agreement does not cover IA / Cloud / Big Data.",private school (not a university) — Omnes Education group,NOT IN MECES,NOT IN EQF,"NOT in the EHEA framework. Outside MECES, no Diploma Supplement as of right, no doctoral access, no automatic academic recognition in any European country. CEI's Sabal-related «convalidables ... en cualquier universidad de la Unión Europea» claim is marketing without legal basis — Sabal is a Florida institution outside the EHEA and any ECTS recognition in the EU is discretionary.",NO,NO,"EUR 6,100 full programme, matrícula included (as published August 2026); up to 40% discount advertised","NOT FOUND — one published price, no nationality/residency differential stated",as published August 2026 (no academic year labelled),"EUR 2,500 additional for the optional Sabal University (USA) official MBA diploma",,,"título propio / diploma propio de CEI. No ANECA verification, no BOE reference, no RUCT code.","titulación, price, hours, modality, cities, start dates https://cei.es/cei-curso/master-inteligencia-artificial-cloud-big-data/ 2026-08-29 | UDIMA agreement scope https://cei.es/titulaciones-universitarias-udima/ 2026-08-29 | Sabal University add-on and recognition claim https://cei.es/informacion-diplomas-sabal/ 2026-08-29",1
"CEI — Centro de Estudios de Innovación (escuela privada de diseño y tecnología, grupo Omnes Education; sedes Madrid, Sevilla, Valencia)",Máster en Big Data e Inteligencia Artificial (IA),AA | AB,YES,January (also April and June),"«Existen cuatro convocatorias o fechas de inicio anuales: Octubre, Enero, Abril y Junio.» — «Próximo inicio (entre semana): 13 de octubre de 2026 o 18 de enero de 2027»",4,"October (autumn), June","NOT FOUND — page states rolling admission by convocatoria, no published closing date",título propio (school's own certificate). Page offers a paid add-on 'diploma universitario' from UDIMA or Sabal University (Florida); NOT a máster universitario oficial in its own right,"NONE — not a university title, not registrable in RUCT","100% presencial, 100% online o blended (Madrid, Sevilla, Valencia); online classes delivered live and recorded",Spanish,"EUR 4,250 (matrícula incluida) — rates as displayed August 2026; discounts up to 40% advertised",https://cei.es/cei-curso/master-en-big-data-inteligencia-artificial-ia/,"Existen cuatro convocatorias o fechas de inicio anuales: Octubre, Enero, Abril y Junio. / Próximo inicio (entre semana): 13 de octubre de 2026 o 18 de enero de 2027. / 360 horas (6-7 meses).","PROVIDER TYPE THE OTHER SLICES WOULD MISS: private design/tech academy, not a university and not a business school. The four dated intakes are genuine COHORT STARTS (the page prints an actual start date, 18 Jan 2027), not application rounds. Título propio — no PhD access, no public funding, and the 300-ECTS advanced-standing question is moot. Short (6-7 month, 360h) format, so this is a reskilling certificate rather than a 60-90 ECTS master. Not among the 93 institutions in output/programmes.jsonl.",YES,,national-sweep,1,"Madrid, Sevilla or Valencia (student chooses) — or ONLINE","Comunidad de Madrid / Andalucía (Sevilla) / Comunitat Valenciana, depending on the sede chosen","CEI sedes in Madrid, Sevilla and Valencia; also deliverable 100% online with live classes","NONE — no university awards this. CEI is a private school, not a university, and the diploma is CEI's own. The only university-branded add-on available for this subject area is a paid diploma from Sabal University, Florida (USA) — a non-Spanish, non-EHEA institution. CEI's UDIMA (Universidad a Distancia de Madrid) agreement explicitly does NOT cover Big Data / IA / Cloud: UDIMA's list covers only Diseño Gráfico, Desarrollo Web, Marketing Digital, Edición de Vídeo/VFX y Motion Graphics, Diseño de Interiores and Videojuegos.",private school (not a university) — part of the Omnes Education group,NOT IN MECES,"NOT IN EQF — no MECES level, therefore no EQF/EHEA level","NOT in the EHEA framework and NOT recognised across Europe as a qualification. It is a private school's own diploma: outside MECES, no Diploma Supplement as of right, no doctoral access, no automatic academic recognition in any European country. ⚠️ CEI's Sabal University page claims the add-on diplomas are «convalidables vía reconocimiento de ECTS en cualquier universidad de la Unión Europea». That claim has NO legal basis: Sabal University is a Florida (USA) institution outside the EHEA, and ECTS recognition in the EU is always discretionary — decided case by case by the receiving institution, never automatic. Do not read that sentence as European recognition.",NO — not carried by a private-school diploma,NO,"EUR 4,250 for the full programme, matrícula included (rates as published August 2026); discounts of up to 40% advertised, and interest-free payment in 3 instalments","NOT FOUND — the page states a single price with no nationality or residency differential mentioned. As a private school CEI almost certainly charges one flat rate, but the page does not say so, so this is NOT FOUND rather than «no surcharge».",as published on the page in August 2026 (CEI does not label its prices with an academic year),"EUR 2,500 additional if the student also wants the Sabal University (Florida, USA) official MBA diploma — CEI verbatim: «la tasa de 2.500€ adicionales que los estudiantes deberán abonar»",,,"título propio / diploma propio de CEI. No ANECA verification, no BOE reference, no RUCT code. Not a máster universitario.","titulación, price, hours, modality, cities, language, start dates https://cei.es/cei-curso/master-en-big-data-inteligencia-artificial-ia/ 2026-08-29 | UDIMA route excludes Big Data/IA/Cloud; UDIMA titles are Formación Permanente / Título Propio https://cei.es/titulaciones-universitarias-udima/ 2026-08-29 | Sabal University add-on, EUR 2,500 fee, the EU-recognition marketing claim https://cei.es/informacion-diplomas-sabal/ 2026-08-29",1
"CEI — Centro de Estudios de Innovación (escuela privada, grupo Omnes Education)",Máster en Big Data Online,AB,YES,"January, April, June","«Existen cuatro convocatorias o fechas de inicio anuales: Octubre, Enero, Abril y Junio.»",4,October (autumn),NOT FOUND,título propio; optional paid 'máster universitario' route via UDIMA or Sabal University (USA) — the CEI title itself is not ANECA-verified and is not in RUCT,NONE,"100% online, clases en directo (on live) que quedarán grabadas",Spanish,"EUR 4,250 (matrícula incluida) — as displayed August 2026",https://cei.es/cei-curso/master-big-data-online/,"Existen cuatro convocatorias o fechas de inicio anuales: Octubre, Enero, Abril y Junio. / 360 horas (6-7 meses) / 100% online, mediante clases en directo (on live) que quedarán grabadas.","Online sibling of the CEI Big Data e IA master, same four-intake calendar. Three of the four intakes (Enero, Abril, Junio) fall in the Jan-Jun window the brief asks about. Título propio. Institution absent from output/programmes.jsonl.",YES,,national-sweep,1,ONLINE,"Comunidad de Madrid (CEI's principal sede; the school also has sedes in Sevilla, Andalucía and Valencia, Comunitat Valenciana). No university seat applies — no university awards this.","100% online — «100% online, mediante clases en directo (on live) que quedarán grabadas»","NONE — no university awards this. CEI is a private school. The only university-branded option is a paid Sabal University (Florida, USA) diploma; UDIMA's agreement with CEI does not cover Big Data.",private school (not a university) — Omnes Education group,NOT IN MECES,NOT IN EQF,"NOT in the EHEA framework. Private school diploma: outside MECES, no Diploma Supplement as of right, no doctoral access, and no automatic academic recognition in another European country — recognition would be entirely at the discretion of a receiving university or employer. CEI's «convalidables vía reconocimiento de ECTS en cualquier universidad de la Unión Europea» claim about the Sabal add-on is marketing with no legal basis (Sabal is a US institution outside the EHEA).",NO,NO,"EUR 4,250 full programme, matrícula included (as published August 2026); up to 40% discount advertised; interest-free payment in 3 instalments","NOT FOUND — single published price, no nationality/residency differential stated either way",as published August 2026 (no academic year labelled),"EUR 2,500 additional for the optional Sabal University (USA) official MBA diploma",,,"título propio / diploma propio de CEI. No ANECA verification, no BOE reference, no RUCT code.","titulación, price, hours, modality, language, start dates https://cei.es/cei-curso/master-big-data-online/ 2026-08-29 | UDIMA agreement scope excludes Big Data https://cei.es/titulaciones-universitarias-udima/ 2026-08-29 | Sabal University add-on and its recognition claim https://cei.es/informacion-diplomas-sabal/ 2026-08-29",1
"CEI — Centro de Estudios de Innovación (Madrid, Sevilla, Valencia + online)","Máster en Big Data y Cloud Computing (also a sibling Máster en Inteligencia Artificial, Cloud Computing y Big Data)",AC | AB,YES,April (13 April 2026 was the date published at time of access),«Inicio y duración: Abierto plazo de matriculaciones. Próximo inicio entre semana: 13 de abril de 2026 o 29 de junio de 2026. Duración: 360 horas (6-7 meses).»,"4 — October, January, April, June",29 June 2026; and the October/January slots of the same four-convocatoria year,NOT FOUND — «Abierto plazo de matriculaciones»,"título propio / diploma propio de CEI — no RUCT code, no PhD access.",NONE,Presencial (Madrid/Sevilla/Valencia) or online; all classes recorded and available for 90 days after the convocatoria ends,Spanish,NOT FOUND,https://cei.es/cei-curso/master-big-data-cloud-computing/,Próximo inicio entre semana: 13 de abril de 2026 o 29 de junio de 2026. Duración: 360 horas (6-7 meses). … se mantiene un repositorio de todas las clases grabadas a disposición del alumnado hasta 90 días después de terminar la convocatoria correspondiente.,"CONFIRMS THE APRIL SLOT of CEI's four-convocatoria year on a cloud-titled programme. Note the dates shown (13 April / 29 June 2026) are already past as of the 2026-08-29 access date — CEI rotates the two «próximo inicio» dates as the year advances, which is itself evidence of a genuine four-cohort model rather than an autumn-only one. Entry expects prior knowledge (security/privacy, operating systems, virtualisation, networking basics).",YES,,path-AC,1,"Madrid, Sevilla or Valencia (student chooses) — or ONLINE","Comunidad de Madrid / Andalucía (Sevilla) / Comunitat Valenciana, depending on sede","CEI sedes Madrid, Sevilla, Valencia; also 100% online (live) or blended","NONE — no university awards this. CEI is a private school; the only university-branded option is a paid Sabal University (Florida, USA) diploma, and the UDIMA agreement does not cover Big Data or Cloud Computing.",private school (not a university) — Omnes Education group,NOT IN MECES,NOT IN EQF,"NOT in the EHEA framework. Outside MECES, no Diploma Supplement as of right, no doctoral access, no automatic academic recognition in any European country; recognition would rest entirely with a receiving institution or employer. CEI's Sabal-related EU-recognition claim has no legal basis (Sabal is a Florida institution outside the EHEA).",NO,NO,"EUR 4,250 full programme, matrícula included (as published August 2026); up to 40% discount advertised","NOT FOUND — one published price, no nationality/residency differential stated",as published August 2026 (no academic year labelled),"EUR 2,500 additional for the optional Sabal University (USA) official MBA diploma",,,"título propio / diploma propio de CEI. No ANECA verification, no BOE reference, no RUCT code.","titulación, price, hours, modality, cities, start dates https://cei.es/cei-curso/master-big-data-cloud-computing/ 2026-08-29 | UDIMA agreement scope https://cei.es/titulaciones-universitarias-udima/ 2026-08-29 | Sabal University add-on and recognition claim https://cei.es/informacion-diplomas-sabal/ 2026-08-29",1
"CEI — Centro de Estudios de Innovación (Madrid, Sevilla, Valencia + online) — private school (escuela de negocios/tecnología), NOT a university",Máster en Cloud Computing Online,AC,YES,January (18 January 2027),«Inicio y duración: Abierto plazo de matriculaciones. Próximo inicio (entre semana): 13 de octubre de 2026 o 18 de enero de 2027. Duración: 360 horas (6-7 meses).»,"4 per CEI's standard calendar — October, January, April and June",13 October 2026; plus the April and June slots of CEI's four-convocatoria year,"NOT FOUND — «Abierto plazo de matriculaciones», no published cut-off","título propio / diploma propio de CEI — no RUCT code, no ANECA verification, no PhD access. (CEI's other programmes were already recorded in the national-sweep slice; this cloud-specific one had not been checked.)",NONE,"Online / a distancia with live virtual classes; also offered presencial in Madrid, Sevilla and Valencia",Spanish,NOT FOUND — the page has a «Precio y financiación» tab but no figure was captured in the text extraction,https://cei.es/cei-curso/master-cloud-computing-online/,Próximo inicio (entre semana): 13 de octubre de 2026 o 18 de enero de 2027. Duración: 360 horas (6-7 meses).,"EXTENDS THE ESTABLISHED CEI FINDING INTO PATH AC. The established note says CEI runs January and April; this page shows the January date explicitly (18/01/2027) for a CLOUD-specific programme, which path AC did not previously have. 360 hours over 6-7 months, so a short professional master, not 60 ECTS. Not official — relevant to the candidate only as pre-master upskilling.",YES,,path-AC,1,ONLINE,"Comunidad de Madrid (CEI's principal sede; also Sevilla, Andalucía and Valencia, Comunitat Valenciana). No university seat applies — no university awards this.","100% online — «100% online, mediante clases en directo (on live) que quedarán grabadas»","NONE — no university awards this. CEI is a private school; only a paid Sabal University (Florida, USA) diploma is offered, and UDIMA's agreement with CEI does not cover Cloud Computing.",private school (not a university) — Omnes Education group,NOT IN MECES,NOT IN EQF,"NOT in the EHEA framework. Outside MECES, no Diploma Supplement as of right, no doctoral access, no automatic academic recognition in any European country. The optional Sabal University (USA) diploma is from outside the EHEA and does not confer European recognition either, whatever CEI's page implies.",NO,NO,"EUR 4,250 full programme, matrícula included (as published August 2026); up to 40% discount advertised","NOT FOUND — one published price, no nationality/residency differential stated",as published August 2026 (no academic year labelled),"EUR 2,500 additional for the optional Sabal University (USA) official MBA diploma",,,"título propio / diploma propio de CEI. No ANECA verification, no BOE reference, no RUCT code.","titulación, price, hours, modality, language, start dates https://cei.es/cei-curso/master-cloud-computing-online/ 2026-08-29 | UDIMA agreement scope https://cei.es/titulaciones-universitarias-udima/ 2026-08-29 | Sabal University add-on and recognition claim https://cei.es/informacion-diplomas-sabal/ 2026-08-29",1
"CEI — Centro de Estudios de Innovación (escuela privada, grupo Omnes Education)",Máster en Inteligencia Artificial (IA) Online,AA,YES,January (18 Jan 2027 dated); also April and June,"«Próximo inicio (entre semana): 13 de octubre de 2026 o 18 de enero de 2027»; annual intake months October, January, April and June",4,October,NOT FOUND,"título propio; optional paid 'university expert diploma' from Sabal University (USA). Not a máster universitario oficial, not in RUCT",NONE,"100% online, clases en directo (on live) que quedarán grabadas",Spanish,"EUR 4,250 (matrícula incluida) — as displayed August 2026",https://cei.es/cei-curso/master-inteligencia-artificial-ia-online/,"Próximo inicio (entre semana): 13 de octubre de 2026 o 18 de enero de 2027. 360 horas (6-7 meses). 100% online, mediante clases en directo (on live) que quedarán grabadas. 4.250 € (matrícula incluida).","Third CEI programme on the same four-intake calendar; 18 January 2027 is a printed cohort start date, not an application round. Título propio, 360 hours — not ECTS-bearing, no PhD access, no public funding.",YES,,national-sweep,1,ONLINE,"Comunidad de Madrid (CEI's principal sede; also Sevilla, Andalucía and Valencia, Comunitat Valenciana). No university seat applies — no university awards this.","100% online, live classes with recordings; the same programme is also offered on-campus in Madrid, Sevilla and Valencia","NONE — no university awards this. CEI is a private school. Only a paid Sabal University (Florida, USA) diploma is offered as an add-on; the UDIMA agreement does not extend to Inteligencia Artificial.",private school (not a university) — Omnes Education group,NOT IN MECES,NOT IN EQF,"NOT in the EHEA framework. Private school diploma: outside MECES, no Diploma Supplement as of right, no doctoral access, no automatic academic recognition anywhere in Europe — recognition rests entirely with a receiving institution or employer. The Sabal University add-on does not change this: Sabal is in Florida, outside the EHEA, and CEI's claim that its diplomas are «convalidables vía reconocimiento de ECTS en cualquier universidad de la Unión Europea» has no legal basis.",NO,NO,"EUR 4,250 full programme, matrícula included (as published August 2026); up to 40% discount advertised; 3-instalment interest-free financing","NOT FOUND — one published price, no nationality/residency differential stated",as published August 2026 (no academic year labelled),"EUR 2,500 additional for the optional Sabal University (USA) official MBA diploma",,,"título propio / diploma propio de CEI. No ANECA verification, no BOE reference, no RUCT code.","titulación, price, hours, modality, cities, language, start dates https://cei.es/cei-curso/master-inteligencia-artificial-ia-online/ 2026-08-29 | UDIMA agreement scope https://cei.es/titulaciones-universitarias-udima/ 2026-08-29 | Sabal University add-on and recognition claim https://cei.es/informacion-diplomas-sabal/ 2026-08-29",1
"Conservatori del Liceu — Centre Superior de Música del Liceu, Barcelona",Máster en Interpretación de Ópera (Máster en Enseñanzas Artísticas),P,YES,January,Los Másteres oficiales tienen una duración de un curso académico (octubre a mayo a excepción del Máster de Ópera que se realiza de enero a mayo).,"1 — but that single annual cohort starts in JANUARY, not in the autumn","none — this master has no autumn cohort at all; it is a displaced-calendar programme, not a second convocatoria",'Calendario específico Máster de Ópera: De junio a noviembre' — preinscripción runs June to November of the preceding year for the January start,Máster en Enseñanzas Artísticas (OFICIAL) — same register and accreditation as the other Liceu official masters,BOE (Enseñanzas Artísticas register) — no RUCT row expected,presencial (Barcelona),NOT FOUND for this specific title (sibling Liceu masters state Inglés/Castellano/Catalán),NOT FOUND,https://www.conservatoriliceu.es/es/superior/informacion/faqs-master-y-postgrados/,Los Másteres oficiales tienen una duración de un curso académico (octubre a mayo a excepción del Máster de Ópera que se realiza de enero a mayo). ... Calendario específico Máster de Ópera: De junio a noviembre. ... Ópera: 25 plazas (dependiendo del reparto de la ópera seleccionada para cada edición),"THE HEADLINE FINDING OF THIS SLICE. This is the ONLY OFFICIAL music master found anywhere in Spain whose cohort starts in the January–June window — an official Máster en Enseñanzas Artísticas that runs enero a mayo, with its own June–November application calendar. It is however an OPERA PERFORMANCE master (path P at best, selected by audition and tied to the cast of the opera staged each edition), so it is of no practical use to a producer/DJ candidate: it does NOT establish that any official music-TECHNOLOGY master has a spring start. Recorded because it settles the question the brief posed: 'no official music master has a spring start' is now FALSE in the strict sense, TRUE for music technology. 25 places, one academic year (compressed Jan–May).",YES,,path-A,1,Barcelona,Catalunya,"Centre Superior de Música del Liceu, Barcelona (presencial)","NONE — and correctly so. No university is involved: this is a conservatory-sector official title. The awarding centre is the Centro Privado Autorizado de Enseñanzas Superiores de Música «Liceu» de Barcelona, and the title is homologated by the Ministerio de Educación by BOE order. Absence of a university is NOT a defect here — Enseñanzas Artísticas Superiores are a parallel official branch of Spanish higher education, not a sub-university one.","conservatory (enseñanzas artísticas superiores) — specifically a CENTRO PRIVADO AUTORIZADO de enseñanzas superiores de música, i.e. privately run but state-authorised, not a public conservatory","MECES 3 — stated explicitly by the Ministerio de Educación, Formación Profesional y Deportes on its infoartisticas register page for másteres en enseñanzas artísticas de música",EQF/EHEA level 7 — MECES 3 maps to EQF 7 (second cycle),"EHEA level 7 (Bologna) — academic recognition across the EHEA. This is a fully official Spanish higher-education title at MECES 3 / EQF 7, inside the Bologna framework; the Liceu's own FAQ states it gives «una titulación oficial de Máster de acuerdo con el Espacio Europeo de Educación Superior, reconocida por el Real Decreto 1614/2009». Evidence is the BOE homologation order, not a RUCT row. ⚠️ Two honest limits: (1) EHEA recognition is academic, not professional — a regulated profession would run through Directive 2005/36/EC and a separate national process; (2) recognition abroad still requires the receiving country's own procedure — Bologna makes it routine, not automatic.",YES — RD 1614/2009 provides for the Suplemento Europeo al Título for official enseñanzas artísticas superiores titles; NOT separately confirmed on the Liceu page itself,"NOT FOUND for this specific title — RD 1614/2009 masters in enseñanzas artísticas are MECES 3, and doctoral access for this branch runs through convenios with universities rather than automatically. The Liceu page does not state doctoral access, so do not assume it.","EUR 4,700 for the full 60-ECTS programme (rates as published for the January 2026 intake). Arithmetic: 4,700 / 60 = 78.33 EUR per ECTS, but the school publishes the total, not a per-credit rate.","NOT FOUND — the page publishes one figure with no nationality or residency differential. As a private authorised centre setting its own prices, one flat rate is the likely reality, but the page does not say so, so this is NOT FOUND, not «no surcharge».",January 2026 intake (the most recent published cycle),"NOT FOUND — no separate enrolment, audition or insurance fee published","Orden ECD/765/2015, de 20 de abril (BOE-A-2015-4712), https://www.boe.es/diario_boe/txt.php?id=BOE-A-2015-4712",,"OFICIAL — Máster en Enseñanzas Artísticas. Homologated by Orden ECD/765/2015, de 20 de abril (BOE-A-2015-4712), «por la que se homologa el plan de estudios del Título de Máster en enseñanzas artísticas en Interpretación de Ópera del Centro de Enseñanzas Superiores de Música “Liceu” de Barcelona». The Ministry's own register (infoartisticas.gob.es) lists it as one of five homologated Liceu masters.","official status, BOE order, MECES 3 https://www.infoartisticas.gob.es/ensenanzas/musica/superiores-musica/superiores-master-musica.html 2026-08-29 | BOE homologation order text and number https://www.boe.es/diario_boe/txt.php?id=BOE-A-2015-4712 2026-08-29 | ECTS, tuition EUR 4,700, start date January, languages, EHEA statement, admission caveat https://www.conservatoriliceu.es/es/superior/masteres/opera/ 2026-08-29 | EHEA/RD 1614/2009 wording, list of masters, degree requirement for the official title, language of collective classes https://www.conservatoriliceu.es/es/superior/informacion/faqs-master-y-postgrados/ 2026-08-29",1
"DIGITECH FP (centro oficial de Formación Profesional, online) — PROVIDER TYPE: FP CENTRE MARKETING A 'MÁSTER'",Máster FP Online en Python (desarrollo de aplicaciones con Python),AA | AB,YES,February,«Convocatoria febrero 2026» — «el lanzamiento del nuevo Ciclo Superior en Desarrollo de Aplicaciones Web (DAW)» y «la apertura del Máster FP Online en Python». «Iniciar en febrero significa ganar medio año.»,"2 implied (February and September) — the page contrasts a February start with September but does not state 'dos convocatorias' in so many words, so 2 is recorded as IMPLIED, not verbatim",September,NOT FOUND,"OFFICIAL IN THE FP REGISTER, NOT A UNIVERSITY MASTER. Spanish law calls this a Curso de Especialización de Formación Profesional; 'Máster de FP' is marketing shorthand. It is NOT a máster universitario, is NOT in RUCT, sits at MECES level 5 (higher VET) not level 7, and gives no PhD access and no access to university-master funding.","NONE — and correctly so: RUCT registers university titles only. Not a defect, but also not a substitute; officiality here rests on RD 566/2024.",Online / a distancia — «el único centro oficial de FP que imparte esta formación a distancia en España»,Spanish,NOT FOUND,https://digitechfp.com/blog/fp-online/convocatoria-febrero-2026-comienza-tu-fp-online-en-digitech/,"Convocatoria febrero 2026 … la apertura del Máster FP Online en Python … formación oficial y pionera que solo DIGITECH imparte en esta modalidad en España … el único centro oficial de FP que imparte esta formación a distancia en España … 430h, aproximadamente 4 meses … Iniciar en febrero significa ganar medio año.","EXACTLY THE PROVIDER TYPE THE PROMPT ASKED ME TO SURFACE: an FP centre advertising a 'máster' with a February convocatoria. The February start is GENUINE (the page contrasts it with waiting for September). BUT IT IS THE WRONG QUALIFICATION FOR THIS CANDIDATE, for two independent reasons: (1) entry is aimed at «titulados en ASIR, DAM o DAW» — Spanish FP higher-technician holders — not at a 300-ECTS engineering graduate, for whom this would be a step DOWN in level, not sideways; (2) at 430 hours / 4 months and MECES level 5 it cannot substitute for a máster universitario and would not support a postgraduate route. RECORDED AS A WARNING AS MUCH AS A FIND: the whole FP sector runs September/February double convocatorias, so a keyword sweep for 'máster inicio febrero' returns a large volume of FP results that look like master's programmes and are not. Cesur FP and UNIVERSAE surfaced in the same search with the same September/February pattern and were not pursued for the same reason.",YES,,national-sweep,1,ONLINE,"Delivered online; DIGITECH's sedes are in Comunidad de Madrid (Chamartín, Chamberí, Julián Camarillo), Andalucía (Málaga, Sevilla), Catalunya (Barcelona) and Comunitat Valenciana (Valencia), with the master page also listing Alicante, Oviedo and Mallorca",Sede Online; the matrícula link for this course is filed under the Barcelona sede,"NONE — no university awards this, and none ever could. This is not a university qualification. The title is issued in the FORMACIÓN PROFESIONAL system by the Ministerio de Educación, Formación Profesional y Deportes together with the relevant Consejería/Departament d'Educació; DIGITECH is a state-authorised FP centre delivering it.",private school (not a university) — an authorised centro de Formación Profesional,NOT IN MECES. The Ministry's TodoFP catalogue levels it at MECU 5C (Marco Español de Cualificaciones) and ISCED/CINE-11 P-5.5.4. MECES is the higher-education sub-framework whose level 3 is the master's level; this title is not in it.,"EQF level 5 (short-cycle / advanced-technician level), per its MECU 5C classification. It is emphatically NOT EQF 7.","NOT a master's degree in the EHEA sense, and this is the single most important thing to record about it. It is a genuine, official Spanish qualification — but it sits at EQF 5 (MECU 5C, ISCED 5.5.4), two full levels below a master's, and it lives in the vocational-training track, not the Bologna higher-education track. There is no Diploma Supplement and no doctoral access. Within the EU it travels through the vocational-recognition and EQF-transparency machinery (and DIGITECH's claim that its titles are «válidos en todo el territorio nacional y la Unión Europea» rests on that, not on Bologna) — which supports labour-market portability, NOT academic recognition as a second-cycle degree. Anyone comparing this line against a Máster Universitario is comparing an EQF 5 qualification with an EQF 7 one.",NO — the Suplemento Europeo al Título attaches to higher-education titles; FP uses the Europass certificate supplement instead,NO,"NOT FOUND — DIGITECH publishes NO total price for this programme. The only euro figure on the page is the enrolment deposit: «Python Barcelona · Curso de especialización · Matrícula: Pagar Matrícula Ahora 400€ · Financiación sin intereses». The price section says only «todo a un precio competitivo» and directs the applicant to admissions. EUR 400 is a matrícula, NOT the tuition — do not read it as the course price.","NOT FOUND — no price at all is published, so no differential can be checked either way",NOT FOUND (the 400 EUR matrícula is undated; convocatoria 26/27 is the open cycle),"EUR 400 matrícula (enrolment), interest-free instalments offered; scholarships («becas DIGITECH») said to be available in specific periods","Real Decreto 566/2024, de 18 de junio (BOE-A-2024-12503), https://www.boe.es/buscar/doc.php?id=BOE-A-2024-12503",,"OFFICIAL, BUT IN THE FP REGISTER, NOT THE UNIVERSITY ONE. Established by Real Decreto 566/2024, de 18 de junio (BOE-A-2024-12503), which creates the «Curso de especialización de Formación Profesional de Grado Superior en Desarrollo de aplicaciones en lenguaje Python». Spanish law does call the resulting title a «Título de Máster de Formación Profesional» — that wording is the source of the confusion, and it is NOT a university master's degree.","start month February 2026 convocatoria (as supplied) https://digitechfp.com/blog/fp-online/convocatoria-febrero-2026-comienza-tu-fp-online-en-digitech/ 2026-08-29 | 430 hours, 5 months, Titulación Oficial, sedes, EUR 400 matrícula, access requirements, Inicio 10/2026 https://digitechfp.com/masters-fp/master-en-desarrollo-de-aplicaciones-en-lenguaje-python-online/ 2026-08-29 | DIGITECH's own definition of Máster FP as a curso de especialización, and who issues the title https://digitechfp.com/masters-fp/ 2026-08-29 | legal basis — RD 566/2024 establishing the curso de especialización and the Título de Máster de Formación Profesional https://www.boe.es/buscar/doc.php?id=BOE-A-2024-12503 2026-08-29 | MECU 5C level, CINE-11 P-5.5.4, 430 hours, official access list https://www.todofp.es/que-estudiar/familias-profesionales/informatica-comunicaciones/ce-lenguaje-phyton.html 2026-08-29",1
"EADA Business School, Barcelona — NOT a university",Master Online en Business Analytics e Inteligencia Artificial,X | AA | AB,YES,April (26 April 2027),'Primavera - 2027 ... Próximo inicio: 26 Abr. 2027 ... Duración: 12 meses',At least 2 — EADA labels editions by season ('Primavera - 2027' here; 'Otoño - 2026' on its sibling presencial master). The admission table is headed 'Intake: Primavera 2027'.,An autumn ('Otoño') edition exists in EADA's season naming; no autumn date was published for THIS online programme on the pages read — recorded as NOT FOUND rather than assumed.,"Admission rounds for 'Intake: Primavera 2027', verbatim (Ronda / Reserva de plaza): '17 Nov. 2026 / 1 Dic. 2026 (15% de descuento por matrícula anticipada)', '15 Dic. 2026 / 29 Dic. 2026 (15%)', '12 Ene. 2027 / 26 Ene. 2027 (10%)', '16 Feb. 2027 / 2 Mar. 2027 (10%)', '16 Mar. 2027 / 30 Mar. 2027'. FINAL round closes 16 March 2027, place reserved by 30 March 2027.","título propio / school diploma only — 'recibirás el Diploma de Master en Business Analytics e Inteligencia Artificial. expedido por EADA Business School'. EADA is not a university and this title is not even co-validated by one. Not in RUCT, no PhD access, not eligible for public scholarships.","NONE — not a university title, not registrable in RUCT",Online (with an optional presencial module at the EADA Residential Training Centre); Tiempo parcial,Español,"EUR 14,400 ('Importe del programa 14.400€'); EUR 13,400 for the '100% Online' option; the presencial module added later costs '1.400 € adicionales' (rates shown for the Primavera 2027 edition)",https://www.eada.edu/es/programas/datos-y-analiticas/master-online-en-business-analytics-e-inteligencia-artificial,'Primavera - 2027 · Próximo inicio: 26 Abr. 2027 · Duración: 12 meses · Modalidad: Online · Idioma: Español · Experiencia requerida: 2+ años'; admissions page: 'Rondas de Admisión Intake: Primavera 2027',"GENUINE SPRING COHORT — a real April start with its own admission calendar, not an application round against an autumn start. Two cautions for this candidate: (1) 'Experiencia requerida: 2+ años' professional experience; (2) taught in Spanish, and the candidate is A0/A1. Scholarships listed (Fundación EADA, Woman, Emprendimiento, Deportista de Élite, Tercer Sector) are internal and discount-based; a título propio is generally ineligible for Spanish public funding. www.eada.edu returns HTTP 403 to WebFetch — all facts here read from the page body fetched by curl with a browser User-Agent.",YES,,business-schools,1,ONLINE — EADA's seat is Barcelona (the optional presencial module runs at the EADA Residential Training Centre),Catalunya,Online (synchronous). An optional in-person module in full board at the EADA Residential Training Centre is included in the standard price.,"NONE — no university awards this. EADA's own titulación paragraph is unambiguous: «Al superar la totalidad del programa, según los requisitos académicos establecidos, recibirás el Diploma de Master en Business Analytics e Inteligencia Artificial. expedido por EADA Business School.» No university is named anywhere on the programme, admission or fees pages.",private school (not a university) — an independent business school,NOT IN MECES,"NOT IN EQF — no MECES level, therefore no EQF/EHEA level","NOT in the EHEA framework. A business-school diploma: outside MECES, no Diploma Supplement as of right, no doctoral access, and no automatic academic recognition in any European country — a receiving university or employer decides for itself what to make of it. EADA's institutional reputation and its business-school accreditations (the kind held by business schools generally: AACSB/EQUIS/AMBA-type quality marks) are reputational assurances, NOT legal recognition of the qualification, and must not be conflated with EHEA level 7 status.",NO,NO,"EUR 14,400 for the full programme («Importe del programa 14.400€»); the 100% online option — i.e. without the residential module — is EUR 13,400 (2026-27 / spring-2027 intake rates as published)","NOT FOUND — EADA publishes one price with no nationality or residency differential anywhere on the importe-y-financiación page. As a private business school a single flat rate is the near-certain reality and is a genuine positive for a non-EU applicant, but the page does not state it explicitly, so record NOT FOUND rather than «no surcharge».",as published August 2026 for the 26 April 2027 intake,"EUR 1,400 additional if a student who chose the 100% online option later wants to attend the presencial module (subject to places). Discounts, not extra costs: early-bird «rondas de matrícula anticipada» of 15% (reserve by 29 Dec 2026), 10% (by 26 Jan 2027) and 10% (by 2 Mar 2027), plus 10–25% alumni discounts and Fundación EADA / Woman / Emprendimiento scholarships.",,,"título propio / school diploma only. No ANECA verification, no BOE reference, no RUCT code, no university co-award.","titulación verbatim, language Español, start date 26 Apr 2027, modality, duration, experience requirement https://www.eada.edu/es/programas/datos-y-analiticas/master-online-en-business-analytics-e-inteligencia-artificial 2026-08-29 | tuition EUR 14,400 / 13,400, EUR 1,400 add-on, early-bird discounts, scholarships https://www.eada.edu/es/programas/datos-y-analiticas/master-online-en-business-analytics-e-inteligencia-artificial/importe-y-financiacion 2026-08-29 | admission process and 2027 application rounds https://www.eada.edu/es/programas/datos-y-analiticas/master-online-en-business-analytics-e-inteligencia-artificial/admision 2026-08-29",1
"Escuela Universitaria de Artes TAI, Madrid (private)",Máster en Gestión de Industrias Culturales,P | S,YES,April 2027,"'Inicio: Abril 2027' (month and year, no day-of-month published)",1 — and it is the SPRING one. This programme does not appear to run an autumn cohort at all; April is its only advertised start.,none listed,NOT FOUND as a date. TAI publishes only a stepwise process with no deadline: '1. Cita — Inicia el proceso de admisión solicitando cita para tu entrevista en el +34 91 167 20 62 o en admision@taiarts.com. 2. Documentación. 3. Entrevista. 4. Admisión — Te comunicaremos por escrito si tu candidatura es APTA. 5. Reserva de plaza. 6. Matrícula.' The '15 de octubre' banner on the site is the matriculation cut-off for TAI's OCTOBER cohorts and must not be read as this programme's deadline.,"TÍTULO PROPIO — labelled 'Título Propio' on the page. NOT a máster universitario, not in RUCT, no ANECA verification, no PhD access, normally ineligible for public postgraduate scholarships.","NONE — confirmed by absence from URJC's own register of TAI's adscribed titulaciones, not merely by absence from a keyword sweep",Presencial en Madrid,Español,NOT FOUND — no price on the page; a 'DESCARGAR FOLLETO' brochure is gated behind a form,https://taiarts.com/estudios/master-en-gestion-de-industrias-culturales/,"'Título Propio | Máster en Gestión de Industrias Culturales | Inicio: Abril 2027 | Duracion: 1 año académico | Creditos: 60 ECTS | Idioma: Español | Modalidad: Presencial en Madrid'. Plan de estudios (Curso 1): 'Fundamentos y ecosistema de las industrias culturales 9 | Economía, gestión y políticas culturales 9 | Producción, mediación y marketing cultural 9 | Innovación, tecnología y sostenibilidad en la cultura 9 | Talleres profesionales y proyectos aplicados 12 | Trabajo Fin de Máster 12'. Salidas profesionales include 'Gestor/a de festivales y eventos culturales'.","⭐⭐ THE CLEANEST SPRING-2027 HIT IN THIS SLICE — an explicitly dated 'Abril 2027' start, a full 60 ECTS spread over one academic year with a 12-ECTS TFM, and a published module-by-module credit breakdown. It is the only programme found here that names a 2027 spring month on a page that also states its credits. ⚠️ THREE HONEST CAVEATS. (1) The award is a TÍTULO PROPIO, not an official máster universitario: no PhD access, no MECES level, and public scholarships generally closed. Whether it supports a Spanish student visa is UNVERIFIED — it is full-time and presencial, which helps, but TAI does not publish weekly contact hours and the consulate decides. (2) It is Spanish-only, a hard filter at A0/A1. (3) FIT IS ADJACENT, NOT CENTRAL: this is general cultural-industries management (museums, exhibitions, curatorial projects, 'proyectos curatoriales y gestión de exposiciones', partner institution La Panera), not a music-industry or live-music programme. It touches path S only through one listed career outcome, 'Gestor/a de festivales y eventos culturales'. For a candidate whose target is music production or the music business it is a sideways move, and it should be presented as an EARLY-START option rather than a best-fit one. A candidate wanting TAI's actual music content would have to take the October Producción Musical or Music Business cohort instead.",YES,,music-schools,1,Madrid,Comunidad de Madrid,"Presencial en Madrid. Addresses differ across sources: URJC's centros-adscritos register gives TAI as «C/ Recoletos, 22, 28001 Madrid», while the programme page's footer gives «Cerro de los Gamos 1, 28224 Pozuelo de Alarcón, Madrid». Flag as CONFLICT — confirm the teaching site with admissions; TAI runs several buildings in central Madrid.","NONE — no university awards this, and this is PROVEN, not inferred. TAI is a centro adscrito to the Universidad Rey Juan Carlos, so some TAI titles ARE awarded by URJC — but URJC's own centros-adscritos register lists exactly which ones, and this is not among them. The adscribed master's list is: Máster Universitario en Fotografía Artística y Documental; en Interpretación Audiovisual/Screen Acting; en Screen Acting; en Creación de Animación Audiovisual. «Gestión de Industrias Culturales» does not appear. TAI itself labels this programme «Título Propio» in the same typographic slot where it labels its URJC programmes «Título Oficial Universitario» — the school's own labelling is deliberate and reliable.",private school (not a university) — a centro de educación superior adscrito to URJC for a defined subset of its titles only; the name «Escuela Universitaria» does not make TAI a university,NOT IN MECES,"NOT IN EQF — no MECES level, therefore no EQF/EHEA level","NOT in the EHEA framework. A private school's own certificate: outside MECES, no Diploma Supplement as of right, no doctoral access, and no automatic academic recognition in any European country — recognition is entirely at the discretion of a receiving institution or employer. The 60 ECTS shown are the school's own credit count and do NOT by themselves place the title in the EHEA. ⚠️ Particular care is needed here: TAI sells official URJC másteres universitarios alongside this one, on the same site, in the same visual format. Sitting next to a genuine EHEA level 7 title does not confer that status on this one.",NO,NO,"NOT FOUND — TAI publishes no price for this programme. There is no euro figure anywhere on the programme page, and the site's «Becas y Ayudas» and «Financiación y préstamos» pages both return 404. The page offers only scholarships, aid and financing «a través del equipo de admisiones». Any figure quoted by an aggregator for this programme is unsourceable.","NOT FOUND — no price of any kind is published, so no differential can be checked",NOT FOUND,NOT FOUND,,,"título propio — TAI's own certificate. Labelled «Título Propio» on the programme page. No ANECA verification, no BOE reference, no RUCT code, and not on URJC's adscribed-titles list.","Título Propio label, 60 ECTS, April 2027 start, Español, presencial Madrid, plan de estudios https://taiarts.com/estudios/master-en-gestion-de-industrias-culturales/ 2026-08-29 | university_awarding — URJC's register of TAI's adscribed titles, which excludes this programme https://www.urjc.es/universidad/centros-adscritos 2026-08-29",1
"Harbour.Space Institute of Technology, Barcelona — INTERNATIONAL BRANCH-STYLE PRIVATE INSTITUTE operating in Spain (sister campus in Bangkok)","Master's in Applied Computer Data Science; also Master's in Computer Science, Data Science, Cyber Security (Barcelona campus)",AB | AA | AC,YES,"Continuous — a new module intake roughly every 3 weeks, so multiple starts fall in January–June","«Intake every 3 weeks! There is no ""application deadline"" — you can start any upcoming module!» (printed twice in the site header and on the Barcelona 2026-2027 schedule page)",~17 (every 3 weeks),"September (the schedule page shows «Sep 07 - Sep 25, 2026» and «Sep 28 - Oct 16, 2026» as the next modules)","None — «There is no ""application deadline""» (verbatim)","NOT a Spanish official title in its own right. Verbatim from Harbour.Space's own FAQ: «Harbour.space is an acknowledged educational institution in Spain with an authorised Spanish license of 08078491. Students enrolled in specific programmes at Harbour.Space Institute of Technology have the opportunity to receive a double diploma with an accredited degree from the University of Vic - Central University of Catalonia (UVic-UCC) in Spain and/or the University of the Thai Chamber of Commerce (UTCC) in Bangkok, Thailand.» Note the hedges: «specific programmes», «have the opportunity to». The Harbour.Space diploma itself is not ANECA-verified and is not in RUCT.",,"presencial, Barcelona campus; 3-week intensive courses throughout the year",English (Harbour.Space teaches in English; NOT confirmed from a formal plan de estudios in this sweep — treat as unconfirmed),"NOT FOUND — no fee published on the programme, admissions or schedule pages",https://harbour.space/barcelona/master/applied-data-and-computer-science,"Intake every 3 weeks! There is no ""application deadline"" — you can start any upcoming module! / Harbour.space is an acknowledged educational institution in Spain with an authorised Spanish license of 08078491. Students enrolled in specific programmes ... have the opportunity to receive a double diploma with an accredited degree from the University of Vic - Central University of Catalonia (UVic-UCC) in Spain","PROVIDER TYPE THE OTHER SLICES WOULD MISS, and the most unusual calendar found: not a second cohort but a CONTINUOUS three-weekly intake, which trivially satisfies a Jan–Jun start. Absent from output/programmes.jsonl. Also runs 'FP Grado Superior' alongside its masters — an FP-centre/master hybrid. STRONG CAVEATS FOR THIS CANDIDATE: (a) the Spanish official title exists only via the UVic-UCC double diploma and only for unnamed 'specific programmes' — a human must confirm whether Applied Computer Data Science is one of them, otherwise there is no PhD access and no public-scholarship eligibility; (b) no tuition figure is published anywhere on the site; (c) a private institute diploma may not support a Spanish student visa — unverified. NOT VERIFIED: a search-index result asserted specific 2027 intake dates of «February 01, 2027 and February 22, 2027». Those dates are NOT recorded as fact — the schedule table on harbour.space/schedule/2026-2027 is JavaScript-rendered and the raw HTML (fetched by curl, HTTP 200, 375 KB) contains no 2027 date strings. Needs a human with a normal browser.",YES,,national-sweep,1,,,,,,,,,,,,,,,,,,,1
"HTL International School — Music Business Academy, Barcelona (hybrid: in-person Barcelona + live-streamed worldwide)",Máster Propio en Gestión de Industria Musical,P | S,YES,January and April (two of the four intakes fall in the Jan–Jun window),"«Convocatorias: Octubre, Enero, Abril, Julio»",4,"October, July",NOT FOUND — no closing date published,"título propio — «Máster Propio en Gestión de Industria Musical», a credential of HTL International School. Not ANECA-verified, not in RUCT, no PhD access, no public-scholarship eligibility","NONE — not an official title, so no RUCT code exists",Hybrid — in-person classes in Barcelona plus live-streamed virtual attendance from anywhere; Monday–Friday,Spanish,"EUR 10,000 standard, or EUR 8,000 paid in full up front, plus a EUR 500 enrolment fee — as displayed August 2026",https://htlmusicbusiness.academy/course/master-gestion-industria-musical/,"Convocatorias: Octubre, Enero, Abril, Julio. 1 Año académico; 720 horas en tres trimestres. 72 ECTS. Máster Propio en Gestión de Industria Musical.","GENUINE SPRING START in path P (music industry), a field where spring cohorts are rare. Provider is absent from output/programmes.jsonl. Substantial for a título propio: 72 ECTS over a full academic year, not a short certificate. Caveats for this candidate: Spanish-language instruction (candidate is A0/A1); título propio so no PhD access and no public funding; the hybrid/live-stream option means the January or April cohort could in principle be started remotely from Tunisia, which is unusual and worth a human checking against student-visa requirements.",YES,,national-sweep,1,Barcelona (also deliverable worldwide by live streaming — hybrid),Cataluña,"HTL campus Barcelona; students may instead attend every session by live stream from anywhere ('Barcelona y/o Aula Virtual', 'Modalidad del estudio: Barcelona y/o Híbrido')","NONE — no university awards this. The programme page names no university, no accrediting university, and no external awarding body anywhere; the award is HTL's own 'Máster Propio en Gestión de Industria Musical'.",private school (not a university),NOT APPLICABLE — outside MECES,NOT APPLICABLE — no EQF/MECES level; the page's claim of 'una cualificación de alto nivel equivalente al marco de estudios internacionales como un Máster' is an unreferenced self-assessment with no legal basis stated,"NOT recognised as a degree across Europe. This is a título propio issued by a private school with no university behind it: it sits OUTSIDE MECES and OUTSIDE the European Higher Education Area (Bologna), carries NO Diploma Supplement as of right, and grants NO access to doctoral study. The 72 ECTS printed on the page are self-assigned by a non-university and are not ECTS awarded under an EHEA-recognised qualification. Any recognition in another European country is entirely at the discretion of the receiving employer or institution — there is no automatic academic recognition. The page's phrases 'máster ... reconocido (72 ECTS)' and 'una cualificación acreditada' name no accrediting body and no legal instrument, so no recognition claim can be verified.",NO,NO,"EUR 10,500 total = matrícula EUR 500 + tasas académicas EUR 10,000 paid in two instalments; OR EUR 8,500 total = EUR 500 matrícula + EUR 8,000 if paid in full up front (discounted). Verbatim: 'Matrícula: 500 euros / Tasas académicas: 10.000 euros (fraccionado en 2 partes) o 8.000 euros (pago completo con descuento)'.","EUR 10,500 (or EUR 8,500 up-front) — SAME as EU. Flat single rate: the page publishes one price with no nationality-, residency- or EU/non-EU-based tier of any kind. Genuine finding for a non-EU applicant: no surcharge here.",NOT FOUND — the page states no academic year for these rates (accessed 2026-08-29),"EUR 500 matrícula (enrolment), already included in the totals above. No other fee published; page silent on materials, insurance or exam fees.",NONE,,"título propio — private-school certificate. NOT a máster universitario. Not ANECA-verified, not in RUCT.","programme name, award wording, ECTS claim, fees, intakes, language, modality, duration, entry requirements https://htlmusicbusiness.academy/course/master-gestion-industria-musical/ 2026-08-29 | absence of any awarding/accrediting university — full page text searched for 'universi', 'acredit', 'homolog', 'reconoc', 'RUCT', 'BOE': the only hits are the unattributed 'cualificación acreditada' and 'máster ... reconocido (72 ECTS)' https://htlmusicbusiness.academy/course/master-gestion-industria-musical/ 2026-08-29",1
"HTL Music Business Academy, Barcelona",Máster Propio en Gestión de Industria Musical (Master's Degree in Music Industry Management),P | S | X,YES,January and April both fall in the Jan–Jun window; July and October are the other two,"Programme fact block, verbatim (live, 2026-08-29): 'Modalidad del estudio: Barcelona y/o Híbrido · Idiomas: Idioma de enseñanza: ESPAÑOL · Duración: 1 Año académico · Programa de Máster Profesional · Convocatorias: Octubre, Enero, Abril, Julio · Horarios: Lunes-Viernes · Carga horaria: 720 horas · Tasas Matrícula: 500 euros · Tasas académicas: 10.000 euros (fraccionado en 2 partes) o 8.000 euros (pago completo con descuento)'.","4 (October, January, April, July)","October, July",NOT FOUND — no application open/close dates published for any convocatoria; admission is by enquiry and rolling.,"título propio / private-school certificate — the page calls it a 'Programa de Máster Profesional' and 'Máster Propio'. NOT a máster universitario: no RUCT code, no ANECA/BOE reference, no PhD access, no eligibility for Spanish public scholarships. The 72-ECTS figure quoted in output/deferred_candidates.jsonl is school-assigned, not university-validated.","NONE — not an official title, so no RUCT code exists","Barcelona on-campus and/or hybrid (live virtual streaming). Monday–Friday timetable, 720 contact hours.",ESPAÑOL — stated verbatim as 'Idioma de enseñanza: ESPAÑOL' on the Spanish page. (output/deferred_candidates.jsonl notes an English option is offered; that is NOT visible on this page and is not confirmed.),"EUR 10,500 total (matrícula 500 + tasas académicas 10,000 in two instalments), or EUR 8,500 (500 + 8,000) paying in full up front. Year of applicability NOT STATED on the page.",https://htlmusicbusiness.academy/course/master-gestion-industria-musical/,"'Convocatorias: Octubre, Enero, Abril, Julio'","NEW FIND from output/deferred_candidates.jsonl line 516 — discovered but never enriched, and nobody had looked at it since discovery. Verified live on the school's own page 2026-08-29. This is the highest-frequency intake cycle found anywhere in the sweep (four cohorts a year), which makes it the most schedule-flexible P-path option — but it is a título propio, so it carries NO PhD access and NO public-funding eligibility, and the Spanish-only teaching is a hard filter for an A0/A1 candidate.",YES,,from-dataset,1,Barcelona (also deliverable worldwide by live streaming — hybrid),Cataluña,"HTL campus Barcelona; students may instead attend every session by live stream from anywhere ('Barcelona y/o Aula Virtual', 'Modalidad del estudio: Barcelona y/o Híbrido')","NONE — no university awards this. The programme page names no university, no accrediting university, and no external awarding body anywhere; the award is HTL's own 'Máster Propio en Gestión de Industria Musical'.",private school (not a university),NOT APPLICABLE — outside MECES,NOT APPLICABLE — no EQF/MECES level; the page's claim of 'una cualificación de alto nivel equivalente al marco de estudios internacionales como un Máster' is an unreferenced self-assessment with no legal basis stated,"NOT recognised as a degree across Europe. This is a título propio issued by a private school with no university behind it: it sits OUTSIDE MECES and OUTSIDE the European Higher Education Area (Bologna), carries NO Diploma Supplement as of right, and grants NO access to doctoral study. The 72 ECTS printed on the page are self-assigned by a non-university and are not ECTS awarded under an EHEA-recognised qualification. Any recognition in another European country is entirely at the discretion of the receiving employer or institution — there is no automatic academic recognition. The page's phrases 'máster ... reconocido (72 ECTS)' and 'una cualificación acreditada' name no accrediting body and no legal instrument, so no recognition claim can be verified.",NO,NO,"EUR 10,500 total = matrícula EUR 500 + tasas académicas EUR 10,000 paid in two instalments; OR EUR 8,500 total = EUR 500 matrícula + EUR 8,000 if paid in full up front (discounted). Verbatim: 'Matrícula: 500 euros / Tasas académicas: 10.000 euros (fraccionado en 2 partes) o 8.000 euros (pago completo con descuento)'.","EUR 10,500 (or EUR 8,500 up-front) — SAME as EU. Flat single rate: the page publishes one price with no nationality-, residency- or EU/non-EU-based tier of any kind. Genuine finding for a non-EU applicant: no surcharge here.",NOT FOUND — the page states no academic year for these rates (accessed 2026-08-29),"EUR 500 matrícula (enrolment), already included in the totals above. No other fee published; page silent on materials, insurance or exam fees.",NONE,,"título propio — private-school certificate. NOT a máster universitario. Not ANECA-verified, not in RUCT.","programme name, award wording, ECTS claim, fees, intakes, language, modality, duration, entry requirements https://htlmusicbusiness.academy/course/master-gestion-industria-musical/ 2026-08-29 | absence of any awarding/accrediting university — full page text searched for 'universi', 'acredit', 'homolog', 'reconoc', 'RUCT', 'BOE': the only hits are the unattributed 'cualificación acreditada' and 'máster ... reconocido (72 ECTS)' https://htlmusicbusiness.academy/course/master-gestion-industria-musical/ 2026-08-29",1
"UNIE Universidad (Universidad Internacional de la Empresa), Madrid — private, Planeta Formación y Universidades",Máster de Formación Permanente en Inteligencia Artificial y Deep Learning Online,AA | AB,YES,April 2027,Programme page header — VERBATIM: 'Modalidad Online | Campus Online | Duración 1 Año | Idioma Español | Créditos 60 ECTS | Comienza en ABR 2027',"NOT FOUND as a stated number — the page advertises one forthcoming start (ABR 2027). UNIE's own privacy notice refers to 'las dos próximas convocatorias' of a programme, implying more than one intake, but does not date them.",NOT FOUND — no October date is shown for this title; the only start advertised is April 2027,NOT FOUND — no deadline published; admission is via 'Proceso de admisión' with an adviser,"título propio — 'Máster de Formación Permanente' is the post-RD 822/2021 legal name for a título propio. NOT ANECA-verified as an official máster universitario, NO PhD access, normally ineligible for public scholarships. (The page's phrase 'la oficialidad que otorga ANECA' appears in a generic block about UNIE's exam-proctoring system, not as a claim about this title.) Not present in output/ruct-backbone.jsonl.",,"Online ('100% online'; 'Modalidad Online', 'Campus Online')","Español ('Idioma Español' in the programme header). Module titles are in English (Data Science Fundamentals, Machine Learning, Deep Learning, Generative AI) but the stated language of instruction is Spanish.",NOT FOUND — no price published on the programme page,https://www.universidadunie.com/programas/master-formacion-permanente-virtual-inteligencia-artificial-deep-learning,"'Especialízate en las técnicas de Inteligencia Artificial y Deep Learning con un programa que te conecta con los avances tecnológicos más innovadores, expertos del sector y proyectos reales. 100% online. Partner Industrial: [Ericsson] — Modalidad Online | Campus Online | Duración 1 Año | Idioma Español | Créditos 60 ECTS | Comienza en ABR 2027'. Plan de estudios is trimester-structured: 'Módulo 1 ... 1º ... Módulo 2. Cloud Computing, Modern Database Architectures, Machine Learning ... 2º ... Módulo 3. Deep Learning and Advanced IA ... 3º ... Master's Thesis TFM 6'.","VERDICT: YES — a genuine spring cohort start, stated as a start date and not as an application round: the page's own header field is 'Comienza en ABR 2027'. This is the single clearest spring start found at UNIE. CAVEAT THAT DECIDES ITS VALUE: it is a título propio (Máster de Formación Permanente), so no PhD access and no public-scholarship eligibility — for a candidate whose ranking factor is funding, that is a serious downgrade against an official April/February start elsewhere. Industrial partner is Ericsson; developed with Nex-ia, Planeta's applied-AI centre. Cross-slice note: this programme also appears in the path-AA slice of COVERED.md with the same YES verdict; this record adds the verbatim start-date string 'Comienza en ABR 2027' and the modality/language header.",YES,,online,1,,,,,,,,,,,,,,,,,,,1
"UNIE Universidad (Universidad Internacional de la Empresa), Madrid — private, Grupo Planeta",Máster en Formación Permanente en Inteligencia Artificial y Deep Learning Online (page H1). Marketed under the URL /programas/master-universitario-inteligencia-artificial and the browser title 'Máster en Inteligencia Artificial y Deep Learning Online',AA,YES (for the título propio); NOT FOUND for the official RUCT 4318468 title,April (April 2027),Modalidad Online  Campus Online  Duración 1 Año  Idioma Español  Créditos 60 ECTS  Comienza en ABR 2027,"NOT FOUND — page prints one start (ABR 2027). UNIE's own data-protection notice on the same page refers to 'las dos próximas convocatorias del mismo', implying more than one intake, but does not date them.",NOT FOUND,NOT FOUND — no deadline published on the page,"título propio — CONFLICT. The page's own H1 reads 'Máster en Formación Permanente', which per RD 822/2021 is the legal name for a título propio (no PhD access, no public funding). But the URL slug says 'master-universitario' and UNIE separately holds an OFFICIAL title, RUCT 4318468 'Máster Universitario en Inteligencia Artificial por la Universidad Internacional de la Empresa' (Publicado en B.O.E.). The April 2027 start evidenced here belongs to the FORMACIÓN PERMANENTE page, not demonstrably to RUCT 4318468.",4318468 (UNIE's official MU en IA) — but NOT confirmed to be the title on this page,100% online,Español (page: 'Idioma Español'),NOT FOUND,https://www.universidadunie.com/programas/master-universitario-inteligencia-artificial,Comienza en ABR 2027 | H1: 'Máster en Formación Permanente en Inteligencia Artificial y Deep Learning Online' | canonical sibling URL: /programas/master-formacion-permanente-virtual-inteligencia-artificial-deep-learning,IMPORTANT TRAP: this is a genuine April START (not an application round) — 'Comienza en ABR 2027' is unambiguous. But the qualification is a título propio despite the 'master-universitario' URL. For a candidate who needs PhD access and public-scholarship eligibility this April start does NOT deliver an official master. Whether UNIE's official RUCT 4318468 MU en IA also runs an April cohort is NOT FOUND and needs a human to open UNIE's official-master listing. Official status of 4318468 confirmed locally from output/ruct-detail.jsonl.,YES; YES (FOR ,,path-AA,2,,,,,,,,,,,,,,,,,,,1
"IE Universidad — IE School of Science & Technology, Madrid (private)",Master in Business Analytics and Data Science (RUCT title: Máster Universitario en Analítica de Negocio / Master in Business Analytics),X | AB | AA,"YES — TWO genuine spring cohort starts, independently re-confirmed 2026-08-29","April (full-time spring cohort, 20 April 2027) AND February (part-time blended cohort, 9 February 2027)",The 2026-2027 full-time Fall intake starts on September 21st. The 2027 full-time Spring intake starts on April 20th. The 2027 part-time intake starts on February 9th.,3 — programme fact bar: 'duration language location intake Mode of Study Format | 11 | 17 months | English | Madrid | February | April | September | Full-Time | Part-Time | In-person | Blended',"September (full-time, in-person): 21 September 2026 for the 2026-27 cohort","NONE — genuinely rolling. Verbatim from the Admissions & Fees page: 'There is no application deadline, as we operate a rolling admissions process and accept applications throughout the year. However, places are limited and awarded on a first-come, first-served basis, so we encourage you to apply as early as possible. On average, the admissions process takes between 4 and 6 [weeks]'. Also 'Admissions are valid for the intake you apply to and the following one.' Non-EU note verbatim: 'If you are non-EU candidate, we encourage you to confirm your place and begin your visa process as early as possible. Keep in mind that depending on your region, visa-related deadlines may apply.'","máster universitario (OFFICIAL) — RUCT 4317722, 'Publicado en B.O.E.' in output/ruct-backbone.jsonl. NOTE a second, older IE title RUCT 4315047 'Máster Universitario en Analítica de Negocio y Manejo de Datos / Business Analytics and Big Data' is 'TITULACIÓN A EXTINGUIR' — the live title is 4317722.",4317722,Full-time in-person (April & September) | Part-time blended (February),English (fact bar: 'language ... English'),"EUR 43,000 ('TUITION 43,000€*', shown alongside 'Part-Time February 2026 Intake / Full-Time April & September 2026 Intakes', i.e. 2026 intake rates) + non-refundable application fee EUR 150 + one-off IE Foundation contribution",https://www.ie.edu/school-science-technology/programs/master-business-analytics-data-science/,The 2027 full-time Spring intake starts on April 20th. The 2027 part-time intake starts on February 9th.,"THE ANCHOR FINDING OF THIS SLICE, now confirmed from the page itself (curl with browser UA; WebFetch loops on redirects at ie.edu). The reported '9 February AND 20 April' pattern is real but is TWO DIFFERENT FORMATS, not two runs of the same cohort: 9 Feb 2027 = part-time/blended (17 months); 20 Apr 2027 = full-time in-person spring (11 months). Both are cohort starts, not application rounds. There is no spring deadline to record because IE is genuinely rolling — the one case in this slice where 'no deadline' is a sourced fact rather than a gap. Admission gates that matter more than any deadline: ieGAT, GMAT or GRE required; Kira online video assessment; personal interview; EUR 150 application fee. Duplicates/extends the record in spring/privates.jsonl and spring/from-dataset.jsonl — kept here because path X is this file's slice and the dates were re-verified.",YES; YES — TWO,,"path-X, privates",2,Madrid,"Comunidad de Madrid (teaching campus). NOTE: IE Universidad's legal seat is in Segovia, CASTILLA Y LEÓN — that is the community recorded against the title in RUCT ('CCAA: Castilla y León'). The degree is registered in Castilla y León but taught in Madrid; both facts are true and neither should be dropped.","IE Tower, Paseo de la Castellana 259E, Madrid (programme page: 'location: Madrid'; 'This 11-month format is based in Madrid with an international destination')",IE Universidad (IE University) — it awards its own official degree; there is no third-party awarding university and no franchising arrangement.,"private university (universidad privada, recognised Spanish university; degree-awarding in its own right)",3 (MECES nivel 3 — from the RUCT detail record),7,"EHEA level 7 (Bologna) — academic recognition across the European Higher Education Area. This is an official Spanish Máster Universitario (RUCT 4317722, MECES 3 = EQF 7), so it sits inside the EHEA, carries a Diploma Supplement as of right, and grants access to doctoral study. Two limits worth stating rather than glossing: (1) academic recognition inside the EHEA is not professional recognition for a regulated profession — that runs through Directive 2005/36/EC and a separate national procedure, and does not arise for an analytics degree anyway; (2) recognition abroad still goes through the receiving country's own procedure — the EHEA makes it routine, not automatic.",YES — automatic for an official Spanish máster universitario (statutory consequence of official status; not stated on IE's own page),YES — an official máster universitario gives access to Spanish doctoral programmes,"EUR 43,000 (2026 intakes). Verbatim from the Admissions & Fees page: 'TUITION 43,000€*' applying to the 'Part-Time February 2026 Intake' and the 'Full-Time April & September 2026 Intakes'.","EUR 43,000 — IDENTICAL to the EU figure. CONFIRMED FLAT RATE WITH NO NON-EU SURCHARGE: the Admissions & Fees page publishes ONE tuition figure covering every intake and every format, and contains no nationality-, residency- or EU/non-EU-based fee tier of any kind. The only price qualifiers on the page are 'Special Conditions for IE Alumni' and interest-free payment plans. This is a genuine and material finding for this non-EU candidate — unlike Spanish public universities (UPC 19.37→45.00 €/credit, UMH doubles, UAM 2,736→5,079, URJC 45.02→84.07 €/credit), IE charges a non-EU student exactly what it charges an EU student. Note the page addresses non-EU applicants explicitly on visa timing but never on price: 'If you are non-EU candidate, we encourage you to confirm your place and begin your visa process as early as possible.'","2026 intakes (February 2026 part-time; April & September 2026 full-time), as printed. The 2027 rates are not yet published — do not carry EUR 43,000 forward to a September 2027 intake as a fact.","EUR 1,200 one-off IE Foundation contribution, compulsory, paid during enrolment ('all IE Community members should make a one-off contribution to the IE Foundation. This is a single payment of €1,200'); EUR 150 non-refundable application fee; EUR 400 administrative charge if the payment plan runs to more than 3 consecutive instalments. Realistic all-in for a non-EU applicant: 43,000 + 1,200 + 150 = EUR 44,350, before the optional 400.",RUCT records BOE publication dates 22/10/2021 and 08/12/2021; fecha de verificación 24/05/2021,https://www.educacion.gob.es/ruct/estudio.action?codigoCiclo=SC&codigoTipo=M&CodigoEstudio=4317722&actual=estudios,"MÁSTER UNIVERSITARIO — OFFICIAL. Verified in RUCT: 'Máster Universitario en Analítica de Negocio / Master in Business Analytics por la IE Universidad', estado 'Publicado en B.O.E.' (healthy/active, NOT a extinguir). Nivel académico 'Máster - RD 822/2021 (3)'.","tuition, IE Foundation contribution, application fee, instalment charge, admissions process, English certificate thresholds, non-EU visa advice, absence of any non-EU price tier https://www.ie.edu/school-science-technology/programs/master-business-analytics-data-science/admissions-fees/ 2026-08-29 | language of instruction, location Madrid, intakes February/April/September, 11 vs 17 month formats, in-person/blended, absence of any RUCT code or official-status statement https://www.ie.edu/school-science-technology/programs/master-business-analytics-data-science/ 2026-08-29 | official status, RUCT code 4317722, MECES 3, RD 822/2021, 60 ECTS breakdown, BOE dates, verificación date, CCAA Castilla y León, complementos formativos not published https://www.educacion.gob.es/ruct/estudio.action?codigoCiclo=SC&codigoTipo=M&CodigoEstudio=4317722&actual=estudios 2026-08-29 | cross-check that 4315047 (predecessor) is A EXTINGUIR and 3500706 is the separate Computer Science and Business Technology title file://output/ruct-backbone.jsonl 2026-08-29",2
"UNIE Universidad (Universidad Internacional de la Empresa), Madrid — Campus Arapiles; private, Grupo Planeta",Máster Universitario en Analítica de Negocio / Master in Business Analytics,X | AB,"YES — April convocatoria, evidenced by a dedicated official academic calendar for this exact title",April (Convocatoria Abril) — second cohort; October is the first,"Programme header: 'Modalidad Presencial · Campus Arapiles · Duración 1 Año · Idioma Español · Créditos 60 ECTS · Comienza en OCT 2026'. The same page's quality/documentation block links TWO academic calendars: 'Calendario Académico 26/27' (Calendario2610_Master_BusinessAnalytics_Presencial.pdf) and 'Calendario Académico Abril 26/27' (MU_BUSINESS_ANALYTICS_ABRIL_2026.pdf). The April PDF's own title block reads: 'Calendario Académico 2026-27* Conv. Abril — Máster Universitario en Analítica de Negocios — Horario Clases: Lunes a Viernes de 18:00 a 22:00'. Its month grid runs MARZO 2026 through FEBRERO 2027, with legend entries 'Inicio Complementos Formativos', 'Welcome', 'Inicio docencia por semestre'.","2 — an October convocatoria and an April convocatoria, each with its own published academic calendar",October (Comienza en OCT 2026),"NOT FOUND — no closing date published; UNIE's own privacy notice on the form says it will contact applicants 'de cara a las dos próximas convocatorias del mismo', confirming two live convocatorias but not their deadlines","máster universitario (OFFICIAL) — RUCT 3500236 'Máster Universitario en Analítica de Negocio / Master in Business Analytics por la Universidad Internacional de la Empresa', estado 'Publicado en B.O.E.' (active) per output/ruct-backbone.jsonl. The page also links 'Informe favorable' and 'Verificación positiva' documents.",3500236,"Presencial (Campus Arapiles, Madrid) — evening timetable, 'Lunes a Viernes de 18:00 a 22:00'",Español (page states 'Idioma Español'; the English title in the RUCT name does not mean English delivery),NOT FOUND — no price published; UNIE directs enquiries to +34 919 032 201,https://www.universidadunie.com/programas/master-universitario-business-analytics,Calendario Académico 2026-27* Conv. Abril — Máster Universitario en Analítica de Negocios — Horario Clases: Lunes a Viernes de 18:00 a 22:00,"STRONGEST NEW FINDING IN FIELD X. This is a GENUINE second cohort, not an application round: UNIE publishes a SEPARATE, title-specific academic calendar for the April convocatoria, with its own 'Inicio docencia por semestre' and its own complementos-formativos start — a deadline-round would not get its own teaching calendar. The exact 'inicio docencia' day is colour-coded in the PDF grid and could not be read as text; the calendar window is March 2026 – February 2027, so complementos start in March and teaching in April. A human should open the PDF to read the highlighted day. UNIE uses the same two-calendar pattern across its másteres universitarios (e.g. Formación del Profesorado publishes '...Conv.Octubre.pdf' and '..._Abril.pdf'), so the April convocatoria is an institution-wide structure, not a one-off. Note the aggregator educaweb said 'próximas convocatorias abril y octubre' and was, unusually, RIGHT — but it is the university's own April calendar PDF that establishes it. Presencial + Spanish are the two filters for this candidate.",NO; YES — APR,,"from-dataset, path-X",2,,,,,,,,,,,,,,,,,,,1
"IMMUNE Technology Institute, Madrid — private tech school (not a Spanish university)","Maestría Oficial en Data Science & Business Analytics (URL /programas/maestria-data-science-business-analytics/, also reachable as /programas/maestria-oficial-en-data-science/)",AB | X,YES,March (marzo) — plus September and October,"«Convocatoria abierta para marzo, septiembre y octubre.» (site-wide banner on the programme page); headline badge reads «Próxima convocatoria: Octubre 2026»","3 (marzo, septiembre, octubre)",September and October,NOT FOUND — admission is by rolling application (solicitud de admisión → entrevista personal → comisión académica → matrícula); no published cut-off date,"NOT a Spanish máster universitario. IMMUNE is a private technology school; the page claims «Título oficial en Panamá, Colombia…» (awarded through foreign partner UMECIT / SEP Mexico on the English page). In Spain this is a título propio / private certificate — no RUCT code, no ANECA verification, no PhD access.",NONE — not a Spanish official title; no RUCT code exists and none is claimed,Online con clases en directo,Spanish (Spanish site); an English-language page exists at /en/ but the plan is delivered in Spanish,NOT FOUND — no price published; financing via Sequra/Quotanda/Fundae mentioned only,https://immune.institute/programas/maestria-data-science-business-analytics/,"Convocatoria abierta para marzo, septiembre y octubre.","60 créditos. The March intake is a genuine additional cohort start, not merely an application round — the phrase names the convocatoria months, and the same site shows OTHER IMMUNE masters with only «Próxima convocatoria: Octubre 2026» and no month list, so the three-month list is specific to this programme. WARNING for this candidate: officiality is claimed in Latin America (Panama/Colombia/Mexico), NOT Spain — this does not give Spanish official-master status, PhD access or eligibility for Spanish public scholarships.",NO; YES,YES,"path-AB, path-X",2,"ONLINE — 'Online con clases en directo' (live online classes). IMMUNE's own seat is Paseo de la Castellana 89, 28046 Madrid. The AWARDING university's seat is Panama City, Panama (UMECIT).",Comunidad de Madrid (IMMUNE's seat only — the degree is not a Spanish degree and is not registered in any Spanish autonomous community),No campus teaching for this programme — online with live classes; IMMUNE's Madrid campus at Paseo de la Castellana 89 hosts its other programmes,"Universidad Metropolitana de Educación, Ciencia y Tecnología (UMECIT), PANAMA — a Panamanian private university. NOT a Spanish university. IMMUNE itself is a private technology school and is not a university.",,"NOT APPLICABLE — outside MECES. MECES levels attach to Spanish official qualifications; a Panamanian maestría has no MECES level unless and until the holder obtains a Spanish 'equivalencia de nivel académico' or 'homologación' through the Ministerio de Universidades, which is a separate, applicant-initiated, fee-paying procedure with no guaranteed outcome and is neither included nor mentioned here.",NOT APPLICABLE — no EQF level; Panama is not in the EQF/EHEA,"NOT recognised across Europe as a degree. Panama is NOT a member of the European Higher Education Area (Bologna), so this qualification sits OUTSIDE the EHEA and OUTSIDE MECES, carries NO Diploma Supplement as of right (the Diploma Supplement is an EHEA instrument), and grants NO access to Spanish or other EHEA doctoral study without a prior, separately-applied-for recognition decision by the receiving country. Recognition anywhere in Europe is entirely at the discretion of the receiving institution or employer. The claim carried by the programme's own title — 'Oficial' — is legally true but is about PANAMA, COLOMBIA and ECUADOR, and the page says so in terms; read as a Spanish or European credential it is misleading, and it must not be relayed as such. Note also what the graduate actually receives from IMMUNE: the FAQ answers '¿Qué título o acreditación se entrega al terminar?' with 'recibirás un título emitido por IMMUNE Technology Institute en formato digital verificable mediante tecnología blockchain' — a blockchain-verified school certificate, which is not a degree in any jurisdiction.",NO,NO — not in Spain or the EHEA without a prior individual homologación/equivalencia decision,"NOT FOUND — IMMUNE publishes no tuition figure for this programme anywhere on the programme page. The page offers only financing routes ('Pago al contado — consulta los descuentos disponibles', Sequra instalments, FUNDAE bonificada, becas 'en función del perfil de los alumnos'), i.e. price is disclosed only after an admissions conversation. Do not accept any aggregator figure for this programme.","NOT FOUND — no tuition figure published at all, therefore no EU/non-EU comparison can be made. Page silence is NOT FOUND, not 'no surcharge'.",NOT FOUND for tuition. The non-academic fee schedule below states 'Precios válidos hasta diciembre 2026'.,"Published in IMMUNE's own fee schedule 'Tasas de servicios no académicos' (prices valid to December 2026). Reserva de plaza for 'Másters oficiales' EUR 300 (included in the matrícula). Then, under the heading 'PROGRAMAS OFICIALES — La Universidad Metropolitana de Educación, Ciencia y Tecnología (UMECIT), Panamá': expedición de título UMECIT EUR 200; derecho de grado (Maestría) EUR 250; apostilla EUR 150 'para estudiantes no panameños'; examen de 2ª lengua EUR 125; revisión gramatical del trabajo de grado EUR 1 per page. For this non-Panamanian candidate that is EUR 725 of graduation fees on top of tuition, before per-page proofreading. Further: certificado normal EUR 20 / urgente EUR 75, +EUR 20 if in a language other than Spanish; cambio de convocatoria EUR 75 first, EUR 150 second; and a late-thesis penalty of EUR 75 + 10% of the matrícula if the trabajo de grado is not delivered within four months.",NONE,,"TÍTULO PROPIO IN SPAIN — and this is the trap. The word 'Oficial' in the programme's own name means officially recognised IN PANAMA, COLOMBIA AND ECUADOR, not in Spain. Verbatim from the programme page: 'Título oficial en Panamá, Colombia y Ecuador por la Universidad Metropolitana de Educación, Ciencia y Tecnología (UMECIT)'. It is NOT a Spanish Máster Universitario, is NOT ANECA-verified and is NOT in RUCT.","awarding university UMECIT and the exact scope of 'oficial' (Panamá, Colombia, Ecuador); modality online con clases en directo; '60 Créditos'; intakes marzo/septiembre/octubre; 'Próxima convocatoria: Octubre 2026'; FAQ 'título emitido por IMMUNE Technology Institute ... blockchain'; UMECIT graduation and permanence requirements; admission steps; absence of any published tuition figure https://immune.institute/programas/maestria-data-science-business-analytics/ 2026-08-29 | fee schedule: reserva de plaza 300€, UMECIT título 200€, derecho de grado maestría 250€, apostilla 150€ for non-Panamanians, 2nd-language exam 125€, certificados, cambio de convocatoria; and the 'PROGRAMAS PROPIOS' vs 'PROGRAMAS OFICIALES' split listing only UMECIT/IPIA/Los Libertadores/DBS — no Spanish university https://immune.institute/wp-content/uploads/tasas-de-secretaria.pdf 2026-08-29 | late-thesis penalty 75€ + 10% of matrícula; four-month trabajo de grado window https://immune.institute/wp-content/uploads/tasa-por-prorroga-de-tutela-en-trabajo-de-grado-umecit.pdf 2026-08-29",1
Institut de Formació Contínua IL3 — Universitat de Barcelona (UB),Experto en Inteligencia Artificial Aplicada a la Música (Diploma de Experto),B | A | P,YES,April 2027 (13 April 2027),Fechas 13/4/2027 - 16/11/2027,"1 — a single annual cohort that runs April→November, i.e. the ONLY intake is a spring one. There is no autumn start to compare it against.",none — no September/October cohort exists for this programme,NOT FOUND — page states only 'Matrícula abierta' (enrolment open) with no closing date published,"título propio / curso propio — 'Diploma de Experto' de la Universitat de Barcelona, 15 ECTS. NOT a máster universitario, NOT in RUCT, no PhD access, not eligible for public postgraduate scholarships. Page labels it 'Tipología: Curso'.",NONE — curso propio; no RUCT code exists and none is claimed,"Presencial (Barcelona), with the page noting sessions can be followed remotely: 'sesiones presenciales de forma remota'",Castellano (verbatim field: 'Idioma Castellano'),"EUR 2,200 — verbatim: 'Precio 2.200 € (El precio incluye tasas administrativas de la Universidad de Barcelona)'. Rates as published for the 13/4/2027–16/11/2027 edition.",https://www.il3.ub.edu/experto-inteligencia-artificial-aplicada-a-la-musica,"Datos básicos — Créditos 15 ECTS | Tipología Curso | Idioma Castellano | Fechas 13/4/2027 - 16/11/2027 | Modalidad Presencial | Horario Martes de 18:00h a 21:00h, y un viernes al mes ... Lugar IL3 - Universitat de Barcelona. C/ Ciutat de Granada, 131 - 08018 Barcelona | Precio 2.200 € | Matrícula abierta","⭐ GENUINE SPRING ENTRY, AND THE ONLY ONE FOUND IN PATH B SO FAR — but it is NOT a master. The orchestrator brief asked whether that April start is a real cohort: it is. The page publishes an explicit dated cohort for the 2027 edition (13 April 2027 to 16 November 2027) with enrolment already open, not a generic 'April' marketing line. It is therefore a real spring-2027 entry point in the MIR/AI-for-music space — 6 months ahead of the candidate's September 2027 target — but it buys a 15-ECTS Diploma de Experto, not a 60/90-ECTS official master, so it cannot substitute for the target degree. Realistic use: a parallel or bridging credential, or evidence of field commitment on a Sept-2027 master application. Content mix per the page: ethics/legality/critical reflection on AI in music plus applied AI tooling for music professionals. ⚠️ DOMAIN NOTE, CORRECTING THE SHARED BRIEF: AGENT-BRIEF.md lists il3.ub.edu as Cloudflare-blocked. That is NO LONGER TRUE for curl with a browser User-Agent — 'curl -A <Chrome UA>' returned HTTP 200 and the full 211KB body on 2026-08-29. Future agents should retry il3.ub.edu with a UA before recording a block.",YES,,path-B,1,Barcelona,Cataluña,"IL3 - Universitat de Barcelona, C/ Ciutat de Granada 131, 08018 Barcelona. 'Modalidad: Presencial'; the page adds 'Este es un programa de carácter presencial pero incorpora la posibilidad que algunos estudiantes asistan a las sesiones presenciales de forma remota' — remote attendance is a possibility for SOME students, not a published online option, so do not record it as online.","Universitat de Barcelona (UB) — the diploma is issued 'por la Universitat de Barcelona'. IL3 is UB's continuing-education foundation, not a separate awarding body.","public university (Universitat de Barcelona) acting through its private-law continuing-education foundation, IL3. Note the consequence: the award is UB's OWN certificate, not an official UB degree, and the price is set commercially rather than by the Catalan decret de preus públics.",NOT APPLICABLE — outside MECES,NOT APPLICABLE — no EQF level,"NOT recognised across Europe as a qualification. This is a UB curso propio: it sits OUTSIDE MECES and OUTSIDE the European Higher Education Area (Bologna) framework, carries NO Diploma Supplement as of right, and grants NO doctoral access. Recognition in another European country is entirely at the discretion of the receiving institution or employer. NAMING THE LEGAL BASIS of the school's own claim, as required: the page says the course is 'diseñado según las directrices del Espacio Europeo de Educación Superior y equivalente a 15 créditos ECTS'. That is a statement about DESIGN and workload convention — the syllabus was built to EHEA credit conventions and UB rates it at 15 ECTS of student workload. It is NOT a statement that the qualification is placed in the EHEA qualifications framework, and it confers no automatic recognition anywhere. The ECTS figure is UB's own workload rating attached to a non-official certificate; it may well be accepted for credit transfer by a receiving university, but that is a discretionary decision, not an entitlement. The reputational weight here is real and worth stating separately from the legal weight: the awarding institution is a genuine public university (UB), which is a materially different situation from a private academy's self-issued certificate — but it does not change the legal category.",NO,NO,"EUR 2,200 for the full course. Verbatim: 'Precio 2.200 € (El precio incluye tasas administrativas de la Universidad de Barcelona)'. 15 ECTS, so EUR 146.67 per ECTS (2,200 ÷ 15).","EUR 2,200 — SAME as EU. Flat single rate: the page publishes one price and no nationality-, residency- or EU/non-EU-based tier of any kind. This matters and is a genuine finding: UB's confirmed non-EU surcharge applies to its OFFICIAL titles under the Catalan decret de preus públics, and a curso propio is priced commercially and outside that decree, so the surcharge does not reach this course. Note for completeness: Catalonia's Decret 96/2026 art. 1.5 confirms a long-stay study authorisation does not confer resident status, so this candidate would be non-resident for fee purposes on any OFFICIAL Catalan programme — but that is irrelevant to this particular price.","2027 cohort (course dates 13/04/2027 – 16/11/2027), price as published and accessed 2026-08-29","NONE PUBLISHED beyond the price — UB administrative fees are stated to be included ('El precio incluye tasas administrativas de la Universidad de Barcelona'). Discounts of 10% are offered to members/employees of APECAT (Asociación de Productores y Editores Fonográficos y Videográficos Catalanes), the Barcelona Music Tech Hub and the Acadèmia Catalana de la Música; discounts are not cumulative, are not retroactive, and must be accredited before the course starts.",NONE,,"TÍTULO PROPIO — and not even a máster propio. The page's own wording, verbatim: 'Acreditación académica: Diploma de Experto en Inteligencia Artificial Aplicada a la Música por la Universitat de Barcelona. Curso propio diseñado según las directrices del Espacio Europeo de Educación Superior y equivalente a 15 créditos ECTS.' 'Tipología: Curso'. It is a 15-ECTS expert diploma, not a master's of any kind: not ANECA-verified, not in RUCT.","academic accreditation wording, curso propio status, EHEA-design claim, 15 ECTS, awarding institution Universitat de Barcelona https://www.il3.ub.edu/experto-inteligencia-artificial-aplicada-a-la-musica 2026-08-29 | price EUR 2,200 including UB administrative fees, dates 13/4/2027–16/11/2027, modality presencial, venue C/ Ciutat de Granada 131 Barcelona, language Castellano, schedule, 31 weeks, 90 horas bonificadas, entry requirements, discounts https://www.il3.ub.edu/experto-inteligencia-artificial-aplicada-a-la-musica 2026-08-29",1
"LALIGA Business School, Madrid (título acreditado por la Universidad Alfonso X el Sabio)",Máster en Organización de Eventos Deportivos,S,YES,February 2027,"Programme fact strip, verbatim: «Fecha FEB 2027 · Duración 6 meses · Modalidad Presencial · Idioma ESPAÑOL». Month and year only — no day of month is published.","NOT FOUND — the page prints a single start (FEB 2027) and does not state how many cohorts run per year. It is a 6-month programme, so a February start is the programme's own calendar, not a second cohort of an October one.",NOT FOUND,NOT FOUND — no admission or enrolment closing date is published; the page routes to an admissions contact form and to Banco Santander financing agreements instead.,"TÍTULO PROPIO — page label «Máster de Formación Permanente y Acreditado por [Universidad Alfonso X el Sabio]». Máster de Formación Permanente is the post-RD 822/2021 legal name for a título propio: no ANECA verification, no RUCT entry, no PhD access, normally ineligible for public postgraduate scholarships. No RUCT code is printed anywhere on the page.",NONE — 'Máster de Formación Permanente' titles are not entered in RUCT; no code exists and none is claimed,"Presencial — LALIGA Business School campus, Madrid",Español — «Idioma ESPAÑOL» in the fact strip,NOT FOUND — no price figure published; the page shows financing options only,https://business-school.laliga.com/masters/master-en-organizacion-de-eventos-deportivos,Fecha FEB 2027 | Duración 6 meses | Modalidad Presencial | Idioma ESPAÑOL,"A genuine spring (February 2027) start, but note the trade-offs: (a) título propio, so no PhD access and no public funding; (b) SPORTS events, not music/live-entertainment — path S by subject matter but tangential to the candidate's music focus; (c) 6 months only, and Spanish-taught, which is a hard filter at A0/A1 Spanish; (d) a 6-month presential título propio is a weak basis for a Spanish long-stay study visa (visado de estudios normally expects a full academic course). Day of month and application deadline both need a human to ask admissions.",YES,,path-S,1,Madrid,Comunidad de Madrid,"Campus LALIGA, Madrid — 'Campus: LALIGA, Madrid'. Admissions/HQ address given on the site: Sede LALIGA, C/ Torrelaguna 60, 28043 Madrid.","Universidad Alfonso X el Sabio (UAX) — a private Spanish university. IMPORTANT PRECISION: the page's banner reads 'Máster de Formación Permantente [sic] y Acreditado por' followed only by the UAX logo (alt text 'Universidad Alfonso X el Sabio', file logo-uax.svg). The site says UAX ACCREDITS the programme; it never states in words who ISSUES the diploma, and no UAX programme reference, título propio code or UAX page link appears anywhere. So: awarding university = UAX on the strength of the accreditation mark, but the exact issuing arrangement is NOT stated and must be confirmed with admissions before relying on it.","private school (not a university) — LALIGA Business School is the 'Departamento Educativo de LALIGA', the Spanish professional football league's own school; the university involvement is UAX's accreditation only.",NOT APPLICABLE — outside MECES,NOT APPLICABLE — no EQF level,"NOT recognised across Europe as a degree. A Máster de Formación Permanente / título propio sits OUTSIDE MECES and OUTSIDE the European Higher Education Area (Bologna), carries NO Diploma Supplement as of right, and grants NO access to doctoral study. Recognition in another European country is entirely at the discretion of the receiving institution or employer — there is no automatic academic recognition. The page makes no explicit 'recognised in Europe' claim, so there is nothing to rebut, but note that the words 'Máster de Formación Permanente' and 'Acreditado por [a university]' are precisely the formula that reads as official to a non-Spanish applicant while carrying none of the legal consequences of an official Máster Universitario. Separately: UAX accreditation is a private quality mark from a private university, not a State act — it is not ANECA verification and it does not place the title in any qualifications framework.",NO,NO,"NOT FOUND — no price is published anywhere on the programme page. The only money content is financing: 'Pago: Posibilidad de financiación', a Grupo Banco Santander loan agreement, instalment plans, and Flywire for international payments. The price is disclosed only after requesting the folleto and speaking to admissions. Do not accept an aggregator figure.","NOT FOUND — no price published at all, so no EU/non-EU comparison is possible. Page silence is NOT FOUND, not 'no surcharge'. (The site does promote Flywire international payments, which implies non-Spanish students are expected, but that is a payment rail, not a fee tier.)",NOT FOUND — no price and therefore no rate year published,"NOT FOUND — none published. The page does state 'Experiencias: Viajes incluidos' (study trips included), so at least some travel is inside whatever the price is.",NONE,,"TÍTULO PROPIO. The page labels it 'Máster de Formación Permanente' — which is the post-RD 822/2021 legal NAME for a título propio, i.e. a university's own certificate. It reads official and is not. Not ANECA-verified, not in RUCT.","start date FEB 2027, modality presencial, 6-month duration, campus LALIGA Madrid, language ESPAÑOL, 'Posibilidad de financiación', 'Viajes incluidos', limited places, absence of any published price or ECTS https://business-school.laliga.com/masters/master-en-organizacion-de-eventos-deportivos 2026-08-29 | 'Máster de Formación Permantente y Acreditado por' + UAX logo (alt='Universidad Alfonso X el Sabio', src=.../img/logo-uax.svg) — the sole evidence of the awarding/accrediting university https://business-school.laliga.com/masters/master-en-organizacion-de-eventos-deportivos 2026-08-29 | admission requirements, Santander financing agreement, Flywire international payments, Madrid admissions address https://business-school.laliga.com/masters/master-en-organizacion-de-eventos-deportivos 2026-08-29",1
"PontIA (pontia.tech) — private online tech school, Madrid-based; NOT a university","Máster en Data Engineering, MLOps y Arquitectura Cloud",AC | AB,YES,February (16 February 2027),«Próxima convocatoria: 16 Febrero 2027 - 23 Noviembre 2027 — Duración: 32 semanas — Formato: Live - Streaming / Online — Idioma: Español»,2 published — 15 September 2026 and 16 February 2027,"15 September 2026 - 3 junio 2027 (32 semanas, Live-Streaming/Online, Spanish)",NOT FOUND — no cut-off date published; the page only says «Solicita tu plaza antes del cierre de inscripciones … las plazas son limitadas»,"título propio / private certificate — the page answers this itself: «¿Es un máster universitario oficial? Es formación profesional intensiva de PontIA, escuela digital online especializada en ingeniería de datos, IA y ciencia de datos. Te llevas un certificado propio de PontIA.» Labelled «39 ECTS* · Diploma de Especialización». No RUCT code, no ANECA verification, no PhD access, not eligible for Spanish public scholarships.",NONE — no official title; no code exists and none is claimed,"Online / Live-Streaming (32 weeks, part-time evening)",Spanish — «Idioma: Español» stated explicitly for both convocatorias,NOT FOUND — no price published on the page; enquiry form only,https://www.pontia.tech/master-en-data-engineering-mlops-y-arquitectura-cloud/,Próxima convocatoria: 16 Febrero 2027 - 23 Noviembre 2027. Duración: 32 semanas. Formato: Live - Streaming / Online. Idioma: Español.,"GENUINE SPRING COHORT START — the date is given as a start-and-end pair (16 Feb 2027 → 23 Nov 2027), which is a cohort run, not an application window. Two distinct cohorts a year, both fully dated. This is one of the very few Cloud/MLOps-titled programmes in Spain with a February start. Caveats for this candidate: (a) not official, so no PhD access and no public funding; (b) 39 ECTS, well short of a 60-ECTS master; (c) Spanish-only delivery, a hard filter at A0/A1; (d) it starts Feb 2027, i.e. BEFORE the candidate's September-2027 target, so it would function as a pre-master upskilling option rather than a degree.",YES,,path-AC,1,"ONLINE — '100% online y en directo', 'Formato: Live-Streaming / Online'. PontIA is a Madrid-based online school; it has no teaching campus for this programme.",Comunidad de Madrid (school's base only — no campus teaching),"None — fully online, live-streamed","NONE — no university awards this. PontIA answers the question itself, verbatim, in its own FAQ: '¿Es un máster universitario oficial? Es formación profesional intensiva de PontIA, escuela digital online especializada en ingeniería de datos, IA y ciencia de datos. Te llevas un CERTIFICADO PROPIO DE PONTIA. Si lo que buscas es un título universitario homologado, hay otras opciones más alineadas con esa búsqueda; si lo que buscas es el conocimiento y el porfolio que las empresas piden hoy, estás en el sitio.' No university, accreditor or awarding partner is named anywhere on the page. Credit where due: this is the most honest disclosure in the batch — the school states plainly that it is not a university title and points applicants who need one elsewhere.",private school (not a university) — 'escuela digital online',NOT APPLICABLE — outside MECES,NOT APPLICABLE — no EQF level,"NOT recognised across Europe. This is a private school's own certificate with no university behind it: it sits OUTSIDE MECES and OUTSIDE the European Higher Education Area (Bologna), carries NO Diploma Supplement as of right, and grants NO doctoral access. Any recognition in another European country is entirely at the discretion of the receiving employer or institution. On the '39 ECTS*' printed in the page header: ECTS is a workload-transfer unit, and a non-university school assigning itself ECTS does not place the certificate in the EHEA framework or make those credits transferable as of right — a receiving university may or may not accept them, at its own discretion. The asterisk after '39 ECTS*' is NOT explained anywhere on the page, so even the school's own qualification of the figure is unavailable. PontIA makes no 'recognised in Europe' claim to rebut.",NO,NO,"NOT FOUND — no price is published anywhere on the programme page. Only payment routes appear: 'Financiado en 24 meses ... sin intereses ni comisiones' via finance partners, 'Paga cuando trabajes', 'Cuotas Pontia' and 'Contado', with 'Habla con admisiones' for the actual figure. Do not accept an aggregator price.","NOT FOUND — no price published at all, so no EU/non-EU comparison is possible. Page silence is NOT FOUND, not 'no surcharge'.",NOT FOUND — no price and therefore no rate year published,NOT FOUND — none published,NONE,,"TÍTULO PROPIO / private certificate — self-declared. The award is a 'Diploma de Especialización' issued by PontIA itself. Not ANECA-verified, not in RUCT. Note the marketing name 'Máster' does no legal work here and the school does not pretend otherwise.","official status FAQ ('¿Es un máster universitario oficial?' → 'certificado propio de PontIA'), absence of any university, '39 ECTS* · Diploma de Especialización', convocatorias 16/02/2027–23/11/2027 and 15/09/2026–03/06/2027, 32 weeks, Live-Streaming/online, 'Idioma: Español', curriculum modules, financing options, absence of any published price https://www.pontia.tech/master-en-data-engineering-mlops-y-arquitectura-cloud/ 2026-08-29",1
SAE Institute Spain (SAE Creative Media Education) — Madrid & Barcelona; título awarded by UDIMA (Universidad a Distancia de Madrid),Máster en Producción de Audio,A,YES,February (spring) and October (autumn),Fechas de inicio — Madrid: 'Febrero 2026' / 'Octubre 2026'. Barcelona: 'Febrero de 2027' / 'Octubre 2026'. (Month only; no day-of-month published.),2 per campus,"October (Madrid Oct 2026, Barcelona Oct 2026)",NOT FOUND — SAE publishes no dated application window. Its admissions page describes only a rolling process ('Para poder realizar tu matrícula en SAE Spain es un requisito indispensable cumplir con el proceso de admisión estipulado') and refers enquiries to advisers for 'las fechas de inicio y los planes de pago'.,"TÍTULO PROPIO — marketed as 'Máster en Formación Permanente en Producción de Audio acreditado por UDIMA (60 ECTS)'. 'Máster de Formación Permanente' is the post-RD 822/2021 legal name for a título propio: NOT ANECA-verified, NOT in RUCT, NO PhD access, normally ineligible for public postgraduate funding. Applicants without an official degree instead receive a 'Máster Profesional' (an even weaker, non-credit-bearing award). Plus a 'Diploma Profesional emitido por SAE Creative Media Education'.","NONE — no official title, so no RUCT code; none is claimed on the page",presencial (campus Madrid / Barcelona),Español — entry requirements state 'IDIOMA: Español',NOT FOUND — no price published anywhere on sae.edu/esp; disclosed only by an educational adviser,https://www.sae.edu/esp/courses/produccion-de-audio/,"'Fechas de inicio — Madrid: Febrero 2026, Octubre 2026 | Barcelona: Febrero de 2027, Octubre 2026'. Award: 'Podrás conseguir las siguientes titulaciones: Máster Profesional en Producción de Audio acreditado por UDIMA. Máster en Formación Permanente en Producción de Audio acreditado por UDIMA (60 ECTS). En cualquiera de los casos, obtendrás el Diploma Profesional emitido por SAE Creative Media Education.' Duración: '24 meses'. Access: 'Para obtener el Máster de Formación Permanente (60 ECTS) emitido por UDIMA, deberás disponer de un título universitario oficial de Grado, Licenciatura, Ingeniería Superior o Técnica...'","⭐ STRONGEST SPRING HIT IN THIS SLICE, and the only one in it that names a 2027 spring date outright: Barcelona 'Febrero de 2027'. ECTS = 60, so unlike SAE's electronic/urban 'másteres' this is a full-weight credit load. BUT the award is a título propio (Máster de Formación Permanente) — it is NOT an official máster universitario, gives NO PhD access, and its adequacy for a Spanish student visa is UNVERIFIED and must be confirmed with the consulate before relying on it (a non-official private certificate can still support a study visa if the course is full-time and ≥20h/week, but SAE does not state contact hours on this page). Language of instruction is SPANISH, which is a hard filter for a candidate at A0/A1. Duration 24 months means a Feb-2027 Barcelona start would run to early 2029. Madrid's published February date is 'Febrero 2026' (already past at access date) — the page had not been refreshed for Feb 2027 in Madrid, so a Madrid Feb 2027 cohort is PLAUSIBLE BUT NOT PUBLISHED; do not assume it. No fee and no deadline are published; both need a human enquiry.",YES,,"music-schools, national-sweep",2,Madrid and Barcelona (two campuses; the same programme runs at both),Comunidad de Madrid (Madrid campus) / Cataluña (Barcelona campus),"Campus Madrid and Campus Barcelona. IMPORTANT for a spring start: the published start dates are NOT the same at the two campuses — 'Madrid: Febrero 2026, Octubre 2026; Barcelona: Febrero de 2027, Octubre 2026'. The February 2027 intake is published for BARCELONA only; Madrid's published February intake is February 2026, already past. Confirm before assuming a Madrid spring 2027 start.","Universidad a Distancia de Madrid (UDIMA) — a private Spanish university. But read the structure exactly, because there are THREE possible awards and only one of them is UDIMA's Máster de Formación Permanente. Verbatim from the page: 'Podrás conseguir las siguientes titulaciones: Máster Profesional en Producción de Audio acreditado por UDIMA. Máster en Formación Permanente en Producción de Audio acreditado por UDIMA (60 ECTS). En cualquiera de los casos, obtendrás el Diploma Profesional emitido por SAE Creative Media Education.' Which UDIMA award you get depends on your prior qualification, again verbatim: 'Para obtener el Máster de Formación Permanente (60 ECTS) emitido por UDIMA, deberás disponer de un título universitario oficial de Grado, Licenciatura, Ingeniería Superior o Técnica, Arquitectura Superior o Técnica, Diplomatura o equivalente. En caso de NO disponer una de las titulaciones mencionadas, obtendrás un Máster Profesional emitido por UDIMA siempre y cuando demuestres, al menos, 2 años de experiencia profesional. En ambos casos obtendrás el Diploma Profesional de SAE.' SAE itself is a private school, not a university; SAE always issues its own Diploma Profesional on top. SAE's own menu labels every one of these programmes 'Máster en ... por UDIMA'.","private school (not a university) — SAE Creative Media Education. The university in the arrangement is UDIMA, a private university.",NOT APPLICABLE — outside MECES,NOT APPLICABLE — no EQF level,"NOT recognised across Europe as a degree. A UDIMA Máster de Formación Permanente is a título propio: it sits OUTSIDE MECES and OUTSIDE the European Higher Education Area (Bologna), carries NO Diploma Supplement as of right, and grants NO access to doctoral study. Recognition in another European country is entirely at the discretion of the receiving institution or employer — there is no automatic academic recognition. The ECTS figure is real in the sense that a Spanish university (UDIMA) has assigned it, which makes credit transfer more plausible than for a non-university certificate, but it remains discretionary on the receiving side and confers no framework placement. Note the page's use of the word 'oficial': it appears only in 'certificaciones oficiales de Ableton, ProTools, Cubase, DiGiCo, Wwise y Midas' (vendor product certifications) and in 'título universitario oficial' as an ENTRY requirement — never as a description of the award itself. That distinction is easy to miss and matters.",NO,NO,"NOT FOUND — SAE publishes no price for this programme, and no price on its Becas y Ayudas page either; every scholarship there is expressed as a percentage discount on an unpublished 'precio de la matrícula'. Price is disclosed only through an admissions adviser. Do not accept an aggregator figure.","NOT FOUND — no price published at all, so no EU/non-EU comparison is possible. Page silence is NOT FOUND, not 'no surcharge'.",NOT FOUND — no price and therefore no rate year published,"NOT FOUND — none published. SAE Barcelona's own aid schedule (percentages off an unpublished matrícula) includes: Beca Excelencia Bachillerato 60%, Beca Excelencia Primer Curso SAE 60% off year two, alumno/ex-alumno de otros programas SAE 40%, familiares de alumnos 20%, discapacidad ≥33% 30%, familia numerosa 10%, desempleo/ERTE 10%, mujeres víctimas de violencia de género 40%. None of these is plausibly available to this candidate. The external YMEF scholarship listed there pays a one-off EUR 1,000–2,000.",NONE,,"TÍTULO PROPIO. 'Máster de Formación Permanente' is the post-RD 822/2021 legal NAME for a título propio — a university's own certificate. It is NOT a Máster Universitario: not ANECA-verified, not in RUCT. The lesser 'Máster Profesional' route is weaker still. The SAE 'Diploma Profesional' is a private school certificate with no university behind it at all.","awards and their ECTS (60 ECTS), UDIMA as accrediting university, SAE Diploma Profesional, the two-tier Formación Permanente vs Máster Profesional access rule, duration, campuses, start dates per campus, language of instruction and the international Spanish-evidence requirement, minimum age, admission by questionnaire + interview, absence of any published price https://www.sae.edu/esp/courses/produccion-de-audio/ 2026-08-29 | scholarships and discounts expressed as percentages of an unpublished matrícula price; YMEF external scholarship EUR 1,000–2,000 https://www.sae.edu/esp/becas-y-ayudas/ 2026-08-29",2
SAE Institute Spain — Madrid & Barcelona; título awarded by UDIMA,Máster en Producción de Música Electrónica,A,YES,February (spring) and October (autumn),Fechas de inicio — Madrid: 'Febrero 2026' / 'Octubre 2026'. Barcelona: 'Febrero de 2027' / 'Octubre 2026'.,2 per campus,October,"NOT FOUND — rolling admission, no dated window published","TÍTULO PROPIO — 'Máster en Formación Permanente en Producción de Música Electrónica acreditado por UDIMA (25 ECTS)'. Not official, not in RUCT, no PhD access, normally ineligible for public funding.",,presencial (Madrid / Barcelona),Español,NOT FOUND — no price published,https://www.sae.edu/esp/courses/produccion-musica-electronica/,"'Máster en Formación Permanente en Producción de Música Electrónica acreditado por UDIMA (25 ECTS)'; 'Duración: 8 meses'; 'Fechas de inicio — Madrid: Febrero 2026, Octubre 2026 | Barcelona: Febrero de 2027, Octubre 2026'; 'Obtendrás un Diploma Profesional de SAE, además del Máster de Formación Permanente (25 ECTS), o Máster Profesional, otorgado por la Universidad a Distancia de Madrid, UDIMA.'","⚠️ THE 25-ECTS TRAP CONFIRMED FROM SOURCE. This is called a 'máster' but carries only 25 ECTS over 8 months — under half a normal 60-ECTS master's year and well below the 60 ECTS a Spanish máster universitario requires. It is a certificate in master's clothing. For a student-visa application that is a material weakness: a Spanish long-stay study visa expects full-time study, and an 8-month, 25-credit private certificate is at high risk of being judged insufficient — and it confers no PhD access and no MECES level. The February/'Febrero de 2027' Barcelona start is real and correctly recorded here, but the award is not a master's in any legal sense. Spanish-language instruction is an additional hard filter. RECORD, DO NOT RECOMMEND.",YES,,music-schools,1,,,,,,,,,,,,,,,,,,,1
SAE Institute Spain (campuses Madrid and Barcelona); award accredited by UDIMA — Universidad a Distancia de Madrid,"Máster en Producción de Música Electrónica (Máster de Formación Permanente, acreditado por UDIMA)",A,YES,"February (per campus, alongside October)","Programme page 'Fechas de inicio' block, verbatim (live, 2026-08-29): 'Madrid: Febrero 2026, Octubre 2026 · Barcelona: Febrero de 2027, Octubre 2026'. Two cohort starts a year per campus, February and October — and note Barcelona's next published start is FEBRUARY 2027, an actual dated spring cohort.",2 (February and October),October,"NOT FOUND — no application deadline is published. Admission is by 'Cumplimentar el cuestionario de admisión y realizar entrevista de acceso con uno de nuestros asesores educativos' (admission questionnaire plus an interview with an adviser), i.e. rolling.","título propio — 'Máster de Formación Permanente (60 ECTS) emitido por UDIMA' (Universidad a Distancia de Madrid), i.e. the post-RD 822/2021 name for a título propio: NOT ANECA-verified, NOT in RUCT, NO PhD access, normally ineligible for public scholarships. The page offers two exit awards verbatim: 'Máster Profesional en Producción de Música Electrónica acreditado por UDIMA' and 'Máster en Formación Permanente en Producción de Música Electrónica acreditado por UDIMA (60 ECTS)' — the 60-ECTS one requires an official university degree, which this candidate has. Plus 'el Diploma Profesional emitido por SAE Creative Media Education'.","NONE — no official title, so no RUCT code; none is claimed on the page",presencial (fully in-person) at the Madrid or Barcelona campus. Duration NOT CAPTURED.,Spanish (the programme site is Spanish-only; SAE Spain teaches in Spanish). NOT stated as an explicit 'idioma de impartición' line — flag.,NOT PUBLISHED on the page — NOT FOUND.,https://www.sae.edu/esp/courses/produccion-musica-electronica/,'Fechas de inicio — Madrid Febrero 2026 Octubre 2026 · Barcelona Febrero de 2027 Octubre 2026',"Candidate hit came from output/deferred_candidates.jsonl (lines 83 and 87) — discovered but never enriched. VERIFIED LIVE on sae.edu 2026-08-29. The February-2027 Barcelona start is one of very few DATED spring cohorts found anywhere in this sweep. IMPORTANT LIMITATIONS: título propio (no PhD access, no public funding), no published price, and the deferred record's caveat still stands — the page lists no Sept/Oct 2027 start yet, so the candidate's own Sept-2027 target intake is unconfirmed here. Entry rule quoted verbatim: 'Para obtener el Máster de Formación Permanente (60 ECTS) emitido por UDIMA, deberás disponer de un título universitario oficial de Grado, Licenciatura, Ingeniería Superior o Técnica...' — a 5-year Software Engineering degree qualifies.",YES,,from-dataset,1,Madrid and Barcelona (two campuses; the same programme runs at both),Comunidad de Madrid (Madrid campus) / Cataluña (Barcelona campus),"Campus Madrid and Campus Barcelona. IMPORTANT for a spring start: the published start dates are NOT the same at the two campuses — 'Madrid: Febrero 2026, Octubre 2026; Barcelona: Febrero de 2027, Octubre 2026'. The February 2027 intake is published for BARCELONA only; Madrid's published February intake is February 2026, already past. Confirm before assuming a Madrid spring 2027 start.","Universidad a Distancia de Madrid (UDIMA) — a private Spanish university. But read the structure exactly, because there are THREE possible awards and only one of them is UDIMA's Máster de Formación Permanente. Verbatim from the page: 'Podrás conseguir las siguientes titulaciones: Máster Profesional en Producción de Música Electrónica acreditado por UDIMA. Máster en Formación Permanente en Producción de Música Electrónica acreditado por UDIMA (25 ECTS). En cualquiera de los casos, obtendrás el Diploma Profesional emitido por SAE Creative Media Education.' Which UDIMA award you get depends on your prior qualification, again verbatim: 'Para obtener el Máster de Formación Permanente (25 ECTS) emitido por UDIMA, deberás disponer de un título universitario oficial de Grado, Licenciatura, Ingeniería Superior o Técnica, Arquitectura Superior o Técnica, Diplomatura o equivalente. En caso de NO disponer una de las titulaciones mencionadas, obtendrás un Máster Profesional emitido por UDIMA siempre y cuando demuestres, al menos, 2 años de experiencia profesional. En ambos casos obtendrás el Diploma Profesional de SAE.' SAE itself is a private school, not a university; SAE always issues its own Diploma Profesional on top. SAE's own menu labels every one of these programmes 'Máster en ... por UDIMA'.","private school (not a university) — SAE Creative Media Education. The university in the arrangement is UDIMA, a private university.",NOT APPLICABLE — outside MECES,NOT APPLICABLE — no EQF level,"NOT recognised across Europe as a degree. A UDIMA Máster de Formación Permanente is a título propio: it sits OUTSIDE MECES and OUTSIDE the European Higher Education Area (Bologna), carries NO Diploma Supplement as of right, and grants NO access to doctoral study. Recognition in another European country is entirely at the discretion of the receiving institution or employer — there is no automatic academic recognition. The ECTS figure is real in the sense that a Spanish university (UDIMA) has assigned it, which makes credit transfer more plausible than for a non-university certificate, but it remains discretionary on the receiving side and confers no framework placement. Note the page's use of the word 'oficial': it appears only in 'certificaciones oficiales de Ableton, ProTools, Cubase, DiGiCo, Wwise y Midas' (vendor product certifications) and in 'título universitario oficial' as an ENTRY requirement — never as a description of the award itself. That distinction is easy to miss and matters.",NO,NO,"NOT FOUND — SAE publishes no price for this programme, and no price on its Becas y Ayudas page either; every scholarship there is expressed as a percentage discount on an unpublished 'precio de la matrícula'. Price is disclosed only through an admissions adviser. Do not accept an aggregator figure.","NOT FOUND — no price published at all, so no EU/non-EU comparison is possible. Page silence is NOT FOUND, not 'no surcharge'.",NOT FOUND — no price and therefore no rate year published,"NOT FOUND — none published. SAE Barcelona's own aid schedule (percentages off an unpublished matrícula) includes: Beca Excelencia Bachillerato 60%, Beca Excelencia Primer Curso SAE 60% off year two, alumno/ex-alumno de otros programas SAE 40%, familiares de alumnos 20%, discapacidad ≥33% 30%, familia numerosa 10%, desempleo/ERTE 10%, mujeres víctimas de violencia de género 40%. None of these is plausibly available to this candidate. The external YMEF scholarship listed there pays a one-off EUR 1,000–2,000.",NONE,,"TÍTULO PROPIO. 'Máster de Formación Permanente' is the post-RD 822/2021 legal NAME for a título propio — a university's own certificate. It is NOT a Máster Universitario: not ANECA-verified, not in RUCT. The lesser 'Máster Profesional' route is weaker still. The SAE 'Diploma Profesional' is a private school certificate with no university behind it at all.","awards and their ECTS (25 ECTS), UDIMA as accrediting university, SAE Diploma Profesional, the two-tier Formación Permanente vs Máster Profesional access rule, duration, campuses, start dates per campus, language of instruction and the international Spanish-evidence requirement, minimum age, admission by questionnaire + interview, absence of any published price https://www.sae.edu/esp/courses/produccion-musica-electronica/ 2026-08-29 | scholarships and discounts expressed as percentages of an unpublished matrícula price; YMEF external scholarship EUR 1,000–2,000 https://www.sae.edu/esp/becas-y-ayudas/ 2026-08-29",2
SAE Institute Spain — Madrid & Barcelona; título awarded by UDIMA,Máster en Producción de Música Urbana,A,YES,February (spring) and October (autumn),Fechas de inicio — Madrid: 'Febrero 2026' / 'Octubre 2026'. Barcelona: 'Febrero de 2027' / 'Octubre 2026'.,2 per campus,October,NOT FOUND — rolling admission,"TÍTULO PROPIO — 'Máster en Formación Permanente en Producción de Música Urbana acreditado por UDIMA (25 ECTS)'. Not official, not in RUCT, no PhD access.","NONE — no official title, so no RUCT code; none is claimed on the page",presencial (Madrid / Barcelona),Español,NOT FOUND,https://www.sae.edu/esp/courses/programa-en-produccion-de-musica-urbana/,"'Máster en Formación Permanente en Producción de Música Urbana acreditado por UDIMA (25 ECTS)'; 'Duración: 8 meses'; 'Fechas de inicio — Madrid: Febrero 2026, Octubre 2026 | Barcelona: Febrero de 2027, Octubre 2026'.","⚠️ Same 25-ECTS/8-month structure as the electronic-music programme — a private certificate marketed as a 'máster'. The spring start is genuine; the award is not a master's. Note also that SAE's own enquiry form offers separate start options 'Marzo 2026 / Marzo 2027' and 'Abril 2026' for two of its five listed courses, but the form does not label which course each date belongs to, so those March/April dates are NOT attributable to a named programme from this page and are recorded here only as an unresolved lead, not as a fact about this programme.",YES,,music-schools,1,Madrid and Barcelona (two campuses; the same programme runs at both),Comunidad de Madrid (Madrid campus) / Cataluña (Barcelona campus),"Campus Madrid and Campus Barcelona. IMPORTANT for a spring start: the published start dates are NOT the same at the two campuses — 'Madrid: Febrero 2026, Octubre 2026; Barcelona: Febrero de 2027, Octubre 2026'. The February 2027 intake is published for BARCELONA only; Madrid's published February intake is February 2026, already past. Confirm before assuming a Madrid spring 2027 start.","Universidad a Distancia de Madrid (UDIMA) — a private Spanish university. But read the structure exactly, because there are THREE possible awards and only one of them is UDIMA's Máster de Formación Permanente. Verbatim from the page: 'Podrás conseguir las siguientes titulaciones: Máster Profesional en Producción de Música Urbana acreditado por UDIMA. Máster en Formación Permanente en Producción de Música Urbana acreditado por UDIMA (25 ECTS). En cualquiera de los casos, obtendrás el Diploma Profesional emitido por SAE Creative Media Education.' Which UDIMA award you get depends on your prior qualification, again verbatim: 'Para obtener el Máster de Formación Permanente (25 ECTS) emitido por UDIMA, deberás disponer de un título universitario oficial de Grado, Licenciatura, Ingeniería Superior o Técnica, Arquitectura Superior o Técnica, Diplomatura o equivalente. En caso de NO disponer una de las titulaciones mencionadas, obtendrás un Máster Profesional emitido por UDIMA siempre y cuando demuestres, al menos, 2 años de experiencia profesional. En ambos casos obtendrás el Diploma Profesional de SAE.' SAE itself is a private school, not a university; SAE always issues its own Diploma Profesional on top. SAE's own menu labels every one of these programmes 'Máster en ... por UDIMA'.","private school (not a university) — SAE Creative Media Education. The university in the arrangement is UDIMA, a private university.",NOT APPLICABLE — outside MECES,NOT APPLICABLE — no EQF level,"NOT recognised across Europe as a degree. A UDIMA Máster de Formación Permanente is a título propio: it sits OUTSIDE MECES and OUTSIDE the European Higher Education Area (Bologna), carries NO Diploma Supplement as of right, and grants NO access to doctoral study. Recognition in another European country is entirely at the discretion of the receiving institution or employer — there is no automatic academic recognition. The ECTS figure is real in the sense that a Spanish university (UDIMA) has assigned it, which makes credit transfer more plausible than for a non-university certificate, but it remains discretionary on the receiving side and confers no framework placement. Note the page's use of the word 'oficial': it appears only in 'certificaciones oficiales de Ableton, ProTools, Cubase, DiGiCo, Wwise y Midas' (vendor product certifications) and in 'título universitario oficial' as an ENTRY requirement — never as a description of the award itself. That distinction is easy to miss and matters.",NO,NO,"NOT FOUND — SAE publishes no price for this programme, and no price on its Becas y Ayudas page either; every scholarship there is expressed as a percentage discount on an unpublished 'precio de la matrícula'. Price is disclosed only through an admissions adviser. Do not accept an aggregator figure.","NOT FOUND — no price published at all, so no EU/non-EU comparison is possible. Page silence is NOT FOUND, not 'no surcharge'.",NOT FOUND — no price and therefore no rate year published,"NOT FOUND — none published. SAE Barcelona's own aid schedule (percentages off an unpublished matrícula) includes: Beca Excelencia Bachillerato 60%, Beca Excelencia Primer Curso SAE 60% off year two, alumno/ex-alumno de otros programas SAE 40%, familiares de alumnos 20%, discapacidad ≥33% 30%, familia numerosa 10%, desempleo/ERTE 10%, mujeres víctimas de violencia de género 40%. None of these is plausibly available to this candidate. The external YMEF scholarship listed there pays a one-off EUR 1,000–2,000.",NONE,,"TÍTULO PROPIO. 'Máster de Formación Permanente' is the post-RD 822/2021 legal NAME for a título propio — a university's own certificate. It is NOT a Máster Universitario: not ANECA-verified, not in RUCT. The lesser 'Máster Profesional' route is weaker still. The SAE 'Diploma Profesional' is a private school certificate with no university behind it at all.","awards and their ECTS (25 ECTS), UDIMA as accrediting university, SAE Diploma Profesional, the two-tier Formación Permanente vs Máster Profesional access rule, duration, campuses, start dates per campus, language of instruction and the international Spanish-evidence requirement, minimum age, admission by questionnaire + interview, absence of any published price https://www.sae.edu/esp/courses/programa-en-produccion-de-musica-urbana/ 2026-08-29 | scholarships and discounts expressed as percentages of an unpublished matrícula price; YMEF external scholarship EUR 1,000–2,000 https://www.sae.edu/esp/becas-y-ayudas/ 2026-08-29",1
SAE Institute Spain (campuses Madrid and Barcelona); award accredited by UDIMA — Universidad a Distancia de Madrid,"Máster en Producción de Música Urbana (Máster de Formación Permanente, 60 ECTS, acreditado por UDIMA)",A,YES,"February (per campus, alongside October)","Programme page 'Fechas de inicio' block, verbatim (live, 2026-08-29): 'Madrid: Febrero 2026, Octubre 2026 · Barcelona: Febrero de 2027, Octubre 2026'. Two cohort starts a year per campus, February and October — and note Barcelona's next published start is FEBRUARY 2027, an actual dated spring cohort.",2 (February and October),October,"NOT FOUND — no application deadline is published. Admission is by 'Cumplimentar el cuestionario de admisión y realizar entrevista de acceso con uno de nuestros asesores educativos' (admission questionnaire plus an interview with an adviser), i.e. rolling.","título propio — 'Máster de Formación Permanente (60 ECTS) emitido por UDIMA' (Universidad a Distancia de Madrid), i.e. the post-RD 822/2021 name for a título propio: NOT ANECA-verified, NOT in RUCT, NO PhD access, normally ineligible for public scholarships. The page offers two exit awards verbatim: 'Máster Profesional en Producción de Música Urbana acreditado por UDIMA' and 'Máster en Formación Permanente en Producción de Música Urbana acreditado por UDIMA (60 ECTS)' — the 60-ECTS one requires an official university degree, which this candidate has. Plus 'el Diploma Profesional emitido por SAE Creative Media Education'.","NONE — no official title, so no RUCT code; none is claimed on the page",presencial (fully in-person) at the Madrid or Barcelona campus. Duration 8 months.,Spanish (the programme site is Spanish-only; SAE Spain teaches in Spanish). NOT stated as an explicit 'idioma de impartición' line — flag.,NOT PUBLISHED on the page — NOT FOUND.,https://www.sae.edu/esp/courses/programa-en-produccion-de-musica-urbana/,'Fechas de inicio — Madrid Febrero 2026 Octubre 2026 · Barcelona Febrero de 2027 Octubre 2026',"Candidate hit came from output/deferred_candidates.jsonl (lines 83 and 87) — discovered but never enriched. VERIFIED LIVE on sae.edu 2026-08-29. The February-2027 Barcelona start is one of very few DATED spring cohorts found anywhere in this sweep. IMPORTANT LIMITATIONS: título propio (no PhD access, no public funding), no published price, and the deferred record's caveat still stands — the page lists no Sept/Oct 2027 start yet, so the candidate's own Sept-2027 target intake is unconfirmed here. Entry rule quoted verbatim: 'Para obtener el Máster de Formación Permanente (60 ECTS) emitido por UDIMA, deberás disponer de un título universitario oficial de Grado, Licenciatura, Ingeniería Superior o Técnica...' — a 5-year Software Engineering degree qualifies. Content: beatmaking, mixing/mastering in the box, vocal processing, sequencers, sampling, voice recording — directly relevant to a working music producer.",YES,,from-dataset,1,Madrid and Barcelona (two campuses; the same programme runs at both),Comunidad de Madrid (Madrid campus) / Cataluña (Barcelona campus),"Campus Madrid and Campus Barcelona. IMPORTANT for a spring start: the published start dates are NOT the same at the two campuses — 'Madrid: Febrero 2026, Octubre 2026; Barcelona: Febrero de 2027, Octubre 2026'. The February 2027 intake is published for BARCELONA only; Madrid's published February intake is February 2026, already past. Confirm before assuming a Madrid spring 2027 start.","Universidad a Distancia de Madrid (UDIMA) — a private Spanish university. But read the structure exactly, because there are THREE possible awards and only one of them is UDIMA's Máster de Formación Permanente. Verbatim from the page: 'Podrás conseguir las siguientes titulaciones: Máster Profesional en Producción de Música Urbana acreditado por UDIMA. Máster en Formación Permanente en Producción de Música Urbana acreditado por UDIMA (25 ECTS). En cualquiera de los casos, obtendrás el Diploma Profesional emitido por SAE Creative Media Education.' Which UDIMA award you get depends on your prior qualification, again verbatim: 'Para obtener el Máster de Formación Permanente (25 ECTS) emitido por UDIMA, deberás disponer de un título universitario oficial de Grado, Licenciatura, Ingeniería Superior o Técnica, Arquitectura Superior o Técnica, Diplomatura o equivalente. En caso de NO disponer una de las titulaciones mencionadas, obtendrás un Máster Profesional emitido por UDIMA siempre y cuando demuestres, al menos, 2 años de experiencia profesional. En ambos casos obtendrás el Diploma Profesional de SAE.' SAE itself is a private school, not a university; SAE always issues its own Diploma Profesional on top. SAE's own menu labels every one of these programmes 'Máster en ... por UDIMA'.","private school (not a university) — SAE Creative Media Education. The university in the arrangement is UDIMA, a private university.",NOT APPLICABLE — outside MECES,NOT APPLICABLE — no EQF level,"NOT recognised across Europe as a degree. A UDIMA Máster de Formación Permanente is a título propio: it sits OUTSIDE MECES and OUTSIDE the European Higher Education Area (Bologna), carries NO Diploma Supplement as of right, and grants NO access to doctoral study. Recognition in another European country is entirely at the discretion of the receiving institution or employer — there is no automatic academic recognition. The ECTS figure is real in the sense that a Spanish university (UDIMA) has assigned it, which makes credit transfer more plausible than for a non-university certificate, but it remains discretionary on the receiving side and confers no framework placement. Note the page's use of the word 'oficial': it appears only in 'certificaciones oficiales de Ableton, ProTools, Cubase, DiGiCo, Wwise y Midas' (vendor product certifications) and in 'título universitario oficial' as an ENTRY requirement — never as a description of the award itself. That distinction is easy to miss and matters.",NO,NO,"NOT FOUND — SAE publishes no price for this programme, and no price on its Becas y Ayudas page either; every scholarship there is expressed as a percentage discount on an unpublished 'precio de la matrícula'. Price is disclosed only through an admissions adviser. Do not accept an aggregator figure.","NOT FOUND — no price published at all, so no EU/non-EU comparison is possible. Page silence is NOT FOUND, not 'no surcharge'.",NOT FOUND — no price and therefore no rate year published,"NOT FOUND — none published. SAE Barcelona's own aid schedule (percentages off an unpublished matrícula) includes: Beca Excelencia Bachillerato 60%, Beca Excelencia Primer Curso SAE 60% off year two, alumno/ex-alumno de otros programas SAE 40%, familiares de alumnos 20%, discapacidad ≥33% 30%, familia numerosa 10%, desempleo/ERTE 10%, mujeres víctimas de violencia de género 40%. None of these is plausibly available to this candidate. The external YMEF scholarship listed there pays a one-off EUR 1,000–2,000.",NONE,,"TÍTULO PROPIO. 'Máster de Formación Permanente' is the post-RD 822/2021 legal NAME for a título propio — a university's own certificate. It is NOT a Máster Universitario: not ANECA-verified, not in RUCT. The lesser 'Máster Profesional' route is weaker still. The SAE 'Diploma Profesional' is a private school certificate with no university behind it at all.","awards and their ECTS (25 ECTS), UDIMA as accrediting university, SAE Diploma Profesional, the two-tier Formación Permanente vs Máster Profesional access rule, duration, campuses, start dates per campus, language of instruction and the international Spanish-evidence requirement, minimum age, admission by questionnaire + interview, absence of any published price https://www.sae.edu/esp/courses/programa-en-produccion-de-musica-urbana/ 2026-08-29 | scholarships and discounts expressed as percentages of an unpublished matrícula price; YMEF external scholarship EUR 1,000–2,000 https://www.sae.edu/esp/becas-y-ayudas/ 2026-08-29",2
"EUDE Business School, Madrid — private business school (entidad colaboradora de la Universidad Camilo José Cela)",Máster en Big Data & Business Analytics (presencial; an online version also exists),X | AB,YES,March and June (two of the three cohort starts fall inside the Jan–Jun window),"Banner printed on the programme page: 'CONVOCATORIA ABIERTA MASTERS PRESENCIALES (MARZO, JUNIO Y OCTUBRE)'","3 — March, June, October",October,"NOT FOUND — EUDE publishes no closing date, only 'convocatoria abierta' and a Comité de Admisiones process","título propio — EUDE is a business school, not a university; the page states only that EUDE is an 'entidad colaboradora' of UCJC. Not in RUCT.",NONE,"Presencial (Madrid, campus Arturo Soria); a separate online version of the same master exists",Español,NOT FOUND on page (the page advertises a 75% beca but no headline price),https://www.eude.es/master/master-en-big-data-business-analytics/,"EUDE's own blog, 17 June 2025: 'Esta mañana, martes 17 de junio, EUDE Business School ha celebrado la jornada de bienvenida para los alumnos de la convocatoria de junio 2025' — 'más de un centenar de estudiantes que inician su formación de máster en modalidad presencial', and the masters named include 'el Máster en Big Data y Business Analytics'.","VERIFIED AS A REAL COHORT START, not merely an application round: EUDE's own welcome-day post shows students of the June convocatoria — this master among them — beginning their studies on 17 June. So the March and June convocatorias are genuine intakes. Caveat for the candidate: título propio, Spanish-taught, no published price. Deferred-candidate index 512.",YES,,from-dataset,1,Madrid,Comunidad de Madrid,"Campus EUDE, Calle Arturo Soria 245, 28033 Madrid (the address given in the site's own data-protection notice; the page describes the campus as being on calle Arturo Soria)","NONE — no university awards this. EUDE's own wording is the whole story: «EUDE Business School es entidad colaboradora de la prestigiosa Universidad Camilo José Cela». «Entidad colaboradora» is a collaboration statement, NOT an awarding statement — the page never says UCJC issues this title, and there is no titulación section on the page at all. EUDE's own site-wide list «Las diferentes nomenclaturas de Nuestros Másters y Maestrías» flags exactly two programmes as OFICIAL (Máster MBA OFICIAL and Máster Marketing Digital OFICIAL); Big Data & Business Analytics is not among them. ⚠️ NOTE ON THE INPUT DATA: the batch input file records the institution as «UCJC». That is wrong and should be corrected — the institution is EUDE Business School, and UCJC does not award this title.","private school (not a university) — a business school; UCJC, the university it collaborates with, is a private university",NOT IN MECES,"NOT IN EQF — no MECES level, therefore no EQF/EHEA level","NOT in the EHEA framework. A business-school diploma: outside MECES, no Diploma Supplement as of right, no doctoral access, no automatic academic recognition in any European country. ⚠️ EUDE's page markets an international-alliance network (UCM, UCJC, UCAM, UDIMA, and universities in Argentina, Peru, Colombia, Mexico, Ecuador, the USA) and calls itself an «Escuela Europea» — neither of those is legal recognition of this qualification. The alliances page is about internationalisation partnerships, not about who awards this degree, and nothing on it names an awarding institution for Big Data & Business Analytics.",NO,NO,"NOT FOUND — no price of any kind appears on the programme page (no euro symbol, no importe, no precio). The only financial claim is a banner reading «OBTÉN UNA BECA DEL 75%». A 75% scholarship against an undisclosed list price cannot be evaluated and must not be treated as a fee figure. EUDE also runs a Plan de Becas y Ayudas (Becas al Honor Académico, Impulso a la Empleabilidad, Becas Patrocinadas, Becas Alumni sin Retorno de Capital) through its foundation, restricted to applicants who already hold a university qualification.","NOT FOUND — no price published, so no differential can be checked",NOT FOUND,NOT FOUND,,,"título propio / school diploma. No ANECA verification, no BOE reference, no RUCT code, and no university named as awarding body anywhere on the programme page.","entidad colaboradora UCJC wording, campus Arturo Soria, convocatorias marzo/junio/octubre, scholarship plan, absence of titulación/price/ECTS https://www.eude.es/master/master-en-big-data-business-analytics/ 2026-08-29 | EUDE's own list of which of its masters are OFICIAL, and the scope of its university alliances https://www.eude.es/universidades/ 2026-08-29",1
"ISEMCO — International School of Event Management & Communication, Madrid (delivers the title of Universidad Camilo José Cela; the same page also names Universidad Rey Juan Carlos — see CONFLICT in notes)","Máster Universitario en Dirección de Protocolo, Producción, Organización y Diseño de Eventos (page header reads 'Máster Universitario en Dirección, Organización y Producción de Eventos Corporativos e Institucionales')",S,YES — but ONLY in the a distancia (distance) modality,"February (distance modality) — a genuine second cohort with its own 60-place allocation, its own timetable and its own examination calendar, not merely a second application round","Places table, verbatim: 'PLAZAS NUEVO INGRESO — Modalidad Presencial: 60 por curso | Modalidad Semipresencial: 30 por curso | Modalidad A distancia: 60 por curso (octubre) y 60 por curso (febrero)'. The page then offers two separate timetables and calendars, 'A distancia – Febrero' and 'A distancia – Octubre'. The February calendar PDF (hosted at ucjc.blackboard.com) is titled: 'CALENDARIO ACADÉMICO / CURSO 2021 – 2022 / convocatoria de FEBRERO / Máster Oficial / Dirección de Protocolo, Producción, Organización y Diseño de Eventos / A DISTANCIA' and opens with a 'Sesión inaugural' on Monday 21 February at 19.00–20.00, followed by classes on 22, 23 and 24 February.",2 in the distance modality (October and February); 1 (October) presencial and semipresencial,October — all three modalities,"NOT FOUND. ISEMCO/UCJC publish an admission document checklist but no dated window: 'Documentación obligatoria para todos los alumnos de postgrado: Solicitud de admisión; DNI o Pasaporte; Certificado académico de notas; Título que da acceso o resguardo de pago de las tasas; Curriculum Vitae; Carta de Motivación; Resguardo de pago de la transferencia bancaria por valor de 40€ en concepto de admisión...'. Non-EU applicants additionally need 'Certificado o carta de la Universidad de origen, acreditando que con su titulación se puede acceder a estudios de Postgrado y/o Maestrías'.","MÁSTER UNIVERSITARIO (OFFICIAL) for the UCJC title — RUCT 4312968, estado 'Publicado en B.O.E. (TITULACIÓN RENOVADA)', Nivel MECES 3, Máster RD 1393/2007, rama Ciencias Sociales y Jurídicas, verificación 26/07/2011, BOE 07/01/2012 / 01/03/2012 / 29/07/2013, renovación de acreditación 21/10/2024 (and 23/02/2018). ECTS 60 = 48 OB + 6 prácticas + 6 TFM; complementos formativos NOT PUBLISHED IN RUCT (null). The page states 'te permite acceder a los estudios de doctorado', consistent with an official title.",4312968,"presencial, semipresencial and a distancia — BUT the February cohort exists only a distancia","Español (site is Spanish-only; no explicit 'idioma de impartición' statement was found — recorded as inferred from the page language, not from a declaration)","NOT FOUND for this title — the price tab links to financing forms rather than stating a figure. (ISEMCO's sibling título propio in the same school is priced at 4,990 EUR; do NOT carry that figure across.)",https://isemco.eu/formacion/master-universitario-organizacion-eventos/,'Modalidad A distancia: 60 por curso (octubre) y 60 por curso (febrero)'; calendar links 'A distancia – Febrero' / 'A distancia – Octubre'; February PDF header 'convocatoria de FEBRERO ... A DISTANCIA'.,"⭐ A REAL FEBRUARY COHORT ON AN OFFICIAL MÁSTER UNIVERSITARIO — the only official (RUCT-registered, MECES 3, PhD-granting) title in this whole slice with a spring start. That makes it the strongest option here on paper. ⚠️ BUT FOUR SERIOUS CAVEATS, ALL OF WHICH BEAR ON THE VISA QUESTION. (1) THE FEBRUARY COHORT IS DISTANCE-LEARNING ONLY. A Spanish long-stay study visa requires full-time presential study; an online cohort will generally NOT support one, so the February intake may be legally useless to a non-EU applicant who needs to move to Spain. The presencial and semipresencial cohorts start in October only. (2) THE PUBLISHED FEBRUARY CALENDAR IS FIVE YEARS STALE — it is the 2021-22 academic calendar, footer-stamped 'Actualizado a 26 de noviembre de 2021'. The places table still allocates 60 February places, so the intake is presumably still live, but NO 2026-27 or 2027 February calendar is published and the exact 2027 start date is NOT FOUND. A human must confirm the February 2027 cohort still runs. (3) ⚠️ CONFLICT — TWO DIFFERENT TITLES ON ONE PAGE. The page's H1 and its diploma list say 'Máster Universitario en Dirección, Organización y Producción de Eventos Corporativos e Institucionales por la Universidad Rey Juan Carlos', while its summary text, its RUCT link and all its calendars (ucjc.blackboard.com) say 'Máster Universitario en Dirección de Protocolo, Producción, Organización y Diseño de Eventos por la Universidad Camilo José Cela'. This matters a great deal: the URJC title is RUCT 4316273 with estado 'Publicado en B.O.E. (TITULACIÓN A EXTINGUIR)' — a title being WOUND DOWN, which per the shared brief may not accept a 2027 intake at all — whereas the UCJC title (4312968) is 'TITULACIÓN RENOVADA' and healthy. The calendars being on UCJC's own Blackboard is the strongest evidence that what is actually taught is the UCJC title, but the discrepancy is unresolved and MUST be put to ISEMCO before anyone applies. (4) FIT IS TANGENTIAL to the music path: this is corporate/institutional protocol and events, and touches live music only in passing ('eventos culturales como festivales de música').",YES — BUT,,music-schools,1,Madrid (presencial/semipresencial) — ONLINE for the «a distancia» February cohort,Comunidad de Madrid,"UCJC's own page names the campus as «Castellana - Facultad de Comunicación y Diseño», Madrid; RUCT confirms the teaching centre as UCJC's Facultad de Comunicación y Diseño (centre code 28051748). ISEMCO, the collaborating school, has its own Madrid site at C/ Diego de León 47, 28043 Madrid, and ISEMCO's page also mentions «campus Madrid y Asturias» for its wider portfolio — but the OFFICIAL UCJC master is taught at Campus Castellana or online, and the Asturias/Extremadura offerings on the same site are separate, non-official ISEMCO/other-university titles.","Universidad Camilo José Cela (UCJC). The diploma reads «Máster Universitario en Dirección de Protocolo, Producción, Organización y Diseño de Eventos por la Universidad Camilo José Cela». ISEMCO is a collaborating school (it «garantiza las prácticas»), not the awarding body and not a university.","private university (UCJC, Comunidad de Madrid). ISEMCO is a private school (not a university).",MECES 3 (RUCT «Nivel MECES: 3»),EQF/EHEA level 7,"EHEA level 7 (Bologna) — academic recognition across the EHEA. Legal basis: RUCT 4312968, MECES level 3, published in the BOE, accreditation renewed 21/10/2024. As an official Spanish Máster Universitario it is a second-cycle Bologna qualification, carries a Diploma Supplement as of right and gives access to doctoral study — the programme page states this directly («te permite acceder a los estudios de doctorado»), and here that claim is legally correct rather than marketing. The two standard limits still apply: it is academic, not professional, recognition (a regulated profession runs through Directive 2005/36/EC), and recognition in another EHEA state still goes through that state's own procedure — routine under the Lisbon Recognition Convention, but not automatic. NOTE ON THE SURROUNDING CATALOGUE: ISEMCO sells this official UCJC master on the same site as several similarly named non-official products — «Máster de Formación Permanente en Protocolo, Organización y Producción de Eventos», «Máster en Dirección y Producción de Eventos, Comunicación Corporativa y Protocolo», an MBA, and a «Máster Universitario en Dirección de Eventos y Protocolo» awarded by a DIFFERENT university (Universidad del Atlántico Medio, RUCT 4317071). Only the UCJC title under RUCT 4312968 is the one described here; the «Formación Permanente» ones are títulos propios with none of the above.",YES,YES,"EUR 5,430 total for the ONLINE / a distancia modality (reserva de plaza 750 + precio docencia 4,680 = precio máster 5,430) and EUR 7,620 total for the PRESENCIAL modality (reserva de plaza 1,500 + precio docencia 6,120 = precio máster 7,620). These are UCJC's own published price sheets; the reserva de plaza is part of the total, not on top of it.","NOT FOUND as a distinct rate. UCJC's price sheets publish one figure per modality with no nationality qualifier — no non-EU, non-resident or international row exists on either PDF. As a private university UCJC applies a flat rate in practice, which for this non-EU candidate is a real positive: unlike the public system (where non-EU rates commonly double), there is no nationality surcharge published here. But the sheets do not say nationality is irrelevant, so per the brief this is NOT FOUND rather than «no surcharge».","2025-26 — printed on both price sheets as «Precios 2025-26», document version «v.1 Abril 2025». These are therefore one cycle behind a February 2027 start and should be expected to rise.","«Apertura de expediente»: EUR 225 presencial / EUR 125 online (UCJC's own students are exempt). EUR 40 non-refundable admission processing transfer payable to the university's account (CEU SEK S.A., Banco Santander) with the application file. Both price sheets state «Tasas de Secretaría y Seguros no incluidos» — secretarial fees and insurance are extra and are NOT quantified anywhere, so that component is NOT FOUND. A 2% discount applies if the whole programme is paid up front.","Fecha de verificación 26/07/2011; BOE publication dates 07/01/2012, 01/03/2012 and 29/07/2013. Renovación de la acreditación: resolución favorable 23/02/2018 and again 21/10/2024 — the accreditation is current, which matters more than the 2011 verification date.",https://www.educacion.gob.es/ruct/estudio.action?codigoCiclo=SC&codigoTipo=M&CodigoEstudio=4312968&actual=estudios,"máster universitario (OFFICIAL) — RUCT 4312968, estado «Publicado en B.O.E. (TITULACIÓN RENOVADA)», nivel académico «Máster - RD 1393/2007 (1)». UCJC's own page confirms it is an official master and states the access rules for official master's studies verbatim from RD 1393/2007.","language, campus, modality, ects breakdown, access rules, start month https://www.ucjc.edu/master/direccion-protocolo-produccion-organizacion-diseno-eventos/ 2026-08-29 | tuition presencial https://www.ucjc.edu/pdfs/estudios/master_universitario_direccion_protocolo_produccion_organizacion_diseno_eventos.pdf 2026-08-29 | tuition online, fees_extra, rate year 2025-26 https://www.ucjc.edu/pdfs/estudios/master_universitario_direccion_protocolo_produccion_organizacion_diseno_eventos_online.pdf 2026-08-29 | awarding university, ISEMCO role, places per intake, admission file, EUR 40 admission fee, apostille rule https://isemco.eu/formacion/master-en-direccion-y-produccion-de-eventos-comunicacion-corporativa-y-protocolo/ 2026-08-29 | entry requirements dossier https://isemco.eu/wp-content/uploads/2024/01/5.-Dossier-Universitario-Oficial.pdf 2026-08-29 | ruct_code, meces_level, ects, BOE dates, accreditation renewals, teaching centre https://www.educacion.gob.es/ruct/estudio.action?codigoCiclo=SC&codigoTipo=M&CodigoEstudio=4312968&actual=estudios 2026-08-29",2
Universidad Camilo José Cela (UCJC) — delivered with ID Digital School,Máster Universitario en People Analytics y Gestión de Talento Digital,X | AB,YES,February 2027 (a distancia / online) — the NEXT intake for that modality; October 2026 (presencial),«Precio y Modalidades — Presencial 5.900 € * Próxima convocatoria: octubre 2026 (*Más 225€ por apertura de expediente) · A distancia 3.300 € * Próxima convocatoria: febrero 2027 (*Más 125€ por apertura de expediente)»,"2 across the two modalities — the presencial and a distancia cohorts run on offset cycles (presencial October, a distancia February). It is NOT stated that either single modality runs twice a year.","October 2026 (presencial, Campus Castellana Madrid)","NOT FOUND as a date — no closing date is published, and the page says the enrolment window is announced individually: «La apertura del plazo de matriculación será informado directamente por la coordinación al alumnado.» What IS published is the process and its timing pressure: admission is by dossier emailed to alejandra@iddigitalschool.com (título académico superior, expediente académico certificado, DNI/pasaporte, CV, DOS cartas de recomendación, carta de motivación, plantilla de solicitud); if approved, UCJC's admissions department sends an admission letter, after which «El estudiante podrá realizar la reserva de plaza (600 € que se descontarán del importe total del Máster)… disponiendo de 5 días hábiles para realizar el pago de la misma.» Places are limited and oversubscribed: «cuenta actualmente con un ratio de 1,25 solicitudes por cada plaza disponible. Por ello, el proceso de admisión valora el perfil académico y profesional de los candidatos, recomendándose iniciar la solicitud con antelación para asegurar plaza en la convocatoria.» Non-Spanish qualifications: «Si has realizado tus estudios en territorio extranjero deberás escribir a la coordinación del Máster para indicarte los detalles de los documentos que debes entregar.»","máster universitario (OFFICIAL) — RUCT 3500166. Page: «El nuevo Máster Universitario (Oficial) en People Analytics y Gestión de Talento Digital… La oficialidad del programa y su plan de estudios se pueden verificar mediante su inscripción en el Registro Universitario de Centros y Títulos, el RUCT, así como en las publicaciones oficiales del BOE y en el BOCM.» Accredited by Fundación para el Conocimiento madri+d. NOTE: this is one of the titles the AGENT-BRIEF flags as absent from the keyword backbone but genuinely official.",3500166,"The February 2027 intake is A DISTANCIA (online) ONLY. Presencial is taught at UCJC's Campus Castellana, Madrid (Calle Juan Hurtado de Mendoza).",Spanish (programme and all materials in Spanish),"EUR 3,300 for the a distancia (February) intake, plus EUR 125 apertura de expediente = EUR 3,425 total. (Presencial is EUR 5,900 + EUR 225 = EUR 6,125.) Rates as published for the octubre 2026 / febrero 2027 convocatorias. A EUR 600 reserva de plaza is deducted from the total.",https://iddigitalschool.com/master-people-analytics/,A distancia 3.300 € * Próxima convocatoria: febrero 2027,"STRONGEST SPRING FIND IN THIS SLICE FOR A DATED FUTURE INTAKE: an explicitly named «febrero 2027» next convocatoria on an OFFICIAL master, at a price (EUR 3,425 all-in) far below the IE alternative. The structure is not 'two intakes of the same course' but two modalities on offset cycles — presencial in October, online in February — so the February route is online-only. ⚠️ PROVENANCE: read on iddigitalschool.com, the co-delivering school's own site, NOT on ucjc.edu, which sits behind a SiteGround JS proof-of-work anti-bot challenge returning HTTP 202 to every automated client (the brief's claimed browser-UA 200 retry did not reproduce). I did not attempt to defeat that challenge. LIST IN gaps.md: a human should confirm the February 2027 start date and price on www.ucjc.edu and calidad.ucjc.edu. Also worth a human check: whether a non-EU applicant can obtain a student visa for an online-only programme — the online modality may not support one, which would neutralise this option for this candidate.",YES,,privates,1,ONLINE for the February cohort; Madrid for the presencial cohort,"Comunidad de Madrid (RUCT: CCAA authorisation by Comunidad de Madrid, 13/08/2024)","Two modalities with different homes. PRESENCIAL is taught at UCJC's Campus Castellana, calle Juan Hurtado de Mendoza, Madrid (between Cuzco and Plaza de Castilla) — the page describes the building explicitly. A DISTANCIA has no campus. RUCT names the teaching centre as UCJC's Facultad de Comunicación y Diseño (centre code 28051748). ID Digital School is the delivery partner, not the awarding body, and has no separate campus of its own for this title.",Universidad Camilo José Cela (UCJC) — the degree is a UCJC title; ID Digital School delivers it «en colaboración con la Universidad Camilo José Cela». Admission letters are issued by «el departamento de admisiones Universidad Camilo José Cela (UCJC) de Madrid».,private university (UCJC is a private university in the Comunidad de Madrid; ID Digital School is a private school and is NOT a university),MECES 3 (RUCT «Nivel MECES: 3»),EQF/EHEA level 7,"EHEA level 7 (Bologna) — academic recognition across the EHEA, and here the legal basis is fully documented: RUCT 3500166, MECES level 3, nivel académico «Máster - RD 822/2021 (3)», plan de estudios published in the BOE 21/02/2025. As an official Spanish Máster Universitario it is a second-cycle Bologna qualification, carries a Diploma Supplement as of right and gives access to doctoral study. WHERE THE PAGE OVERSTATES IT: ID Digital School writes that the title «cuenta con plena validez internacional» and «es reconocido en 49 países». That is a marketing gloss on EHEA membership, not a legal fact — what EHEA membership actually delivers is (a) that the qualification is read as a second-cycle degree in the other EHEA countries and (b) that recognition procedures there are streamlined under the Lisbon Recognition Convention. It is NOT automatic: the receiving country's own competent authority or university still runs its own recognition procedure. And it says nothing at all about PROFESSIONAL recognition for a regulated profession, which runs separately through Directive 2005/36/EC.",YES,YES,"EUR 3,300 for the A DISTANCIA modality (the February cohort) and EUR 5,900 for the PRESENCIAL modality — full programme totals, published as flat prices, not per credit.","NOT FOUND as a distinct rate. The page publishes exactly one price per modality with no nationality qualifier anywhere: there is no non-EU, non-resident or international row. UCJC is a private university and private universities in Spain normally charge one flat rate irrespective of nationality — which for this non-EU candidate is a genuine positive finding, because there is no public-university-style doubling to absorb. But the page does not state that nationality is irrelevant, so per the brief this is recorded as NOT FOUND rather than as «no surcharge», and a human should confirm with admissions.","Not labelled with a rate year on the page. The prices are displayed against the «próxima convocatoria» of octubre 2026 (presencial) and febrero 2027 (a distancia), i.e. they are the 2026-27 rates as published on 2026-08-29.","EUR 225 «apertura de expediente» for the presencial modality; EUR 125 «apertura de expediente» for a distancia. Plus a EUR 600 «reserva de plaza» payable within 5 working days of admission — this is DEDUCTED from the total tuition, not additional, and is refundable only if the student fails the legal access requirements. So the realistic all-in for the February a distancia cohort is 3,300 + 125 = EUR 3,425.",Fecha de verificación 11/03/2024; autorización del Consejo de Ministros 17/09/2024; publicación del Acuerdo de Consejo de Ministros en el BOE 27/09/2024; publicación del plan de estudios en el BOE 21/02/2025. Autorización de la Comunidad de Madrid 13/08/2024. Curso de inicio de impartición 2024/2025.,https://www.educacion.gob.es/ruct/estudio.action?codigoCiclo=SC&codigoTipo=M&CodigoEstudio=3500166&actual=estudios,"máster universitario (OFFICIAL) — verified from the register, not from marketing. The page itself deep-links the RUCT detail record for code 3500166, and RUCT returns «Máster Universitario en People Analytics y Gestión de Talento Digital por la Universidad Camilo José Cela», nivel académico «Máster - RD 822/2021 (3)», estado «Publicado en B.O.E.». Quality report by Fundación para el Conocimiento madri+d (the Madrid regional agency, which under RD 822/2021 may evaluate in ANECA's place — «no ANECA report» is not evidence against officiality).","tuition, fees_extra, start_month, modality, campus, awarding university, admission file https://iddigitalschool.com/master-people-analytics/ 2026-08-29 | ruct_code, meces_level, ects breakdown, complementos formativos, BOE dates, teaching centre, CCAA https://www.educacion.gob.es/ruct/estudio.action?codigoCiclo=SC&codigoTipo=M&CodigoEstudio=3500166&actual=estudios 2026-08-29",1
Universidad a Distancia de Madrid (UDIMA),Máster Universitario en Análisis de Datos para la Gestión Empresarial,AB | X,YES (institution-level rule; exact date NOT FOUND),"NOT FOUND — second semester (February inferred from UDIMA's exam calendar, not published as a start date)",Programme page: 'Inicio Sept. 2026'. No spring date is printed. The spring start is established only by the Reglamento: 'habrá dos plazos generales de matriculación: uno para iniciar los estudios en el primer semestre y otro para iniciarlos en el segundo semestre.',"2 (one per semester, for all official UDIMA titles)",Autumn: 'Inicio Sept. 2026',NOT FOUND as a date. Rule only: 'El plazo de matrícula finalizará la semana anterior al comienzo del semestre.',máster universitario (OFFICIAL) — page states 'Informe favorable de la Fundación para el Conocimiento Madri+d con fecha 12/03/2025 en trámite de inscripción en el Registro'; RUCT 3500771 recorded in wave-2 verified.jsonl,3500771,100% Online,castellano (not separately re-verified in this pass),NOT FOUND — no price shown on the programme page,https://www.udima.es/master-universitario-analisis-de-datos-para-la-gestion-empresarial,"UDIMA Reglamento de acceso y admisión (versión septiembre 2023), Disposiciones Adicionales, Primera — VERBATIM: 'Los plazos de matriculación son comunes para todas las titulaciones oficiales de la UDIMA, y serán establecidos en cada semestre del curso académico correspondiente. Con carácter general, habrá dos plazos generales de matriculación: uno para iniciar los estudios en el primer semestre y otro para iniciarlos en el segundo semestre.' Also art. on matrícula: 'el interesado deberá formalizar la matrícula dentro de los plazos establecidos por la UDIMA en cada semestre del curso académico correspondiente.' Cómo Matricularse, step 05 — VERBATIM: 'Matrícula abierta hasta una semana antes del semestre. El plazo de matrícula finalizará la semana anterior al comienzo del semestre.' Programme page header — VERBATIM: 'Inicio Sept. 2026| Duración 1 curso | Créditos 60 ECTs | Metodología 100% Online'.","VERDICT: YES at institution level, but the exact spring date is NOT PUBLISHED. UDIMA's own admission regulation is explicit that the second window exists in order to START studies, not merely to enrol in second-semester subjects — the wording is 'uno para INICIAR los estudios en el primer semestre y otro para INICIARLOS en el segundo semestre', and it applies 'para todas las titulaciones oficiales de la UDIMA'. That satisfies the brief's test for a genuine second cohort start. What is NOT published anywhere I could reach: the calendar date on which the second semester begins, and therefore the exact spring start date and its matriculation deadline. UDIMA has no public 'calendario académico' page (both plausible URLs 404) and the FAQ page is JS-rendered and did not yield the dates. The programme page advertises only 'Inicio Sept. 2026'. By UDIMA's own exam calendar the first semester's first convocatoria is in February and the second semester's is in July ('Primer semestre: Primera convocatoria: Febrero ... Segundo semestre: Primera convocatoria: Julio'), which places the second-semester teaching start in February — but that is an INFERENCE from the exam calendar, not a published start date, and is recorded as such rather than as a fact. ACTION FOR A HUMAN: ask UDIMA admissions for the second-semester start date and matriculation window for 2026-27 / 2027-28. Historic corroboration exists (UDIMA press notices titled 'Matrícula abierta para el segundo semestre en la UDIMA' and 'La UDIMA amplía su plazo de matrícula hasta el 6 de marzo') but those are dated 2019 and earlier and are not cited as current facts.",YES (INST,,online,1,ONLINE,"Comunidad de Madrid (awarding university's seat: Collado Villalba, Madrid)","100% online (Virtual). UDIMA's seat/campus is Carretera de La Coruña, KM.38,500, Vía de Servicio nº 15, 28400 Collado Villalba, Madrid; no teaching campus for this title",Universidad a Distancia de Madrid (UDIMA),private university,3,7,"EHEA level 7 (Bologna) — academic recognition across the EHEA. Evidence: RUCT 3500771, 'Nivel académico: Máster - RD 822/2021 (3)', Nivel MECES 3 = EQF/EHEA level 7. CAVEAT 1: academic recognition inside the EHEA is not professional recognition for a regulated profession, which runs through Directive 2005/36/EC and a separate national process. CAVEAT 2: recognition abroad still requires the receiving country's own procedure — the EHEA makes it routine, not automatic.",YES,YES,"NOT FOUND — UDIMA publishes no tuition figure on the programme page, on /becas-universitarias or on /como-matricularse; price is quoted only after 'Solicita información'","NOT FOUND — page is silent on any non-EU / non-resident differential. Silence is NOT evidence of 'no surcharge'. As a private university UDIMA would normally charge one flat rate regardless of nationality, but that is NOT stated on any UDIMA page and is therefore not recorded as a fact.",NOT FOUND,NOT FOUND,BOE publication dates recorded in RUCT: 13/10/2025 and 25/05/2026 (RUCT does not print an order number in the register row),https://www.educacion.gob.es/ruct/estudio.action?codigoCiclo=SC&codigoTipo=M&CodigoEstudio=3500771&actual=estudios,"Máster Universitario (OFFICIAL) — RUCT 3500771, 'Publicado en B.O.E.', Máster RD 822/2021, MECES 3. CONFLICT: the programme page still says 'Informe favorable de la Fundación para el Conocimiento Madri+d con fecha 12/03/2025 en trámite de inscripción en el RUCT' — i.e. the page is stale; RUCT already carries the title (verificación 07/04/2025, BOE 13/10/2025 and 25/05/2026)","programme page, start month, ECTS, modality, language, access/complementos, official-status claim https://www.udima.es/master-universitario-analisis-de-datos-para-la-gestion-empresarial 2026-08-29 | official status, RUCT code, MECES/EQF, ECTS breakdown, complementos formativos = 0, CCAA https://www.educacion.gob.es/ruct/estudio.action?codigoCiclo=SC&codigoTipo=M&CodigoEstudio=3500771&actual=estudios 2026-08-29 | spring/second-semester enrolment mechanism (institution-level, undated) https://www.udima.es/como-matricularse 2026-08-29 | tuition NOT FOUND; 28 €/ECTS-family figures are ministry scholarship reference prices, not tuition https://www.udima.es/sites/udima.es/files/Precios-publicos-ECTS-forma-pago-a-beneficiarios.pdf 2026-08-29 | tuition not published on the fees/scholarships page either https://www.udima.es/becas-universitarias 2026-08-29",1
Universidad a Distancia de Madrid (UDIMA),Máster Universitario en Inteligencia Artificial Aplicada a la Educación,AA,YES (institution-level rule; exact date NOT FOUND),"NOT FOUND — second semester (February inferred, not published)",Programme page: 'Inicio Sept. 2026'. Spring start established only by the Reglamento wording quoted in evidence_verbatim.,"2 (one per semester, for all official UDIMA titles)",Autumn: 'Inicio Sept. 2026',NOT FOUND as a date. Rule only: 'El plazo de matrícula finalizará la semana anterior al comienzo del semestre.',máster universitario (OFFICIAL),3500738,100% Online,castellano (not separately re-verified in this pass),NOT FOUND,https://www.udima.es/master-universitario-inteligencia-artificial-aplicada-educacion,"UDIMA Reglamento de acceso y admisión (versión septiembre 2023), Disposiciones Adicionales, Primera — VERBATIM: 'Los plazos de matriculación son comunes para todas las titulaciones oficiales de la UDIMA, y serán establecidos en cada semestre del curso académico correspondiente. Con carácter general, habrá dos plazos generales de matriculación: uno para iniciar los estudios en el primer semestre y otro para iniciarlos en el segundo semestre.' Also art. on matrícula: 'el interesado deberá formalizar la matrícula dentro de los plazos establecidos por la UDIMA en cada semestre del curso académico correspondiente.' Cómo Matricularse, step 05 — VERBATIM: 'Matrícula abierta hasta una semana antes del semestre. El plazo de matrícula finalizará la semana anterior al comienzo del semestre.' Programme page header — VERBATIM: 'Inicio Sept. 2026| Duración 1 curso | Créditos 60 ECTs | Metodología 100% Online'.","VERDICT: YES at institution level, but the exact spring date is NOT PUBLISHED. UDIMA's own admission regulation is explicit that the second window exists in order to START studies, not merely to enrol in second-semester subjects — the wording is 'uno para INICIAR los estudios en el primer semestre y otro para INICIARLOS en el segundo semestre', and it applies 'para todas las titulaciones oficiales de la UDIMA'. That satisfies the brief's test for a genuine second cohort start. What is NOT published anywhere I could reach: the calendar date on which the second semester begins, and therefore the exact spring start date and its matriculation deadline. UDIMA has no public 'calendario académico' page (both plausible URLs 404) and the FAQ page is JS-rendered and did not yield the dates. The programme page advertises only 'Inicio Sept. 2026'. By UDIMA's own exam calendar the first semester's first convocatoria is in February and the second semester's is in July ('Primer semestre: Primera convocatoria: Febrero ... Segundo semestre: Primera convocatoria: Julio'), which places the second-semester teaching start in February — but that is an INFERENCE from the exam calendar, not a published start date, and is recorded as such rather than as a fact. ACTION FOR A HUMAN: ask UDIMA admissions for the second-semester start date and matriculation window for 2026-27 / 2027-28. Historic corroboration exists (UDIMA press notices titled 'Matrícula abierta para el segundo semestre en la UDIMA' and 'La UDIMA amplía su plazo de matrícula hasta el 6 de marzo') but those are dated 2019 and earlier and are not cited as current facts. NOTE ON FIT: this is an education-sector AI master, not a technical AI/ML master; included because it is UDIMA's only AA-coded title.",YES (INST,,online,1,ONLINE,"Comunidad de Madrid (awarding university's seat: Collado Villalba, Madrid)","100% online (Virtual); UDIMA seat Collado Villalba, Madrid",Universidad a Distancia de Madrid (UDIMA),private university,3,7,"EHEA level 7 (Bologna) — academic recognition across the EHEA. Evidence: RUCT 3500738, MECES 3 = EQF/EHEA 7, RD 822/2021 official master. CAVEATS: EHEA academic recognition is not professional recognition for a regulated profession (Directive 2005/36/EC route); and recognition abroad still runs through the receiving country's own procedure — routine, not automatic.",YES,YES,NOT FOUND — no price on the programme page or anywhere public on udima.es,"NOT FOUND — no non-EU / non-resident differential is published. Page silence is NOT FOUND, not 'no surcharge'.",NOT FOUND,NOT FOUND,"BOE publication dates in RUCT: 13/10/2025, 25/05/2026",https://www.educacion.gob.es/ruct/estudio.action?codigoCiclo=SC&codigoTipo=M&CodigoEstudio=3500738&actual=estudios,"Máster Universitario (OFFICIAL) — RUCT 3500738, 'Publicado en B.O.E.', 'Máster - RD 822/2021 (3)', MECES 3, verificación 07/04/2025, BOE 13/10/2025 and 25/05/2026. Programme page carries the link 'Registro del título oficial en el RUCT'.","start month, ECTS, modality, official-status link https://www.udima.es/master-universitario-inteligencia-artificial-aplicada-educacion 2026-08-29 | official status, RUCT code, MECES, ECTS breakdown, complementos = 0 https://www.educacion.gob.es/ruct/estudio.action?codigoCiclo=SC&codigoTipo=M&CodigoEstudio=3500738&actual=estudios 2026-08-29 | institution-level per-semester enrolment mechanism https://www.udima.es/como-matricularse 2026-08-29 | the ~28 €/ECTS figure is a scholarship reference price, not tuition https://www.udima.es/sites/udima.es/files/Precios-publicos-ECTS-forma-pago-a-beneficiarios.pdf 2026-08-29",1
"Universidad a Distancia de Madrid (UDIMA) — private, online",Máster Universitario en Transformación Digital con Inteligencia Artificial,AA | X,YES (institution-level rule only; exact spring date NOT PUBLISHED),"September (published for the autumn cohort). Second-semester start month NOT PUBLISHED as a current date. The only UDIMA statement naming the spring start month is a 2011 press item, which says MARCH, not February — see notes.","Programme page header, verbatim: «Máster Universitario en Transformación Digital con Inteligencia Artificial — Inicio Sept. 2026 | Duración 1 año | Créditos 60 ECTs | Metodología 100% Online». No spring date is printed on the page.","2 — one per semester, for all official UDIMA titles, per UDIMA's Reglamento de acceso y admisión",Autumn: «Inicio Sept. 2026»,"NOT FOUND as a date. Rule only, from Cómo Matricularse step 05, verbatim: «Matrícula abierta hasta una semana antes del semestre. El plazo de matrícula finalizará la semana anterior al comienzo del semestre.»",máster universitario (OFFICIAL) — presented on udima.es under «Másteres» / «Oferta formativa › Másteres» as a Máster Universitario; RUCT code NOT CONFIRMED from the page in this pass,NOT FOUND on the programme page,100% Online (verbatim: «Metodología 100% Online»),castellano (not separately verified verbatim in this pass — programme and site are Spanish-language),NOT FOUND — no price shown on the programme page,https://www.udima.es/master-universitario-transformacion-digital-inteligencia-artificial,"Programme page: «Máster Universitario en Transformación Digital con Inteligencia Artificial — Inicio Sept. 2026  Duración 1 año  Créditos 60 ECTs  Metodología 100% Online». UDIMA Cómo Matricularse, step 05: «Matrícula abierta hasta una semana antes del semestre. El plazo de matrícula finalizará la semana anterior al comienzo del semestre.» UDIMA Cómo Matricularse FAQ (EXAM calendar, NOT an intake calendar): «Primer semestre: Primera convocatoria: Febrero  Segunda convocatoria: Septiembre. Segundo semestre: Primera convocatoria: Julio  Segunda convocatoria: Septiembre.»","PRIVATES-SLICE ADDITION: this is a third in-scope UDIMA title, not covered by the earlier online-slice pass (which covered «Análisis de Datos para la Gestión Empresarial» and «Inteligencia Artificial Aplicada a la Educación»). The spring verdict rests on the SAME institution-level rule already documented in the online slice — UDIMA's Reglamento de acceso y admisión, Disposiciones Adicionales, Primera: «habrá dos plazos generales de matriculación: uno para iniciar los estudios en el primer semestre y otro para iniciarlos en el segundo semestre», applying «para todas las titulaciones oficiales de la UDIMA». The word is INICIAR (to begin the studies), not merely to enrol in second-semester subjects, which is what makes it a cohort start rather than the brief's excluded «segundo cuatrimestre module entry». ⚠️ TRAP FLAGGED: UDIMA's FAQ page prints a table of «convocatorias» per semester (Febrero/Septiembre/Julio) — these are EXAM SITTINGS, not intakes, and must not be read as start dates. The exact second-semester teaching start date and its matriculation deadline remain UNPUBLISHED; UDIMA has no public calendario académico page. NEEDS a human/admissions enquiry for the exact date. ADDITIONAL CORROBORATION FOUND IN THIS PASS (and a correction to the month usually assumed): UDIMA's own news page «La UDIMA amplía su plazo de matrícula hasta el 9 de marzo» states verbatim: «los nuevos estudiantes que comienzan a cursar sus estudios en la UDIMA a partir del mes de marzo. De esta manera, la UDIMA es una de las pocas universidades españolas que ofrece a sus alumnos la opción de escoger entre dos fechas alternativas para comenzar un curso académico: octubre y marzo.» That is an explicit statement that NEW students begin in the spring semester — i.e. a genuine cohort start, not module entry — and it names MARCH, not February. ⚠️ BUT the item concerns «el segundo semestre del curso 2010-2011» and is therefore FIFTEEN YEARS OLD; it is recorded as corroboration of the mechanism, NOT as a current date. Do not carry «marzo» forward as this year's start date. UDIMA still publishes no current calendario académico at any fetchable URL.",YES (INST,,privates,1,ONLINE,"Comunidad de Madrid (awarding university's seat: Collado Villalba, Madrid)","100% online (Virtual); UDIMA seat Collado Villalba, Madrid",Universidad a Distancia de Madrid (UDIMA),private university,"MECES 3 once registered — NOT YET ASSIGNED, because MECES level is attached at RUCT inscription. Do not treat as confirmed.",EQF 7 once registered — not yet confirmable,"PENDING / NOT YET ESTABLISHED. This is a verified-but-unregistered official master. Until inscription in RUCT and BOE publication, there is no RUCT row, no assigned MECES level and therefore no completed evidence chain for EHEA level 7 recognition. It is NOT a título propio — Madri+d has issued a favourable verification report — but it must not be described as EHEA-recognised yet. A candidate targeting September 2027 should re-check the RUCT entry before applying, since registration is normally completed within a year or so of a favourable report (the sibling titles 3500771 and 3500738 got favourable Madri+d reports in early 2025 and BOE publication in October 2025).","NOT FOUND — automatic Diploma Supplement follows from official registration, which has not completed",NOT FOUND — will follow from official status once registered; not confirmable today,NOT FOUND — no price published on udima.es,"NOT FOUND — no non-EU differential published; silence is NOT FOUND, not 'no surcharge'",NOT FOUND,NOT FOUND,NOT FOUND — no BOE publication yet (title still in the registration process),,"Máster Universitario — CLAIMED OFFICIAL BUT NOT YET REGISTERED. The programme page states verbatim: 'Informe favorable de la Fundación para el Conocimiento Madri+d con fecha 04/06/2025 en trámite de inscripción en el Registro de Universidades, Centros y Títulos.' It has a favourable verification report from the Madrid regional quality agency but is NOT yet in RUCT. Confirmed absent from output/ruct-backbone.jsonl (which lists 8 registered UDIMA masters; this is not one of them). So as of the access date there is no RUCT code and no BOE publication for it.","official status wording, start month, ECTS, duration, modality https://www.udima.es/master-universitario-transformacion-digital-inteligencia-artificial 2026-08-29 | absence from RUCT cross-checked against the registered-title backbone https://www.educacion.gob.es/ruct/ 2026-08-29 | institution-level per-semester enrolment mechanism (undated) https://www.udima.es/como-matricularse 2026-08-29",1
Universidad Internacional de La Rioja (UNIR),Máster de Formación Permanente en Big Data y Ciencia de Datos,AB | AC,YES,April 2026,'Convocatoria: 6 abr 2026',"Several — UNIR runs multiple staggered convocatorias per year rather than one annual intake; observed 2026 starts across its catalogue are 16 mar, 6 abr, 8 jun, 19 oct and 2 nov. Exact count per title NOT PUBLISHED.",Autumn starts of 19 oct 2026 / 2 nov 2026 recorded for sibling UNIR titles on 2026-08-25. NO September intake exists at UNIR.,"NOT FOUND. UNIR publishes a convocatoria START date and a 'Plazas limitadas' notice, not a closing date; admission is adviser-led and rolling up to the start.","título propio — 'Máster de Formación Permanente' is the post-RD 822/2021 name for a título propio. NOT ANECA-verified, NO PhD access, not eligible for public scholarships.",NONE — not in RUCT and not expected to be; títulos propios are not registered. Confirmed by RUCT query returning no such title for UNIR.,online,castellano (not re-verified in this pass; page unreachable),NOT FOUND — and this is the correct and final answer for UNIR (see notes),https://www.unir.net/ingenieria/master-big-data-ciencia-datos/,"PAGE NOT DIRECTLY FETCHABLE — www.unir.net returns HTTP 403 to curl and to WebFetch (Cloudflare), confirmed again on 2026-08-29; all UNIR subdomains tried (estudiantes-argentina, mexico, colombia) also 403, and static.unir.net reset the connection. Content below comes from the SEARCH INDEX of unir.net's own pages, not from the page itself. Indexed as at 2026-08-29: 'Máster en Ingeniería del Software' — 'Convocatoria: 16 mar 2026'; 'Máster en Visual Analytics & Big Data' (Análisis y Visualización de Datos Masivos) — 'Convocatoria: 16 mar 2026'; 'Máster en Big Data y Ciencia de Datos' (título propio) — 'Convocatoria: 6 abr 2026'. Corroborated by wave-2 records in output/verified.jsonl taken from the same pages on 2026-08-25, which captured the status-bar strings 'Convocatoria Actual: 16 mar 2026', 'Abierta próxima convocatoria', 'Plazas limitadas', plus next-start dates of 19 oct 2026 and 2 nov 2026 for different titles and a start of 8 junio 2026 for the Innovación y Transformación Empresarial con IA master.","VERDICT: YES — UNIR runs staggered cohort starts through the year and several of them fall in the Jan–Jun window (March, April, June observed). This is NOT the 'application round' trap: the dates captured are labelled as the convocatoria's own start, and sibling titles carry DIFFERENT dates (16 mar / 6 abr / 8 jun / 19 oct / 2 nov), which is only consistent with per-title start dates, not with a shared admission window. The corollary already recorded in AGENT-BRIEF holds and is confirmed here: UNIR runs NO September intake at all. For a candidate targeting September 2027 that is a structural mismatch — the nearest UNIR options are a spring 2027 start (bringing the plan forward ~6 months) or an October/November 2027 start (pushing it back ~1 month). SPRING 2027 DATES ARE NOT PUBLISHED. Only the 2026 convocatorias are out. Do not shift these dates forward by a year. TUITION: NOT FOUND and this is final, per AGENT-BRIEF — UNIR publishes no price for any master; its own brochure says the fee 'se calcula en función del total de créditos ECTS matriculados, la forma de pago y las características específicas de cada alumno', disclosed only by an adviser after preinscripción. Any UNIR fee figure without a non-UNIR primary source is unsupported. PROVENANCE WARNING: every date in this record is search-index content, not a page this agent opened. A human must open these pages in a normal browser to confirm. Listed for gaps.md. THIS TITLE IS SPRING-ANCHORED: wave-2 recorded its only published start as '6 de abril de 2026' with an 8-month duration — an April cohort, not an autumn one. But it is a TÍTULO PROPIO: no PhD access, no public funding, weaker recognition. Flagged accordingly.",YES; YES — APR,,"online, path-AB",2,ONLINE,La Rioja (university seat: Logroño),"No campus teaching — 100% online («Modalidad: Online interactivo», «Clases 100% online» with live sessions recorded).","Universidad Internacional de La Rioja (UNIR) — but as UNIR's OWN certificate, not a state-issued degree",private university,NOT IN MECES — a título propio sits outside the Marco Español de Cualificaciones para la Educación Superior entirely.,NOT IN EQF — no MECES level means no referenced EQF level. The «60 ECTS» figure is the university's own credit count and does not by itself place the award in any qualifications framework.,"NOT recognised as a European second-cycle degree. This is the university's own certificate: it is not ANECA-verified, not in RUCT, not in MECES, and therefore not inside the EHEA/Bologna qualifications framework. It carries NO Diploma Supplement as of right and gives NO access to doctoral study in Spain or elsewhere. There is no automatic academic recognition in another European country — any recognition is at the sole discretion of the receiving university or employer, case by case. It may be well regarded by employers and it does carry 60 ECTS of the university's own credit, but nothing in that makes it legally equivalent to a Máster Universitario. It is also normally ineligible for Spanish public postgraduate scholarships, which matters for a funding-constrained applicant.",NO (not as of right — no statement of one on the page; a título propio is outside the regulated Diploma Supplement regime),NO,NOT FOUND,NOT FOUND,NOT FOUND,NOT FOUND,"NONE — a título propio has no BOE verification/plan-de-estudios publication. Its absence is definitional, not a gap in the research.",,"TÍTULO PROPIO — confirmed on the page itself, not inferred: the header block reads «Título: Propio». «Máster de Formación Permanente» is the post-RD 822/2021 legal name for a título propio. Admissions are handled by a separate address, admisiones.titulospropios@unir.net, and the page groups it under «Másteres Propios».","official_status («Título: Propio»), start_month, modality, ects, duration, entry requirements, tuition absence https://www.unir.net/ingenieria/master-big-data-ciencia-datos/ 2026-08-29 | start_month (calendar PER 14117) https://static.unir.net/CalendariosST/Nac/Actual/tpBigDataCienciaDatos.pdf 2026-08-29 | contrast with the official title offered as the alternative https://www.unir.net/ingenieria/master-visual-analytics-big-data/ 2026-08-29",1
Universidad Internacional de La Rioja (UNIR),Máster Universitario en Análisis y Visualización de Datos Masivos (Visual Analytics & Big Data),AB | X,YES,March 2026,'Convocatoria: 16 mar 2026',"Several — UNIR runs multiple staggered convocatorias per year rather than one annual intake; observed 2026 starts across its catalogue are 16 mar, 6 abr, 8 jun, 19 oct and 2 nov. Exact count per title NOT PUBLISHED.",Autumn starts of 19 oct 2026 / 2 nov 2026 recorded for sibling UNIR titles on 2026-08-25. NO September intake exists at UNIR.,"NOT FOUND. UNIR publishes a convocatoria START date and a 'Plazas limitadas' notice, not a closing date; admission is adviser-led and rolling up to the start.",máster universitario (OFFICIAL),4315751,online,castellano (not re-verified in this pass; page unreachable),NOT FOUND — and this is the correct and final answer for UNIR (see notes),https://www.unir.net/ingenieria/master-visual-analytics-big-data/,"PAGE NOT DIRECTLY FETCHABLE — www.unir.net returns HTTP 403 to curl and to WebFetch (Cloudflare), confirmed again on 2026-08-29; all UNIR subdomains tried (estudiantes-argentina, mexico, colombia) also 403, and static.unir.net reset the connection. Content below comes from the SEARCH INDEX of unir.net's own pages, not from the page itself. Indexed as at 2026-08-29: 'Máster en Ingeniería del Software' — 'Convocatoria: 16 mar 2026'; 'Máster en Visual Analytics & Big Data' (Análisis y Visualización de Datos Masivos) — 'Convocatoria: 16 mar 2026'; 'Máster en Big Data y Ciencia de Datos' (título propio) — 'Convocatoria: 6 abr 2026'. Corroborated by wave-2 records in output/verified.jsonl taken from the same pages on 2026-08-25, which captured the status-bar strings 'Convocatoria Actual: 16 mar 2026', 'Abierta próxima convocatoria', 'Plazas limitadas', plus next-start dates of 19 oct 2026 and 2 nov 2026 for different titles and a start of 8 junio 2026 for the Innovación y Transformación Empresarial con IA master.","VERDICT: YES — UNIR runs staggered cohort starts through the year and several of them fall in the Jan–Jun window (March, April, June observed). This is NOT the 'application round' trap: the dates captured are labelled as the convocatoria's own start, and sibling titles carry DIFFERENT dates (16 mar / 6 abr / 8 jun / 19 oct / 2 nov), which is only consistent with per-title start dates, not with a shared admission window. The corollary already recorded in AGENT-BRIEF holds and is confirmed here: UNIR runs NO September intake at all. For a candidate targeting September 2027 that is a structural mismatch — the nearest UNIR options are a spring 2027 start (bringing the plan forward ~6 months) or an October/November 2027 start (pushing it back ~1 month). SPRING 2027 DATES ARE NOT PUBLISHED. Only the 2026 convocatorias are out. Do not shift these dates forward by a year. TUITION: NOT FOUND and this is final, per AGENT-BRIEF — UNIR publishes no price for any master; its own brochure says the fee 'se calcula en función del total de créditos ECTS matriculados, la forma de pago y las características específicas de cada alumno', disclosed only by an adviser after preinscripción. Any UNIR fee figure without a non-UNIR primary source is unsupported. PROVENANCE WARNING: every date in this record is search-index content, not a page this agent opened. A human must open these pages in a normal browser to confirm. Listed for gaps.md.",YES; YES — BUT,,"online, path-AB, privates",3,ONLINE,La Rioja (university seat: Logroño),"No campus teaching — 100% online («Modalidad: Online interactivo»). UNIR's registered seat is Logroño, La Rioja; RUCT records the title's CCAA as La Rioja.",Universidad Internacional de La Rioja (UNIR),private university,MECES 3 (RUCT «Nivel MECES: 3»; nivel académico «Máster - RD 822/2021 (3)»),EQF/EHEA level 7,"EHEA level 7 (Bologna) — academic recognition across the EHEA. This is an official Spanish Máster Universitario: ANECA-verified, inscribed in RUCT, MECES level 3 = EQF/EHEA level 7, i.e. a second-cycle Bologna qualification carrying a Diploma Supplement as of right and giving access to doctoral study. Other EHEA countries recognise it academically as a second-cycle degree. Two limits that must not be glossed: (i) academic recognition is NOT professional recognition — a regulated profession runs through Directive 2005/36/EC and the host state's competent authority; (ii) recognition abroad still goes through the receiving country's own procedure (ENIC-NARIC statement or the receiving institution's assessment) — the EHEA makes it routine, not automatic.",YES,YES,NOT FOUND,NOT FOUND,NOT FOUND,NOT FOUND,BOE plan de estudios 12/05/2017; BOE Acuerdo de Consejo de Ministros 26/01/2017; BOE publicación de la modificación del plan de estudios 08/02/2021. ANECA verification 28/04/2016; renovación de la acreditación favorable 18/05/2020.,https://www.educacion.gob.es/ruct/estudio.action?codigoCiclo=SC&codigoTipo=M&CodigoEstudio=4315751&actual=estudios,"máster universitario (OFFICIAL) — page header «Título: Oficial», body calls it a «posgrado oficial»; RUCT 4315751, estado «Publicado en B.O.E. (TITULACIÓN RENOVADA POR ACREDITACIÓN INSTITUCIONAL)»","official_status, start_month, modality, ects, tuition, admission profile https://www.unir.net/ingenieria/master-visual-analytics-big-data/ 2026-08-29 | ruct_code, meces_level, ects breakdown, complementos formativos https://www.educacion.gob.es/ruct/estudio.action?codigoCiclo=SC&codigoTipo=M&CodigoEstudio=4315751&actual=estudios 2026-08-29 | boe_order https://static.unir.net/ingenieria/master-visual-analytics-big-data/05_BOE_publicacion_plan_estudios_20170512_MU_VABD.pdf 2026-08-29 | start_month (spring cohort PER 14322) https://static.unir.net/CalendariosST/Nac/Actual/muVisualAnalytics.pdf 2026-08-29",1
"Universidad Internacional de La Rioja (UNIR) — private, online",Máster Universitario en Ciberseguridad,AC,YES,"The currently-running cohort is UNIR's «Mayo 2026» cohort, with teaching starting 8 jun 2026 — inside the January–June window. The next cohort now recruiting starts 28 sep 2026.","Programme page header, verbatim: «Inicio  28 sep 2026 | Duración 1 curso | Créditos 60 ECTS | Exámenes Online y/o presenciales | Modalidad Online interactivo | Título Oficial». Programme page footer, verbatim: «Convocatoria Actual: 8 jun 2026  Ver calendario» — that link resolves to https://static.unir.net/CalendariosST/Nac/Actual/muSegInformatica.pdf, whose own title line reads: «2026 ‐ 2027 — Máster Universitario en Ciberseguridad ‐ Mayo 2026 (PER 17321)». The «Siguiente» calendar at https://static.unir.net/CalendariosST/Nac/Siguiente/muSegInformatica.pdf is titled: «2026 ‐ 2027 — Máster Universitario en Ciberseguridad ‐ Septiembre 2026 (PER 16673)».",Multiple named cohorts per year (at least 2 evidenced for this title: the spring one below and a September/October one). UNIR does not publish a full year's list of convocatorias in one place; only «Actual» and «Siguiente» calendars are exposed.,"Autumn cohort: «Septiembre 2026» (see the Siguiente calendar), advertised on the page as «Inicio 28 sep 2026».","NOT FOUND — UNIR publishes no application deadline anywhere. The page shows only «Abierta próxima convocatoria», «Plazas limitadas» and «Consulta precios con tu asesor»; https://www.unir.net/estudia-con-nosotros/como-matricularse/ gives only «Podrás acceder al Campus Virtual de tu titulación una vez abierta la convocatoria» and names no dates. Deadlines are disclosed by an adviser after preinscripción.","máster universitario (OFFICIAL) — programme page header states «Título: Oficial»; the Documentación de la titulación block links the ANECA informe favorable, the Resolución de verificación del Consejo de Universidades, the «Publicación carácter oficial BOE» and the RUCT entry",NOT PRINTED as a number on the page — the page links to RUCT rather than quoting the code,«Modalidad: Online interactivo»; «Exámenes: Online y/o presenciales»,castellano (Spanish-language programme page and plan; no English-taught statement),NOT FOUND — page states only «Consulta precios con tu asesor». Per the AGENT-BRIEF this is UNIR's universal policy and NOT FOUND is the correct final answer.,https://www.unir.net/ingenieria/master-seguridad-informatica/,Header: «Inicio 28 sep 2026 | Duración 1 curso | Créditos 60 ECTS | Modalidad Online interactivo | Título Oficial | Abierta próxima convocatoria | Consulta precios con tu asesor | Plazas limitadas». Footer: «Convocatoria Actual: 8 jun 2026  Ver calendario». Calendar PDF title (Actual): «2026 ‐ 2027 — Máster Universitario en Ciberseguridad ‐ Mayo 2026 (PER 17321)». Calendar PDF title (Siguiente): «2026 ‐ 2027 — Máster Universitario en Ciberseguridad ‐ Septiembre 2026 (PER 16673)».,"In scope as an AC-adjacent (infrastructure/cloud security) title. Same May/June + September twin-cohort pattern as UNIR's IA master. FIRST COVERAGE of this UNIR title in the sweep. HOW UNIR'S INTAKE SYSTEM WORKS (verified mechanism, not inference): UNIR runs SEVERAL NAMED COHORTS PER TITLE PER YEAR. Each cohort is named for its month, carries its own PER code, and has its own full academic calendar PDF published at static.unir.net/CalendariosST/Nac/{Actual,Siguiente}/<slug>.pdf. Each programme page prints TWO different dates that must not be confused: the header «Inicio <date>» = the NEXT cohort now recruiting, and a footer line «Convocatoria Actual: <date> — Ver calendario» = the cohort CURRENTLY RUNNING, hyperlinked to that cohort's calendar PDF. Because the cohorts are separately named, separately coded and separately calendared, they are genuine cohort starts, NOT «segundo cuatrimestre» module entry — each spring calendar runs its own CUATRIMESTRE 1 then CUATRIMESTRE 2 across a full year. ⚠️ TWO CORRECTIONS TO THE AGENT-BRIEF, evidenced here from UNIR's own pages and calendar PDFs, both fetched successfully on 2026-08-29. (1) The brief says «www.unir.net is blocked». It is NOT — it returns HTTP 200 and the full body to curl sent with a COMPLETE browser header set (Chrome UA + Accept + Accept-Language + Sec-Ch-Ua / Sec-Ch-Ua-Mobile / Sec-Ch-Ua-Platform + Sec-Fetch-Dest/Mode/Site/User + Upgrade-Insecure-Requests + cookie jar). A UA alone is not enough; the Sec-Ch-Ua and Sec-Fetch headers are what get through. (2) The brief says «UNIR runs no September intake». That is WRONG for at least the Ingeniería and Marketing/Comunicación and Música masters checked here: UNIR publishes «Inicio 28 sep 2026» on its Inteligencia Artificial and Ciberseguridad pages, and static.unir.net serves a full academic calendar PDF for a cohort explicitly named «Septiembre 2026» for IA (PER 16676), Ciberseguridad (PER 16673), Protocolo y Eventos (PER 16479) and Gestión Empresarial en la Industria Musical (PER 16697). A September-2027 target is therefore NOT structurally excluded at UNIR.",YES,,privates,1,ONLINE,La Rioja (university seat: Logroño),"No campus teaching — 100% online («Modalidad: Online interactivo»). UNIR's seat is Logroño, La Rioja; RUCT records the title's CCAA as La Rioja.",Universidad Internacional de La Rioja (UNIR),private university,MECES 3 (RUCT «Nivel MECES: 3»; nivel académico «Máster - RD 822/2021 (3)»),EQF/EHEA level 7,"EHEA level 7 (Bologna) — academic recognition across the EHEA. This is an official Spanish Máster Universitario: ANECA-verified, inscribed in RUCT, MECES level 3 = EQF/EHEA level 7, i.e. a second-cycle Bologna qualification carrying a Diploma Supplement as of right and giving access to doctoral study. Other EHEA countries recognise it academically as a second-cycle degree. Two limits that must not be glossed: (i) academic recognition is NOT professional recognition — a regulated profession runs through Directive 2005/36/EC and the host state's competent authority; (ii) recognition abroad still goes through the receiving country's own procedure (ENIC-NARIC statement or the receiving institution's assessment) — the EHEA makes it routine, not automatic.",YES,YES,NOT FOUND,NOT FOUND,NOT FOUND,NOT FOUND,BOE publicación de la modificación del plan de estudios 28/01/2022; earlier BOE plan publications 23/04/2013 and 19/05/2014. RUCT verification date 01/06/2012; renovaciones de la acreditación favorables 28/04/2016 and 18/05/2020.,https://www.educacion.gob.es/ruct/estudio.action?codigoCiclo=SC&codigoTipo=M&CodigoEstudio=4313064&actual=estudios,"máster universitario (OFFICIAL) — page header «Título: Oficial»; body calls it «el primer postgrado oficial, con docencia exclusivamente [online]». RUCT 4313064, estado «Publicado en B.O.E. (TITULACIÓN RENOVADA POR ACREDITACIÓN INSTITUCIONAL)».","official_status, modality, ects, tuition, start dates, entry and English requirement https://www.unir.net/ingenieria/master-seguridad-informatica/ 2026-08-29 | ruct_code, meces_level, ects breakdown, complementos formativos (null) https://www.educacion.gob.es/ruct/estudio.action?codigoCiclo=SC&codigoTipo=M&CodigoEstudio=4313064&actual=estudios 2026-08-29 | boe_order https://static.unir.net/ingenieria/master-seguridad-informatica/16_BOE_publicacion_plan_estudios_20220128_MU_Ciberseguridad.pdf 2026-08-29 | start_month (cohort PER 17321) https://static.unir.net/CalendariosST/Nac/Actual/muSegInformatica.pdf 2026-08-29",1
Universidad Internacional de La Rioja (UNIR) — private online university,Máster Universitario en Ciberseguridad (page slug 'master-seguridad-informatica'; marketed as Máster en Ciberseguridad Informática),AC,YES,March 2026 and June 2026 both fall inside the Jan–Jun window; a September 2026 date also appears,"From UNIR's own page as returned by the search index: convocatorias of '16 mar 2026', '8 jun 2026' and '28 sep 2026'; '60 ECTS'; 'duración 1 curso'; 'online con exámenes online y/o presenciales'.","Three observed for this title (March, June, September) — staggered convocatorias, not a single annual cohort",28 sep 2026,NOT FOUND — UNIR publishes no deadline; the convocatoria date is the start date,máster universitario (OFFICIAL) — 'la titulación es oficial'; RUCT code not confirmed in this pass (www.unir.net 403),NOT CONFIRMED IN THIS PASS,"online, exams online and/or presenciales",castellano (not separately re-verified in this pass),NOT FOUND — see the UNIR pricing note in the AI record; UNIR publishes no master price anywhere,https://www.unir.net/ingenieria/master-seguridad-informatica/,"Indexed content of the UNIR page: current convocatoria 8 jun 2026, with 16 mar 2026 and 28 sep 2026 also appearing; '60 ECTS'; '1 curso'; official title.","VERDICT: YES. source_access: 'search index — page returns 403, not directly fetched.' ⚠️ NEEDS A HUMAN to confirm in a browser — add to gaps.md. This title is the clearest single illustration of UNIR's model: three start dates in one year (March, June, September) on one master, which is a genuine multi-cohort calendar and not an application-round artefact — the same 'Convocatoria: <date>' field on UNIR's other masters has already been read as a start date elsewhere in this file. Fills the AC (cloud/security/infra) gap for UNIR, which COVERED.md path-AC had left as NOT FOUND for the DevOps title.",YES,,online,1,,,,,,,,,,,,,,,,,,,1
Universidad Internacional de La Rioja (UNIR) — private online university,Máster Universitario en Composición Musical con Nuevas Tecnologías,A,YES,March (spring convocatoria); October (autumn convocatoria),'Convocatoria actual: inicio 16 de marzo de 2026' — and separately 'Inicio: 19 octubre 2026' for the following convocatoria,2 or more — UNIR runs staggered convocatorias through the year; a 16 March 2026 cohort start and a 19 October 2026 cohort start are both published for this title,October (19 October 2026 is the next published start),"NOT FOUND — UNIR publishes no application deadline, only the convocatoria start date; admission is by adviser contact after preinscripción",máster universitario (OFICIAL) — 'Título Oficial'; present in RUCT backbone as 'Publicado en B.O.E.',4316394,"online ('Online interactivo', exams online and/or presenciales)",Spanish,NOT FOUND — UNIR publishes no price for any master (see AGENT-BRIEF: any UNIR fee figure without a non-UNIR primary source is unsupported),https://www.unir.net/musica/master-produccion-musical/,"60 ECTS ... 1 curso ... Inicio: 19 octubre 2026 ... Título Oficial ... Convocatoria actual 16 de marzo de 2026 ... conocimiento integral y avanzado en la creación, escritura, notación y producción musical en las tres ramas de la composición musical: instrumental, audiovisual y electroacústica","⭐ ONE OF ONLY TWO OFFICIAL (máster universitario) MUSIC-TECHNOLOGY TITLES IN SPAIN FOUND WITH A SPRING COHORT START. 60 ECTS. Curriculum is squarely path A: 'Técnicas Profesionales de Grabación y Masterización', 'Herramientas para la Composición Audiovisual, Electroacústica y Sonología', instrumental/audiovisual/electroacoustic composition projects + TFM. ⚠️ URL-SLUG TRAP, CORRECTED HERE: UNIR serves this title at /musica/master-produccion-musical/ (a slug that reads 'producción'), while the actual Máster en Producción Musical sits at /musica/master-produccion-musical-online/. A previous agent's 'UNIR Máster Universitario en Producción Musical — Convocatoria Actual: 16 mar 2026' record in online.jsonl was almost certainly captured from THIS page and belongs to the Composición title; flagged as CONFLICT, not silently resolved. ⚠️ ADMISSION BAR: the acceso page states students must come from degrees 'con relación directa con la música' — a software-engineering degree is NOT obviously eligible, which may close this title to the candidate regardless of the start date. ⚠️ PROVENANCE: www.unir.net returns 403 to WebFetch and to curl with a browser UA (verified again 2026-08-29); all figures above come from the search index of UNIR's own pages, not from a direct fetch. Needs a human to open in a normal browser. A spring-2027 convocatoria is NOT yet published — only 16 mar 2026 (past) and 19 oct 2026.",YES,,path-A,1,,,,,,,,,,,,,,,,,,,1
Universidad Internacional de La Rioja (UNIR) — 100% online,Máster Universitario en Desarrollo y Operaciones (DevOps) — RESOLUTION of the earlier NOT FOUND record in this file,AC,"YES (spring start, evidence from the search index only)",March (16 March 2026 for the convocatoria current at time of indexing),«La convocatoria actual es del 16 de marzo de 2026» — with «la próxima convocatoria abierta con un 18% de descuento hasta el 15 de julio y plazas limitadas»,NOT FOUND as a number — UNIR staggers convocatorias through the year and runs NO September intake at all (established finding in the slice brief),NOT FOUND,"NOT FOUND — the only date-like signal is a discount deadline (15 July), which is a price promotion, not an admissions cut-off","máster universitario (OFFICIAL) — RUCT 4317664, estado «Publicado en B.O.E. (TITULACIÓN RENOVADA POR ACREDITACIÓN INSTITUCIONAL)», confirmed by a direct RUCT query on 2026-08-29 for the term «desarrollo y operaciones», which returned this title and no other.",4317664,100% online,Spanish,"NOT FOUND — and per the AGENT-BRIEF this is the correct and FINAL answer for UNIR: it publishes no price for any master, disclosing it only through an adviser after preinscripción. Any UNIR fee figure without a non-UNIR primary source is unsupported.",https://www.unir.net/ingenieria/master-devops/,"La convocatoria actual es del 16 de marzo de 2026 … la próxima convocatoria abierta con un 18% de descuento hasta el 15 de julio y plazas limitadas. Access: «necesitas una titulación universitaria en Ingeniería Informática o Ciencias de la Computación», with direct access for those degrees.","UPGRADES the existing path-AC record for this programme, which read «NOT FOUND — CONF…». A March convocatoria date is now attested, consistent with the established finding that UNIR starts in March/April with no September intake. This is the ONLY pure-DevOps máster universitario currently in RUCT — though note Universidad Europea de Madrid has a «Máster Universitario en Desarrollo y Operaciones en la Nube (Cloud y DevOps)» with a favourable agency report but pending verification (recorded separately in this file). MUST BE VERIFIED BY A HUMAN in a normal browser: the date comes from the search index, not the page. Entry rule is narrow — a Computer Engineering / Computer Science degree gives direct access, which this candidate's Software Engineering degree should satisfy, but confirm.",NOT FOUND; YES (SPRI,,path-AC,2,ONLINE,La Rioja (awarding university's seat: Logroño),"100% online ('Online interactivo'). UNIR's registered seat is Logroño, La Rioja. There is NO teaching campus; UNIR operates fixed EXAM centres only — Barcelona, Logroño, Madrid, Sevilla, Valencia (plus on-demand centres in A Coruña, Badajoz, Bilbao, Girona, Las Palmas, León, Málaga, Murcia, Palma and others). Exams are 'Online y/o presenciales'.",Universidad Internacional de La Rioja (UNIR),private university,3,7,"EHEA level 7 (Bologna) — academic recognition across the EHEA. Evidence: RUCT 4317664 (linked from UNIR's own page), ANECA-verified, Consejo de Ministros official character, BOE 11/08/2021; rama Ingeniería y Arquitectura; MECES 3 = EQF/EHEA level 7. CAVEAT 1: EHEA academic recognition is NOT professional recognition for a regulated profession — that runs through Directive 2005/36/EC and a separate national process. CAVEAT 2: recognition in another EHEA country still requires that country's own procedure; the EHEA makes it routine, not automatic.",YES,YES,"NOT FOUND — FINAL. UNIR publishes no tuition figure for any master, anywhere. The Protocolo y Eventos page states verbatim 'Consulta precios con tu asesor'; the DevOps page carries no price at all. UNIR's own brochures state the fee 'se calcula en función del total de créditos ECTS matriculados, la forma de pago y las características específicas de cada alumno', disclosed only by an adviser after preinscripción. No aggregator figure may substitute for this — any UNIR price quoted by Masterstudies/Emagister/Educaedu is unsourceable and must not be recorded.","NOT FOUND — FINAL, same reason. No non-EU / non-resident differential is published because no price of any kind is published. As a private university UNIR would be expected to charge a single rate, but that is not stated and is not recorded as a fact.",NOT FOUND,NOT FOUND,"Resolución de 27 de julio de 2021, de la Universidad Internacional de La Rioja, por la que se publica el plan de estudios de Máster Universitario en Desarrollo y Operaciones (DevOps) — BOE núm. 191, 11 de agosto de 2021, sec. III, pág. 100210, disposición 13822. Official character granted by Acuerdo del Consejo de Ministros de 6 de julio de 2021 (BOE 27/07/2021).",https://www.educacion.gob.es/ruct/estudio.action?codigoCiclo=SC&codigoTipo=M&CodigoEstudio=4317664&actual=estudios,"Máster Universitario (OFFICIAL). Verified from UNIR's own page, which links directly to the RUCT detail record for código 4317664 and labels the title 'Título Oficial'. Evidence chain published by UNIR: ANECA evaluation report 04/01/2021 → Consejo de Universidades verification resolution 22/01/2021 → Comunidad Autónoma de La Rioja implantation authorisation 14/05/2021 → Acuerdo del Consejo de Ministros 6 July 2021 (BOE 27/07/2021) → plan de estudios published BOE 11/08/2021. Institutional accreditation by ANECA (23/03/2021); modification reports 04/10/2021 and 30/05/2024; latest verification 11/12/2025.","official status, RUCT link, ECTS, modality, exam centres, 'Título Oficial' https://www.unir.net/ingenieria/master-devops/ 2026-08-29 | RUCT code 4317664 (linked from UNIR's own page) https://www.educacion.gob.es/ruct/estudio.action?codigoCiclo=SC&codigoTipo=M&CodigoEstudio=4317664&actual=estudios 2026-08-29 | BOE plan de estudios, official character, ECTS distribution, Logroño seat https://static.unir.net/ingenieria/master-desarrollo-y-operaciones-DevOps/05_BOE_publicacion_plan_estudios_20210811_MU_DevOps.pdf 2026-08-29 | February cohort (PER 14306) and its 16 March 2026 teaching start https://static.unir.net/CalendariosST/Nac/Actual/muDevOps.pdf 2026-08-29 | next cohort October 2026 (PER 16661) https://static.unir.net/CalendariosST/Nac/Siguiente/muDevOps.pdf 2026-08-29",1
Universidad Internacional de La Rioja (UNIR),Máster Universitario en Gestión Empresarial en la Industria Musical,P | X,YES,March (spring cohort); October (autumn cohort),Convocatoria: 16 de marzo de 2026 (search-index snapshot of unir.net programme page); a later snapshot of the same page reads 'Inicio 19 de octubre de 2026',At least 2 — UNIR runs staggered convocatorias including a publicly advertised 'convocatoria primavera',October (19 October 2026 for the 2026-27 autumn cohort),NOT FOUND — UNIR does not publish a closing date; enrolment runs until the cohort fills. A 35% discount was advertised 'hasta el 15 de abril',máster universitario (official),4317068,100% online (interactive online classes; exams online and/or presencial),Español (Spanish only),NOT FOUND — UNIR publishes no price for any master; fee disclosed only by an adviser after preinscripción,https://www.unir.net/musica/master-gestion-industria-musical/,'La convocatoria es el 16 de marzo de 2026' / 'Inicio 19 de octubre de 2026' — both surfaced from the unir.net programme page via the search index,"⚠ PROVENANCE: www.unir.net, usa.unir.net and estudiantes-argentina.unir.net all return HTTP 403 to every automated fetch (curl with browser UA included), so ALL page facts here come from the search index, not from the page itself. source_access = 'search index — page returns 403, not directly fetched'. NEEDS A HUMAN TO OPEN IN A NORMAL BROWSER to confirm the March convocatoria is a genuine cohort start for THIS title and to get the 2027 dates. UNIR runs no September intake at all — structurally staggered. RUCT: complementos formativos = 0. MECES 3, RD 822/2021. Only one of exactly two squarely music-business máster universitario titles in Spain.",YES,,"path-P, privates",2,ONLINE,La Rioja (university seat: Logroño),"No campus teaching — 100% online («Modalidad: Online interactivo»). UNIR's seat is Logroño, La Rioja; RUCT records the title's CCAA as La Rioja.",Universidad Internacional de La Rioja (UNIR),private university,MECES 3 (RUCT «Nivel MECES: 3»; nivel académico «Máster - RD 822/2021 (3)»),EQF/EHEA level 7,"EHEA level 7 (Bologna) — academic recognition across the EHEA. This is an official Spanish Máster Universitario: ANECA-verified, inscribed in RUCT, MECES level 3 = EQF/EHEA level 7, i.e. a second-cycle Bologna qualification carrying a Diploma Supplement as of right and giving access to doctoral study. Other EHEA countries recognise it academically as a second-cycle degree. Two limits that must not be glossed: (i) academic recognition is NOT professional recognition — a regulated profession runs through Directive 2005/36/EC and the host state's competent authority; (ii) recognition abroad still goes through the receiving country's own procedure (ENIC-NARIC statement or the receiving institution's assessment) — the EHEA makes it routine, not automatic.",YES,YES,NOT FOUND,NOT FOUND,NOT FOUND,NOT FOUND,BOE Acuerdo de Consejo de Ministros 26/08/2019; BOE publicación del plan de estudios 25/09/2019; BOR publicación del plan de estudios 23/10/2019. Autorización de implantación CA de La Rioja 16/07/2019. RUCT verification date 05/06/2019; renovación de la acreditación favorable 11/03/2024 and institutional accreditation 07/05/2024.,https://www.educacion.gob.es/ruct/estudio.action?codigoCiclo=SC&codigoTipo=M&CodigoEstudio=4317068&actual=estudios,"máster universitario (OFFICIAL) — page header «Título: Oficial»; headline claims it is «el único Máster en Industria Musical oficial en español». RUCT 4317068, estado «Publicado en B.O.E. (TITULACIÓN RENOVADA POR ACREDITACIÓN INSTITUCIONAL)».","official_status, language, modality, ects, tuition, start dates https://www.unir.net/musica/master-gestion-industria-musical/ 2026-08-29 | ruct_code, meces_level, ects breakdown, complementos formativos https://www.educacion.gob.es/ruct/estudio.action?codigoCiclo=SC&codigoTipo=M&CodigoEstudio=4317068&actual=estudios 2026-08-29 | boe_order https://static.unir.net/humanidades/master-universitario-gestion-empresarial-en-industria-musical/05_BOE_Publicacion_plan_estudios_20190925_MU_GEIM.pdf 2026-08-29 | start_month (spring cohort PER 14944) https://static.unir.net/CalendariosST/Nac/Actual/muGestionIndMusical.pdf 2026-08-29",1
Universidad Internacional de La Rioja (UNIR),Máster Universitario en Ingeniería de Software y Sistemas Informáticos,AC,YES,March 2026,'Convocatoria: 16 mar 2026',"Several — UNIR runs multiple staggered convocatorias per year rather than one annual intake; observed 2026 starts across its catalogue are 16 mar, 6 abr, 8 jun, 19 oct and 2 nov. Exact count per title NOT PUBLISHED.",Autumn starts of 19 oct 2026 / 2 nov 2026 recorded for sibling UNIR titles on 2026-08-25. NO September intake exists at UNIR.,"NOT FOUND. UNIR publishes a convocatoria START date and a 'Plazas limitadas' notice, not a closing date; admission is adviser-led and rolling up to the start.",máster universitario (OFFICIAL),4315363,online,castellano (not re-verified in this pass; page unreachable),NOT FOUND — and this is the correct and final answer for UNIR (see notes),https://www.unir.net/ingenieria/master-ingenieria-software/,"PAGE NOT DIRECTLY FETCHABLE — www.unir.net returns HTTP 403 to curl and to WebFetch (Cloudflare), confirmed again on 2026-08-29; all UNIR subdomains tried (estudiantes-argentina, mexico, colombia) also 403, and static.unir.net reset the connection. Content below comes from the SEARCH INDEX of unir.net's own pages, not from the page itself. Indexed as at 2026-08-29: 'Máster en Ingeniería del Software' — 'Convocatoria: 16 mar 2026'; 'Máster en Visual Analytics & Big Data' (Análisis y Visualización de Datos Masivos) — 'Convocatoria: 16 mar 2026'; 'Máster en Big Data y Ciencia de Datos' (título propio) — 'Convocatoria: 6 abr 2026'. Corroborated by wave-2 records in output/verified.jsonl taken from the same pages on 2026-08-25, which captured the status-bar strings 'Convocatoria Actual: 16 mar 2026', 'Abierta próxima convocatoria', 'Plazas limitadas', plus next-start dates of 19 oct 2026 and 2 nov 2026 for different titles and a start of 8 junio 2026 for the Innovación y Transformación Empresarial con IA master.","VERDICT: YES — UNIR runs staggered cohort starts through the year and several of them fall in the Jan–Jun window (March, April, June observed). This is NOT the 'application round' trap: the dates captured are labelled as the convocatoria's own start, and sibling titles carry DIFFERENT dates (16 mar / 6 abr / 8 jun / 19 oct / 2 nov), which is only consistent with per-title start dates, not with a shared admission window. The corollary already recorded in AGENT-BRIEF holds and is confirmed here: UNIR runs NO September intake at all. For a candidate targeting September 2027 that is a structural mismatch — the nearest UNIR options are a spring 2027 start (bringing the plan forward ~6 months) or an October/November 2027 start (pushing it back ~1 month). SPRING 2027 DATES ARE NOT PUBLISHED. Only the 2026 convocatorias are out. Do not shift these dates forward by a year. TUITION: NOT FOUND and this is final, per AGENT-BRIEF — UNIR publishes no price for any master; its own brochure says the fee 'se calcula en función del total de créditos ECTS matriculados, la forma de pago y las características específicas de cada alumno', disclosed only by an adviser after preinscripción. Any UNIR fee figure without a non-UNIR primary source is unsupported. PROVENANCE WARNING: every date in this record is search-index content, not a page this agent opened. A human must open these pages in a normal browser to confirm. Listed for gaps.md.",YES,,online,1,ONLINE,La Rioja (university seat: Logroño),"No campus teaching — 100% online (""Modalidad: Online interactivo""). UNIR's registered seat is Avda. de la Paz 137, Logroño, La Rioja; RUCT records the title's CCAA as La Rioja.",Universidad Internacional de La Rioja (UNIR),private university,MECES 3 (RUCT «Nivel MECES: 3»; nivel académico «Máster - RD 822/2021 (3)»),EQF/EHEA level 7 (MECES 3 is referenced to EQF 7 in Spain's national referencing report),"EHEA level 7 (Bologna) — academic recognition across the EHEA. This is an official Spanish Máster Universitario, ANECA-verified and inscribed in RUCT under code 4315363 at MECES level 3 = EQF/EHEA level 7, so it is a second-cycle Bologna degree that other EHEA countries recognise academically and that gives access to doctoral study. Two caveats that must not be glossed: (i) academic recognition is not professional recognition — a regulated profession still runs through Directive 2005/36/EC and the host country's own competent authority; (ii) recognition abroad still requires the receiving country's own procedure (a NARIC/ENIC statement or the receiving institution's assessment) — the EHEA makes it routine, not automatic.",YES,YES,NOT FOUND,NOT FOUND,NOT FOUND,NOT FOUND,"Resolución de 18 de enero de 2022 de la UNIR, BOE núm. 24 de 28/01/2022, sec. III pág. 11770, ref. 1416 (publicación de la modificación del plan de estudios). Earlier BOE plan publication 23/02/2016; ANECA verification 11/03/2015.",https://www.educacion.gob.es/ruct/estudio.action?codigoCiclo=SC&codigoTipo=M&CodigoEstudio=4315363&actual=estudios,"máster universitario (OFFICIAL) — programme page header states «Título: Oficial»; RUCT 4315363, estado «Publicado en B.O.E. (TITULACIÓN RENOVADA POR ACREDITACIÓN INSTITUCIONAL)»","official_status, start_month, modality, ects, tuition https://www.unir.net/ingenieria/master-ingenieria-software/ 2026-08-29 | ruct_code, meces_level, ects breakdown, complementos formativos, ccaa https://www.educacion.gob.es/ruct/estudio.action?codigoCiclo=SC&codigoTipo=M&CodigoEstudio=4315363&actual=estudios 2026-08-29 | boe_order https://static.unir.net/ingenieria/master-ingenieria-software/14_BOE_publicacion_plan_estudios_20220128_MU_ISySI.pdf 2026-08-29 | start_month (spring cohort PER 14326) https://static.unir.net/CalendariosST/Nac/Actual/muIngSoftware.pdf 2026-08-29",1
Universidad Internacional de La Rioja (UNIR) — private online university,Máster Universitario en Inteligencia Artificial,AA | B,YES,"June 2026 for the current convocatoria of this title; April 2026 for its sibling AI masters — i.e. UNIR's AI family starts inside the Jan–Jun window, not in September",From UNIR's own page as returned by the search index (the page itself is unreachable — see source_access): the Máster en Inteligencia Artificial shows a current convocatoria of '8 jun 2026'. Sibling UNIR AI titles show '6 abr 2026' (Máster en Inteligencia Artificial para el Sector Financiero; Máster en IA para la Ciencia del Comportamiento Humano) and '20 abr 2026' (Curso en Inteligencia Artificial y Data Science).,"Several — UNIR runs staggered convocatorias through the year rather than one annual intake, and (per AGENT-BRIEF, verified in an earlier wave) runs NO September intake at all",Not enumerable from the index; UNIR publishes only the 'Convocatoria actual' on each page,NOT FOUND — UNIR does not publish an application deadline; the convocatoria date IS the start date and admission runs through an adviser after preinscripción,máster universitario (OFFICIAL) — UNIR labels it 'Título oficial'; RUCT code not confirmed in this pass because www.unir.net returns 403 to every automated client,NOT CONFIRMED IN THIS PASS,"online (100% online, 'clases online en directo', exams online and/or presenciales)",castellano (UNIR teaches in Spanish; not separately re-verified in this pass),"NOT FOUND — and this is final for UNIR. Per AGENT-BRIEF: UNIR publishes no price for any master anywhere; its own brochure says the fee 'se calcula en función del total de créditos ECTS matriculados, la forma de pago y las características específicas de cada alumno', disclosed only by an adviser after preinscripción. Any UNIR fee figure without a non-UNIR primary source is unsupported.",https://www.unir.net/ingenieria/master-inteligencia-artificial/,"UNIR programme pages carry a 'Convocatoria:' field that is the class start date, not an application round — this is the same field already recorded for UNIR's Análisis y Visualización de Datos Masivos, Ingeniería de Software and Producción Musical masters ('Convocatoria: 16 mar 2026'). For this title the indexed value is 8 jun 2026; for Máster en Inteligencia Artificial para el Sector Financiero and Máster en IA para la Ciencia del Comportamiento Humano it is 6 abr 2026; for Curso en Inteligencia Artificial y Data Science, 20 abr 2026.","VERDICT: YES — but read the provenance line before using the date. source_access: 'search index — www.unir.net returns 403 to WebFetch, curl and headless browsers alike; static.unir.net has no brochure at the expected path (404). The convocatoria dates here come from the search index of UNIR's own pages, NOT from pages I opened.' ⚠️ NEEDS A HUMAN to open https://www.unir.net/ingenieria/master-inteligencia-artificial/ in a normal browser and read the current 'Convocatoria' field — add to gaps.md. The structural finding is nevertheless solid and independently corroborated across four UNIR titles already in this file: UNIR does not run an annual autumn cohort; it starts groups repeatedly through the year, with March, April and June dates all observed. For a candidate targeting a mid-year start UNIR is a structural YES; for one targeting September 2027 it is a structural MISMATCH.",YES,,"online, privates",2,,,,,,,,,,,,,,,,,,,1
Universidad Internacional de La Rioja (UNIR),Máster Universitario en Producción Musical,A,YES,March 2026,'Convocatoria Actual: 16 mar 2026',"Several — UNIR runs multiple staggered convocatorias per year rather than one annual intake; observed 2026 starts across its catalogue are 16 mar, 6 abr, 8 jun, 19 oct and 2 nov. Exact count per title NOT PUBLISHED.",Autumn starts of 19 oct 2026 / 2 nov 2026 recorded for sibling UNIR titles on 2026-08-25. NO September intake exists at UNIR.,"NOT FOUND. UNIR publishes a convocatoria START date and a 'Plazas limitadas' notice, not a closing date; admission is adviser-led and rolling up to the start.",máster universitario (OFFICIAL),3500676,online,castellano (not re-verified in this pass; page unreachable),NOT FOUND — and this is the correct and final answer for UNIR (see notes),https://www.unir.net/musica/master-produccion-musical-online/,"PAGE NOT DIRECTLY FETCHABLE — www.unir.net returns HTTP 403 to curl and to WebFetch (Cloudflare), confirmed again on 2026-08-29; all UNIR subdomains tried (estudiantes-argentina, mexico, colombia) also 403, and static.unir.net reset the connection. Content below comes from the SEARCH INDEX of unir.net's own pages, not from the page itself. Indexed as at 2026-08-29: 'Máster en Ingeniería del Software' — 'Convocatoria: 16 mar 2026'; 'Máster en Visual Analytics & Big Data' (Análisis y Visualización de Datos Masivos) — 'Convocatoria: 16 mar 2026'; 'Máster en Big Data y Ciencia de Datos' (título propio) — 'Convocatoria: 6 abr 2026'. Corroborated by wave-2 records in output/verified.jsonl taken from the same pages on 2026-08-25, which captured the status-bar strings 'Convocatoria Actual: 16 mar 2026', 'Abierta próxima convocatoria', 'Plazas limitadas', plus next-start dates of 19 oct 2026 and 2 nov 2026 for different titles and a start of 8 junio 2026 for the Innovación y Transformación Empresarial con IA master.","VERDICT: YES — UNIR runs staggered cohort starts through the year and several of them fall in the Jan–Jun window (March, April, June observed). This is NOT the 'application round' trap: the dates captured are labelled as the convocatoria's own start, and sibling titles carry DIFFERENT dates (16 mar / 6 abr / 8 jun / 19 oct / 2 nov), which is only consistent with per-title start dates, not with a shared admission window. The corollary already recorded in AGENT-BRIEF holds and is confirmed here: UNIR runs NO September intake at all. For a candidate targeting September 2027 that is a structural mismatch — the nearest UNIR options are a spring 2027 start (bringing the plan forward ~6 months) or an October/November 2027 start (pushing it back ~1 month). SPRING 2027 DATES ARE NOT PUBLISHED. Only the 2026 convocatorias are out. Do not shift these dates forward by a year. TUITION: NOT FOUND and this is final, per AGENT-BRIEF — UNIR publishes no price for any master; its own brochure says the fee 'se calcula en función del total de créditos ECTS matriculados, la forma de pago y las características específicas de cada alumno', disclosed only by an adviser after preinscripción. Any UNIR fee figure without a non-UNIR primary source is unsupported. PROVENANCE WARNING: every date in this record is search-index content, not a page this agent opened. A human must open these pages in a normal browser to confirm. Listed for gaps.md. Included as the core path-A UNIR title. Next autumn start recorded 2026-08-25: 19 oct 2026.",YES; YES (INST,,"online, path-A",2,ONLINE,La Rioja (university seat: Logroño),"No campus teaching — 100% online («Modalidad: Online interactivo»). UNIR's seat is Logroño, La Rioja; RUCT records the title's CCAA as La Rioja.",Universidad Internacional de La Rioja (UNIR),private university,MECES 3 (RUCT «Nivel MECES: 3»; nivel académico «Máster - RD 822/2021 (3)»),EQF/EHEA level 7,"EHEA level 7 (Bologna) — academic recognition across the EHEA. This is an official Spanish Máster Universitario: ANECA-verified, inscribed in RUCT, MECES level 3 = EQF/EHEA level 7, i.e. a second-cycle Bologna qualification carrying a Diploma Supplement as of right and giving access to doctoral study. Other EHEA countries recognise it academically as a second-cycle degree. Two limits that must not be glossed: (i) academic recognition is NOT professional recognition — a regulated profession runs through Directive 2005/36/EC and the host state's competent authority; (ii) recognition abroad still goes through the receiving country's own procedure (ENIC-NARIC statement or the receiving institution's assessment) — the EHEA makes it routine, not automatic.",YES,YES,NOT FOUND,NOT FOUND,NOT FOUND,NOT FOUND,BOE Acuerdo de Consejo de Ministros 01/10/2025; BOE publicación del plan de estudios 31/10/2025; BOR publicación del plan de estudios 30/12/2025. Autorización de implantación por la Comunidad Autónoma de La Rioja 11/07/2025. ANECA/RUCT verification date 26/05/2025; institutional accreditation resolution 07/05/2024.,https://www.educacion.gob.es/ruct/estudio.action?codigoCiclo=SC&codigoTipo=M&CodigoEstudio=3500676&actual=estudios,"máster universitario (OFFICIAL) — page header «Título: Oficial»; body: «UNIR te ofrece esta titulación oficial, en formato online». RUCT 3500676, estado «Publicado en B.O.E. (TITULACIÓN RENOVADA POR ACREDITACIÓN INSTITUCIONAL)».","official_status, modality, ects, tuition, start dates https://www.unir.net/musica/master-produccion-musical-online/ 2026-08-29 | ruct_code, meces_level, ects breakdown, complementos formativos, verification date https://www.educacion.gob.es/ruct/estudio.action?codigoCiclo=SC&codigoTipo=M&CodigoEstudio=3500676&actual=estudios 2026-08-29 | boe_order https://static.unir.net/documentacion-oficial/05_BOE_publicacion_plan_estudios_20251031.pdf 2026-08-29 | start_month (only Septiembre 2026 cohort published; Actual slot 404s) https://static.unir.net/CalendariosST/Nac/Siguiente/muProduccionMusical.pdf 2026-08-29",1
"Universidad Internacional de La Rioja (UNIR) — private, online",Máster Universitario en Protocolo y Eventos,S,YES,"The currently-running cohort is UNIR's «Febrero 2026» cohort, with teaching starting 16 mar 2026 — inside the January–June window. The next cohort now recruiting starts 19 oct 2026.","Programme page header, verbatim: «Inicio  19 oct 2026 | Duración 1 curso | Créditos 60 ECTS | Exámenes Online y/o presenciales | Modalidad Online interactivo | Título Oficial». Programme page footer, verbatim: «Convocatoria Actual: 16 mar 2026  Ver calendario» — that link resolves to https://static.unir.net/CalendariosST/Nac/Actual/muProtocEventos.pdf, whose own title line reads: «2026 ‐ 2027 — Máster Universitario en Protocolo y Eventos ‐ Febrero 2026 (PER 14350)». The «Siguiente» calendar at https://static.unir.net/CalendariosST/Nac/Siguiente/muProtocEventos.pdf is titled: «2026 ‐ 2027 — Máster Universitario en Protocolo y Eventos ‐ Septiembre 2026 (PER 16479)».",Multiple named cohorts per year (at least 2 evidenced for this title: the spring one below and a September/October one). UNIR does not publish a full year's list of convocatorias in one place; only «Actual» and «Siguiente» calendars are exposed.,"Autumn cohort: «Septiembre 2026» (see the Siguiente calendar), advertised on the page as «Inicio 19 oct 2026».","NOT FOUND — UNIR publishes no application deadline anywhere. The page shows only «Abierta próxima convocatoria», «Plazas limitadas» and «Consulta precios con tu asesor»; https://www.unir.net/estudia-con-nosotros/como-matricularse/ gives only «Podrás acceder al Campus Virtual de tu titulación una vez abierta la convocatoria» and names no dates. Deadlines are disclosed by an adviser after preinscripción.","máster universitario (OFFICIAL) — programme page header states «Título: Oficial»; the Documentación de la titulación block links the ANECA informe favorable, the Resolución de verificación del Consejo de Universidades, the «Publicación carácter oficial BOE» and the RUCT entry",NOT PRINTED as a number on the page — the page links to RUCT rather than quoting the code,«Modalidad: Online interactivo»; «Exámenes: Online y/o presenciales»,castellano (Spanish-language programme page and plan; no English-taught statement),NOT FOUND — page states only «Consulta precios con tu asesor». Per the AGENT-BRIEF this is UNIR's universal policy and NOT FOUND is the correct final answer.,https://www.unir.net/marketing-comunicacion/master-protocolo-organizacion-eventos/,Header: «Inicio 19 oct 2026 | Duración 1 curso | Créditos 60 ECTS | Modalidad Online interactivo | Título Oficial | Abierta próxima convocatoria | Consulta precios con tu asesor | Plazas limitadas». Footer: «Convocatoria Actual: 16 mar 2026  Ver calendario». Calendar PDF title (Actual): «2026 ‐ 2027 — Máster Universitario en Protocolo y Eventos ‐ Febrero 2026 (PER 14350)». Calendar PDF title (Siguiente): «2026 ‐ 2027 — Máster Universitario en Protocolo y Eventos ‐ Septiembre 2026 (PER 16479)».,"FIRST COVERAGE of this UNIR title in the sweep. Page claims «Apuesta por la primera formación oficial online del mercado en este ámbito» / «primera universidad que ofrece esta formación oficial». ⚠️ Note the page header advertises «Inicio 19 oct 2026» while the Siguiente calendar is named «Septiembre 2026» — the cohort NAME (month of onboarding) and the advertised teaching start do not always coincide; both are recorded rather than reconciled. HOW UNIR'S INTAKE SYSTEM WORKS (verified mechanism, not inference): UNIR runs SEVERAL NAMED COHORTS PER TITLE PER YEAR. Each cohort is named for its month, carries its own PER code, and has its own full academic calendar PDF published at static.unir.net/CalendariosST/Nac/{Actual,Siguiente}/<slug>.pdf. Each programme page prints TWO different dates that must not be confused: the header «Inicio <date>» = the NEXT cohort now recruiting, and a footer line «Convocatoria Actual: <date> — Ver calendario» = the cohort CURRENTLY RUNNING, hyperlinked to that cohort's calendar PDF. Because the cohorts are separately named, separately coded and separately calendared, they are genuine cohort starts, NOT «segundo cuatrimestre» module entry — each spring calendar runs its own CUATRIMESTRE 1 then CUATRIMESTRE 2 across a full year. ⚠️ TWO CORRECTIONS TO THE AGENT-BRIEF, evidenced here from UNIR's own pages and calendar PDFs, both fetched successfully on 2026-08-29. (1) The brief says «www.unir.net is blocked». It is NOT — it returns HTTP 200 and the full body to curl sent with a COMPLETE browser header set (Chrome UA + Accept + Accept-Language + Sec-Ch-Ua / Sec-Ch-Ua-Mobile / Sec-Ch-Ua-Platform + Sec-Fetch-Dest/Mode/Site/User + Upgrade-Insecure-Requests + cookie jar). A UA alone is not enough; the Sec-Ch-Ua and Sec-Fetch headers are what get through. (2) The brief says «UNIR runs no September intake». That is WRONG for at least the Ingeniería and Marketing/Comunicación and Música masters checked here: UNIR publishes «Inicio 28 sep 2026» on its Inteligencia Artificial and Ciberseguridad pages, and static.unir.net serves a full academic calendar PDF for a cohort explicitly named «Septiembre 2026» for IA (PER 16676), Ciberseguridad (PER 16673), Protocolo y Eventos (PER 16479) and Gestión Empresarial en la Industria Musical (PER 16697). A September-2027 target is therefore NOT structurally excluded at UNIR.",YES,,privates,1,ONLINE,La Rioja (university seat: Logroño),"No campus teaching — 100% online («Modalidad: Online interactivo»). UNIR's seat is Logroño, La Rioja; RUCT records the title's CCAA as La Rioja.",Universidad Internacional de La Rioja (UNIR),private university,MECES 3 (RUCT «Nivel MECES: 3»; nivel académico «Máster - RD 822/2021 (3)»),EQF/EHEA level 7,"EHEA level 7 (Bologna) — academic recognition across the EHEA. This is an official Spanish Máster Universitario: ANECA-verified, inscribed in RUCT, MECES level 3 = EQF/EHEA level 7, i.e. a second-cycle Bologna qualification carrying a Diploma Supplement as of right and giving access to doctoral study. Other EHEA countries recognise it academically as a second-cycle degree. Two limits that must not be glossed: (i) academic recognition is NOT professional recognition — a regulated profession runs through Directive 2005/36/EC and the host state's competent authority; (ii) recognition abroad still goes through the receiving country's own procedure (ENIC-NARIC statement or the receiving institution's assessment) — the EHEA makes it routine, not automatic.",YES,YES,NOT FOUND,NOT FOUND,NOT FOUND,NOT FOUND,BOE Acuerdo de Consejo de Ministros 18/03/2022; BOE publicación del plan de estudios 30/01/2023. RUCT verification date 22/07/2021; institutional accreditation resolutions 15/10/2019 and 23/07/2026.,https://www.educacion.gob.es/ruct/estudio.action?codigoCiclo=SC&codigoTipo=M&CodigoEstudio=4317921&actual=estudios,"máster universitario (OFFICIAL) — page header «Título: Oficial»; body: «la primera universidad que ofrece esta formación oficial [online]». RUCT 4317921, estado «Publicado en B.O.E. (TITULACIÓN RENOVADA POR ACREDITACIÓN INSTITUCIONAL)».","official_status, modality, ects, tuition, start dates https://www.unir.net/marketing-comunicacion/master-protocolo-organizacion-eventos/ 2026-08-29 | ruct_code, meces_level, ects breakdown, complementos formativos https://www.educacion.gob.es/ruct/estudio.action?codigoCiclo=SC&codigoTipo=M&CodigoEstudio=4317921&actual=estudios 2026-08-29 | boe_order https://static.unir.net/marketing-comunicacion/master-protocolo-y-eventos/07_BOE_publicacion_plan_estudios_20230130_MU_PyE.pdf 2026-08-29 | start_month (spring cohort PER 14350) https://static.unir.net/CalendariosST/Nac/Actual/muProtocEventos.pdf 2026-08-29",1
Universidad Internacional de La Rioja (UNIR) — online,"Máster Universitario en Protocolo y Eventos (with AEVEA, Agencias de Eventos Españolas Asociadas)",S,YES — but see provenance caveat,"March (spring convocatoria, 16 March 2026); October (autumn convocatoria)",Search-index snapshot of www.unir.net/marketing-comunicacion/master-protocolo-organizacion-eventos/ : 'La convocatoria actual es el 16 de marzo de 2026'; the same snapshot notes the programme's first convocatoria was in October.,At least 2 — UNIR runs staggered convocatorias through the year rather than a single September start,October,NOT FOUND — UNIR does not publish a closing date; admission is by preinscripción with an adviser up to the convocatoria date,"máster universitario (OFFICIAL) — RUCT 4317921, 'Publicado en B.O.E. (TITULACIÓN RENOVADA)' per output/ruct-backbone.jsonl",4317921,100% online,Spanish (castellano),"NOT FOUND — per AGENT-BRIEF, UNIR publishes no price for any master; the fee 'se calcula en función del total de créditos ECTS matriculados'. Any figure quoted by an aggregator is unsourceable.",https://www.unir.net/marketing-comunicacion/master-protocolo-organizacion-eventos/,La convocatoria actual es el 16 de marzo de 2026,"⚠ SOURCE ACCESS: www.unir.net returns HTTP 403 to every automated client (confirmed again this session with a browser User-Agent: 403, 449-byte body). Facts here come from the WEB SEARCH INDEX of that page, not from the page itself — flag for a human to open in a normal browser. Consistency check that supports the reading: UNIR's Máster Universitario en Gestión Empresarial en la Industria Musical (RUCT 4317068, already recorded in path-P.jsonl) shows the SAME 16 March 2026 convocatoria, i.e. this is UNIR's institution-wide spring cohort date, not a per-programme artefact. For UNIR, 'convocatoria' IS the cohort start (its pages render it as 'Inicio'), which is why this is a YES and not the Esade-style deadline trap. Note also UNIR runs NO September intake at all — a structural mismatch for a September-2027 target, but a genuine spring option.",YES — BUT,,path-S,1,,,,,,,,,,,,,,,,,,,1
"Universidad Europea Miguel de Cervantes (UEMC), Valladolid — delivered by ESBS European Sport Business School (Valencia CF campus)",Máster en Formación Permanente en Gestión Internacional de Organizaciones Deportivas,S,YES,February (online modality second start); November (online modality first start); October (semipresencial/presencial modalities),"DESARROLLO DEL MÁSTER — Existen tres opciones para cursar el Máster. A distancia (online) a través de: www.esbs-spain.com o formación.valenciacf.com (en redirección a ESBS). **Existen dos periodos de inicio, noviembre y febrero.** Las siguientes modalidades empezarán las clases en octubre y finalizarán en junio. Semipresencial: Se realizarán las sesiones presenciales en: Aulas ESBS - Centro Formación Fundación Valencia CF...",2 for the ONLINE modality (November and February); 1 (October) for the semipresencial and presencial modalities,"November (online), October (semipresencial/presencial)","NOT FOUND as a fixed date — the page states 'PLAZO DE MATRÍCULA: El plazo de matrícula estará abierto desde el 1 de enero hasta agotar plazas' (that line is attached to the presencial edition) and, for admission generally, 'Una vez realizada la reserva de plaza, el alumno dispone de dos semanas previas a inicio de clase para hacer su matrícula formal'","título propio — 'Máster en Formación Permanente' is the post-RD 822/2021 legal name for a título propio; the page sits under UEMC 'Oferta Académica / Enseñanzas propias / Másteres'. NOT a máster universitario, no RUCT code, no PhD access.",,online / semipresencial / presencial — the February start exists ONLY in the online (a distancia) modality,Spanish (page and admission process entirely in Spanish; admisiones@esbs-spain.com),NOT FOUND — 'Las condiciones económicas se establecerán en el formulario de inscripción de Matrícula de cada curso académico',https://www.uemc.es/p/informacion-y-matricula-94,"Existen dos periodos de inicio, noviembre y febrero.","GENUINE spring cohort start, not an application round — the page explicitly says 'periodos de INICIO' (start periods), distinguishing them from the October start of the other modalities. Sports-organisation management rather than events proper, so field-S-adjacent in the same way as the already-recorded LALIGA Business School sports-events master. UEMC's own uemc.es programme page for its OFFICIAL events masters (Organización y Comunicación de Eventos, RUCT 3500551; Imagen Pública, Dirección de Eventos y Protocolo, RUCT 4317366) publishes NO start date at all — recorded separately.",YES,,path-S,1,,,,,,,,,,,,,,,,,,,1
"Universidad Francisco de Vitoria (UFV), Madrid — private university",Postgrado en Industria y Negocio de la Música,P,YES,January (2027),Próxima edición: Enero 2027 - Junio 2027,"1 — and it is a JANUARY start, not an autumn one; the page advertises only the Enero 2027 - Junio 2027 edition","none advertised; the sibling UFV postgrado 'Producción Musical y Artística' runs Septiembre 2026 - Enero 2027, so UFV staggers its postgrados rather than running two cohorts of the same one",NOT FOUND — page states only 'Próxima apertura de los procesos de admisión: 7 de Septiembre' (admissions open 7 September for the January edition); no closing date published,"título propio (page states 'Titulación: TÍTULO PROPIO'); 30 ECTS postgrado, NOT a máster universitario — no RUCT, no PhD access",,"Presencial Madrid, lunes a jueves 18-20h",Castellano,"6.500 EUR (Reserva de plaza 960 EUR + honorarios de matrícula 5.540 EUR); year of rates not separately stated, the edition is Jan-Jun 2027",https://www.ufv.es/estudiar-postgrado-industria-negocio-musica/,'6 meses · 30 ECTS · Lunes a Jueves de 18-20h' · 'Próxima edición: Enero 2027 - Junio 2027' · 'Presencial Madrid' · 'Castellano' · 'Próxima apertura de los procesos de admisión: 7 de Septiembre',"GENUINE January cohort start, verified on UFV's own domain. But it is a 30-ECTS postgrado, not a master: on its own it will not meet a master's-level goal and 30 ECTS of part-time evening study is a weak basis for a Spanish student visa. Spanish-only. Deferred-candidate index 566.",YES,,from-dataset,1,,,,,,,,,,,,,,,,,,,1
"Universidad Internacional Isabel I de Castilla (Universidad Isabel I), Burgos — private, 100% online","Máster en Ingeniería Informática e Inteligencia Artificial (título propio, under «MBA y Posgrados» — NOT in the university's «Másteres Oficiales» list)",AA | AC,YES,January (En.) and April (Abr.) — two of the three published starts are in the Jan-Jun window,«Modalidad: Online — Duración: Anual — INICIO: Sept. - En. - Abr.»,"3 — September, January, April",September,NOT FOUND — the page shows a rolling «Matrícula cerrada / Matrícula abierta» flag rather than dated windows; at time of access this programme showed «Matrícula cerrada»,"título propio. UI1's own «Másteres Oficiales» index lists only four science/technology official masters — Análisis Inteligente de Datos Masivos (Big Data), Ciberseguridad, Divulgación Científica, Tecnologías Móviles — and this IA title is not among them. Not in output/ruct-backbone.jsonl (which holds only UI1's 4316337 and 4316346). No PhD access, no public-scholarship eligibility.",,100% online,Spanish (UI1 teaches entirely in Spanish),NOT FOUND — no price on the título propio page («¡Solicita información para conocer nuestros descuentos!»). For contrast UI1's OFFICIAL Big Data master publishes 4.200 €.,https://www.ui1.es/oferta-academica/master-ingenieria-informatica-e-inteligencia-artificial,Modalidad: Online. Duración: Anual. INICIO: Sept. - En. - Abr.,"NEW FIND — a mid-size private online university nobody had checked. The January and April starts are structural, not marketing: UI1's academic calendar runs THREE TRIMESTERS whose start dates are 23/09/2025, 08/01/2026 and 07/04/2026 (curso 2025-26), and the «Sept. - En. - Abr.» entry points line up exactly with them. The same «INICIO: Sept. - En. - Abr.» appears on UI1's Máster en Ingeniería Informática y Big Data and MBA en Big Data y Analytics, so this is a school-wide three-entry model for its títulos propios. CAVEAT: because the entry points coincide with trimester boundaries, a reviewer should confirm with UI1 whether the January/April entrants form their own cohort or join the running one — the SPRING-BRIEF explicitly excludes «segundo cuatrimestre module entry that is not a real cohort start». The page states them as INICIO dates, which is why this is recorded YES rather than NO.",YES,,path-AA,1,,,,,,,,,,,,,,,,,,,1
"Universidad Internacional Isabel I de Castilla (Universidad Isabel I), Burgos — private, 100% online",Máster en Ingeniería Informática y Big Data (título propio) and MBA en Big Data y Analytics (título propio),AB | X,YES,January and April,«Modalidad: Online — Duración: Anual — INICIO: Sept. - En. - Abr.» (identical text on both pages),"3 — September, January, April",September,NOT FOUND — rolling «Matrícula abierta / Matrícula cerrada» flag only,título propio — neither appears in UI1's «Másteres Oficiales» index nor in output/ruct-backbone.jsonl. No PhD access.,,100% online,Spanish,NOT FOUND — no price published on título propio pages,https://www.ui1.es/oferta-academica/master-ingenieria-informatica-big-data,Modalidad: Online. Duración: Anual. INICIO: Sept. - En. - Abr.,"Same three-entry model as the UI1 IA título propio (see path-AA.jsonl) and aligned with the university's three-trimester calendar (23/09, 08/01, 07/04). Same caveat: confirm whether Jan/Apr entrants form their own cohort.",YES,,path-AB,1,,,,,,,,,,,,,,,,,,,1
"Next Educación (Next International Business School / nexteducacion.com), Madrid — private school; double degree issued by Universidad Isabel I",Master in Big Data & Business Intelligence,AB | X,YES,February 2027,"«Presencial, híbrido y online — Inicio: Octubre 2026 / Febrero 2027 — Madrid — 1 año académico — 60 ECTS — Idioma: Español»",2 — October and February,October 2026,"NOT FOUND — the FAQ says «Las fechas exactas de inicio se actualizan en cada convocatoria»; admission is by application form plus profile review, with no published cut-off","título propio — «Doble titulación expedida por la Universidad Isabel I» plus «Programa reconocido por Cualificam». No RUCT code and no «máster universitario» wording; Universidad Isabel I's own official-masters list does not include it (its only official data title is RUCT 4316337, Análisis Inteligente de Datos Masivos). Treat as título propio: no PhD access, no public-scholarship eligibility.","NONE — no official title, so no RUCT code; none is claimed on the page","Presencial (Madrid), híbrido or online",Spanish — «Idioma: Español» stated explicitly,NOT FOUND — no price published; the page references «Convocatorias de becas disponibles»,https://nexteducacion.com/masters/master-in-big-data-business-intelligence/,Inicio: Octubre 2026 / Febrero 2027 — Madrid — 1 año académico — 60 ECTS (ECTS) — Idioma: Español,"GENUINE FEBRUARY 2027 COHORT, and a full 60-ECTS one-academic-year programme rather than a short course. The two intakes are given as start dates («Inicio:»), not as application rounds. Note the Universidad Isabel I link: UI1 also runs Sept/Jan/Apr entry on its own títulos propios, so the February slot here is consistent with the awarding partner's calendar. Caveat: Spanish-only, and título propio, so it neither confers PhD access nor qualifies for Spanish public funding. A February 2027 start also lands before the candidate's September-2027 target.",YES,,path-AB,1,Madrid (presencial and híbrido); also offered fully ONLINE,"Comunidad de Madrid. Note: if the Universidad Isabel I double title is taken, that university's seat is Burgos, CASTILLA Y LEÓN (logo alt text on the page: 'Universidad Isabel I de Burgos').","Next Educación, S.L., Calle de Núñez Morgado 5, 28036 Madrid (address on the CUALIFICAM certificate). The same 60-ECTS plan is published separately for the presencial, híbrido and online modalities.","CONDITIONAL — read carefully. The BASE award is NOT a university title. The programme's own FAQ, verbatim: 'Al finalizar el programa recibirás el título propio del Master in Big Data & Business Intelligence expedido por NEXT EDUCACIÓN. Asimismo, SI TU MATRÍCULA TE DA DERECHO A LA DOBLE TITULACIÓN, también podrás obtener el Título de Máster en Formación Permanente por la Universidad Isabel I.' So: Next Educación (a private school, not a university) always issues its own certificate; Universidad Isabel I (private online university, Burgos) issues a SECOND título propio only if the enrolment tier purchased includes the double-degree option. Since no price is published, which tier includes it cannot be verified from the page — confirm in writing with admissions before assuming any university title at all.","private school (not a university) — Next Educación, S.L. The university in the arrangement, Universidad Isabel I, is a private university.",NOT APPLICABLE — outside MECES,NOT APPLICABLE — no EQF level,"NOT recognised across Europe as a degree. Both titles are títulos propios: they sit OUTSIDE MECES and OUTSIDE the European Higher Education Area (Bologna), carry NO Diploma Supplement as of right, and grant NO access to doctoral study. Recognition in another European country is at the discretion of the receiving institution or employer only. NAMING THE LEGAL BASIS of the two claims the page makes, as required. (1) 'Título de Máster en Formación Permanente por la Universidad Isabel I, CON RECONOCIMIENTO ACADÉMICO Y PROFESIONAL' — the page names no instrument behind this phrase. In law a título propio's 'reconocimiento académico' means only that the issuing university itself recognises its own credits, typically for internal credit transfer; it is not recognition by the Spanish State, by MECES or by any other country. (2) 'Programa reconocido por CUALIFICAM' — this one IS documentable and the certificate is published: 'Certificado concedido al Programa de Máster Profesional ... conforme al Programa CUALIFICAM de Certificación de Máster Profesional de la Fundación para el conocimiento madri+d', 1ª Convocatoria 2026, signed by the Director of Fundación madri+d on 13 July 2026, certificate no. FMID-CMP26-000020, ordinary follow-up 21/09/2029, renewal 21/09/2032. Fundación madri+d is the Comunidad de Madrid's quality-assurance body, and CUALIFICAM is expressly a certification scheme FOR PROFESSIONAL (i.e. non-official) MASTER'S PROGRAMMES. It is therefore a genuine, verifiable, externally-audited quality mark on a título propio — which is worth something and is far better than an unattributed claim — but it is NOT ANECA verification of an official title, it does not enter the programme in RUCT, and it places the qualification in no European qualifications framework. Do not let the two be confused.",NO,NO,"NOT FOUND — no price is published. The FAQ '¿Cuál es el precio del programa?' answers only 'Pregúntanos por el precios y descubre nuestras diferentes formas de pago y opciones de financiación. Asimismo, disponemos de un programa de becas'. This is a material gap here specifically, because the enrolment tier determines whether the Universidad Isabel I title is included at all.","NOT FOUND — no price published at all, so no EU/non-EU comparison is possible. Page silence is NOT FOUND, not 'no surcharge'.",NOT FOUND — no price and therefore no rate year published,NOT FOUND — none published. A 'reserva de plaza' payment is mentioned in the admissions steps but no amount is given.,NONE,,"TÍTULO PROPIO in both limbs. 'Máster de Formación Permanente' is the post-RD 822/2021 legal NAME for a título propio — it reads official and is not. Neither the Next Educación certificate nor the Universidad Isabel I 'Título de Máster en Formación Permanente' is a Máster Universitario: not ANECA-verified, not in RUCT.","title 'Máster de Formación Permanente', 60 ECTS, modalities, 'Inicio: Octubre 2026 / Febrero 2027', Madrid, 'Idioma: Español', 'Doble titulación expedida por la Universidad Isabel I', 'Programa reconocido por Cualificam', plan de estudios, credit-recognition procedure, practicals, absence of any published price https://nexteducacion.com/masters/master-in-big-data-business-intelligence/ 2026-08-29 | FAQ text making the Universidad Isabel I title conditional on the enrolment tier, and confirming the base award is Next Educación's own título propio https://nexteducacion.com/masters/master-in-big-data-business-intelligence/ 2026-08-29 | legal basis of the CUALIFICAM claim: certificate of the Programa CUALIFICAM de Certificación de Máster Profesional, Fundación para el conocimiento madri+d, 1ª Convocatoria 2026, issued 13/07/2026, cert. no. FMID-CMP26-000020, follow-up 21/09/2029, renewal 21/09/2032; and Next Educación S.L.'s registered address https://nexteducacion.com/wp-content/uploads/2026/07/Cualificam-Master-in-Big-Data-and-Business-Intelligence.pdf 2026-08-29",1
"Universidad Internacional Isabel I de Castilla (UI1), Burgos — private ONLINE university",Máster Universitario en Análisis Inteligente de Datos Masivos (Big Data),AB | X,YES (institution-level trimester entry — see notes),January and April (second and third trimester starts),"Academic calendar (ui1.es, 'vigente ... tanto para Grados como para Másteres oficiales'): 'Primer Trimestre 23/09/25 ... Segundo Trimestre 08/01/26 ... Tercer Trimestre 07/04/26'. Sibling UI1 master page prints the chip 'INICIO: Sept. - En. - Abr.'","3 — September, January, April",September,NOT FOUND — UI1 opens a matrícula window per trimester but publishes no fixed closing date on these pages,máster universitario oficial (RUCT 4316337 per the deferred-candidate RUCT row),4316337,Docencia 100% ONLINE; exámenes online o presenciales,Español (not explicitly stated on the page; UI1 teaches in Spanish),4.200 EUR (stated on the programme page; year of rates NOT stated),https://www.ui1.es/oferta-academica/master-en-big-data,"UI1 press release: 'La Universidad Isabel I ha abierto el plazo de matrícula para el segundo trimestre, lo que permitirá que aquellos que quieran empezar una nueva titulación no tengan que esperar a septiembre para hacerlo.'","HONEST PROVENANCE: this specific programme page does NOT print a start-month chip (its fact strip shows only modalidad, duración, precio, exámenes). The YES rests on (a) UI1's own academic-calendar page, which states the three trimester start dates and says the calendar applies to másteres oficiales, (b) UI1's own press release confirming that the January (second-trimester) matrícula lets a NEW student begin a titulación without waiting for September — i.e. a real entry point, not module-only progression, and (c) the explicit 'INICIO: Sept. - En. - Abr.' chip on UI1's sibling master (Ingeniería Informática e IA). This is trimester-entry rather than a distinct branded 'spring cohort'; flag for a human to confirm with admissions before relying on it. Deferred-candidate indices 384/569.",YES (INST,,"from-dataset, online",2,ONLINE,Castilla y León (awarding university's seat: Burgos),"100% online ('Docencia 100% ONLINE'); no teaching campus. University seat: Burgos, Castilla y León. Exams 'Online o presenciales'.",Universidad Internacional Isabel I de Castilla (Universidad Isabel I),private university,3,7,"EHEA level 7 (Bologna) — academic recognition across the EHEA. Evidence: RUCT 4316337 (linked from the university's own quality page), MECES 3 = EQF/EHEA level 7, RD 822/2021 master, accreditation renewed 28/09/2021. ⚠️ The university's own FAQ says a foreign student need only 'homologarlo en tu país de origen en caso de no pertenecer al Espacio Común Europeo' — for a TUNISIAN candidate that is exactly the case that DOES require homologation in Tunisia; the EHEA route does not cover it. CAVEAT 1: EHEA academic recognition is not professional recognition for a regulated profession (Directive 2005/36/EC and a separate national process). CAVEAT 2: even inside the EHEA, recognition requires the receiving country's own procedure — routine, not automatic.",YES,YES,"EUR 4,200 for the full 60-ECTS programme (2026-27 price as displayed on the programme page). Arithmetic: 4,200 / 60 ECTS = 70.00 EUR per ECTS. The figure is published as a single unconditional 'Precio: 4.200€' on the programme header with no nationality or residence condition attached.","EUR 4,200 — SAME PRICE. Universidad Isabel I is a private university and publishes ONE flat programme price with no nationality or residence qualifier anywhere on the programme page, the per-programme /precios page, or the discounts-and-financing page. There is no 'extracomunitario' or 'no residente' tariff on ui1.es. This is a genuine and favourable finding for a non-EU applicant: unlike the Catalan and Madrid public universities in this batch, no non-EU surcharge applies. STATED PRECISELY: the price is published unconditionally, which is stronger than mere silence — but ui1.es nowhere contains an explicit sentence saying 'non-EU students pay the same', so this is a reading of an unconditional published price, not a quoted assurance.",2026-27 (price as displayed on the live programme page at the access date; UI1 does not print a rates year next to the figure),"'Seguro escolar' (student insurance) is charged on top and is explicitly excluded from the 5% single-payment discount — the /precios page says 'Dicho descuento no afecta al seguro escolar'. THE AMOUNT IS NOT PUBLISHED: NOT FOUND. Payment options: single payment (5% discount), or three instalments (40% within 10 days of enrolment, 30% at 60 days, 30% at 120 days); instalments are NOT available if you enrol in the third-trimester window, where only single payment without discount is accepted. Sequra 3/6/9/12-month splitting and Caja Rural de Soria / Banco Santander financing are offered. A site-wide banner advertises 'hasta un 20% de descuento' on matrícula — conditions not stated on these pages.",BOE publication dates in RUCT: 10/05/2018 and 09/06/2018 (order numbers not printed in the register row),https://www.educacion.gob.es/ruct/estudio.action?codigoCiclo=SC&codigoTipo=M&CodigoEstudio=4316337&actual=estudios,"Máster Universitario OFICIAL — CONFIRMED, not título propio. The title's own /calidad page links directly to RUCT detail record CodigoEstudio=4316337. RUCT estado 'Publicado en B.O.E. (TITULACIÓN RENOVADA)', nivel académico 'Máster - RD 822/2021 (3)', MECES 3, verificación 15/09/2017, BOE 10/05/2018 and 09/06/2018, Resolución Favorable para la Renovación de la Acreditación 28/09/2021. Page breadcrumb sits under 'Oferta académica › Másteres Oficiales'; the page's own FAQ answers 'Sí, es un máster oficial' and 'El máster da acceso a estudiar un programa de doctorado'. Quality oversight both national (ANECA) and regional (ACSUCYL).","price 4.200€, ECTS, modality, official label, PhD access, exam format https://www.ui1.es/oferta-academica/master-en-big-data 2026-08-29 | RUCT code 4316337 linked from the title's own quality page; ANECA + ACSUCYL oversight https://www.ui1.es/oferta-academica/master-en-big-data/calidad 2026-08-29 | official status, MECES 3, ECTS breakdown, complementos = 0, BOE dates, accreditation renewal https://www.educacion.gob.es/ruct/estudio.action?codigoCiclo=SC&codigoTipo=M&CodigoEstudio=4316337&actual=estudios 2026-08-29 | payment terms, instalments, seguro escolar exclusion, third-trimester single-payment rule, absence of any non-EU tariff https://www.ui1.es/oferta-academica/master-en-big-data/precios 2026-08-29 | three-trimester calendar with exact 2026-27 start dates (11/01/27 and 13/04/27) https://www.ui1.es/servicios-alumno/calendario-academico 2026-08-29",1
"Universidad Internacional Isabel I de Castilla (Universidad Isabel I / Ui1), Burgos — private online university",Máster Universitario en Ciberseguridad,AC,YES (institution-level trimester entry; no per-programme spring date published),"January (11 Jan 2027, segundo trimestre) and April (13 Apr 2027, tercer trimestre) — institution-level trimester starts","Calendario académico, Curso 2026-2027 — VERBATIM: 'Inicio del curso lectivo: 22/09/2026' ... 'Fin del curso lectivo: 20/06/2027'; trimester starts listed as '22/09/26' (primer trimestre), '11/01/27' (segundo trimestre), '13/04/27' (tercer trimestre). The programme page itself shows only 'Matrícula abierta' and no start date.","3 trimester entry points (Sept/Jan/Apr) under rolling, chronological-order admission — 'Con carácter general, se realizará la admisión directa atendiendo al orden cronológico de solicitud de admisión'",Autumn: 22/09/2026 (primer trimestre),NOT FOUND for 2026-27. Historic precedent only: press release of 17 Nov 2017 — 'La Universidad Isabel I ha abierto el plazo de matrícula para el segundo trimestre hasta el próximo 15 de enero.' Rule in the Condiciones Generales de Matrícula: 'Los plazos de matrícula serán publicados con la suficiente antelación en la web oficial de la Universidad.',"máster universitario (OFFICIAL) — in RUCT, 'Publicado en B.O.E.' per output/ruct-backbone.jsonl",4316346,Docencia 100% ONLINE,"castellano. ⚠️ HARD LANGUAGE GATE: 'Si tienes una nacionalidad distinta a la española, o correspondiente a Estados cuya lengua oficial no sea el español, deberás acreditar, en el momento de formalización de la matrícula en cualquier titulación oficial impartida por la Universidad Isabel I, los conocimientos correspondientes al nivel B2 de lengua española.' Also in the Condiciones Generales: 'la acreditación de un nivel B2 (o superior) en el idioma español ... a excepción de aquellos estudiantes que tengan el español como primera lengua.'","EUR 4,200 total for the 60-ECTS master — programme page header VERBATIM: 'Precio: 4.200€'. Year of rates not stated on the page. Payment split 40% / 30% / 30%, fractionable over 3, 6, 9 or 12 months. Non-EU surcharge: none stated (private university, single price).",https://www.ui1.es/oferta-academica/master-en-ciberseguridad,"Calendario académico (ui1.es/servicios-alumno/calendario-academico), Curso 2026-2027: 'Inicio del curso lectivo: 22/09/2026' / 'Fin del curso lectivo: 20/06/2027'; trimesters 22/09/26, 11/01/27, 13/04/27. Press release 27 October 2021, 'Matrícula abierta en grados y másteres en la Universidad Isabel I' — VERBATIM: 'La Universidad Isabel I ha abierto el plazo de matrícula para el segundo trimestre, lo que permitirá que aquellos que quieran empezar una nueva titulación no tengan que esperar a septiembre para hacerlo. Además, los alumnos que se matricularon del primer trimestre a comienzos de curso, ya pueden completar la inscripción de las asignaturas para el siguiente periodo docente.' Press release 17 November 2017 — VERBATIM: 'La Universidad Isabel I ha abierto el plazo de matrícula para el segundo trimestre hasta el próximo 15 de enero.' Condiciones Generales de Matrícula (10-03-2023), §2.5.1 ADMISIÓN DIRECTA — VERBATIM: 'Con carácter general, se realizará la admisión directa atendiendo al orden cronológico de solicitud de admisión, salvo que la memoria de verificación de la titulación disponga lo contrario.' §4.2.3: 'La matrícula únicamente podrá ampliarse dentro de los quince días siguientes al inicio de cada trimestre.' Programme page header (Máster Oficial en Ciberseguridad) — VERBATIM: 'Matrícula abierta' / 'Modalidad: Docencia 100% ONLINE' / 'Duración: 60 ECTS (1 o 2 cursos)' / 'Precio: 4.200€' / 'Exámenes: Online o presenciales' / '¡Plazas limitadas!'","VERDICT: YES, qualified. Ui1 is genuinely NOT a single-autumn-start institution — it runs a three-trimester year (Sept / Jan / Apr) and its own press office states in terms that the second-trimester matriculation window exists so that people wanting to START a new degree 'no tengan que esperar a septiembre'. Combined with rolling chronological-order admission (§2.5.1) and no annual preinscripción window at all, a January (11/01/2027) or April (13/04/2027) start is structurally available. WHAT IS MISSING, and it matters: (a) no CURRENT page states a spring start date — the explicit 'start a new degree in the second trimester' wording is from 2021 and 2017 press releases, not from a 2026-27 page; (b) the programme page advertises only 'Matrícula abierta' with no date; (c) no published spring matriculation deadline for 2026-27. So this is a structurally-available mid-year start rather than a separately advertised February cohort like IE's or UOC's. ACTION FOR A HUMAN: ask Ui1 admissions whether a new máster student can enrol into the 11/01/2027 or 13/04/2027 trimester and on what deadline. BLOCKER FOR THIS CANDIDATE: Ui1 demands accredited Spanish B2 AT MATRICULATION for non-Spanish-speaking nationals — for a Tunisian applicant at A0/A1 this is a hard gate, tighter than most (many universities only require it de facto). RUCT code taken from output/ruct-backbone.jsonl, not printed on the programme page. Coded AC (cloud/infra/security) — it is Ui1's only in-scope title besides Big Data; Ui1 has no A/B/C/P/S master in the nine fields.",YES (INST,,online,1,ONLINE,Castilla y León (awarding university's seat: Burgos),"100% online; no teaching campus. University seat: Burgos, Castilla y León. Exams 'Online o presenciales'.",Universidad Internacional Isabel I de Castilla (Universidad Isabel I),private university,3,7,"EHEA level 7 (Bologna) — academic recognition across the EHEA. Evidence: RUCT 4316346 (linked from the university's own quality page), MECES 3 = EQF/EHEA 7, RD 822/2021, accreditation renewed 28/09/2021. ⚠️ Same caveat as the sibling title: UI1's own FAQ states that a foreign student outside the 'Espacio Común Europeo' must homologate the degree in their country of origin — which applies directly to a Tunisian candidate. CAVEAT: EHEA academic recognition is not professional recognition; and recognition abroad runs through the receiving country's own procedure.",YES,YES,"EUR 4,200 for the full 60-ECTS programme (2026-27 price as displayed on the programme page). Arithmetic: 4,200 / 60 ECTS = 70.00 EUR per ECTS. The figure is published as a single unconditional 'Precio: 4.200€' on the programme header with no nationality or residence condition attached.","EUR 4,200 — SAME PRICE. Universidad Isabel I is a private university and publishes ONE flat programme price with no nationality or residence qualifier anywhere on the programme page, the per-programme /precios page, or the discounts-and-financing page. There is no 'extracomunitario' or 'no residente' tariff on ui1.es. This is a genuine and favourable finding for a non-EU applicant: unlike the Catalan and Madrid public universities in this batch, no non-EU surcharge applies. STATED PRECISELY: the price is published unconditionally, which is stronger than mere silence — but ui1.es nowhere contains an explicit sentence saying 'non-EU students pay the same', so this is a reading of an unconditional published price, not a quoted assurance.",2026-27 (price as displayed on the live programme page at the access date),"'Seguro escolar' (student insurance) is charged on top and is explicitly excluded from the 5% single-payment discount — the /precios page says 'Dicho descuento no afecta al seguro escolar'. THE AMOUNT IS NOT PUBLISHED: NOT FOUND. Payment options: single payment (5% discount), or three instalments (40% within 10 days of enrolment, 30% at 60 days, 30% at 120 days); instalments are NOT available if you enrol in the third-trimester window, where only single payment without discount is accepted. Sequra 3/6/9/12-month splitting and Caja Rural de Soria / Banco Santander financing are offered. A site-wide banner advertises 'hasta un 20% de descuento' on matrícula — conditions not stated on these pages.",BOE publication dates in RUCT: 10/05/2018 and 09/06/2018,https://www.educacion.gob.es/ruct/estudio.action?codigoCiclo=SC&codigoTipo=M&CodigoEstudio=4316346&actual=estudios,"Máster Universitario OFICIAL — CONFIRMED. The title's own /calidad page links directly to RUCT detail record CodigoEstudio=4316346. RUCT estado 'Publicado en B.O.E. (TITULACIÓN RENOVADA)', 'Máster - RD 822/2021 (3)', MECES 3, verificación 15/09/2017, BOE 10/05/2018 and 09/06/2018, Resolución Favorable para la Renovación de la Acreditación 28/09/2021. Breadcrumb 'Oferta académica › Másteres Oficiales'; page headline 'Máster Oficial en Ciberseguridad'; FAQ: 'Sí, es un máster oficial' and 'El máster da acceso a estudiar un programa de doctorado'.","price 4.200€, ECTS, modality, 'Máster Oficial' label, PhD access, per-subject enrolment, programming prerequisites https://www.ui1.es/oferta-academica/master-en-ciberseguridad 2026-08-29 | RUCT code 4316346 linked from the title's own quality page https://www.ui1.es/oferta-academica/master-en-ciberseguridad/calidad 2026-08-29 | official status, MECES 3, ECTS breakdown, complementos = 0, BOE dates, accreditation https://www.educacion.gob.es/ruct/estudio.action?codigoCiclo=SC&codigoTipo=M&CodigoEstudio=4316346&actual=estudios 2026-08-29 | payment terms, seguro escolar, absence of a non-EU tariff (UI1 fee terms are university-wide; the per-title /precios page for Ciberseguridad reset the connection on fetch, so the identically-structured Big Data /precios page is cited) https://www.ui1.es/oferta-academica/master-en-big-data/precios 2026-08-29 | three-trimester calendar with exact 2026-27 start dates https://www.ui1.es/servicios-alumno/calendario-academico 2026-08-29",1
"Universidad Internacional Isabel I de Castilla (UI1), Burgos — private ONLINE university",Máster Universitario en Ingeniería Informática e Inteligencia Artificial,AA | AC,YES,January and April (two of the three cohort starts fall inside the Jan–Jun window),Modalidad: Online · Duración: Anual · INICIO: Sept. - En. - Abr.,"3 — September, January, April",September,"NOT FOUND — the page shows only a 'Matrícula cerrada' / 'Solicita información' block, no dated application window",máster universitario (UI1 official online master's catalogue),NOT FOUND on page,Online,Español (UI1 teaches in Spanish; not explicitly stated on this page),"NOT FOUND — page shows no price, only 'Solicita información para conocer nuestros descuentos'",https://www.ui1.es/oferta-academica/master-ingenieria-informatica-e-inteligencia-artificial,'INICIO: Sept. - En. - Abr.',"STRONG NEW FIND. Universidad Isabel I is a private online university that runs THREE cohort starts a year — September, January and April — printed as a fact chip on the programme page itself. This is a genuine cohort start, not an application round. Verified on ui1.es (curl with browser UA; WebFetch's summariser missed the chip). Deferred-candidate index 722.",YES,,from-dataset,1,,,,,,,,,,,,,,,,,,,1
Universitat Oberta de Catalunya (UOC),Máster Universitario en Ciencia de Datos (Data Science),AB | AA,YES,February 2027,Inicio — 17 feb 2027,2 (October and February/March),Autumn cohort starts in September/October; page states 'Matriculación a partir de abril — Para los másters que inician docencia en los meses de septiembre y octubre',NOT FOUND (no closing date published). Opening date IS published: programme header reads 'Próxima inscripción: octubre 2026'; the matriculation block reads 'Matriculación a partir de octubre — Para los másters que inician docencia en los meses de febrero y marzo'. UOC does not publish a hard close date; enrolment runs from October until shortly before the 17 feb 2027 start.,máster universitario (OFFICIAL) — page states 'Titulación oficial ... verificada por el Consejo de Universidades',4316294,"100% Online ('Online y sin horarios', '100% Online')","'Idiomas: Español, Catalán' — 'El mismo programa se ofrece en las dos lenguas en aulas diferentes'. NO English option.","EU: 'Precio orientativo a tiempo completo (1 año): 2.900,00 €' (25,82 €/cr docencia + 18,30 €/cr recursos, 5,16 €/cr convalidadas). NON-EU: 'A tiempo completo (1 año) 4.330 €' / 'A tiempo parcial (2 años) 4.840 €'. Both figures are computed on 60 ECTS only — see notes, the real load is 72 ECTS. Rates 'vigentes en el momento de formalizar la matrícula. Sujetos a revisión anual' (i.e. 2026-27 rates as displayed 2026-08-29).",https://www.uoc.edu/es/estudios/masters/master-universitario-data-science,"Header block: 'Inicio | 17 feb 2027 | 100% Online | 60 Créditos ECTS'. Top banner: 'Próxima inscripción: octubre 2026'. Matriculation block on the same page: 'En la UOC te puedes matricular en dos momentos diferentes del año. Elige la opción que mejor se adapte a tus necesidades. Consulta el plazo de matriculación y el inicio de curso en la página de los estudios que te interesen cursar. / Matriculación a partir de abril — Para los másters que inician docencia en los meses de septiembre y octubre / Matriculación a partir de octubre — Para los másters que inician docencia en los meses de febrero y marzo.' UOC's central enrolment page repeats it: 'Matriculación a partir de mayo — Para los másters universitarios que inician docencia en el mes de octubre. / Matriculación a partir de noviembre — Para los másters universitarios que inician docencia en el mes de marzo.' and frames it as serving new entrants: 'Para facilitar la incorporación y asesoramiento a los nuevos estudiantes, las matrículas efectuadas en el período correspondiente tendrán un descuento en concepto de matrícula anticipada del 20%...'","CRUX FINDING — this IS a genuine second cohort start, not merely the second semester of an autumn cohort. Three independent signals: (1) the programme header's 'Inicio' field, which names the NEXT date on which NEW students begin, currently reads 17 feb 2027 — the October 2026 start is no longer offered on this page; (2) the same page pairs it with 'Próxima inscripción: octubre 2026', i.e. a fresh admission window opening for that February start; (3) UOC's central matriculation page describes the two windows explicitly as 'dos momentos distintos del año' in which you can matricularte, and ties the early-enrolment discount to 'la incorporación y asesoramiento a los NUEVOS estudiantes'. ⚠️ CORRECTION CARRIED: the advertised 60 ECTS is not the real load. 'Para obtener la titulación de máster universitario de Ciencia de datos el estudiante tiene que superar 60 créditos ECTS entre asignaturas obligatorias y optativas y, además, 12 créditos ECTS de asignaturas niveladoras de complementos de formación.' The study plans repeat: 'En esta planificación no se incluyen los 12 ECTS de complementos de formación, adicionales y obligatorios para titularse.' And there is NO exemption route: 'Este máster está adaptado al nuevo RD 822/2021 y tiene la restricción de matricular obligatoriamente las dos asignaturas de complementos de formación durante el primer curso académico, preferentemente el primer semestre... No se podrá continuar los estudios hasta que no se superen los complementos.' REAL LOAD = 72 ECTS, and the quoted 2.900 €/4.330 € prices are computed on 60 ECTS, so the true cost is ~20% higher. MINOR CONFLICT (logged, not resolved): the programme page says starts fall in 'febrero y marzo' with matriculación from October, while UOC's central máster-universitario enrolment page says 'inician docencia en el mes de marzo' with 'matriculación a partir de noviembre'. The programme page's concrete date (17 feb 2027) is the more specific and is taken as governing for this title.",YES,,"online, public",2,ONLINE,"Catalunya (awarding university's seat: Barcelona — UOC, Av. Tibidabo 39-43 / Rambla del Poblenou 156)","100% online, no physical campus attendance; UOC seat Barcelona",Universitat Oberta de Catalunya (UOC),"public university that charges private-style fees — RECORD BOTH: UOC is a public-law/public-initiative university created by the Generalitat de Catalunya, its title is verified by the Consejo de Universidades and authorised by the Generalitat, and its own page says prices are 'regulados por la Generalitat'; BUT the tariff it charges is private-style, ~25.82 EUR/cr teaching + 18.30 EUR/cr learning-resources = ~44.12 EUR/cr, far above the 19.37 EUR/cr a Catalan public campus university (e.g. UPC) charges for the same official master.",3,7,"EHEA level 7 (Bologna) — academic recognition across the EHEA. Evidence: RUCT 4316294, MECES nivel 3 (= EQF/EHEA 7), Máster Universitario. UOC states the degree serves 'la movilidad de estudiantes y titulados dentro del espacio europeo de educación superior (EEES)' but ALSO warns, correctly, 'La validez en otros países de los títulos universitarios oficiales expedidos por la UOC vendrá determinada en cada caso por las leyes de educación de cada país' — i.e. recognition abroad still runs through the receiving country's own procedure; the EHEA makes it routine, not automatic. Academic recognition is not professional recognition for a regulated profession (Directive 2005/36/EC, separate national process).",YES,YES,"EUR 2,900 for the 60-ECTS master (UOC 'Precios para estudiantes de la Unión Europea': 'Precio orientativo a tiempo completo (1 año)**: 2.900,00 €'; per-credit 25,82 €/cr teaching + 18,30 €/cr 'herramientas y recursos para el aprendizaje' + 5,16 €/cr for convalidated subjects). Prices stated as 'vigentes en el momento de formalizar la matrícula. Sujetos a revisión anual' — page live 2026-08-29, next inscripción October 2026 for the 17 Feb 2027 start.","EUR 4,330 full-time (1 year) / EUR 4,840 part-time (2 years) — UOC's own table headed 'Precios para estudiantes de fuera de la Unión Europea'. Mechanism stated verbatim: 'El estudiantado de nacionalidad de fuera de la Unión Europea, países con régimen comunitario o fuera de Andorra, que no tenga concedida la residencia en el Estado español tendrá un incremento del 45% en el precio final de la matrícula.' This candidate (Tunisian, no Spanish residency) pays the non-EU figure.","Rates as published on the live page 2026-08-29, applying to the matrícula opening October 2026 for the February 2027 start; UOC labels them 'vigentes en el momento de formalizar la matrícula, sujetos a revisión anual' rather than tagging an academic year.",NOT FOUND as a separate figure — UOC folds 'tasa de gestión del expediente y la matrícula' into the orientative total; the page does not print its amount. Both orientative totals are explicitly computed on 60 ECTS only and exclude the 12 ECTS of complementos (see notes).,RUCT estado 'Publicado en B.O.E. (TITULACIÓN RENOVADA POR ACREDITACIÓN INSTITUCIONAL)'; verificación 23/06/2017; BOE 07/09/2018 and 13/02/2025; Resolución Favorable Renov. Acreditación 28/09/2021,,"máster universitario (OFFICIAL) — page: 'Titulación oficial'; 'titulación que ha sido verificada por el Consejo de Universidades, y su implantación ha sido autorizada por la Generalitat de Cataluña'; quality endorsed by AQU Catalunya","tuition EU and non-EU, 45% non-EU increment, complementos de formación, ECTS, language, start date 17 feb 2027, official status, modality, access fields https://www.uoc.edu/es/estudios/masters/master-universitario-data-science 2026-08-29 | official status, MECES 3, RUCT code, BOE and accreditation dates https://www.educacion.gob.es/ruct/estudio.action?codigoCiclo=SC&codigoTipo=M&CodigoEstudio=4316294&actual=estudios 2026-08-29",1
Universitat Oberta de Catalunya (UOC) — joint with Universitat Ramon Llull (La Salle),Máster Universitario en Ingeniería de Telecomunicación / Màster universitari d'Enginyeria de Telecomunicació,C,YES,February (or March) for the second semester cohort; September/October for the first,UOC-wide rule (uoc.edu/es/estudios/acceso-matricula/matricula-masters-posgrados-especializaciones): 'Matriculación a partir de abril para empezar el curso en septiembre u octubre' / 'Matriculación a partir de noviembre para empezar el curso en febrero o marzo'. The programme page itself showed only 'Inici: 23 set 2026' at access date.,2,September/October (page showed 'Inici: 23 set 2026'),NOT FOUND as a specific date. UOC states only that matriculation for the February/March start opens in November; no closing date published on the pages read.,máster universitario (official),"4316386 (current UOC title; earlier codes 4312552 and 3500090 also registered to UOC for this title family) — code NOT printed on the programme page at access date, taken from output/ruct-backbone.jsonl, so treat as UNCONFIRMED against the page",100% online,"Català, Castellà (bilingual; classes shared) — verbatim from the Catalan programme page. NOT English.","EUR 20.42/ECTS for EU students plus EUR 18.30/ECTS 'recursos d'aprenentatge'; non-EU quoted approx. EUR 5,790 total (full-time, 18 months) or approx. EUR 6,580 (part-time, 3 years) — rates shown on the page at access date, year of rates not stated on page",https://www.uoc.edu/ca/estudis/masters/master-universitari-enginyeria-telecomunicacio,'Matriculación a partir de noviembre para empezar el curso en febrero o marzo',"90 ECTS. This is the strongest structural spring candidate in path C: UOC is the one Spanish university whose ENTIRE official master's catalogue runs on two teaching-start semesters. CAVEAT recorded honestly: the UOC-wide two-start rule is primary-sourced, but the telecom master's own page displayed only the September start at access date, so per-programme February availability is INFERRED from the institution-wide rule and needs a human to confirm with UOC admissions. Language is a hard filter for this candidate (Catalan/Spanish only, A0/A1 Spanish). Access page states up to 18 ECTS complementos de formación for non-telecom entrants — a Software Engineering degree would likely trigger them.",YES,,path-C,1,ONLINE,Catalunya (awarding university's seat: Barcelona),"100% online ('Online i sense horari'), no physical campus attendance; UOC seat Barcelona","Universitat Oberta de Catalunya (UOC) — SOLE awarder. CORRECTION TO INPUT: the input said 'joint with Universitat Ramon Llull (La Salle)'. NOT SUPPORTED. The RUCT title is 'Máster Universitario en Ingeniería de Telecomunicación POR LA UNIVERSITAT OBERTA DE CATALUNYA' with no second university, and the UOC programme page names no partner institution. The only 'Universitat Ramon Llull' string on the page is the doctoral alma mater of the programme director Carlos Monzo Sánchez. 'La Salle' does not appear on the page at all.","public university that charges private-style fees — RECORD BOTH: UOC is a public-law/public-initiative university (title verified by the Consell d'Universitats, implantation authorised by the Generalitat de Catalunya, quality accredited by AQU); but it charges 20,42 EUR/cr teaching + 18,30 EUR/cr learning resources = 38,72 EUR/cr, roughly double UPC's 19,37 EUR/cr public rate for the same official master.",3,7,"EHEA level 7 (Bologna) — academic recognition across the EHEA. Evidence: RUCT 3500090, MECES nivel 3 (= EQF/EHEA 7), Máster Universitario RD 822/2021. UOC states verbatim that the title is issued 'juntament amb el suplement europeu al títol (SET)' whose purpose is 'facilitar-ne el reconeixement i promoure la mobilitat d'estudiants i titulats dins de l'espai europeu d'educació superior (EEES)'. UOC ALSO states, correctly, 'La validesa en altres països dels títols universitaris oficials expedits per la UOC vindrà determinada en cada cas per les lleis d'educació de cada país' — recognition abroad still runs through the receiving country's procedure. SEPARATE POINT ON PROFESSIONAL RECOGNITION: this is a Spanish 'máster habilitante' for the regulated profession of Ingeniero de Telecomunicación; UOC's wording is 'habiliten, si escau, per a la realització d'activitats professionals regulades, d'acord amb la normativa que en cada cas resulti aplicable' — that professional habilitation is Spanish and does NOT transfer automatically to another EU state, which runs its own Directive 2005/36/EC process.",YES — explicitly: 'Aquests títols s'expedeixen juntament amb el suplement europeu al títol (SET)',YES,"NO PROGRAMME TOTAL PUBLISHED for EU students — UOC's EU table gives per-credit only: 'Preu per crèdit 20,42 €/cr', 'Preu per crèdit eines i recursos per a l'aprenentatge 18,30 €/cr', 'Preu per crèdit d'assignatures convalidades 4,08 €/cr'. DERIVED (my arithmetic, not published by UOC): (20,42 + 18,30) x 90 ECTS = 38,72 x 90 = EUR 3,484.80, excluding fixed matriculation/expediente fees and excluding any complementos de formación.","EUR 5,790 full-time (1.5 years) / EUR 6,580 part-time (3 years) — UOC's own table headed 'Preus per a estudiants de fora de la Unió Europea', calculated on 90 credits. Mechanism verbatim: 'L'estudiantat de nacionalitat de fora de la Unió Europea, països amb règim comunitari o fora d'Andorra, que no tingui concedida la residència a l'Estat espanyol tindrà un increment del 45% al preu final de la matrícula.' This candidate (Tunisian, no Spanish residency) pays this.",Rates as published on the live page 2026-08-29; UOC labels them 'Preus vigents en el moment de formalitzar la matrícula. Subjectes a revisió anual' rather than tagging an academic year.,"NOT FOUND as a separate figure — the fixed 'tasa de gestió de l'expedient i la matrícula' amount is not printed on the programme page. Note 3,484.80 (derived EU) x 1.45 = 5,053, which does NOT reproduce the published non-EU 5,790; the ~737 EUR gap is the fixed fees the 45% is also applied to, so rely on UOC's published 5,790, not on the multiplication.",RUCT 3500090: nivel académico 'Máster - RD 822/2021 (3)'; verificación 24/11/2023; BOE 27/09/2024 and 04/06/2026; Resolución Favorable Acreditación Institucional 01/03/2022,,"máster universitario (OFFICIAL) — verbatim: 'Aquesta titulació ha estat verificada pel Consell d'Universitats, i la Generalitat de Catalunya n'ha autoritzat la implantació'; 'Els títols universitaris oficials de la UOC tenen validesa en tot el territori espanyol, tenen efectes acadèmics plens'","awarding institution, ECTS 90, language, start date 23 set 2026, official status, Diploma Supplement, complementos 0-18 ECTS access rule, RAEP 15% recognition, tuition EU per-credit and non-EU totals, 45% non-EU increment, two matriculation moments https://www.uoc.edu/ca/estudis/masters/master-universitari-enginyeria-telecomunicacio 2026-08-29 | CORRECTED RUCT code 3500090, MECES 3, RD 822/2021, 90 ECTS breakdown, BOE dates https://www.educacion.gob.es/ruct/estudio.action?codigoCiclo=SC&codigoTipo=M&CodigoEstudio=3500090&actual=estudios 2026-08-29 | evidence that the input's hint 4316386 is TITULACIÓN A EXTINGUIR https://www.educacion.gob.es/ruct/estudio.action?codigoCiclo=SC&codigoTipo=M&CodigoEstudio=4316386&actual=estudios 2026-08-29",1
UPC — School of Mathematics and Statistics (Barcelona),Advanced Mathematics and Mathematical Engineering (MAMME),AB,YES — explicit February place quota published,February (and September),"1 academic year, 60 ECTS credits. Starting September and February",2 (September / QT and February / QP),September (QT),framework: first week of October to first week of December of the preceding autumn (school sets its own narrower period inside it),"master universitario (official) — listed on UPC's official master's catalogue, 'Official degree: Recorded in the Ministry of Science, Innovation and Universities'",4312408,"1 academic year, 60 ECTS credits. Starting September and February",English,"€1,162 (€2,700 for non-EU residents). (2026-27 rates; non-EU = 45,00 EUR/credit x ECTS)",https://www.upc.edu/en/masters/advanced-mathematics-and-mathematical-engineering-mamme,"'New intake places 30 (September) and 3 (February)' | '1 academic year, 60 ECTS credits. Starting September and February' | 'Language of instruction English' | 'Approximate fees ... €1,162 (€2,700 for non-EU residents).' || UPC central master's fitxa, field 'Duration and start date': '... Starting September and February'; field 'New intake places' gives a separate February quota where the school publishes one. UPC-wide QP pre-enrolment window (UPC FAQ): 'for the spring semester, from the first week in October until the first week in December. Within these dates, the school or university research institute may establish its own pre-enrolment periods.'","DATES: For a FEBRUARY 2028 start the pre-enrolment window falls in AUTUMN 2027. Framework: first week of October 2027 to first week of December 2027 (UPC FAQ). Observed school-level instances of that window: ETSEIB, Feb-2026 entry -- 'Curs 2025-26 Q2 (inici febrer 2026). Preinscripcions obertes: Del 6 d'octubre al 7 de desembre de 2025'; Camins, Feb-2027 entry -- Civil Engineering 30/09/2026-11/11/2026 (results 16/12/2026), Structural & Construction Engineering 07/10/2026-21/10/2026 (results published 22/01/2027). Exact 2027 dates are not yet published by any school; treat 'early October to early December 2027' as the planning window and confirm with the school in mid-2027. | NON-EU: No UPC rule excludes non-EU applicants from the February entry. UPC preinscripcio page: 'Amb el document d'admissio, l'estudiant de fora de la UE pot iniciar els tramits de sol.licitud dels visats que els permetin l'estada al nostre pais per cursar el programa de master universitari.' Programme fitxes state only 'Legalisation of foreign documents: All documents issued in non-EU countries must be legalised and bear the corresponding apostille.' MASTEAM adds: 'You can enrol even if the legalization procedures have not finished, but you should demonstrate that you have at least started the legalization procedures.' THE REAL CONSTRAINT IS THE CLOCK, NOT A RULE. Published February-entry timetables leave 4-8 weeks between the admission decision (which is what unlocks the Spanish student-visa application) and the start of classes: ETSEIB 2026 -- preinscripcio closed 7 Dec 2025, provisional list 16 Jan 2026, definitive early Feb, matricula 11 Feb 2026; Camins Feb-2027 entry -- Civil Engineering applications 30/09/2026-11/11/2026, results 16/12/2026, classes February 2027; ETSETB 2026 -- admitted list published 16 Jan 2026, enrolment 5 Feb, classes 12 Feb. A Tunisian national applying from Tunis needs a Spanish long-stay student visa, routinely 1-3 months from a complete file. MASTEAM's own calendar warns: 'Non-European Union nationals should apply as soon as possible, in order to obtain admission soon enough to proceed with the visa request at the Spanish consulates in their countries.' The February window is therefore legally open but operationally very tight, and is the single most likely point of failure. | FEES: Non-EU non-resident price CONFIRMED at 45,00 EUR/credit for first-time credits (UPC 'Preus i beques', 2026-27: row 'Master universitari habilitant i no habilitant (no residents, no UE)' = 45 EUR, 1a matricula; EU non-qualifying master = 19,37 EUR/credit, matching Decret 96/2026). Cross-checked arithmetically against each programme fitxa: 120 ECTS -> 5.400 EUR (=120x45); 90 ECTS -> 4.050 EUR (=90x45); 60 ECTS -> 2.700 EUR (=60x45). CONFLICT: UPC's own master's FAQ (both CA and EN) states 'Per-credit fees for non-resident foreign students who are non-European Union students (non-EU residents) are EUR102.52 for the NON-qualifying master's degree' -- this figure is irreconcilable with UPC's own fee table and per-programme totals and is treated as stale. Nothing on the fee pages differentiates a February entrant: the price is per credit per matricula, and UPC bills semester-by-semester ('segons el tipus de matricula (anual o quadrimestral)'), so a QP entrant pays the same per-credit rate.",YES — EXP,,upc-verification,1,Barcelona,Catalonia,"Facultat de Matematiques i Estadistica (FME), UPC Campus Diagonal Sud, Barcelona. RUCT centre code 08048174.",Universitat Politecnica de Catalunya (UPC),public university,3,7,"EHEA level 7 (Bologna second cycle) — academic recognition across the EHEA. Official 'Master Universitario', ANECA/AQU-evaluated, registered in RUCT at MECES level 3 = EQF/EHEA level 7, carries the Diploma Supplement as of right and gives access to doctoral study. Caveat: EHEA recognition is ACADEMIC recognition; it is not professional recognition for a regulated profession (that runs through Directive 2005/36/EC and a separate national process), and recognition in another EHEA country still requires that country's own recognition procedure — Bologna makes it routine, not automatic.",YES,YES,"EUR 1,162 (2026-27 rates) — 60 ECTS x EUR 19.37/credit (non-habilitante master, 1st enrolment) = EUR 1,162.20, printed as EUR 1,162 on UPC's own programme page","EUR 2,700 (2026-27 rates) — 60 ECTS x EUR 45.00/credit, the differentiated 1st-enrolment rate for non-EU non-resident master's students approved by UPC's Consell Social. TOTAL, not a surcharge on top of the EU price. UPC's page states 'EUR 1,162 (EUR 2,700 for non-EU residents)'.",2026-27,"EUR 218.15 compulsory 'Estudi d'equivalencia de titol d'estudis estrangers per a l'acces als estudis de master' (foreign-degree equivalence study — unavoidable for a Tunisian non-homologated degree) + EUR 30.21 non-refundable application-processing fee per programme applied to + EUR 300 non-refundable advance place-reservation payment on accepting the offer + compulsory academic-record management and learning-support services EUR 69.80 + EUR 70.00 per year (EUR 54.54 + EUR 35.00 per semester if enrolling semesterly; UPC's own FAQ states the bracket as EUR 140-180 per academic year) + EUR 218.15 degree-certificate issuance with Diploma Supplement at the end, plus EUR 90 courier if the certificate must be sent outside the EU. All 2026-27 rates.","Acuerdo de Consejo de Ministros 07/10/2011, published BOE 02/11/2011; verificacion 30/06/2010; Resolucion Favorable para la Renovacion de la Acreditacion 22/07/2021 (also 20/07/2016). RUCT estado: Publicado en B.O.E. (TITULACION RENOVADA) — active.",https://www.educacion.gob.es/ruct/estudio.action?codigoCiclo=SC&codigoTipo=M&CodigoEstudio=4312408&actual=estudios,master universitario (official),"campus, ects, language, tuition headline, start months, places (30 Sept / 3 Feb) https://www.upc.edu/en/masters/advanced-mathematics-and-mathematical-engineering-mamme 2026-08-29 | September application deadlines, applicant-level bridging rule, FFSB local-only grants https://mamme.masters.upc.edu/en/admission-and-pre-enrolment 2026-08-29 | AGAUR IMP mention, FME identity https://mamme.masters.upc.edu/en 2026-08-29 | ruct_code, meces_level, boe dates, accreditation, centre https://www.educacion.gob.es/ruct/estudio.action?codigoCiclo=SC&codigoTipo=M&CodigoEstudio=4312408&actual=estudios 2026-08-29 | tuition per credit 19.37 EU / 45.00 non-EU non-resident, 2026-27 https://www.upc.edu/sga/ca/matricula/preus/PreusMaster 2026-08-29 | fees_extra: 218.15 equivalence study, 30.21 selection study, record handling, certificate https://www.upc.edu/sga/ca/matricula/preus/AltresPreus 2026-08-29 | fees_extra: 300 EUR advance, 35/70 learning-support https://www.upc.edu/en/masters/fees-grants-and-payment-options 2026-08-29 | February framework window; stale 102.52 EUR/credit; no homologation needed https://www.upc.edu/ca/masters/acces-i-admissio/faqs_masters_universitaris 2026-08-29 | non-EHEA access rule, 28 February rule for spring intake https://www.upc.edu/en/masters/access-and-admission/academic-requirements 2026-08-29",1
Universitat Politècnica de Catalunya (UPC),"Evidence that the February (QP) entry is a purpose-built second cohort, not mid-year insertion",,YES,February,"For students starting in the autumn, the first semester is taught in the afternoons and the second semester in the mornings. For students starting in the spring, the first semester is taught in the mornings and the second semester in the afternoons.",2,September,see programme records,n/a,,face-to-face,n/a,n/a,https://www.upc.edu/en/masters/applied-telecommunications-and-engineering-management-masteam,"MASTEAM fitxa, 'Timetable and delivery': quoted above -- the school runs two parallel timetable tracks, one per entry cohort. MASTEAM enrolment page: 'Enrolment day: Each semester, before the start of lectures, there will be a specific day when the admitted students have to be physically present at the campus ... usually takes place around September 1st-14th for the Autumn semester, and around February 1st-14th (lectures start around February 15th) for the Spring semester.' Camins: 'Spring semester of the 2026-2027 academic year (semester beginning in February 2027). You may apply for access during the second semester to the following master's degrees: Civil Engineering and Structural & Construction Engineering.' ETSEIB: 'Curs 2025-26 Q2 (inici febrer 2026). Preinscripcions obertes: Del 6 d'octubre al 7 de desembre de 2025.' FOOT/Optometry: 'Available places: 32 (16 starting in fall and 16 in spring)' and 'Pre-enrollment must be completed for the semester in which you wish to start the master's (QT-September or QP-February). If you do not obtain a place for QT-September, you must submit a new pre-enrollment for QP-February.'","Answers question 1 of the verification brief: the February entry is a GENUINE new-student cohort start with its own admission round, its own place quota, its own timetable track and its own enrolment day -- not a second-semester continuation and not a late round into the autumn cohort. NOTE: the 'QT-September or QP-February' quote the sweep attributed to FIB is in fact from the FOOT (Terrassa Optics and Optometry) Optometry master's page.",YES,,upc-verification,1,,,,,,,,,,,,,,,,,,,1
UPC — Barcelona School of Telecommunications Engineering Castelldefels School of Tele,Master's degree in Advanced Telecommunication Technologies,C,YES — explicit February place quota published,February (and September),"1 academic year, 60 ECTS credits. Starting February and September",2 (September / QT and February / QP),September (QT),framework: first week of October to first week of December of the preceding autumn (school sets its own narrower period inside it),"master universitario (official) — listed on UPC's official master's catalogue, 'Official degree: Recorded in the Ministry of Science, Innovation and Universities'",4316793,"1 academic year, 60 ECTS credits. Starting February and September",English,"€1,162 (€2,700 for non-EU residents). (2026-27 rates; non-EU = 45,00 EUR/credit x ECTS)",https://www.upc.edu/en/masters/advanced-telecommunication-technologies,"'New intake places 40 in September; 20 in February' | '1 academic year, 60 ECTS credits. Starting February and September' | 'Language of instruction English' | 'Approximate fees ... €1,162 (€2,700 for non-EU residents).' || UPC central master's fitxa, field 'Duration and start date': '... Starting September and February'; field 'New intake places' gives a separate February quota where the school publishes one. UPC-wide QP pre-enrolment window (UPC FAQ): 'for the spring semester, from the first week in October until the first week in December. Within these dates, the school or university research institute may establish its own pre-enrolment periods.'","DATES: For a FEBRUARY 2028 start the pre-enrolment window falls in AUTUMN 2027. Framework: first week of October 2027 to first week of December 2027 (UPC FAQ). Observed school-level instances of that window: ETSEIB, Feb-2026 entry -- 'Curs 2025-26 Q2 (inici febrer 2026). Preinscripcions obertes: Del 6 d'octubre al 7 de desembre de 2025'; Camins, Feb-2027 entry -- Civil Engineering 30/09/2026-11/11/2026 (results 16/12/2026), Structural & Construction Engineering 07/10/2026-21/10/2026 (results published 22/01/2027). Exact 2027 dates are not yet published by any school; treat 'early October to early December 2027' as the planning window and confirm with the school in mid-2027. | NON-EU: No UPC rule excludes non-EU applicants from the February entry. UPC preinscripcio page: 'Amb el document d'admissio, l'estudiant de fora de la UE pot iniciar els tramits de sol.licitud dels visats que els permetin l'estada al nostre pais per cursar el programa de master universitari.' Programme fitxes state only 'Legalisation of foreign documents: All documents issued in non-EU countries must be legalised and bear the corresponding apostille.' MASTEAM adds: 'You can enrol even if the legalization procedures have not finished, but you should demonstrate that you have at least started the legalization procedures.' THE REAL CONSTRAINT IS THE CLOCK, NOT A RULE. Published February-entry timetables leave 4-8 weeks between the admission decision (which is what unlocks the Spanish student-visa application) and the start of classes: ETSEIB 2026 -- preinscripcio closed 7 Dec 2025, provisional list 16 Jan 2026, definitive early Feb, matricula 11 Feb 2026; Camins Feb-2027 entry -- Civil Engineering applications 30/09/2026-11/11/2026, results 16/12/2026, classes February 2027; ETSETB 2026 -- admitted list published 16 Jan 2026, enrolment 5 Feb, classes 12 Feb. A Tunisian national applying from Tunis needs a Spanish long-stay student visa, routinely 1-3 months from a complete file. MASTEAM's own calendar warns: 'Non-European Union nationals should apply as soon as possible, in order to obtain admission soon enough to proceed with the visa request at the Spanish consulates in their countries.' The February window is therefore legally open but operationally very tight, and is the single most likely point of failure. | FEES: Non-EU non-resident price CONFIRMED at 45,00 EUR/credit for first-time credits (UPC 'Preus i beques', 2026-27: row 'Master universitari habilitant i no habilitant (no residents, no UE)' = 45 EUR, 1a matricula; EU non-qualifying master = 19,37 EUR/credit, matching Decret 96/2026). Cross-checked arithmetically against each programme fitxa: 120 ECTS -> 5.400 EUR (=120x45); 90 ECTS -> 4.050 EUR (=90x45); 60 ECTS -> 2.700 EUR (=60x45). CONFLICT: UPC's own master's FAQ (both CA and EN) states 'Per-credit fees for non-resident foreign students who are non-European Union students (non-EU residents) are EUR102.52 for the NON-qualifying master's degree' -- this figure is irreconcilable with UPC's own fee table and per-programme totals and is treated as stale. Nothing on the fee pages differentiates a February entrant: the price is per credit per matricula, and UPC bills semester-by-semester ('segons el tipus de matricula (anual o quadrimestral)'), so a QP entrant pays the same per-credit rate.",YES — EXP,,upc-verification,1,Barcelona AND Castelldefels — taught across two schools,Cataluña / Catalunya,"TWO teaching centres stated on the UPC page: Escola Tècnica Superior d'Enginyeria de Telecomunicació de Barcelona (ETSETB, Campus Nord, Barcelona) AND Escola d'Enginyeria de Telecomunicació i Aeroespacial de Castelldefels (EETAC, Campus del Baix Llobregat, Castelldefels). Do NOT record this as simply 'Barcelona' — the candidate could be attending in Castelldefels, ~20 km south-west of Barcelona","Universitat Politècnica de Catalunya (UPC) — public university, awards the degree in its own name",public university,3,7,"EHEA level 7 (Bologna) — academic recognition across the EHEA. Official Spanish máster universitario, MECES 3 = EQF 7, second cycle, Diploma Supplement issued, doctoral access. CAVEAT: EHEA academic recognition is not professional recognition (regulated professions run through Directive 2005/36/EC and a separate national process), and recognition abroad still needs the receiving country's own procedure — the EHEA makes it routine, not automatic",YES,YES,"EUR 1,162 (2026-27 rates) — UPC's own approximate total for EU/resident students","EUR 2,700 (2026-27 rates) — 45.00 EUR/credit x 60 ECTS",2026-27,EUR 218.15 compulsory study of equivalence of a non-EU foreign degree for master's access (Decret 96/2026 annex 1 art. 7.4.1); EUR 30.21 study of documentation/academic record for master's selection (art. 7.6); academic-record management EUR 54.54 per semester / EUR 69.80 annual (art. 7.1); learning-support resources EUR 35.00 per semester / EUR 70.00 annual (UPC table); EUR 218.15 issue of the official degree certificate with European Diploma Supplement (annex 1 art. 4.1); EUR 300 non-refundable advance payment on accepting admission (UPC fees page). None of these are included in the tuition figures above,Verification 27/11/2018; BOE publication 13/05/2020; institutional accreditation 06/09/2023 (RUCT detail page),,"máster universitario (official, ANECA/AQU-verified, in RUCT)","campus, city, ECTS, start months, modality, language statement, tuition_eu_eur, tuition_non_eu_eur https://www.upc.edu/en/masters/advanced-telecommunication-technologies 2026-08-29 | per-credit prices 17.69 / 19.37 / 45.00 EUR, administrative fees, EUR 300 advance payment https://www.upc.edu/ca/masters/preus-i-beques 2026-08-29 | legal basis: art. 1.5 non-resident rule, art. 6.1 recognised credits at 20%, annex 1 art. 7.4.1 equivalence study EUR 218.15, art. 7.6, art. 7.1, annex 1 art. 4.1, annex 2 habilitant list https://www.upc.edu/sga/ca/shared/fitxers-matricula/decret-de-preus/decret-96-2026-de-preus-publics.pdf 2026-08-29 | official status, RUCT code 4316793, MECES 3, ECTS, BOE date https://www.educacion.gob.es/ruct/estudio.action?codigoCiclo=SC&codigoTipo=M&CodigoEstudio=4316793&actual=estudios 2026-08-29 | CONFLICT: stale 102.52 EUR/credit non-EU figure on UPC's own master's FAQ https://www.upc.edu/en/masters/access-admission-enrolment/frequently-asked-questions 2026-08-29",1
UPC — Castelldefels School of Telecommunications and Aerospace Engineering Official d,Master's degree in Aerospace Science and Technology (MAST),,YES (start date states February) — but NO separate February place quota published; verify with the school,February (and September),"1 academic year, 60 ECTS credits. Starting September and February",2 (September / QT and February / QP),September (QT),framework: first week of October to first week of December of the preceding autumn (school sets its own narrower period inside it),"master universitario (official) — listed on UPC's official master's catalogue, 'Official degree: Recorded in the Ministry of Science, Innovation and Universities'",NOT LOOKED UP (outside the nine fields),"1 academic year, 60 ECTS credits. Starting September and February",English,"€1,162 (€2,700 for non-EU residents). (2026-27 rates; non-EU = 45,00 EUR/credit x ECTS)",https://www.upc.edu/en/masters/aerospace-science-and-technology-mast,"'New intake places 30' | '1 academic year, 60 ECTS credits. Starting September and February' | 'Language of instruction English' | 'Approximate fees ... €1,162 (€2,700 for non-EU residents).' || UPC central master's fitxa, field 'Duration and start date': '... Starting September and February'; field 'New intake places' gives a separate February quota where the school publishes one. UPC-wide QP pre-enrolment window (UPC FAQ): 'for the spring semester, from the first week in October until the first week in December. Within these dates, the school or university research institute may establish its own pre-enrolment periods.'","DATES: For a FEBRUARY 2028 start the pre-enrolment window falls in AUTUMN 2027. Framework: first week of October 2027 to first week of December 2027 (UPC FAQ). Observed school-level instances of that window: ETSEIB, Feb-2026 entry -- 'Curs 2025-26 Q2 (inici febrer 2026). Preinscripcions obertes: Del 6 d'octubre al 7 de desembre de 2025'; Camins, Feb-2027 entry -- Civil Engineering 30/09/2026-11/11/2026 (results 16/12/2026), Structural & Construction Engineering 07/10/2026-21/10/2026 (results published 22/01/2027). Exact 2027 dates are not yet published by any school; treat 'early October to early December 2027' as the planning window and confirm with the school in mid-2027. | NON-EU: No UPC rule excludes non-EU applicants from the February entry. UPC preinscripcio page: 'Amb el document d'admissio, l'estudiant de fora de la UE pot iniciar els tramits de sol.licitud dels visats que els permetin l'estada al nostre pais per cursar el programa de master universitari.' Programme fitxes state only 'Legalisation of foreign documents: All documents issued in non-EU countries must be legalised and bear the corresponding apostille.' MASTEAM adds: 'You can enrol even if the legalization procedures have not finished, but you should demonstrate that you have at least started the legalization procedures.' THE REAL CONSTRAINT IS THE CLOCK, NOT A RULE. Published February-entry timetables leave 4-8 weeks between the admission decision (which is what unlocks the Spanish student-visa application) and the start of classes: ETSEIB 2026 -- preinscripcio closed 7 Dec 2025, provisional list 16 Jan 2026, definitive early Feb, matricula 11 Feb 2026; Camins Feb-2027 entry -- Civil Engineering applications 30/09/2026-11/11/2026, results 16/12/2026, classes February 2027; ETSETB 2026 -- admitted list published 16 Jan 2026, enrolment 5 Feb, classes 12 Feb. A Tunisian national applying from Tunis needs a Spanish long-stay student visa, routinely 1-3 months from a complete file. MASTEAM's own calendar warns: 'Non-European Union nationals should apply as soon as possible, in order to obtain admission soon enough to proceed with the visa request at the Spanish consulates in their countries.' The February window is therefore legally open but operationally very tight, and is the single most likely point of failure. | FEES: Non-EU non-resident price CONFIRMED at 45,00 EUR/credit for first-time credits (UPC 'Preus i beques', 2026-27: row 'Master universitari habilitant i no habilitant (no residents, no UE)' = 45 EUR, 1a matricula; EU non-qualifying master = 19,37 EUR/credit, matching Decret 96/2026). Cross-checked arithmetically against each programme fitxa: 120 ECTS -> 5.400 EUR (=120x45); 90 ECTS -> 4.050 EUR (=90x45); 60 ECTS -> 2.700 EUR (=60x45). CONFLICT: UPC's own master's FAQ (both CA and EN) states 'Per-credit fees for non-resident foreign students who are non-European Union students (non-EU residents) are EUR102.52 for the NON-qualifying master's degree' -- this figure is irreconcilable with UPC's own fee table and per-programme totals and is treated as stale. Nothing on the fee pages differentiates a February entrant: the price is per credit per matricula, and UPC bills semester-by-semester ('segons el tipus de matricula (anual o quadrimestral)'), so a QP entrant pays the same per-credit rate.",YES (STAR,,upc-verification,1,Castelldefels,Cataluña / Catalunya,"Escola d'Enginyeria de Telecomunicació i Aeroespacial de Castelldefels (EETAC), Campus del Baix Llobregat, Parc Mediterrani de la Tecnologia, Castelldefels — sole teaching centre stated ('Location: Castelldefels School of Telecommunications and Aerospace Engineering'). NOT Barcelona: Castelldefels is a separate coastal town ~20 km south-west of the city","Universitat Politècnica de Catalunya (UPC) — public university, awards the degree in its own name",public university,3,7,"EHEA level 7 (Bologna) — academic recognition across the EHEA. Official Spanish máster universitario, MECES 3 = EQF 7, second cycle, Diploma Supplement issued, doctoral access. CAVEAT: EHEA academic recognition is not professional recognition (regulated professions run through Directive 2005/36/EC and a separate national process), and recognition abroad still needs the receiving country's own procedure — the EHEA makes it routine, not automatic",YES,YES,"EUR 1,162 (2026-27 rates) — UPC's own approximate total for EU/resident students","EUR 2,700 (2026-27 rates) — 45.00 EUR/credit x 60 ECTS",2026-27,EUR 218.15 compulsory study of equivalence of a non-EU foreign degree for master's access (Decret 96/2026 annex 1 art. 7.4.1); EUR 30.21 study of documentation/academic record for master's selection (art. 7.6); academic-record management EUR 54.54 per semester / EUR 69.80 annual (art. 7.1); learning-support resources EUR 35.00 per semester / EUR 70.00 annual (UPC table); EUR 218.15 issue of the official degree certificate with European Diploma Supplement (annex 1 art. 4.1); EUR 300 non-refundable advance payment on accepting admission (UPC fees page). None of these are included in the tuition figures above,Verification 17/09/2020; Consejo de Ministros 28/12/2021; BOE publication 15/01/2022; institutional accreditation 06/03/2025; non-substantial modification 03/06/2025 (RUCT detail page),,"máster universitario (official, ANECA/AQU-verified, in RUCT)","campus, city, ECTS, start months, modality, language statement, tuition_eu_eur, tuition_non_eu_eur https://www.upc.edu/en/masters/aerospace-science-and-technology-mast 2026-08-29 | per-credit prices 17.69 / 19.37 / 45.00 EUR, administrative fees, EUR 300 advance payment https://www.upc.edu/ca/masters/preus-i-beques 2026-08-29 | legal basis: art. 1.5 non-resident rule, art. 6.1 recognised credits at 20%, annex 1 art. 7.4.1 equivalence study EUR 218.15, art. 7.6, art. 7.1, annex 1 art. 4.1, annex 2 habilitant list https://www.upc.edu/sga/ca/shared/fitxers-matricula/decret-de-preus/decret-96-2026-de-preus-publics.pdf 2026-08-29 | official status, RUCT code 4317470, MECES 3, ECTS, BOE date https://www.educacion.gob.es/ruct/estudio.action?codigoCiclo=SC&codigoTipo=M&CodigoEstudio=4317470&actual=estudios 2026-08-29 | CONFLICT: stale 102.52 EUR/credit non-EU figure on UPC's own master's FAQ https://www.upc.edu/en/masters/access-admission-enrolment/frequently-asked-questions 2026-08-29",1
UPC — Castelldefels School of Telecommunications and Aerospace Engineering Official d,Master's degree in Applied Telecommunications and Engineering Management (MASTEAM),C | AC,YES — explicit February place quota published,February (and September),"1 academic year, 60 ECTS credits. Starting September and February",2 (September / QT and February / QP),September (QT),framework: first week of October to first week of December of the preceding autumn (school sets its own narrower period inside it),"master universitario (official) — listed on UPC's official master's catalogue, 'Official degree: Recorded in the Ministry of Science, Innovation and Universities'",4315535,"1 academic year, 60 ECTS credits. Starting September and February",English,"€1,162 (€2,700 for non-EU residents). (2026-27 rates; non-EU = 45,00 EUR/credit x ECTS)",https://www.upc.edu/en/masters/applied-telecommunications-and-engineering-management-masteam,"'New intake places 20 in September and 10 in February' | '1 academic year, 60 ECTS credits. Starting September and February' | 'Language of instruction English' | 'Approximate fees ... €1,162 (€2,700 for non-EU residents).' || UPC central master's fitxa, field 'Duration and start date': '... Starting September and February'; field 'New intake places' gives a separate February quota where the school publishes one. UPC-wide QP pre-enrolment window (UPC FAQ): 'for the spring semester, from the first week in October until the first week in December. Within these dates, the school or university research institute may establish its own pre-enrolment periods.'","DATES: For a FEBRUARY 2028 start the pre-enrolment window falls in AUTUMN 2027. Framework: first week of October 2027 to first week of December 2027 (UPC FAQ). Observed school-level instances of that window: ETSEIB, Feb-2026 entry -- 'Curs 2025-26 Q2 (inici febrer 2026). Preinscripcions obertes: Del 6 d'octubre al 7 de desembre de 2025'; Camins, Feb-2027 entry -- Civil Engineering 30/09/2026-11/11/2026 (results 16/12/2026), Structural & Construction Engineering 07/10/2026-21/10/2026 (results published 22/01/2027). Exact 2027 dates are not yet published by any school; treat 'early October to early December 2027' as the planning window and confirm with the school in mid-2027. | NON-EU: No UPC rule excludes non-EU applicants from the February entry. UPC preinscripcio page: 'Amb el document d'admissio, l'estudiant de fora de la UE pot iniciar els tramits de sol.licitud dels visats que els permetin l'estada al nostre pais per cursar el programa de master universitari.' Programme fitxes state only 'Legalisation of foreign documents: All documents issued in non-EU countries must be legalised and bear the corresponding apostille.' MASTEAM adds: 'You can enrol even if the legalization procedures have not finished, but you should demonstrate that you have at least started the legalization procedures.' THE REAL CONSTRAINT IS THE CLOCK, NOT A RULE. Published February-entry timetables leave 4-8 weeks between the admission decision (which is what unlocks the Spanish student-visa application) and the start of classes: ETSEIB 2026 -- preinscripcio closed 7 Dec 2025, provisional list 16 Jan 2026, definitive early Feb, matricula 11 Feb 2026; Camins Feb-2027 entry -- Civil Engineering applications 30/09/2026-11/11/2026, results 16/12/2026, classes February 2027; ETSETB 2026 -- admitted list published 16 Jan 2026, enrolment 5 Feb, classes 12 Feb. A Tunisian national applying from Tunis needs a Spanish long-stay student visa, routinely 1-3 months from a complete file. MASTEAM's own calendar warns: 'Non-European Union nationals should apply as soon as possible, in order to obtain admission soon enough to proceed with the visa request at the Spanish consulates in their countries.' The February window is therefore legally open but operationally very tight, and is the single most likely point of failure. | FEES: Non-EU non-resident price CONFIRMED at 45,00 EUR/credit for first-time credits (UPC 'Preus i beques', 2026-27: row 'Master universitari habilitant i no habilitant (no residents, no UE)' = 45 EUR, 1a matricula; EU non-qualifying master = 19,37 EUR/credit, matching Decret 96/2026). Cross-checked arithmetically against each programme fitxa: 120 ECTS -> 5.400 EUR (=120x45); 90 ECTS -> 4.050 EUR (=90x45); 60 ECTS -> 2.700 EUR (=60x45). CONFLICT: UPC's own master's FAQ (both CA and EN) states 'Per-credit fees for non-resident foreign students who are non-European Union students (non-EU residents) are EUR102.52 for the NON-qualifying master's degree' -- this figure is irreconcilable with UPC's own fee table and per-programme totals and is treated as stale. Nothing on the fee pages differentiates a February entrant: the price is per credit per matricula, and UPC bills semester-by-semester ('segons el tipus de matricula (anual o quadrimestral)'), so a QP entrant pays the same per-credit rate.",YES — EXP,,upc-verification,1,Castelldefels,Catalunya,"Escola d'Enginyeria de Telecomunicació i Aeroespacial de Castelldefels (EETAC), Campus del Baix Llobregat, Castelldefels — NOT Barcelona city",Universitat Politècnica de Catalunya (UPC),public university,3,7,"EHEA level 7 (Bologna) — academic recognition across the EHEA. Evidence: RUCT 4315535, MECES nivel 3 (= EQF/EHEA 7), Máster Universitario under RD 1393/2007. CAVEAT: EHEA academic recognition is not professional recognition for a regulated profession (Directive 2005/36/EC runs a separate national process), and recognition abroad still requires the receiving country's own procedure — the EHEA makes it routine, not automatic.",YES,YES,"EUR 1,162 (2026-27 rates) — UPC page states approx. EUR 1,162 for EU residents; = 19.37 EUR/credit x 60 ECTS = 1,162.20","EUR 2,700 (2026-27 rates) — UPC page states EUR 2,700 for non-EU residents; = 45.00 EUR/credit x 60 ECTS = 2,700.00",2026-27,NOT FOUND — UPC's master price table does not publish the fixed gestió d'expedient / assegurança escolar amounts on the same page; programme page says the quoted figure 'excludes non-teaching academic fees and degree certificate issuance',"RUCT estado 'Publicado en B.O.E. (TITULACIÓN RENOVADA POR ACREDITACIÓN INSTITUCIONAL)'; verificación 08/07/2015, BOE 26/10/2016",,"máster universitario (OFFICIAL) — UPC's own page: 'an official master's degree of the European Higher Education Area (EHEA)', 'Recorded in the Ministry of Education's degree register'","campus, ECTS, language, intakes, official status, RUCT code, tuition EU/non-EU https://www.upc.edu/en/masters/applied-telecommunications-and-engineering-management-masteam 2026-08-29 | tuition per credit EU 19.37 and non-EU 45.00, curs 2026-2027 https://www.upc.edu/sga/ca/matricula/preus/PreusMaster 2026-08-29 | official status, MECES 3, ECTS, complementos formativos 0 https://www.educacion.gob.es/ruct/estudio.action?codigoCiclo=SC&codigoTipo=M&CodigoEstudio=4315535&actual=estudios 2026-08-29",1
UPC — Castelldefels School of Telecommunications and Aerospace Engineering Official d,Master's degree in Artificial Intelligence for Connected Industries (AI4CI),AA,YES (start date states February) — but NO separate February place quota published; verify with the school,February (and September),"2 academic years, 120 ECTS credits. Starting September and February",2 (September / QT and February / QP),September (QT),framework: first week of October to first week of December of the preceding autumn (school sets its own narrower period inside it),"master universitario (official) — listed on UPC's official master's catalogue, 'Official degree: Recorded in the Ministry of Science, Innovation and Universities'",3500437,"2 academic years, 120 ECTS credits. Starting September and February",English,"€2,324 (€5,400 for non-EU residents). (2026-27 rates; non-EU = 45,00 EUR/credit x ECTS)",https://www.upc.edu/en/masters/artificial-intelligence-for-connected-industries-ai4ci,"'New intake places 25' | '2 academic years, 120 ECTS credits. Starting September and February' | 'Language of instruction English' | 'Approximate fees ... €2,324 (€5,400 for non-EU residents).' || UPC central master's fitxa, field 'Duration and start date': '... Starting September and February'; field 'New intake places' gives a separate February quota where the school publishes one. UPC-wide QP pre-enrolment window (UPC FAQ): 'for the spring semester, from the first week in October until the first week in December. Within these dates, the school or university research institute may establish its own pre-enrolment periods.'","DATES: For a FEBRUARY 2028 start the pre-enrolment window falls in AUTUMN 2027. Framework: first week of October 2027 to first week of December 2027 (UPC FAQ). Observed school-level instances of that window: ETSEIB, Feb-2026 entry -- 'Curs 2025-26 Q2 (inici febrer 2026). Preinscripcions obertes: Del 6 d'octubre al 7 de desembre de 2025'; Camins, Feb-2027 entry -- Civil Engineering 30/09/2026-11/11/2026 (results 16/12/2026), Structural & Construction Engineering 07/10/2026-21/10/2026 (results published 22/01/2027). Exact 2027 dates are not yet published by any school; treat 'early October to early December 2027' as the planning window and confirm with the school in mid-2027. | NON-EU: No UPC rule excludes non-EU applicants from the February entry. UPC preinscripcio page: 'Amb el document d'admissio, l'estudiant de fora de la UE pot iniciar els tramits de sol.licitud dels visats que els permetin l'estada al nostre pais per cursar el programa de master universitari.' Programme fitxes state only 'Legalisation of foreign documents: All documents issued in non-EU countries must be legalised and bear the corresponding apostille.' MASTEAM adds: 'You can enrol even if the legalization procedures have not finished, but you should demonstrate that you have at least started the legalization procedures.' THE REAL CONSTRAINT IS THE CLOCK, NOT A RULE. Published February-entry timetables leave 4-8 weeks between the admission decision (which is what unlocks the Spanish student-visa application) and the start of classes: ETSEIB 2026 -- preinscripcio closed 7 Dec 2025, provisional list 16 Jan 2026, definitive early Feb, matricula 11 Feb 2026; Camins Feb-2027 entry -- Civil Engineering applications 30/09/2026-11/11/2026, results 16/12/2026, classes February 2027; ETSETB 2026 -- admitted list published 16 Jan 2026, enrolment 5 Feb, classes 12 Feb. A Tunisian national applying from Tunis needs a Spanish long-stay student visa, routinely 1-3 months from a complete file. MASTEAM's own calendar warns: 'Non-European Union nationals should apply as soon as possible, in order to obtain admission soon enough to proceed with the visa request at the Spanish consulates in their countries.' The February window is therefore legally open but operationally very tight, and is the single most likely point of failure. | FEES: Non-EU non-resident price CONFIRMED at 45,00 EUR/credit for first-time credits (UPC 'Preus i beques', 2026-27: row 'Master universitari habilitant i no habilitant (no residents, no UE)' = 45 EUR, 1a matricula; EU non-qualifying master = 19,37 EUR/credit, matching Decret 96/2026). Cross-checked arithmetically against each programme fitxa: 120 ECTS -> 5.400 EUR (=120x45); 90 ECTS -> 4.050 EUR (=90x45); 60 ECTS -> 2.700 EUR (=60x45). CONFLICT: UPC's own master's FAQ (both CA and EN) states 'Per-credit fees for non-resident foreign students who are non-European Union students (non-EU residents) are EUR102.52 for the NON-qualifying master's degree' -- this figure is irreconcilable with UPC's own fee table and per-programme totals and is treated as stale. Nothing on the fee pages differentiates a February entrant: the price is per credit per matricula, and UPC bills semester-by-semester ('segons el tipus de matricula (anual o quadrimestral)'), so a QP entrant pays the same per-credit rate.",YES (STAR,,upc-verification,1,Castelldefels,Cataluña / Catalunya,"Escola d'Enginyeria de Telecomunicació i Aeroespacial de Castelldefels (EETAC), Campus del Baix Llobregat, Castelldefels — sole teaching centre stated ('Location: Castelldefels School of Telecommunications and Aerospace Engineering'). NOT Barcelona","Universitat Politècnica de Catalunya (UPC) — public university, awards the degree in its own name",public university,3,7,"EHEA level 7 (Bologna) — academic recognition across the EHEA. Official Spanish máster universitario, MECES 3 = EQF 7, second cycle, Diploma Supplement issued, doctoral access. CAVEAT: EHEA academic recognition is not professional recognition (regulated professions run through Directive 2005/36/EC and a separate national process), and recognition abroad still needs the receiving country's own procedure — the EHEA makes it routine, not automatic",YES,YES,"EUR 2,324 (2026-27 rates) — UPC's own approximate total for EU/resident students","EUR 5,400 (2026-27 rates) — 45.00 EUR/credit x 120 ECTS",2026-27,EUR 218.15 compulsory study of equivalence of a non-EU foreign degree for master's access (Decret 96/2026 annex 1 art. 7.4.1); EUR 30.21 study of documentation/academic record for master's selection (art. 7.6); academic-record management EUR 54.54 per semester / EUR 69.80 annual (art. 7.1); learning-support resources EUR 35.00 per semester / EUR 70.00 annual (UPC table); EUR 218.15 issue of the official degree certificate with European Diploma Supplement (annex 1 art. 4.1); EUR 300 non-refundable advance payment on accepting admission (UPC fees page). None of these are included in the tuition figures above,Verification 12/12/2024; BOE publication 01/10/2025; institutional accreditation 06/03/2025 (RUCT detail page),,"máster universitario (official, ANECA/AQU-verified, in RUCT)","campus, city, ECTS, start months, modality, language statement, tuition_eu_eur, tuition_non_eu_eur https://www.upc.edu/en/masters/artificial-intelligence-for-connected-industries-ai4ci 2026-08-29 | per-credit prices 17.69 / 19.37 / 45.00 EUR, administrative fees, EUR 300 advance payment https://www.upc.edu/ca/masters/preus-i-beques 2026-08-29 | legal basis: art. 1.5 non-resident rule, art. 6.1 recognised credits at 20%, annex 1 art. 7.4.1 equivalence study EUR 218.15, art. 7.6, art. 7.1, annex 1 art. 4.1, annex 2 habilitant list https://www.upc.edu/sga/ca/shared/fitxers-matricula/decret-de-preus/decret-96-2026-de-preus-publics.pdf 2026-08-29 | official status, RUCT code 3500437, MECES 3, ECTS, BOE date https://www.educacion.gob.es/ruct/estudio.action?codigoCiclo=SC&codigoTipo=M&CodigoEstudio=3500437&actual=estudios 2026-08-29 | CONFLICT: stale 102.52 EUR/credit non-EU figure on UPC's own master's FAQ https://www.upc.edu/en/masters/access-admission-enrolment/frequently-asked-questions 2026-08-29",1
"UPC — Terrassa School of Industrial, Aerospace and Audiovisual Engineering (ESEIAAT)",Master's degree in Automatic Systems and Industrial Electronics Engineering,,YES (start date states February) — but NO separate February place quota published; verify with the school,February (and September),"1.5 academic years, 90 ECTS credits. Starting September and February",2 (September / QT and February / QP),September (QT),framework: first week of October to first week of December of the preceding autumn (school sets its own narrower period inside it),"master universitario (official) — listed on UPC's official master's catalogue, 'Official degree: Recorded in the Ministry of Science, Innovation and Universities'",4313318,"1.5 academic years, 90 ECTS credits. Starting September and February",Check the language of instruction for each subject in the course guide.,"€1,743 (€4,050 for non-EU residents). (2026-27 rates; non-EU = 45,00 EUR/credit x ECTS)",https://www.upc.edu/en/masters/automatic-systems-and-industrial-electronics-engineering-terrassa-eseiaat,"'New intake places 40' | '1.5 academic years, 90 ECTS credits. Starting September and February' | 'Language of instruction Check the language of instruction for each subject in the course guide.' | 'Approximate fees ... €1,743 (€4,050 for non-EU residents).' || UPC central master's fitxa, field 'Duration and start date': '... Starting September and February'; field 'New intake places' gives a separate February quota where the school publishes one. UPC-wide QP pre-enrolment window (UPC FAQ): 'for the spring semester, from the first week in October until the first week in December. Within these dates, the school or university research institute may establish its own pre-enrolment periods.'","DATES: For a FEBRUARY 2028 start the pre-enrolment window falls in AUTUMN 2027. Framework: first week of October 2027 to first week of December 2027 (UPC FAQ). Observed school-level instances of that window: ETSEIB, Feb-2026 entry -- 'Curs 2025-26 Q2 (inici febrer 2026). Preinscripcions obertes: Del 6 d'octubre al 7 de desembre de 2025'; Camins, Feb-2027 entry -- Civil Engineering 30/09/2026-11/11/2026 (results 16/12/2026), Structural & Construction Engineering 07/10/2026-21/10/2026 (results published 22/01/2027). Exact 2027 dates are not yet published by any school; treat 'early October to early December 2027' as the planning window and confirm with the school in mid-2027. | NON-EU: No UPC rule excludes non-EU applicants from the February entry. UPC preinscripcio page: 'Amb el document d'admissio, l'estudiant de fora de la UE pot iniciar els tramits de sol.licitud dels visats que els permetin l'estada al nostre pais per cursar el programa de master universitari.' Programme fitxes state only 'Legalisation of foreign documents: All documents issued in non-EU countries must be legalised and bear the corresponding apostille.' MASTEAM adds: 'You can enrol even if the legalization procedures have not finished, but you should demonstrate that you have at least started the legalization procedures.' THE REAL CONSTRAINT IS THE CLOCK, NOT A RULE. Published February-entry timetables leave 4-8 weeks between the admission decision (which is what unlocks the Spanish student-visa application) and the start of classes: ETSEIB 2026 -- preinscripcio closed 7 Dec 2025, provisional list 16 Jan 2026, definitive early Feb, matricula 11 Feb 2026; Camins Feb-2027 entry -- Civil Engineering applications 30/09/2026-11/11/2026, results 16/12/2026, classes February 2027; ETSETB 2026 -- admitted list published 16 Jan 2026, enrolment 5 Feb, classes 12 Feb. A Tunisian national applying from Tunis needs a Spanish long-stay student visa, routinely 1-3 months from a complete file. MASTEAM's own calendar warns: 'Non-European Union nationals should apply as soon as possible, in order to obtain admission soon enough to proceed with the visa request at the Spanish consulates in their countries.' The February window is therefore legally open but operationally very tight, and is the single most likely point of failure. | FEES: Non-EU non-resident price CONFIRMED at 45,00 EUR/credit for first-time credits (UPC 'Preus i beques', 2026-27: row 'Master universitari habilitant i no habilitant (no residents, no UE)' = 45 EUR, 1a matricula; EU non-qualifying master = 19,37 EUR/credit, matching Decret 96/2026). Cross-checked arithmetically against each programme fitxa: 120 ECTS -> 5.400 EUR (=120x45); 90 ECTS -> 4.050 EUR (=90x45); 60 ECTS -> 2.700 EUR (=60x45). CONFLICT: UPC's own master's FAQ (both CA and EN) states 'Per-credit fees for non-resident foreign students who are non-European Union students (non-EU residents) are EUR102.52 for the NON-qualifying master's degree' -- this figure is irreconcilable with UPC's own fee table and per-programme totals and is treated as stale. Nothing on the fee pages differentiates a February entrant: the price is per credit per matricula, and UPC bills semester-by-semester ('segons el tipus de matricula (anual o quadrimestral)'), so a QP entrant pays the same per-credit rate.",YES (STAR,,upc-verification,1,,,,,,,,,,,,,,,,,,,1
UPC — Barcelona School of Civil Engineering,Master's degree in Civil Engineering,,YES — explicit February place quota published,February (and September),"2 academic years, 120 ECTS credits. Starting February and September",2 (September / QT and February / QP),September (QT),framework: first week of October to first week of December of the preceding autumn (school sets its own narrower period inside it),"master universitario (official) — listed on UPC's official master's catalogue, 'Official degree: Recorded in the Ministry of Science, Innovation and Universities'",NOT LOOKED UP (outside the nine fields),"2 academic years, 120 ECTS credits. Starting February and September",Check the language of instruction for each subject in the course guide.,"€2,122 (€5,400 for non-EU residents). (2026-27 rates; non-EU = 45,00 EUR/credit x ECTS)",https://www.upc.edu/en/masters/civil-engineering,"'New intake places 60 in September; 60 in February' | '2 academic years, 120 ECTS credits. Starting February and September' | 'Language of instruction Check the language of instruction for each subject in the course guide.' | 'Approximate fees ... €2,122 (€5,400 for non-EU residents).' || UPC central master's fitxa, field 'Duration and start date': '... Starting September and February'; field 'New intake places' gives a separate February quota where the school publishes one. UPC-wide QP pre-enrolment window (UPC FAQ): 'for the spring semester, from the first week in October until the first week in December. Within these dates, the school or university research institute may establish its own pre-enrolment periods.'","DATES: For a FEBRUARY 2028 start the pre-enrolment window falls in AUTUMN 2027. Framework: first week of October 2027 to first week of December 2027 (UPC FAQ). Observed school-level instances of that window: ETSEIB, Feb-2026 entry -- 'Curs 2025-26 Q2 (inici febrer 2026). Preinscripcions obertes: Del 6 d'octubre al 7 de desembre de 2025'; Camins, Feb-2027 entry -- Civil Engineering 30/09/2026-11/11/2026 (results 16/12/2026), Structural & Construction Engineering 07/10/2026-21/10/2026 (results published 22/01/2027). Exact 2027 dates are not yet published by any school; treat 'early October to early December 2027' as the planning window and confirm with the school in mid-2027. | NON-EU: No UPC rule excludes non-EU applicants from the February entry. UPC preinscripcio page: 'Amb el document d'admissio, l'estudiant de fora de la UE pot iniciar els tramits de sol.licitud dels visats que els permetin l'estada al nostre pais per cursar el programa de master universitari.' Programme fitxes state only 'Legalisation of foreign documents: All documents issued in non-EU countries must be legalised and bear the corresponding apostille.' MASTEAM adds: 'You can enrol even if the legalization procedures have not finished, but you should demonstrate that you have at least started the legalization procedures.' THE REAL CONSTRAINT IS THE CLOCK, NOT A RULE. Published February-entry timetables leave 4-8 weeks between the admission decision (which is what unlocks the Spanish student-visa application) and the start of classes: ETSEIB 2026 -- preinscripcio closed 7 Dec 2025, provisional list 16 Jan 2026, definitive early Feb, matricula 11 Feb 2026; Camins Feb-2027 entry -- Civil Engineering applications 30/09/2026-11/11/2026, results 16/12/2026, classes February 2027; ETSETB 2026 -- admitted list published 16 Jan 2026, enrolment 5 Feb, classes 12 Feb. A Tunisian national applying from Tunis needs a Spanish long-stay student visa, routinely 1-3 months from a complete file. MASTEAM's own calendar warns: 'Non-European Union nationals should apply as soon as possible, in order to obtain admission soon enough to proceed with the visa request at the Spanish consulates in their countries.' The February window is therefore legally open but operationally very tight, and is the single most likely point of failure. | FEES: Non-EU non-resident price CONFIRMED at 45,00 EUR/credit for first-time credits (UPC 'Preus i beques', 2026-27: row 'Master universitari habilitant i no habilitant (no residents, no UE)' = 45 EUR, 1a matricula; EU non-qualifying master = 19,37 EUR/credit, matching Decret 96/2026). Cross-checked arithmetically against each programme fitxa: 120 ECTS -> 5.400 EUR (=120x45); 90 ECTS -> 4.050 EUR (=90x45); 60 ECTS -> 2.700 EUR (=60x45). CONFLICT: UPC's own master's FAQ (both CA and EN) states 'Per-credit fees for non-resident foreign students who are non-European Union students (non-EU residents) are EUR102.52 for the NON-qualifying master's degree' -- this figure is irreconcilable with UPC's own fee table and per-programme totals and is treated as stale. Nothing on the fee pages differentiates a February entrant: the price is per credit per matricula, and UPC bills semester-by-semester ('segons el tipus de matricula (anual o quadrimestral)'), so a QP entrant pays the same per-credit rate.",YES — EXP,,upc-verification,1,,,,,,,,,,,,,,,,,,,1
UPC — Barcelona School of Telecommunications Engineering,Master's degree in Electronic Engineering (MEE),C,YES — explicit February place quota published,February (and September),"1.5 academic years, 90 ECTS credits. Starting September and February",2 (September / QT and February / QP),September (QT),framework: first week of October to first week of December of the preceding autumn (school sets its own narrower period inside it),"master universitario (official) — listed on UPC's official master's catalogue, 'Official degree: Recorded in the Ministry of Science, Innovation and Universities'",4317900,"1.5 academic years, 90 ECTS credits. Starting September and February",English,"€1,743 (€2,700 for non-EU residents). Call for applications for the 2025 UPC-GREENCHIPS-EDU grants : financia (2026-27 rates; non-EU = 45,00 EUR/credit x ECTS)",https://www.upc.edu/en/masters/electronic-engineering-mee,"'New intake places 40 in September; 20 in February' | '1.5 academic years, 90 ECTS credits. Starting September and February' | 'Language of instruction English' | 'Approximate fees ... €1,743 (€2,700 for non-EU residents). Call for applications for the 2025 UPC-GREENCHIPS-EDU grants : financia' || UPC central master's fitxa, field 'Duration and start date': '... Starting September and February'; field 'New intake places' gives a separate February quota where the school publishes one. UPC-wide QP pre-enrolment window (UPC FAQ): 'for the spring semester, from the first week in October until the first week in December. Within these dates, the school or university research institute may establish its own pre-enrolment periods.'","DATES: For a FEBRUARY 2028 start the pre-enrolment window falls in AUTUMN 2027. Framework: first week of October 2027 to first week of December 2027 (UPC FAQ). Observed school-level instances of that window: ETSEIB, Feb-2026 entry -- 'Curs 2025-26 Q2 (inici febrer 2026). Preinscripcions obertes: Del 6 d'octubre al 7 de desembre de 2025'; Camins, Feb-2027 entry -- Civil Engineering 30/09/2026-11/11/2026 (results 16/12/2026), Structural & Construction Engineering 07/10/2026-21/10/2026 (results published 22/01/2027). Exact 2027 dates are not yet published by any school; treat 'early October to early December 2027' as the planning window and confirm with the school in mid-2027. | NON-EU: No UPC rule excludes non-EU applicants from the February entry. UPC preinscripcio page: 'Amb el document d'admissio, l'estudiant de fora de la UE pot iniciar els tramits de sol.licitud dels visats que els permetin l'estada al nostre pais per cursar el programa de master universitari.' Programme fitxes state only 'Legalisation of foreign documents: All documents issued in non-EU countries must be legalised and bear the corresponding apostille.' MASTEAM adds: 'You can enrol even if the legalization procedures have not finished, but you should demonstrate that you have at least started the legalization procedures.' THE REAL CONSTRAINT IS THE CLOCK, NOT A RULE. Published February-entry timetables leave 4-8 weeks between the admission decision (which is what unlocks the Spanish student-visa application) and the start of classes: ETSEIB 2026 -- preinscripcio closed 7 Dec 2025, provisional list 16 Jan 2026, definitive early Feb, matricula 11 Feb 2026; Camins Feb-2027 entry -- Civil Engineering applications 30/09/2026-11/11/2026, results 16/12/2026, classes February 2027; ETSETB 2026 -- admitted list published 16 Jan 2026, enrolment 5 Feb, classes 12 Feb. A Tunisian national applying from Tunis needs a Spanish long-stay student visa, routinely 1-3 months from a complete file. MASTEAM's own calendar warns: 'Non-European Union nationals should apply as soon as possible, in order to obtain admission soon enough to proceed with the visa request at the Spanish consulates in their countries.' The February window is therefore legally open but operationally very tight, and is the single most likely point of failure. | FEES: Non-EU non-resident price CONFIRMED at 45,00 EUR/credit for first-time credits (UPC 'Preus i beques', 2026-27: row 'Master universitari habilitant i no habilitant (no residents, no UE)' = 45 EUR, 1a matricula; EU non-qualifying master = 19,37 EUR/credit, matching Decret 96/2026). Cross-checked arithmetically against each programme fitxa: 120 ECTS -> 5.400 EUR (=120x45); 90 ECTS -> 4.050 EUR (=90x45); 60 ECTS -> 2.700 EUR (=60x45). CONFLICT: UPC's own master's FAQ (both CA and EN) states 'Per-credit fees for non-resident foreign students who are non-European Union students (non-EU residents) are EUR102.52 for the NON-qualifying master's degree' -- this figure is irreconcilable with UPC's own fee table and per-programme totals and is treated as stale. Nothing on the fee pages differentiates a February entrant: the price is per credit per matricula, and UPC bills semester-by-semester ('segons el tipus de matricula (anual o quadrimestral)'), so a QP entrant pays the same per-credit rate.",YES — EXP,,upc-verification,1,Barcelona,Cataluña / Catalunya,"Escola Tècnica Superior d'Enginyeria de Telecomunicació de Barcelona (ETSETB), Campus Nord UPC, c/ Jordi Girona 1-3, Barcelona — sole teaching centre stated ('Location: Barcelona School of Telecommunications Engineering')","Universitat Politècnica de Catalunya (UPC) — public university, awards the degree in its own name",public university,3,7,"EHEA level 7 (Bologna) — academic recognition across the EHEA. Official Spanish máster universitario, MECES 3 = EQF 7, second cycle, Diploma Supplement issued, doctoral access. CAVEAT: EHEA academic recognition is not professional recognition (regulated professions run through Directive 2005/36/EC and a separate national process), and recognition abroad still needs the receiving country's own procedure — the EHEA makes it routine, not automatic",YES,YES,"EUR 1,743 (2026-27 rates) — UPC's own approximate total for EU/resident students","CONFLICT — EUR 4,050 (2026-27 rates) by UPC's own tariff (45.00 EUR/credit x 90 ECTS), BUT the programme page itself prints 'EUR 2,700 for non-EU residents'. Both values recorded; 2,700 is inconsistent with 45.00 EUR/credit at 90 ECTS and needs human confirmation with ETSETB",2026-27,EUR 218.15 compulsory study of equivalence of a non-EU foreign degree for master's access (Decret 96/2026 annex 1 art. 7.4.1); EUR 30.21 study of documentation/academic record for master's selection (art. 7.6); academic-record management EUR 54.54 per semester / EUR 69.80 annual (art. 7.1); learning-support resources EUR 35.00 per semester / EUR 70.00 annual (UPC table); EUR 218.15 issue of the official degree certificate with European Diploma Supplement (annex 1 art. 4.1); EUR 300 non-refundable advance payment on accepting admission (UPC fees page). None of these are included in the tuition figures above,Verification 22/06/2021; BOE publication 28/10/2022; institutional accreditation 06/09/2023 (RUCT detail page),,"máster universitario (official, ANECA/AQU-verified, in RUCT)","campus, city, ECTS, start months, modality, language statement, tuition_eu_eur, tuition_non_eu_eur https://www.upc.edu/en/masters/electronic-engineering-mee 2026-08-29 | per-credit prices 17.69 / 19.37 / 45.00 EUR, administrative fees, EUR 300 advance payment https://www.upc.edu/ca/masters/preus-i-beques 2026-08-29 | legal basis: art. 1.5 non-resident rule, art. 6.1 recognised credits at 20%, annex 1 art. 7.4.1 equivalence study EUR 218.15, art. 7.6, art. 7.1, annex 1 art. 4.1, annex 2 habilitant list https://www.upc.edu/sga/ca/shared/fitxers-matricula/decret-de-preus/decret-96-2026-de-preus-publics.pdf 2026-08-29 | official status, RUCT code 4317900, MECES 3, ECTS, BOE date https://www.educacion.gob.es/ruct/estudio.action?codigoCiclo=SC&codigoTipo=M&CodigoEstudio=4317900&actual=estudios 2026-08-29 | CONFLICT: stale 102.52 EUR/credit non-EU figure on UPC's own master's FAQ https://www.upc.edu/en/masters/access-admission-enrolment/frequently-asked-questions 2026-08-29 | superseded RUCT code 4314037 (TITULACION A EXTINGUIR, 120 ECTS) linked from the UPC page https://www.educacion.gob.es/ruct/estudio.action?codigoCiclo=SC&codigoTipo=M&CodigoEstudio=4314037&actual=estudios 2026-08-29",1
UPC — Barcelona School of Telecommunications Engineering,Master's degree in Engineering Physics,,YES (start date states February) — but NO separate February place quota published; verify with the school,February (and September),"1 academic year, if starting in September, and 1,5 academic years, if starting in February, 60 ECTS credits. Starting February and September",2 (September / QT and February / QP),September (QT),framework: first week of October to first week of December of the preceding autumn (school sets its own narrower period inside it),"master universitario (official) — listed on UPC's official master's catalogue, 'Official degree: Recorded in the Ministry of Science, Innovation and Universities'",NOT LOOKED UP (outside the nine fields),"1 academic year, if starting in September, and 1,5 academic years, if starting in February, 60 ECTS credits. Starting February and September",English,"€1,162 (€2,700 for non-EU residents). (2026-27 rates; non-EU = 45,00 EUR/credit x ECTS)",https://www.upc.edu/en/masters/engineering-physics,"'New intake places 20' | '1 academic year, if starting in September, and 1,5 academic years, if starting in February, 60 ECTS credits. Starting February and September' | 'Language of instruction English' | 'Approximate fees ... €1,162 (€2,700 for non-EU residents).' || UPC central master's fitxa, field 'Duration and start date': '... Starting September and February'; field 'New intake places' gives a separate February quota where the school publishes one. UPC-wide QP pre-enrolment window (UPC FAQ): 'for the spring semester, from the first week in October until the first week in December. Within these dates, the school or university research institute may establish its own pre-enrolment periods.'","DATES: For a FEBRUARY 2028 start the pre-enrolment window falls in AUTUMN 2027. Framework: first week of October 2027 to first week of December 2027 (UPC FAQ). Observed school-level instances of that window: ETSEIB, Feb-2026 entry -- 'Curs 2025-26 Q2 (inici febrer 2026). Preinscripcions obertes: Del 6 d'octubre al 7 de desembre de 2025'; Camins, Feb-2027 entry -- Civil Engineering 30/09/2026-11/11/2026 (results 16/12/2026), Structural & Construction Engineering 07/10/2026-21/10/2026 (results published 22/01/2027). Exact 2027 dates are not yet published by any school; treat 'early October to early December 2027' as the planning window and confirm with the school in mid-2027. | NON-EU: No UPC rule excludes non-EU applicants from the February entry. UPC preinscripcio page: 'Amb el document d'admissio, l'estudiant de fora de la UE pot iniciar els tramits de sol.licitud dels visats que els permetin l'estada al nostre pais per cursar el programa de master universitari.' Programme fitxes state only 'Legalisation of foreign documents: All documents issued in non-EU countries must be legalised and bear the corresponding apostille.' MASTEAM adds: 'You can enrol even if the legalization procedures have not finished, but you should demonstrate that you have at least started the legalization procedures.' THE REAL CONSTRAINT IS THE CLOCK, NOT A RULE. Published February-entry timetables leave 4-8 weeks between the admission decision (which is what unlocks the Spanish student-visa application) and the start of classes: ETSEIB 2026 -- preinscripcio closed 7 Dec 2025, provisional list 16 Jan 2026, definitive early Feb, matricula 11 Feb 2026; Camins Feb-2027 entry -- Civil Engineering applications 30/09/2026-11/11/2026, results 16/12/2026, classes February 2027; ETSETB 2026 -- admitted list published 16 Jan 2026, enrolment 5 Feb, classes 12 Feb. A Tunisian national applying from Tunis needs a Spanish long-stay student visa, routinely 1-3 months from a complete file. MASTEAM's own calendar warns: 'Non-European Union nationals should apply as soon as possible, in order to obtain admission soon enough to proceed with the visa request at the Spanish consulates in their countries.' The February window is therefore legally open but operationally very tight, and is the single most likely point of failure. | FEES: Non-EU non-resident price CONFIRMED at 45,00 EUR/credit for first-time credits (UPC 'Preus i beques', 2026-27: row 'Master universitari habilitant i no habilitant (no residents, no UE)' = 45 EUR, 1a matricula; EU non-qualifying master = 19,37 EUR/credit, matching Decret 96/2026). Cross-checked arithmetically against each programme fitxa: 120 ECTS -> 5.400 EUR (=120x45); 90 ECTS -> 4.050 EUR (=90x45); 60 ECTS -> 2.700 EUR (=60x45). CONFLICT: UPC's own master's FAQ (both CA and EN) states 'Per-credit fees for non-resident foreign students who are non-European Union students (non-EU residents) are EUR102.52 for the NON-qualifying master's degree' -- this figure is irreconcilable with UPC's own fee table and per-programme totals and is treated as stale. Nothing on the fee pages differentiates a February entrant: the price is per credit per matricula, and UPC bills semester-by-semester ('segons el tipus de matricula (anual o quadrimestral)'), so a QP entrant pays the same per-credit rate.",YES (STAR,,upc-verification,1,Barcelona,Cataluña / Catalunya,"Escola Tècnica Superior d'Enginyeria de Telecomunicació de Barcelona (ETSETB), Campus Nord UPC, Barcelona — sole teaching centre stated ('Location: Barcelona School of Telecommunications Engineering')","Universitat Politècnica de Catalunya (UPC) — public university, awards the degree in its own name",public university,3,7,"EHEA level 7 (Bologna) — academic recognition across the EHEA. Official Spanish máster universitario, MECES 3 = EQF 7, second cycle, Diploma Supplement issued, doctoral access. CAVEAT: EHEA academic recognition is not professional recognition (regulated professions run through Directive 2005/36/EC and a separate national process), and recognition abroad still needs the receiving country's own procedure — the EHEA makes it routine, not automatic",YES,YES,"EUR 1,162 (2026-27 rates) — UPC's own approximate total for EU/resident students","EUR 2,700 (2026-27 rates) — 45.00 EUR/credit x 60 ECTS",2026-27,EUR 218.15 compulsory study of equivalence of a non-EU foreign degree for master's access (Decret 96/2026 annex 1 art. 7.4.1); EUR 30.21 study of documentation/academic record for master's selection (art. 7.6); academic-record management EUR 54.54 per semester / EUR 69.80 annual (art. 7.1); learning-support resources EUR 35.00 per semester / EUR 70.00 annual (UPC table); EUR 218.15 issue of the official degree certificate with European Diploma Supplement (annex 1 art. 4.1); EUR 300 non-refundable advance payment on accepting admission (UPC fees page). None of these are included in the tuition figures above,Verification 06/06/2018; Consejo de Ministros 21/04/2020; BOE publication 13/05/2020; institutional accreditation 06/09/2023 (RUCT detail page),,"máster universitario (official, ANECA/AQU-verified, in RUCT)","campus, city, ECTS, start months, modality, language statement, tuition_eu_eur, tuition_non_eu_eur https://www.upc.edu/en/masters/engineering-physics 2026-08-29 | per-credit prices 17.69 / 19.37 / 45.00 EUR, administrative fees, EUR 300 advance payment https://www.upc.edu/ca/masters/preus-i-beques 2026-08-29 | legal basis: art. 1.5 non-resident rule, art. 6.1 recognised credits at 20%, annex 1 art. 7.4.1 equivalence study EUR 218.15, art. 7.6, art. 7.1, annex 1 art. 4.1, annex 2 habilitant list https://www.upc.edu/sga/ca/shared/fitxers-matricula/decret-de-preus/decret-96-2026-de-preus-publics.pdf 2026-08-29 | official status, RUCT code 4316470, MECES 3, ECTS, BOE date https://www.educacion.gob.es/ruct/estudio.action?codigoCiclo=SC&codigoTipo=M&CodigoEstudio=4316470&actual=estudios 2026-08-29 | CONFLICT: stale 102.52 EUR/credit non-EU figure on UPC's own master's FAQ https://www.upc.edu/en/masters/access-admission-enrolment/frequently-asked-questions 2026-08-29",1
UPC — Campus Nord. School of Civil Engineering of Barcelona (ETSECCPB) . Campus de Te,Master's degree in Environmental Engineering,,YES (start date states February) — but NO separate February place quota published; verify with the school,February (and September),"1.5 academic years, 90 ECTS credits. Starting September and February",2 (September / QT and February / QP),September (QT),framework: first week of October to first week of December of the preceding autumn (school sets its own narrower period inside it),"master universitario (official) — listed on UPC's official master's catalogue, 'Official degree: Recorded in the Ministry of Science, Innovation and Universities'",NOT LOOKED UP (outside the nine fields),"1.5 academic years, 90 ECTS credits. Starting September and February",Spanish,"€1,743 (€4,050 for non-EU residents). (2026-27 rates; non-EU = 45,00 EUR/credit x ECTS)",https://www.upc.edu/en/masters/environmental-engineering,"'New intake places 40' | '1.5 academic years, 90 ECTS credits. Starting September and February' | 'Language of instruction Spanish' | 'Approximate fees ... €1,743 (€4,050 for non-EU residents).' || UPC central master's fitxa, field 'Duration and start date': '... Starting September and February'; field 'New intake places' gives a separate February quota where the school publishes one. UPC-wide QP pre-enrolment window (UPC FAQ): 'for the spring semester, from the first week in October until the first week in December. Within these dates, the school or university research institute may establish its own pre-enrolment periods.'","DATES: For a FEBRUARY 2028 start the pre-enrolment window falls in AUTUMN 2027. Framework: first week of October 2027 to first week of December 2027 (UPC FAQ). Observed school-level instances of that window: ETSEIB, Feb-2026 entry -- 'Curs 2025-26 Q2 (inici febrer 2026). Preinscripcions obertes: Del 6 d'octubre al 7 de desembre de 2025'; Camins, Feb-2027 entry -- Civil Engineering 30/09/2026-11/11/2026 (results 16/12/2026), Structural & Construction Engineering 07/10/2026-21/10/2026 (results published 22/01/2027). Exact 2027 dates are not yet published by any school; treat 'early October to early December 2027' as the planning window and confirm with the school in mid-2027. | NON-EU: No UPC rule excludes non-EU applicants from the February entry. UPC preinscripcio page: 'Amb el document d'admissio, l'estudiant de fora de la UE pot iniciar els tramits de sol.licitud dels visats que els permetin l'estada al nostre pais per cursar el programa de master universitari.' Programme fitxes state only 'Legalisation of foreign documents: All documents issued in non-EU countries must be legalised and bear the corresponding apostille.' MASTEAM adds: 'You can enrol even if the legalization procedures have not finished, but you should demonstrate that you have at least started the legalization procedures.' THE REAL CONSTRAINT IS THE CLOCK, NOT A RULE. Published February-entry timetables leave 4-8 weeks between the admission decision (which is what unlocks the Spanish student-visa application) and the start of classes: ETSEIB 2026 -- preinscripcio closed 7 Dec 2025, provisional list 16 Jan 2026, definitive early Feb, matricula 11 Feb 2026; Camins Feb-2027 entry -- Civil Engineering applications 30/09/2026-11/11/2026, results 16/12/2026, classes February 2027; ETSETB 2026 -- admitted list published 16 Jan 2026, enrolment 5 Feb, classes 12 Feb. A Tunisian national applying from Tunis needs a Spanish long-stay student visa, routinely 1-3 months from a complete file. MASTEAM's own calendar warns: 'Non-European Union nationals should apply as soon as possible, in order to obtain admission soon enough to proceed with the visa request at the Spanish consulates in their countries.' The February window is therefore legally open but operationally very tight, and is the single most likely point of failure. | FEES: Non-EU non-resident price CONFIRMED at 45,00 EUR/credit for first-time credits (UPC 'Preus i beques', 2026-27: row 'Master universitari habilitant i no habilitant (no residents, no UE)' = 45 EUR, 1a matricula; EU non-qualifying master = 19,37 EUR/credit, matching Decret 96/2026). Cross-checked arithmetically against each programme fitxa: 120 ECTS -> 5.400 EUR (=120x45); 90 ECTS -> 4.050 EUR (=90x45); 60 ECTS -> 2.700 EUR (=60x45). CONFLICT: UPC's own master's FAQ (both CA and EN) states 'Per-credit fees for non-resident foreign students who are non-European Union students (non-EU residents) are EUR102.52 for the NON-qualifying master's degree' -- this figure is irreconcilable with UPC's own fee table and per-programme totals and is treated as stale. Nothing on the fee pages differentiates a February entrant: the price is per credit per matricula, and UPC bills semester-by-semester ('segons el tipus de matricula (anual o quadrimestral)'), so a QP entrant pays the same per-credit rate.",YES (STAR,,upc-verification,1,Barcelona AND Terrassa — taught across two campuses,Cataluña / Catalunya,"TWO teaching centres stated on the UPC page: Campus Nord, Escola Tècnica Superior d'Enginyeria de Camins, Canals i Ports de Barcelona (ETSECCPB), Barcelona AND Campus de Terrassa, Escola Superior d'Enginyeries Industrial, Aeroespacial i Audiovisual de Terrassa (ESEIAAT, page uses the older name ETSEIAT), Terrassa. Terrassa is a separate city ~30 km from Barcelona","Universitat Politècnica de Catalunya (UPC) — public university, awards the degree in its own name",public university,3,7,"EHEA level 7 (Bologna) — academic recognition across the EHEA. Official Spanish máster universitario, MECES 3 = EQF 7, second cycle, Diploma Supplement issued, doctoral access. CAVEAT: EHEA academic recognition is not professional recognition (regulated professions run through Directive 2005/36/EC and a separate national process), and recognition abroad still needs the receiving country's own procedure — the EHEA makes it routine, not automatic",YES,YES,"EUR 1,743 (2026-27 rates) — UPC's own approximate total for EU/resident students","EUR 4,050 (2026-27 rates) — 45.00 EUR/credit x 90 ECTS",2026-27,EUR 218.15 compulsory study of equivalence of a non-EU foreign degree for master's access (Decret 96/2026 annex 1 art. 7.4.1); EUR 30.21 study of documentation/academic record for master's selection (art. 7.6); academic-record management EUR 54.54 per semester / EUR 69.80 annual (art. 7.1); learning-support resources EUR 35.00 per semester / EUR 70.00 annual (UPC table); EUR 218.15 issue of the official degree certificate with European Diploma Supplement (annex 1 art. 4.1); EUR 300 non-refundable advance payment on accepting admission (UPC fees page). None of these are included in the tuition figures above,Verification 17/10/2023; Consejo de Ministros 17/09/2024; BOE publication 27/09/2024; teaching from 2024/2025 (RUCT detail page),,"máster universitario (official, ANECA/AQU-verified, in RUCT)","campus, city, ECTS, start months, modality, language statement, tuition_eu_eur, tuition_non_eu_eur https://www.upc.edu/en/masters/environmental-engineering 2026-08-29 | per-credit prices 17.69 / 19.37 / 45.00 EUR, administrative fees, EUR 300 advance payment https://www.upc.edu/ca/masters/preus-i-beques 2026-08-29 | legal basis: art. 1.5 non-resident rule, art. 6.1 recognised credits at 20%, annex 1 art. 7.4.1 equivalence study EUR 218.15, art. 7.6, art. 7.1, annex 1 art. 4.1, annex 2 habilitant list https://www.upc.edu/sga/ca/shared/fitxers-matricula/decret-de-preus/decret-96-2026-de-preus-publics.pdf 2026-08-29 | official status, RUCT code 3500036, MECES 3, ECTS, BOE date https://www.educacion.gob.es/ruct/estudio.action?codigoCiclo=SC&codigoTipo=M&CodigoEstudio=3500036&actual=estudios 2026-08-29 | CONFLICT: stale 102.52 EUR/credit non-EU figure on UPC's own master's FAQ https://www.upc.edu/en/masters/access-admission-enrolment/frequently-asked-questions 2026-08-29 | superseded RUCT code 4314991 (TITULACION A EXTINGUIR, 120 ECTS) linked from the UPC page https://www.educacion.gob.es/ruct/estudio.action?codigoCiclo=SC&codigoTipo=M&CodigoEstudio=4314991&actual=estudios 2026-08-29",1
"UPC — Terrassa School of Industrial, Aerospace and Audiovisual Engineering (ESEIAAT)",Master's degree in Industrial Engineering,,YES — explicit February place quota published,February (and September),"2 academic years, 120 ECTS credits. Starting September and February",2 (September / QT and February / QP),September (QT),framework: first week of October to first week of December of the preceding autumn (school sets its own narrower period inside it),"master universitario (official) — listed on UPC's official master's catalogue, 'Official degree: Recorded in the Ministry of Science, Innovation and Universities'",NOT LOOKED UP (outside the nine fields),"2 academic years, 120 ECTS credits. Starting September and February",Morning classes are taught in Catalan and afternoon classes are taught in Spanish.,"€2,122 (€5,400 for non-EU residents). (2026-27 rates; non-EU = 45,00 EUR/credit x ECTS)",https://www.upc.edu/en/masters/industrial-engineering-terrassa-eseiaat,"'New intake places 100 september + 80 february' | '2 academic years, 120 ECTS credits. Starting September and February' | 'Language of instruction Morning classes are taught in Catalan and afternoon classes are taught in Spanish.' | 'Approximate fees ... €2,122 (€5,400 for non-EU residents).' || UPC central master's fitxa, field 'Duration and start date': '... Starting September and February'; field 'New intake places' gives a separate February quota where the school publishes one. UPC-wide QP pre-enrolment window (UPC FAQ): 'for the spring semester, from the first week in October until the first week in December. Within these dates, the school or university research institute may establish its own pre-enrolment periods.'","DATES: For a FEBRUARY 2028 start the pre-enrolment window falls in AUTUMN 2027. Framework: first week of October 2027 to first week of December 2027 (UPC FAQ). Observed school-level instances of that window: ETSEIB, Feb-2026 entry -- 'Curs 2025-26 Q2 (inici febrer 2026). Preinscripcions obertes: Del 6 d'octubre al 7 de desembre de 2025'; Camins, Feb-2027 entry -- Civil Engineering 30/09/2026-11/11/2026 (results 16/12/2026), Structural & Construction Engineering 07/10/2026-21/10/2026 (results published 22/01/2027). Exact 2027 dates are not yet published by any school; treat 'early October to early December 2027' as the planning window and confirm with the school in mid-2027. | NON-EU: No UPC rule excludes non-EU applicants from the February entry. UPC preinscripcio page: 'Amb el document d'admissio, l'estudiant de fora de la UE pot iniciar els tramits de sol.licitud dels visats que els permetin l'estada al nostre pais per cursar el programa de master universitari.' Programme fitxes state only 'Legalisation of foreign documents: All documents issued in non-EU countries must be legalised and bear the corresponding apostille.' MASTEAM adds: 'You can enrol even if the legalization procedures have not finished, but you should demonstrate that you have at least started the legalization procedures.' THE REAL CONSTRAINT IS THE CLOCK, NOT A RULE. Published February-entry timetables leave 4-8 weeks between the admission decision (which is what unlocks the Spanish student-visa application) and the start of classes: ETSEIB 2026 -- preinscripcio closed 7 Dec 2025, provisional list 16 Jan 2026, definitive early Feb, matricula 11 Feb 2026; Camins Feb-2027 entry -- Civil Engineering applications 30/09/2026-11/11/2026, results 16/12/2026, classes February 2027; ETSETB 2026 -- admitted list published 16 Jan 2026, enrolment 5 Feb, classes 12 Feb. A Tunisian national applying from Tunis needs a Spanish long-stay student visa, routinely 1-3 months from a complete file. MASTEAM's own calendar warns: 'Non-European Union nationals should apply as soon as possible, in order to obtain admission soon enough to proceed with the visa request at the Spanish consulates in their countries.' The February window is therefore legally open but operationally very tight, and is the single most likely point of failure. | FEES: Non-EU non-resident price CONFIRMED at 45,00 EUR/credit for first-time credits (UPC 'Preus i beques', 2026-27: row 'Master universitari habilitant i no habilitant (no residents, no UE)' = 45 EUR, 1a matricula; EU non-qualifying master = 19,37 EUR/credit, matching Decret 96/2026). Cross-checked arithmetically against each programme fitxa: 120 ECTS -> 5.400 EUR (=120x45); 90 ECTS -> 4.050 EUR (=90x45); 60 ECTS -> 2.700 EUR (=60x45). CONFLICT: UPC's own master's FAQ (both CA and EN) states 'Per-credit fees for non-resident foreign students who are non-European Union students (non-EU residents) are EUR102.52 for the NON-qualifying master's degree' -- this figure is irreconcilable with UPC's own fee table and per-programme totals and is treated as stale. Nothing on the fee pages differentiates a February entrant: the price is per credit per matricula, and UPC bills semester-by-semester ('segons el tipus de matricula (anual o quadrimestral)'), so a QP entrant pays the same per-credit rate.",YES — EXP,,upc-verification,1,Barcelona,Cataluña / Catalunya,"Escola Tècnica Superior d'Enginyeria Industrial de Barcelona (ETSEIB), Av. Diagonal 647, Campus Diagonal Sud, Barcelona — sole teaching centre stated on the UPC page ('Lloc d'impartició: Escola Tècnica Superior d'Enginyeria Industrial de Barcelona (ETSEIB)')","Universitat Politècnica de Catalunya (UPC) — public university, awards the degree in its own name",public university,3,7,"EHEA level 7 (Bologna) — academic recognition across the EHEA. Official Spanish máster universitario, MECES 3 = EQF 7, second cycle, Diploma Supplement issued, doctoral access. CAVEAT: EHEA academic recognition is not professional recognition — the Spanish 'ingeniero industrial' attributions this master confers are a regulated profession and recognition in another EU state runs through Directive 2005/36/EC and that state's own procedure; and academic recognition abroad still requires the receiving country's own procedure, which the EHEA makes routine, not automatic",YES,YES,"EUR 2,122 (2026-27 rates) — UPC's own approximate total for EU/resident students","EUR 5,400 (2026-27 rates) — 45.00 EUR/credit x 120 ECTS",2026-27,EUR 218.15 compulsory study of equivalence of a non-EU foreign degree for master's access (Decret 96/2026 annex 1 art. 7.4.1); EUR 30.21 study of documentation/academic record for master's selection (art. 7.6); academic-record management EUR 54.54 per semester / EUR 69.80 annual (art. 7.1); learning-support resources EUR 35.00 per semester / EUR 70.00 annual (UPC table); EUR 218.15 issue of the official degree certificate with European Diploma Supplement (annex 1 art. 4.1); EUR 300 non-refundable advance payment on accepting admission (UPC fees page). None of these are included in the tuition figures above,"Acuerdo de Consejo de Ministros de 23/09/2025, published in BOE 01/10/2025 (RUCT detail page). Verification 09/07/2024; teaching from 2025/2026",,"máster universitario (official, ANECA/AQU-verified, in RUCT)","campus, city, ECTS, start months, modality, language statement, tuition_eu_eur, tuition_non_eu_eur https://www.upc.edu/en/masters/industrial-engineering-barcelona-etseib 2026-08-29 | language statement (Catalan original, verbatim) https://www.upc.edu/ca/masters/enginyeria-industrial-barcelona-etseib 2026-08-29 | per-credit prices 17.69 / 19.37 / 45.00 EUR, administrative fees, EUR 300 advance payment https://www.upc.edu/ca/masters/preus-i-beques 2026-08-29 | legal basis: art. 1.5 non-resident rule, art. 6.1 recognised credits at 20%, annex 1 art. 7.4.1 equivalence study EUR 218.15, art. 7.6 EUR 30.21, art. 7.1, annex 1 art. 4.1 EUR 218.15 degree issue, annex 2 list of habilitant masters https://www.upc.edu/sga/ca/shared/fitxers-matricula/decret-de-preus/decret-96-2026-de-preus-publics.pdf 2026-08-29 | official status, RUCT code 3500484, MECES 3, 120 ECTS, BOE 01/10/2025 https://www.educacion.gob.es/ruct/estudio.action?codigoCiclo=SC&codigoTipo=M&CodigoEstudio=3500484&actual=estudios 2026-08-29 | superseded RUCT code 4314000 (TITULACION A EXTINGUIR) linked from the UPC page https://www.educacion.gob.es/ruct/estudio.action?codigoCiclo=SC&codigoTipo=M&CodigoEstudio=4314000&actual=estudios 2026-08-29 | CONFLICT: stale 102.52 EUR/credit non-EU figure on UPC's own master's FAQ https://www.upc.edu/en/masters/access-admission-enrolment/frequently-asked-questions 2026-08-29",2
UPC — Barcelona School of Informatics (FIB),Master's degree in Informatics Engineering,AC | AA,YES (start date states February) — but NO separate February place quota published; verify with the school,February (and September),"1.5 academic years, 90 ECTS credits. Starting September and February",2 (September / QT and February / QP),September (QT),framework: first week of October to first week of December of the preceding autumn (school sets its own narrower period inside it),"master universitario (official) — listed on UPC's official master's catalogue, 'Official degree: Recorded in the Ministry of Science, Innovation and Universities'",4313321,"1.5 academic years, 90 ECTS credits. Starting September and February",Check the language of instruction for each subject in the course guide.,"€1,592 (€4,050 for non-EU residents). (2026-27 rates; non-EU = 45,00 EUR/credit x ECTS)",https://www.upc.edu/en/masters/informatics-engineering,"'New intake places 40' | '1.5 academic years, 90 ECTS credits. Starting September and February' | 'Language of instruction Check the language of instruction for each subject in the course guide.' | 'Approximate fees ... €1,592 (€4,050 for non-EU residents).' || UPC central master's fitxa, field 'Duration and start date': '... Starting September and February'; field 'New intake places' gives a separate February quota where the school publishes one. UPC-wide QP pre-enrolment window (UPC FAQ): 'for the spring semester, from the first week in October until the first week in December. Within these dates, the school or university research institute may establish its own pre-enrolment periods.'","CONFLICT: the UPC central fitxa says 'Starting September and February' and FIB does hold a February new-access enrolment day ('Estudiantat de nou acces: 5 de febrer de 2026'), but FIB publishes NO February preinscripcio round -- its only admission window (25 Feb - 29 May) is explicitly 'per comencar en el quadrimestre de Tardor ... setembre 2026', and the fitxa gives no February place quota. Treat the February entry here as reachable only by deferring a September admission, not by applying in autumn. SUPERSEDES the earlier MEI record in this file. | DATES: For a FEBRUARY 2028 start the pre-enrolment window falls in AUTUMN 2027. Framework: first week of October 2027 to first week of December 2027 (UPC FAQ). Observed school-level instances of that window: ETSEIB, Feb-2026 entry -- 'Curs 2025-26 Q2 (inici febrer 2026). Preinscripcions obertes: Del 6 d'octubre al 7 de desembre de 2025'; Camins, Feb-2027 entry -- Civil Engineering 30/09/2026-11/11/2026 (results 16/12/2026), Structural & Construction Engineering 07/10/2026-21/10/2026 (results published 22/01/2027). Exact 2027 dates are not yet published by any school; treat 'early October to early December 2027' as the planning window and confirm with the school in mid-2027. | NON-EU: No UPC rule excludes non-EU applicants from the February entry. UPC preinscripcio page: 'Amb el document d'admissio, l'estudiant de fora de la UE pot iniciar els tramits de sol.licitud dels visats que els permetin l'estada al nostre pais per cursar el programa de master universitari.' Programme fitxes state only 'Legalisation of foreign documents: All documents issued in non-EU countries must be legalised and bear the corresponding apostille.' MASTEAM adds: 'You can enrol even if the legalization procedures have not finished, but you should demonstrate that you have at least started the legalization procedures.' THE REAL CONSTRAINT IS THE CLOCK, NOT A RULE. Published February-entry timetables leave 4-8 weeks between the admission decision (which is what unlocks the Spanish student-visa application) and the start of classes: ETSEIB 2026 -- preinscripcio closed 7 Dec 2025, provisional list 16 Jan 2026, definitive early Feb, matricula 11 Feb 2026; Camins Feb-2027 entry -- Civil Engineering applications 30/09/2026-11/11/2026, results 16/12/2026, classes February 2027; ETSETB 2026 -- admitted list published 16 Jan 2026, enrolment 5 Feb, classes 12 Feb. A Tunisian national applying from Tunis needs a Spanish long-stay student visa, routinely 1-3 months from a complete file. MASTEAM's own calendar warns: 'Non-European Union nationals should apply as soon as possible, in order to obtain admission soon enough to proceed with the visa request at the Spanish consulates in their countries.' The February window is therefore legally open but operationally very tight, and is the single most likely point of failure. | FEES: Non-EU non-resident price CONFIRMED at 45,00 EUR/credit for first-time credits (UPC 'Preus i beques', 2026-27: row 'Master universitari habilitant i no habilitant (no residents, no UE)' = 45 EUR, 1a matricula; EU non-qualifying master = 19,37 EUR/credit, matching Decret 96/2026). Cross-checked arithmetically against each programme fitxa: 120 ECTS -> 5.400 EUR (=120x45); 90 ECTS -> 4.050 EUR (=90x45); 60 ECTS -> 2.700 EUR (=60x45). CONFLICT: UPC's own master's FAQ (both CA and EN) states 'Per-credit fees for non-resident foreign students who are non-European Union students (non-EU residents) are EUR102.52 for the NON-qualifying master's degree' -- this figure is irreconcilable with UPC's own fee table and per-programme totals and is treated as stale. Nothing on the fee pages differentiates a February entrant: the price is per credit per matricula, and UPC bills semester-by-semester ('segons el tipus de matricula (anual o quadrimestral)'), so a QP entrant pays the same per-credit rate.",YES (STAR,,upc-verification,1,Barcelona,Cataluña / Catalunya,"Facultat d'Informàtica de Barcelona (FIB), Campus Nord UPC, c/ Jordi Girona 1-3, Barcelona — sole teaching centre stated ('Location: Barcelona School of Informatics (FIB)')","Universitat Politècnica de Catalunya (UPC) — public university, awards the degree in its own name",public university,3,7,"EHEA level 7 (Bologna) — academic recognition across the EHEA. Official Spanish máster universitario, MECES 3 = EQF 7, second cycle, Diploma Supplement issued, doctoral access. CAVEAT: EHEA academic recognition is not professional recognition (regulated professions run through Directive 2005/36/EC and a separate national process), and recognition abroad still needs the receiving country's own procedure — the EHEA makes it routine, not automatic",YES,YES,"EUR 1,592 (2026-27 rates) — UPC's own approximate total for EU/resident students","EUR 4,050 (2026-27 rates) — 45.00 EUR/credit x 90 ECTS",2026-27,EUR 218.15 compulsory study of equivalence of a non-EU foreign degree for master's access (Decret 96/2026 annex 1 art. 7.4.1); EUR 30.21 study of documentation/academic record for master's selection (art. 7.6); academic-record management EUR 54.54 per semester / EUR 69.80 annual (art. 7.1); learning-support resources EUR 35.00 per semester / EUR 70.00 annual (UPC table); EUR 218.15 issue of the official degree certificate with European Diploma Supplement (annex 1 art. 4.1); EUR 300 non-refundable advance payment on accepting admission (UPC fees page). None of these are included in the tuition figures above,Verification 19/09/2012; BOE publication 15/11/2013; accreditation renewed 13/03/2023 (RUCT detail page),,"máster universitario (official, ANECA/AQU-verified, in RUCT)","campus, city, ECTS, start months, modality, language statement, tuition_eu_eur, tuition_non_eu_eur https://www.upc.edu/en/masters/informatics-engineering 2026-08-29 | language statement (Catalan original, verbatim) https://www.upc.edu/ca/masters/enginyeria-informatica 2026-08-29 | per-credit prices 17.69 / 19.37 / 45.00 EUR, administrative fees, EUR 300 advance payment https://www.upc.edu/ca/masters/preus-i-beques 2026-08-29 | legal basis: art. 1.5 non-resident rule, art. 6.1 recognised credits at 20%, annex 1 art. 7.4.1 equivalence study EUR 218.15, art. 7.6, art. 7.1, annex 1 art. 4.1, annex 2 habilitant list https://www.upc.edu/sga/ca/shared/fitxers-matricula/decret-de-preus/decret-96-2026-de-preus-publics.pdf 2026-08-29 | official status, RUCT code 4313321, MECES 3, ECTS, BOE date https://www.educacion.gob.es/ruct/estudio.action?codigoCiclo=SC&codigoTipo=M&CodigoEstudio=4313321&actual=estudios 2026-08-29 | CONFLICT: stale 102.52 EUR/credit non-EU figure on UPC's own master's FAQ https://www.upc.edu/en/masters/access-admission-enrolment/frequently-asked-questions 2026-08-29",1
UPC — Barcelona School of Informatics (FIB),Master's degree in Innovation and Research in Informatics (MIRI),AC | AA,YES (start date states February) — but NO separate February place quota published; verify with the school,February (and September),"2 academic years, 120 ECTS credits. Starting September and February",2 (September / QT and February / QP),September (QT),framework: first week of October to first week of December of the preceding autumn (school sets its own narrower period inside it),"master universitario (official) — listed on UPC's official master's catalogue, 'Official degree: Recorded in the Ministry of Science, Innovation and Universities'",4313729,"2 academic years, 120 ECTS credits. Starting September and February",English,"€2,324 (€5,400 for non-EU residents). This master's degree was selected in the Masters of Excellence grant pr (2026-27 rates; non-EU = 45,00 EUR/credit x ECTS)",https://www.upc.edu/en/masters/innovation-and-research-in-informatics-miri,"'New intake places 60' | '2 academic years, 120 ECTS credits. Starting September and February' | 'Language of instruction English' | 'Approximate fees ... €2,324 (€5,400 for non-EU residents). This master's degree was selected in the Masters of Excellence grant pr' || UPC central master's fitxa, field 'Duration and start date': '... Starting September and February'; field 'New intake places' gives a separate February quota where the school publishes one. UPC-wide QP pre-enrolment window (UPC FAQ): 'for the spring semester, from the first week in October until the first week in December. Within these dates, the school or university research institute may establish its own pre-enrolment periods.'","CONFLICT: same as MEI -- central fitxa says 'Starting September and February', FIB's own preinscripcio is autumn-start only and no February place quota is published. SUPERSEDES the earlier MIRI record in this file. | DATES: For a FEBRUARY 2028 start the pre-enrolment window falls in AUTUMN 2027. Framework: first week of October 2027 to first week of December 2027 (UPC FAQ). Observed school-level instances of that window: ETSEIB, Feb-2026 entry -- 'Curs 2025-26 Q2 (inici febrer 2026). Preinscripcions obertes: Del 6 d'octubre al 7 de desembre de 2025'; Camins, Feb-2027 entry -- Civil Engineering 30/09/2026-11/11/2026 (results 16/12/2026), Structural & Construction Engineering 07/10/2026-21/10/2026 (results published 22/01/2027). Exact 2027 dates are not yet published by any school; treat 'early October to early December 2027' as the planning window and confirm with the school in mid-2027. | NON-EU: No UPC rule excludes non-EU applicants from the February entry. UPC preinscripcio page: 'Amb el document d'admissio, l'estudiant de fora de la UE pot iniciar els tramits de sol.licitud dels visats que els permetin l'estada al nostre pais per cursar el programa de master universitari.' Programme fitxes state only 'Legalisation of foreign documents: All documents issued in non-EU countries must be legalised and bear the corresponding apostille.' MASTEAM adds: 'You can enrol even if the legalization procedures have not finished, but you should demonstrate that you have at least started the legalization procedures.' THE REAL CONSTRAINT IS THE CLOCK, NOT A RULE. Published February-entry timetables leave 4-8 weeks between the admission decision (which is what unlocks the Spanish student-visa application) and the start of classes: ETSEIB 2026 -- preinscripcio closed 7 Dec 2025, provisional list 16 Jan 2026, definitive early Feb, matricula 11 Feb 2026; Camins Feb-2027 entry -- Civil Engineering applications 30/09/2026-11/11/2026, results 16/12/2026, classes February 2027; ETSETB 2026 -- admitted list published 16 Jan 2026, enrolment 5 Feb, classes 12 Feb. A Tunisian national applying from Tunis needs a Spanish long-stay student visa, routinely 1-3 months from a complete file. MASTEAM's own calendar warns: 'Non-European Union nationals should apply as soon as possible, in order to obtain admission soon enough to proceed with the visa request at the Spanish consulates in their countries.' The February window is therefore legally open but operationally very tight, and is the single most likely point of failure. | FEES: Non-EU non-resident price CONFIRMED at 45,00 EUR/credit for first-time credits (UPC 'Preus i beques', 2026-27: row 'Master universitari habilitant i no habilitant (no residents, no UE)' = 45 EUR, 1a matricula; EU non-qualifying master = 19,37 EUR/credit, matching Decret 96/2026). Cross-checked arithmetically against each programme fitxa: 120 ECTS -> 5.400 EUR (=120x45); 90 ECTS -> 4.050 EUR (=90x45); 60 ECTS -> 2.700 EUR (=60x45). CONFLICT: UPC's own master's FAQ (both CA and EN) states 'Per-credit fees for non-resident foreign students who are non-European Union students (non-EU residents) are EUR102.52 for the NON-qualifying master's degree' -- this figure is irreconcilable with UPC's own fee table and per-programme totals and is treated as stale. Nothing on the fee pages differentiates a February entrant: the price is per credit per matricula, and UPC bills semester-by-semester ('segons el tipus de matricula (anual o quadrimestral)'), so a QP entrant pays the same per-credit rate.",YES (STAR,,upc-verification,1,Barcelona,Cataluña / Catalunya,"Facultat d'Informàtica de Barcelona (FIB), Campus Nord UPC, c/ Jordi Girona 1-3, Barcelona","Universitat Politècnica de Catalunya (UPC) — public university, awards the degree in its own name",public university,3,7,"EHEA level 7 (Bologna) — academic recognition across the EHEA. Official Spanish máster universitario, MECES 3 = EQF 7, second cycle, Diploma Supplement issued, doctoral access. CAVEAT: EHEA academic recognition is not professional recognition (regulated professions run through Directive 2005/36/EC and a separate national process), and recognition abroad still needs the receiving country's own procedure — the EHEA makes it routine, not automatic",YES,YES,"EUR 2,324 (2026-27 rates) — UPC's own approximate total for EU/resident students","EUR 5,400 (2026-27 rates) — 45.00 EUR/credit x 120 ECTS",2026-27,EUR 218.15 compulsory study of equivalence of a non-EU foreign degree for master's access (Decret 96/2026 annex 1 art. 7.4.1); EUR 30.21 study of documentation/academic record for master's selection (art. 7.6); academic-record management EUR 54.54 per semester / EUR 69.80 annual (art. 7.1); learning-support resources EUR 35.00 per semester / EUR 70.00 annual (UPC table); EUR 218.15 issue of the official degree certificate with European Diploma Supplement (annex 1 art. 4.1); EUR 300 non-refundable advance payment on accepting admission (UPC fees page). None of these are included in the tuition figures above,Verification 28/12/2012; BOE publication 15/11/2013; accreditation renewed 13/03/2023 (RUCT detail page),,"máster universitario (official, ANECA/AQU-verified, in RUCT)","campus, city, ECTS, start months, modality, language statement, tuition_eu_eur, tuition_non_eu_eur https://www.upc.edu/en/masters/innovation-and-research-in-informatics-miri 2026-08-29 | per-credit prices 17.69 / 19.37 / 45.00 EUR, administrative fees, EUR 300 advance payment https://www.upc.edu/ca/masters/preus-i-beques 2026-08-29 | legal basis: art. 1.5 non-resident rule, art. 6.1 recognised credits at 20%, annex 1 art. 7.4.1 equivalence study EUR 218.15, art. 7.6, art. 7.1, annex 1 art. 4.1, annex 2 habilitant list https://www.upc.edu/sga/ca/shared/fitxers-matricula/decret-de-preus/decret-96-2026-de-preus-publics.pdf 2026-08-29 | official status, RUCT code 4313729, MECES 3, ECTS, BOE date https://www.educacion.gob.es/ruct/estudio.action?codigoCiclo=SC&codigoTipo=M&CodigoEstudio=4313729&actual=estudios 2026-08-29 | CONFLICT: stale 102.52 EUR/credit non-EU figure on UPC's own master's FAQ https://www.upc.edu/en/masters/access-admission-enrolment/frequently-asked-questions 2026-08-29",1
UPC — Barcelona School of Nautical Studies (FNB),Master's degree in Management and Operation of Marine Energy Facilities,,YES (start date states February) — but NO separate February place quota published; verify with the school,February (and September),"1.5 academic years, 90 ECTS credits. Starting February and September",2 (September / QT and February / QP),September (QT),framework: first week of October to first week of December of the preceding autumn (school sets its own narrower period inside it),"master universitario (official) — listed on UPC's official master's catalogue, 'Official degree: Recorded in the Ministry of Science, Innovation and Universities'",NOT LOOKED UP (outside the nine fields),"1.5 academic years, 90 ECTS credits. Starting February and September",Check the language of instruction for each subject in the course guide.,"€1,592 (€4,050 for non-EU residents). (2026-27 rates; non-EU = 45,00 EUR/credit x ECTS)",https://www.upc.edu/en/masters/the-management-and-operation-of-marine-energy-facilities,"'New intake places 15' | '1.5 academic years, 90 ECTS credits. Starting February and September' | 'Language of instruction Check the language of instruction for each subject in the course guide.' | 'Approximate fees ... €1,592 (€4,050 for non-EU residents).' || UPC central master's fitxa, field 'Duration and start date': '... Starting September and February'; field 'New intake places' gives a separate February quota where the school publishes one. UPC-wide QP pre-enrolment window (UPC FAQ): 'for the spring semester, from the first week in October until the first week in December. Within these dates, the school or university research institute may establish its own pre-enrolment periods.'","DATES: For a FEBRUARY 2028 start the pre-enrolment window falls in AUTUMN 2027. Framework: first week of October 2027 to first week of December 2027 (UPC FAQ). Observed school-level instances of that window: ETSEIB, Feb-2026 entry -- 'Curs 2025-26 Q2 (inici febrer 2026). Preinscripcions obertes: Del 6 d'octubre al 7 de desembre de 2025'; Camins, Feb-2027 entry -- Civil Engineering 30/09/2026-11/11/2026 (results 16/12/2026), Structural & Construction Engineering 07/10/2026-21/10/2026 (results published 22/01/2027). Exact 2027 dates are not yet published by any school; treat 'early October to early December 2027' as the planning window and confirm with the school in mid-2027. | NON-EU: No UPC rule excludes non-EU applicants from the February entry. UPC preinscripcio page: 'Amb el document d'admissio, l'estudiant de fora de la UE pot iniciar els tramits de sol.licitud dels visats que els permetin l'estada al nostre pais per cursar el programa de master universitari.' Programme fitxes state only 'Legalisation of foreign documents: All documents issued in non-EU countries must be legalised and bear the corresponding apostille.' MASTEAM adds: 'You can enrol even if the legalization procedures have not finished, but you should demonstrate that you have at least started the legalization procedures.' THE REAL CONSTRAINT IS THE CLOCK, NOT A RULE. Published February-entry timetables leave 4-8 weeks between the admission decision (which is what unlocks the Spanish student-visa application) and the start of classes: ETSEIB 2026 -- preinscripcio closed 7 Dec 2025, provisional list 16 Jan 2026, definitive early Feb, matricula 11 Feb 2026; Camins Feb-2027 entry -- Civil Engineering applications 30/09/2026-11/11/2026, results 16/12/2026, classes February 2027; ETSETB 2026 -- admitted list published 16 Jan 2026, enrolment 5 Feb, classes 12 Feb. A Tunisian national applying from Tunis needs a Spanish long-stay student visa, routinely 1-3 months from a complete file. MASTEAM's own calendar warns: 'Non-European Union nationals should apply as soon as possible, in order to obtain admission soon enough to proceed with the visa request at the Spanish consulates in their countries.' The February window is therefore legally open but operationally very tight, and is the single most likely point of failure. | FEES: Non-EU non-resident price CONFIRMED at 45,00 EUR/credit for first-time credits (UPC 'Preus i beques', 2026-27: row 'Master universitari habilitant i no habilitant (no residents, no UE)' = 45 EUR, 1a matricula; EU non-qualifying master = 19,37 EUR/credit, matching Decret 96/2026). Cross-checked arithmetically against each programme fitxa: 120 ECTS -> 5.400 EUR (=120x45); 90 ECTS -> 4.050 EUR (=90x45); 60 ECTS -> 2.700 EUR (=60x45). CONFLICT: UPC's own master's FAQ (both CA and EN) states 'Per-credit fees for non-resident foreign students who are non-European Union students (non-EU residents) are EUR102.52 for the NON-qualifying master's degree' -- this figure is irreconcilable with UPC's own fee table and per-programme totals and is treated as stale. Nothing on the fee pages differentiates a February entrant: the price is per credit per matricula, and UPC bills semester-by-semester ('segons el tipus de matricula (anual o quadrimestral)'), so a QP entrant pays the same per-credit rate.",YES (STAR,,upc-verification,1,Barcelona,Cataluña / Catalunya,"Facultat de Nàutica de Barcelona (FNB), Pla de Palau 18, Barcelona (Barceloneta) — sole teaching centre stated ('Location: Barcelona School of Nautical Studies (FNB)')","Universitat Politècnica de Catalunya (UPC) — public university, awards the degree in its own name",public university,3,7,"EHEA level 7 (Bologna) — academic recognition across the EHEA. Official Spanish máster universitario, MECES 3 = EQF 7, second cycle, Diploma Supplement issued, doctoral access. CAVEAT: EHEA academic recognition is not professional recognition (regulated professions run through Directive 2005/36/EC and a separate national process), and recognition abroad still needs the receiving country's own procedure — the EHEA makes it routine, not automatic",YES,YES,"EUR 1,592 (2026-27 rates) — UPC's own approximate total for EU/resident students","EUR 4,050 (2026-27 rates) — 45.00 EUR/credit x 90 ECTS",2026-27,EUR 218.15 compulsory study of equivalence of a non-EU foreign degree for master's access (Decret 96/2026 annex 1 art. 7.4.1); EUR 30.21 study of documentation/academic record for master's selection (art. 7.6); academic-record management EUR 54.54 per semester / EUR 69.80 annual (art. 7.1); learning-support resources EUR 35.00 per semester / EUR 70.00 annual (UPC table); EUR 218.15 issue of the official degree certificate with European Diploma Supplement (annex 1 art. 4.1); EUR 300 non-refundable advance payment on accepting admission (UPC fees page). None of these are included in the tuition figures above,Verification 20/07/2016; Consejo de Ministros 29/09/2017; BOE publication 24/10/2017; accreditation 11/03/2021 (RUCT detail page),,"máster universitario (official, ANECA/AQU-verified, in RUCT)","campus, city, ECTS, start months, modality, language statement, tuition_eu_eur, tuition_non_eu_eur https://www.upc.edu/en/masters/the-management-and-operation-of-marine-energy-facilities 2026-08-29 | language statement (Catalan original, verbatim) https://www.upc.edu/ca/masters/gestio-i-operacio-dinstal-lacions-energetiques-maritimes 2026-08-29 | per-credit prices 17.69 / 19.37 / 45.00 EUR, administrative fees, EUR 300 advance payment https://www.upc.edu/ca/masters/preus-i-beques 2026-08-29 | legal basis: art. 1.5 non-resident rule, art. 6.1 recognised credits at 20%, annex 1 art. 7.4.1 equivalence study EUR 218.15, art. 7.6, art. 7.1, annex 1 art. 4.1, annex 2 habilitant list https://www.upc.edu/sga/ca/shared/fitxers-matricula/decret-de-preus/decret-96-2026-de-preus-publics.pdf 2026-08-29 | official status, RUCT code 4316048, MECES 3, ECTS, BOE date https://www.educacion.gob.es/ruct/estudio.action?codigoCiclo=SC&codigoTipo=M&CodigoEstudio=4316048&actual=estudios 2026-08-29 | CONFLICT: stale 102.52 EUR/credit non-EU figure on UPC's own master's FAQ https://www.upc.edu/en/masters/access-admission-enrolment/frequently-asked-questions 2026-08-29 | superseded RUCT code 4314926 (TITULACION A EXTINGUIR) linked from the UPC page https://www.educacion.gob.es/ruct/estudio.action?codigoCiclo=SC&codigoTipo=M&CodigoEstudio=4314926&actual=estudios 2026-08-29",1
"UPC — Terrassa School of Industrial, Aerospace and Audiovisual Engineering (ESEIAAT)",Master's degree in Management Engineering,,YES — explicit February place quota published,February (and September),"2 or 3 academic years, 120 ECTS credits., 120 ECTS credits. Starting September and February",2 (September / QT and February / QP),September (QT),framework: first week of October to first week of December of the preceding autumn (school sets its own narrower period inside it),"master universitario (official) — listed on UPC's official master's catalogue, 'Official degree: Recorded in the Ministry of Science, Innovation and Universities'",NOT LOOKED UP (outside the nine fields),"2 or 3 academic years, 120 ECTS credits., 120 ECTS credits. Starting September and February",Subjects will be taught in Catalan and Spanish,"€2,324 (€5,400 for non-EU residents). (2026-27 rates; non-EU = 45,00 EUR/credit x ECTS)",https://www.upc.edu/en/masters/management-engineering-terrassa-eseiaat,"'New intake places 60 places, 20 places february' | '2 or 3 academic years, 120 ECTS credits., 120 ECTS credits. Starting September and February' | 'Language of instruction Subjects will be taught in Catalan and Spanish' | 'Approximate fees ... €2,324 (€5,400 for non-EU residents).' || UPC central master's fitxa, field 'Duration and start date': '... Starting September and February'; field 'New intake places' gives a separate February quota where the school publishes one. UPC-wide QP pre-enrolment window (UPC FAQ): 'for the spring semester, from the first week in October until the first week in December. Within these dates, the school or university research institute may establish its own pre-enrolment periods.'","DATES: For a FEBRUARY 2028 start the pre-enrolment window falls in AUTUMN 2027. Framework: first week of October 2027 to first week of December 2027 (UPC FAQ). Observed school-level instances of that window: ETSEIB, Feb-2026 entry -- 'Curs 2025-26 Q2 (inici febrer 2026). Preinscripcions obertes: Del 6 d'octubre al 7 de desembre de 2025'; Camins, Feb-2027 entry -- Civil Engineering 30/09/2026-11/11/2026 (results 16/12/2026), Structural & Construction Engineering 07/10/2026-21/10/2026 (results published 22/01/2027). Exact 2027 dates are not yet published by any school; treat 'early October to early December 2027' as the planning window and confirm with the school in mid-2027. | NON-EU: No UPC rule excludes non-EU applicants from the February entry. UPC preinscripcio page: 'Amb el document d'admissio, l'estudiant de fora de la UE pot iniciar els tramits de sol.licitud dels visats que els permetin l'estada al nostre pais per cursar el programa de master universitari.' Programme fitxes state only 'Legalisation of foreign documents: All documents issued in non-EU countries must be legalised and bear the corresponding apostille.' MASTEAM adds: 'You can enrol even if the legalization procedures have not finished, but you should demonstrate that you have at least started the legalization procedures.' THE REAL CONSTRAINT IS THE CLOCK, NOT A RULE. Published February-entry timetables leave 4-8 weeks between the admission decision (which is what unlocks the Spanish student-visa application) and the start of classes: ETSEIB 2026 -- preinscripcio closed 7 Dec 2025, provisional list 16 Jan 2026, definitive early Feb, matricula 11 Feb 2026; Camins Feb-2027 entry -- Civil Engineering applications 30/09/2026-11/11/2026, results 16/12/2026, classes February 2027; ETSETB 2026 -- admitted list published 16 Jan 2026, enrolment 5 Feb, classes 12 Feb. A Tunisian national applying from Tunis needs a Spanish long-stay student visa, routinely 1-3 months from a complete file. MASTEAM's own calendar warns: 'Non-European Union nationals should apply as soon as possible, in order to obtain admission soon enough to proceed with the visa request at the Spanish consulates in their countries.' The February window is therefore legally open but operationally very tight, and is the single most likely point of failure. | FEES: Non-EU non-resident price CONFIRMED at 45,00 EUR/credit for first-time credits (UPC 'Preus i beques', 2026-27: row 'Master universitari habilitant i no habilitant (no residents, no UE)' = 45 EUR, 1a matricula; EU non-qualifying master = 19,37 EUR/credit, matching Decret 96/2026). Cross-checked arithmetically against each programme fitxa: 120 ECTS -> 5.400 EUR (=120x45); 90 ECTS -> 4.050 EUR (=90x45); 60 ECTS -> 2.700 EUR (=60x45). CONFLICT: UPC's own master's FAQ (both CA and EN) states 'Per-credit fees for non-resident foreign students who are non-European Union students (non-EU residents) are EUR102.52 for the NON-qualifying master's degree' -- this figure is irreconcilable with UPC's own fee table and per-programme totals and is treated as stale. Nothing on the fee pages differentiates a February entrant: the price is per credit per matricula, and UPC bills semester-by-semester ('segons el tipus de matricula (anual o quadrimestral)'), so a QP entrant pays the same per-credit rate.",YES — EXP,,upc-verification,1,,,,,,,,,,,,,,,,,,,1
UPC — Manresa School of Engineering,Master's degree in Mining Engineering,,YES (start date states February) — but NO separate February place quota published; verify with the school,February (and September),"1.5 academic years, 90 ECTS credits. Starting September and February",2 (September / QT and February / QP),September (QT),framework: first week of October to first week of December of the preceding autumn (school sets its own narrower period inside it),"master universitario (official) — listed on UPC's official master's catalogue, 'Official degree: Recorded in the Ministry of Science, Innovation and Universities'",NOT LOOKED UP (outside the nine fields),"1.5 academic years, 90 ECTS credits. Starting September and February",Check the language of instruction for each subject in the course guide.,"€1,592 (€4,050 for non-EU residents). (2026-27 rates; non-EU = 45,00 EUR/credit x ECTS)",https://www.upc.edu/en/masters/mining-engineering,"'New intake places Face-to-face (15) / Blended learning (15)' | '1.5 academic years, 90 ECTS credits. Starting September and February' | 'Language of instruction Check the language of instruction for each subject in the course guide.' | 'Approximate fees ... €1,592 (€4,050 for non-EU residents).' || UPC central master's fitxa, field 'Duration and start date': '... Starting September and February'; field 'New intake places' gives a separate February quota where the school publishes one. UPC-wide QP pre-enrolment window (UPC FAQ): 'for the spring semester, from the first week in October until the first week in December. Within these dates, the school or university research institute may establish its own pre-enrolment periods.'","DATES: For a FEBRUARY 2028 start the pre-enrolment window falls in AUTUMN 2027. Framework: first week of October 2027 to first week of December 2027 (UPC FAQ). Observed school-level instances of that window: ETSEIB, Feb-2026 entry -- 'Curs 2025-26 Q2 (inici febrer 2026). Preinscripcions obertes: Del 6 d'octubre al 7 de desembre de 2025'; Camins, Feb-2027 entry -- Civil Engineering 30/09/2026-11/11/2026 (results 16/12/2026), Structural & Construction Engineering 07/10/2026-21/10/2026 (results published 22/01/2027). Exact 2027 dates are not yet published by any school; treat 'early October to early December 2027' as the planning window and confirm with the school in mid-2027. | NON-EU: No UPC rule excludes non-EU applicants from the February entry. UPC preinscripcio page: 'Amb el document d'admissio, l'estudiant de fora de la UE pot iniciar els tramits de sol.licitud dels visats que els permetin l'estada al nostre pais per cursar el programa de master universitari.' Programme fitxes state only 'Legalisation of foreign documents: All documents issued in non-EU countries must be legalised and bear the corresponding apostille.' MASTEAM adds: 'You can enrol even if the legalization procedures have not finished, but you should demonstrate that you have at least started the legalization procedures.' THE REAL CONSTRAINT IS THE CLOCK, NOT A RULE. Published February-entry timetables leave 4-8 weeks between the admission decision (which is what unlocks the Spanish student-visa application) and the start of classes: ETSEIB 2026 -- preinscripcio closed 7 Dec 2025, provisional list 16 Jan 2026, definitive early Feb, matricula 11 Feb 2026; Camins Feb-2027 entry -- Civil Engineering applications 30/09/2026-11/11/2026, results 16/12/2026, classes February 2027; ETSETB 2026 -- admitted list published 16 Jan 2026, enrolment 5 Feb, classes 12 Feb. A Tunisian national applying from Tunis needs a Spanish long-stay student visa, routinely 1-3 months from a complete file. MASTEAM's own calendar warns: 'Non-European Union nationals should apply as soon as possible, in order to obtain admission soon enough to proceed with the visa request at the Spanish consulates in their countries.' The February window is therefore legally open but operationally very tight, and is the single most likely point of failure. | FEES: Non-EU non-resident price CONFIRMED at 45,00 EUR/credit for first-time credits (UPC 'Preus i beques', 2026-27: row 'Master universitari habilitant i no habilitant (no residents, no UE)' = 45 EUR, 1a matricula; EU non-qualifying master = 19,37 EUR/credit, matching Decret 96/2026). Cross-checked arithmetically against each programme fitxa: 120 ECTS -> 5.400 EUR (=120x45); 90 ECTS -> 4.050 EUR (=90x45); 60 ECTS -> 2.700 EUR (=60x45). CONFLICT: UPC's own master's FAQ (both CA and EN) states 'Per-credit fees for non-resident foreign students who are non-European Union students (non-EU residents) are EUR102.52 for the NON-qualifying master's degree' -- this figure is irreconcilable with UPC's own fee table and per-programme totals and is treated as stale. Nothing on the fee pages differentiates a February entrant: the price is per credit per matricula, and UPC bills semester-by-semester ('segons el tipus de matricula (anual o quadrimestral)'), so a QP entrant pays the same per-credit rate.",YES (STAR,,upc-verification,1,Manresa,Cataluña / Catalunya,"Escola Politècnica Superior d'Enginyeria de Manresa (EPSEM), Av. Bases de Manresa 61-73, Manresa — sole teaching centre stated ('Location: Manresa School of Engineering' / 'Lloc d'impartició: Escola Politècnica Superior d'Enginyeria de Manresa'). NOT Barcelona: Manresa is ~65 km inland from Barcelona","Universitat Politècnica de Catalunya (UPC) — public university, awards the degree in its own name",public university,3,7,"EHEA level 7 (Bologna) — academic recognition across the EHEA. Official Spanish máster universitario, MECES 3 = EQF 7, second cycle, Diploma Supplement issued, doctoral access. CAVEAT: EHEA academic recognition is not professional recognition (regulated professions run through Directive 2005/36/EC and a separate national process), and recognition abroad still needs the receiving country's own procedure — the EHEA makes it routine, not automatic",YES,YES,"EUR 1,592 (2026-27 rates) — UPC's own approximate total for EU/resident students","EUR 4,050 (2026-27 rates) — 45.00 EUR/credit x 90 ECTS",2026-27,EUR 218.15 compulsory study of equivalence of a non-EU foreign degree for master's access (Decret 96/2026 annex 1 art. 7.4.1); EUR 30.21 study of documentation/academic record for master's selection (art. 7.6); academic-record management EUR 54.54 per semester / EUR 69.80 annual (art. 7.1); learning-support resources EUR 35.00 per semester / EUR 70.00 annual (UPC table); EUR 218.15 issue of the official degree certificate with European Diploma Supplement (annex 1 art. 4.1); EUR 300 non-refundable advance payment on accepting admission (UPC fees page). None of these are included in the tuition figures above,Verification 25/09/2013; Consejo de Ministros 14/11/2014; BOE publication 29/12/2014; institutional accreditation 10/09/2024 (RUCT detail page),,"máster universitario (official, ANECA/AQU-verified, in RUCT)","campus, city, ECTS, start months, modality, language statement, tuition_eu_eur, tuition_non_eu_eur https://www.upc.edu/en/masters/mining-engineering 2026-08-29 | language statement (Catalan original, verbatim) https://www.upc.edu/ca/masters/enginyeria-de-mines 2026-08-29 | per-credit prices 17.69 / 19.37 / 45.00 EUR, administrative fees, EUR 300 advance payment https://www.upc.edu/ca/masters/preus-i-beques 2026-08-29 | legal basis: art. 1.5 non-resident rule, art. 6.1 recognised credits at 20%, annex 1 art. 7.4.1 equivalence study EUR 218.15, art. 7.6, art. 7.1, annex 1 art. 4.1, annex 2 habilitant list https://www.upc.edu/sga/ca/shared/fitxers-matricula/decret-de-preus/decret-96-2026-de-preus-publics.pdf 2026-08-29 | official status, RUCT code 4314013, MECES 3, ECTS, BOE date https://www.educacion.gob.es/ruct/estudio.action?codigoCiclo=SC&codigoTipo=M&CodigoEstudio=4314013&actual=estudios 2026-08-29 | CONFLICT: stale 102.52 EUR/credit non-EU figure on UPC's own master's FAQ https://www.upc.edu/en/masters/access-admission-enrolment/frequently-asked-questions 2026-08-29",1
UPC — Manresa School of Engineering (EPSEM),Master's degree in Natural Resources Engineering,,YES (start date states February) — but NO separate February place quota published; verify with the school,February (and September),"1 academic year, 60 ECTS credits. Starting September and February",2 (September / QT and February / QP),September (QT),framework: first week of October to first week of December of the preceding autumn (school sets its own narrower period inside it),"master universitario (official) — listed on UPC's official master's catalogue, 'Official degree: Recorded in the Ministry of Science, Innovation and Universities'",NOT LOOKED UP (outside the nine fields),"1 academic year, 60 ECTS credits. Starting September and February",Spanish,"€1,162 (€2,700 for non-EU residents). (2026-27 rates; non-EU = 45,00 EUR/credit x ECTS)",https://www.upc.edu/en/masters/natural-resources-engineering,"'New intake places Face-to-face (15) / Blended learning (10)' | '1 academic year, 60 ECTS credits. Starting September and February' | 'Language of instruction Spanish' | 'Approximate fees ... €1,162 (€2,700 for non-EU residents).' || UPC central master's fitxa, field 'Duration and start date': '... Starting September and February'; field 'New intake places' gives a separate February quota where the school publishes one. UPC-wide QP pre-enrolment window (UPC FAQ): 'for the spring semester, from the first week in October until the first week in December. Within these dates, the school or university research institute may establish its own pre-enrolment periods.'","DATES: For a FEBRUARY 2028 start the pre-enrolment window falls in AUTUMN 2027. Framework: first week of October 2027 to first week of December 2027 (UPC FAQ). Observed school-level instances of that window: ETSEIB, Feb-2026 entry -- 'Curs 2025-26 Q2 (inici febrer 2026). Preinscripcions obertes: Del 6 d'octubre al 7 de desembre de 2025'; Camins, Feb-2027 entry -- Civil Engineering 30/09/2026-11/11/2026 (results 16/12/2026), Structural & Construction Engineering 07/10/2026-21/10/2026 (results published 22/01/2027). Exact 2027 dates are not yet published by any school; treat 'early October to early December 2027' as the planning window and confirm with the school in mid-2027. | NON-EU: No UPC rule excludes non-EU applicants from the February entry. UPC preinscripcio page: 'Amb el document d'admissio, l'estudiant de fora de la UE pot iniciar els tramits de sol.licitud dels visats que els permetin l'estada al nostre pais per cursar el programa de master universitari.' Programme fitxes state only 'Legalisation of foreign documents: All documents issued in non-EU countries must be legalised and bear the corresponding apostille.' MASTEAM adds: 'You can enrol even if the legalization procedures have not finished, but you should demonstrate that you have at least started the legalization procedures.' THE REAL CONSTRAINT IS THE CLOCK, NOT A RULE. Published February-entry timetables leave 4-8 weeks between the admission decision (which is what unlocks the Spanish student-visa application) and the start of classes: ETSEIB 2026 -- preinscripcio closed 7 Dec 2025, provisional list 16 Jan 2026, definitive early Feb, matricula 11 Feb 2026; Camins Feb-2027 entry -- Civil Engineering applications 30/09/2026-11/11/2026, results 16/12/2026, classes February 2027; ETSETB 2026 -- admitted list published 16 Jan 2026, enrolment 5 Feb, classes 12 Feb. A Tunisian national applying from Tunis needs a Spanish long-stay student visa, routinely 1-3 months from a complete file. MASTEAM's own calendar warns: 'Non-European Union nationals should apply as soon as possible, in order to obtain admission soon enough to proceed with the visa request at the Spanish consulates in their countries.' The February window is therefore legally open but operationally very tight, and is the single most likely point of failure. | FEES: Non-EU non-resident price CONFIRMED at 45,00 EUR/credit for first-time credits (UPC 'Preus i beques', 2026-27: row 'Master universitari habilitant i no habilitant (no residents, no UE)' = 45 EUR, 1a matricula; EU non-qualifying master = 19,37 EUR/credit, matching Decret 96/2026). Cross-checked arithmetically against each programme fitxa: 120 ECTS -> 5.400 EUR (=120x45); 90 ECTS -> 4.050 EUR (=90x45); 60 ECTS -> 2.700 EUR (=60x45). CONFLICT: UPC's own master's FAQ (both CA and EN) states 'Per-credit fees for non-resident foreign students who are non-European Union students (non-EU residents) are EUR102.52 for the NON-qualifying master's degree' -- this figure is irreconcilable with UPC's own fee table and per-programme totals and is treated as stale. Nothing on the fee pages differentiates a February entrant: the price is per credit per matricula, and UPC bills semester-by-semester ('segons el tipus de matricula (anual o quadrimestral)'), so a QP entrant pays the same per-credit rate.",YES (STAR,,upc-verification,1,Manresa,Catalonia,Escola Politecnica Superior d'Enginyeria de Manresa (EPSEM) — UPC Manresa campus. NOT Barcelona. RUCT centre code 08034679.,Universitat Politecnica de Catalunya (UPC),public university,3,7,"EHEA level 7 (Bologna second cycle) — academic recognition across the EHEA. Official 'Master Universitario', ANECA/AQU-evaluated, registered in RUCT at MECES level 3 = EQF/EHEA level 7, carries the Diploma Supplement as of right and gives access to doctoral study. Caveat: EHEA recognition is ACADEMIC recognition; it is not professional recognition for a regulated profession (that runs through Directive 2005/36/EC and a separate national process), and recognition in another EHEA country still requires that country's own recognition procedure — Bologna makes it routine, not automatic.",YES,YES,"EUR 1,162 (2026-27 rates) — 60 ECTS x EUR 19.37/credit (non-habilitante master, 1st enrolment, Decret de preus publics de la Generalitat, Decret 96/2026) = EUR 1,162.20, printed as EUR 1,162 on UPC's own programme page","EUR 2,700 (2026-27 rates) — 60 ECTS x EUR 45.00/credit, the differentiated 1st-enrolment rate for non-EU non-resident master's students approved by UPC's Consell Social. This is the TOTAL, not a surcharge added to the EU price. UPC's own programme page states 'EUR 1,162 (EUR 2,700 for non-EU residents)', confirming the arithmetic.",2026-27,"EUR 218.15 compulsory 'Estudi d'equivalencia de titol d'estudis estrangers per a l'acces als estudis de master' (foreign-degree equivalence study — unavoidable for a Tunisian non-homologated degree) + EUR 30.21 non-refundable application-processing fee per programme applied to + EUR 300 non-refundable advance place-reservation payment on accepting the offer + compulsory academic-record management and learning-support services EUR 69.80 + EUR 70.00 per year (EUR 54.54 + EUR 35.00 per semester if enrolling semesterly; UPC's own FAQ states the bracket as EUR 140-180 per academic year) + EUR 218.15 degree-certificate issuance with Diploma Supplement at the end, plus EUR 90 courier if the certificate must be sent outside the EU. All 2026-27 rates.","Acuerdo de Consejo de Ministros 07/10/2016, published BOE 26/10/2016; verificacion 30/04/2015; Resolucion Favorable Acreditacion Institucional 10/09/2024",https://www.educacion.gob.es/ruct/estudio.action?codigoCiclo=SC&codigoTipo=M&CodigoEstudio=4315493&actual=estudios,master universitario (official),"campus, ects, modality, language, start months, places, tuition headline https://www.upc.edu/en/masters/natural-resources-engineering 2026-08-29 | ruct_code (live title), meces_level, boe, complementary credits, centre https://www.educacion.gob.es/ruct/estudio.action?codigoCiclo=SC&codigoTipo=M&CodigoEstudio=4315493&actual=estudios 2026-08-29 | stale RUCT code 4310783 linked by UPC, marked EXTINGUIDA https://www.educacion.gob.es/ruct/estudio.action?codigoCiclo=SC&codigoTipo=M&CodigoEstudio=4310783&actual=estudios 2026-08-29 | tuition per credit 19.37 EU / 45.00 non-EU non-resident, 2026-27 https://www.upc.edu/sga/ca/matricula/preus/PreusMaster 2026-08-29 | fees_extra: 218.15 equivalence study, 30.21 selection study, 54.54/69.80 record handling, 218.15 certificate, 90 courier https://www.upc.edu/sga/ca/matricula/preus/AltresPreus 2026-08-29 | fees_extra: 300 EUR advance, 35/70 learning-support, admin fee table https://www.upc.edu/en/masters/fees-grants-and-payment-options 2026-08-29 | February framework window (1a setmana d'octubre - 1a setmana de desembre); stale 102.52 EUR/credit; 30.21 per application; no homologation needed https://www.upc.edu/ca/masters/acces-i-admissio/faqs_masters_universitaris 2026-08-29 | non-EHEA access rule, 28 February rule for spring intake https://www.upc.edu/en/masters/access-and-admission/academic-requirements 2026-08-29 | EPSEM own page: language, modality, estimated 1.600/3.200 EUR, homologation wording https://epsem.upc.edu/es/estudios/masters-universitarios/master-universitario-en-ingenieria-de-los-recursos-naturales/acceso-y-tramites 2026-08-29",1
UPC — This master’s degree is organised by the Universitat Politècnica de Catalunya.,Master's degree in Optometry and Vision Sciences,,YES (start date states February) — but NO separate February place quota published; verify with the school,February (and September),"1 academic year, 60 ECTS credits. Starting September-February",2 (September / QT and February / QP),September (QT),framework: first week of October to first week of December of the preceding autumn (school sets its own narrower period inside it),"master universitario (official) — listed on UPC's official master's catalogue, 'Official degree: Recorded in the Ministry of Science, Innovation and Universities'",NOT LOOKED UP (outside the nine fields),"1 academic year, 60 ECTS credits. Starting September-February",Spanish,"€1,162 (€2,700 for non-EU residents). (2026-27 rates; non-EU = 45,00 EUR/credit x ECTS)",https://www.upc.edu/en/masters/optometry-and-vision-sciences,"'New intake places 30' | '1 academic year, 60 ECTS credits. Starting September-February' | 'Language of instruction Spanish' | 'Approximate fees ... €1,162 (€2,700 for non-EU residents).' || UPC central master's fitxa, field 'Duration and start date': '... Starting September and February'; field 'New intake places' gives a separate February quota where the school publishes one. UPC-wide QP pre-enrolment window (UPC FAQ): 'for the spring semester, from the first week in October until the first week in December. Within these dates, the school or university research institute may establish its own pre-enrolment periods.'","DATES: For a FEBRUARY 2028 start the pre-enrolment window falls in AUTUMN 2027. Framework: first week of October 2027 to first week of December 2027 (UPC FAQ). Observed school-level instances of that window: ETSEIB, Feb-2026 entry -- 'Curs 2025-26 Q2 (inici febrer 2026). Preinscripcions obertes: Del 6 d'octubre al 7 de desembre de 2025'; Camins, Feb-2027 entry -- Civil Engineering 30/09/2026-11/11/2026 (results 16/12/2026), Structural & Construction Engineering 07/10/2026-21/10/2026 (results published 22/01/2027). Exact 2027 dates are not yet published by any school; treat 'early October to early December 2027' as the planning window and confirm with the school in mid-2027. | NON-EU: No UPC rule excludes non-EU applicants from the February entry. UPC preinscripcio page: 'Amb el document d'admissio, l'estudiant de fora de la UE pot iniciar els tramits de sol.licitud dels visats que els permetin l'estada al nostre pais per cursar el programa de master universitari.' Programme fitxes state only 'Legalisation of foreign documents: All documents issued in non-EU countries must be legalised and bear the corresponding apostille.' MASTEAM adds: 'You can enrol even if the legalization procedures have not finished, but you should demonstrate that you have at least started the legalization procedures.' THE REAL CONSTRAINT IS THE CLOCK, NOT A RULE. Published February-entry timetables leave 4-8 weeks between the admission decision (which is what unlocks the Spanish student-visa application) and the start of classes: ETSEIB 2026 -- preinscripcio closed 7 Dec 2025, provisional list 16 Jan 2026, definitive early Feb, matricula 11 Feb 2026; Camins Feb-2027 entry -- Civil Engineering applications 30/09/2026-11/11/2026, results 16/12/2026, classes February 2027; ETSETB 2026 -- admitted list published 16 Jan 2026, enrolment 5 Feb, classes 12 Feb. A Tunisian national applying from Tunis needs a Spanish long-stay student visa, routinely 1-3 months from a complete file. MASTEAM's own calendar warns: 'Non-European Union nationals should apply as soon as possible, in order to obtain admission soon enough to proceed with the visa request at the Spanish consulates in their countries.' The February window is therefore legally open but operationally very tight, and is the single most likely point of failure. | FEES: Non-EU non-resident price CONFIRMED at 45,00 EUR/credit for first-time credits (UPC 'Preus i beques', 2026-27: row 'Master universitari habilitant i no habilitant (no residents, no UE)' = 45 EUR, 1a matricula; EU non-qualifying master = 19,37 EUR/credit, matching Decret 96/2026). Cross-checked arithmetically against each programme fitxa: 120 ECTS -> 5.400 EUR (=120x45); 90 ECTS -> 4.050 EUR (=90x45); 60 ECTS -> 2.700 EUR (=60x45). CONFLICT: UPC's own master's FAQ (both CA and EN) states 'Per-credit fees for non-resident foreign students who are non-European Union students (non-EU residents) are EUR102.52 for the NON-qualifying master's degree' -- this figure is irreconcilable with UPC's own fee table and per-programme totals and is treated as stale. Nothing on the fee pages differentiates a February entrant: the price is per credit per matricula, and UPC bills semester-by-semester ('segons el tipus de matricula (anual o quadrimestral)'), so a QP entrant pays the same per-credit rate.",YES (STAR,,upc-verification,1,,,,,,,,,,,,,,,,,,,1
UPC — School of Civil Engineering of Barcelona,Master's degree in Structural and Construction Engineering,,YES (start date states February) — but NO separate February place quota published; verify with the school,February (and September),"1,5 academic years, 90 ECTS credits. Starting September and February",2 (September / QT and February / QP),September (QT),framework: first week of October to first week of December of the preceding autumn (school sets its own narrower period inside it),"master universitario (official) — listed on UPC's official master's catalogue, 'Official degree: Recorded in the Ministry of Science, Innovation and Universities'",NOT LOOKED UP (outside the nine fields),"1,5 academic years, 90 ECTS credits. Starting September and February",Check the language of instruction for each subject in the course guide.,"€1,743 (€4,050 for non-EU residents). (2026-27 rates; non-EU = 45,00 EUR/credit x ECTS)",https://www.upc.edu/en/masters/structural-and-construction-engineering,"'New intake places 45' | '1,5 academic years, 90 ECTS credits. Starting September and February' | 'Language of instruction Check the language of instruction for each subject in the course guide.' | 'Approximate fees ... €1,743 (€4,050 for non-EU residents).' || UPC central master's fitxa, field 'Duration and start date': '... Starting September and February'; field 'New intake places' gives a separate February quota where the school publishes one. UPC-wide QP pre-enrolment window (UPC FAQ): 'for the spring semester, from the first week in October until the first week in December. Within these dates, the school or university research institute may establish its own pre-enrolment periods.'","DATES: For a FEBRUARY 2028 start the pre-enrolment window falls in AUTUMN 2027. Framework: first week of October 2027 to first week of December 2027 (UPC FAQ). Observed school-level instances of that window: ETSEIB, Feb-2026 entry -- 'Curs 2025-26 Q2 (inici febrer 2026). Preinscripcions obertes: Del 6 d'octubre al 7 de desembre de 2025'; Camins, Feb-2027 entry -- Civil Engineering 30/09/2026-11/11/2026 (results 16/12/2026), Structural & Construction Engineering 07/10/2026-21/10/2026 (results published 22/01/2027). Exact 2027 dates are not yet published by any school; treat 'early October to early December 2027' as the planning window and confirm with the school in mid-2027. | NON-EU: No UPC rule excludes non-EU applicants from the February entry. UPC preinscripcio page: 'Amb el document d'admissio, l'estudiant de fora de la UE pot iniciar els tramits de sol.licitud dels visats que els permetin l'estada al nostre pais per cursar el programa de master universitari.' Programme fitxes state only 'Legalisation of foreign documents: All documents issued in non-EU countries must be legalised and bear the corresponding apostille.' MASTEAM adds: 'You can enrol even if the legalization procedures have not finished, but you should demonstrate that you have at least started the legalization procedures.' THE REAL CONSTRAINT IS THE CLOCK, NOT A RULE. Published February-entry timetables leave 4-8 weeks between the admission decision (which is what unlocks the Spanish student-visa application) and the start of classes: ETSEIB 2026 -- preinscripcio closed 7 Dec 2025, provisional list 16 Jan 2026, definitive early Feb, matricula 11 Feb 2026; Camins Feb-2027 entry -- Civil Engineering applications 30/09/2026-11/11/2026, results 16/12/2026, classes February 2027; ETSETB 2026 -- admitted list published 16 Jan 2026, enrolment 5 Feb, classes 12 Feb. A Tunisian national applying from Tunis needs a Spanish long-stay student visa, routinely 1-3 months from a complete file. MASTEAM's own calendar warns: 'Non-European Union nationals should apply as soon as possible, in order to obtain admission soon enough to proceed with the visa request at the Spanish consulates in their countries.' The February window is therefore legally open but operationally very tight, and is the single most likely point of failure. | FEES: Non-EU non-resident price CONFIRMED at 45,00 EUR/credit for first-time credits (UPC 'Preus i beques', 2026-27: row 'Master universitari habilitant i no habilitant (no residents, no UE)' = 45 EUR, 1a matricula; EU non-qualifying master = 19,37 EUR/credit, matching Decret 96/2026). Cross-checked arithmetically against each programme fitxa: 120 ECTS -> 5.400 EUR (=120x45); 90 ECTS -> 4.050 EUR (=90x45); 60 ECTS -> 2.700 EUR (=60x45). CONFLICT: UPC's own master's FAQ (both CA and EN) states 'Per-credit fees for non-resident foreign students who are non-European Union students (non-EU residents) are EUR102.52 for the NON-qualifying master's degree' -- this figure is irreconcilable with UPC's own fee table and per-programme totals and is treated as stale. Nothing on the fee pages differentiates a February entrant: the price is per credit per matricula, and UPC bills semester-by-semester ('segons el tipus de matricula (anual o quadrimestral)'), so a QP entrant pays the same per-credit rate.",YES (STAR,,upc-verification,1,Barcelona,Catalonia,"Escola Tecnica Superior d'Enginyeria de Camins, Canals i Ports de Barcelona (ETSECCPB), Campus Diagonal Nord, Building C2, C. Jordi Girona 1-3, 08034 Barcelona. RUCT centre code 08032877.",Universitat Politecnica de Catalunya (UPC),public university,3,7,"EHEA level 7 (Bologna second cycle) — academic recognition across the EHEA. Official 'Master Universitario', ANECA/AQU-evaluated, registered in RUCT at MECES level 3 = EQF/EHEA level 7, carries the Diploma Supplement as of right and gives access to doctoral study. Caveat: EHEA recognition is ACADEMIC recognition; it is not professional recognition for a regulated profession (that runs through Directive 2005/36/EC and a separate national process), and recognition in another EHEA country still requires that country's own recognition procedure — Bologna makes it routine, not automatic.",YES,YES,"EUR 1,743 (2026-27 rates) — 90 ECTS x EUR 19.37/credit (non-habilitante master, 1st enrolment) = EUR 1,743.30, printed as EUR 1,743 on UPC's own programme page","EUR 4,050 (2026-27 rates) — 90 ECTS x EUR 45.00/credit, the differentiated 1st-enrolment rate for non-EU non-resident master's students approved by UPC's Consell Social. TOTAL, not a surcharge on top of the EU price. UPC's page states 'EUR 1,743 (EUR 4,050 for non-EU residents)'.",2026-27,"EUR 218.15 compulsory 'Estudi d'equivalencia de titol d'estudis estrangers per a l'acces als estudis de master' (foreign-degree equivalence study — unavoidable for a Tunisian non-homologated degree) + EUR 30.21 non-refundable application-processing fee per programme applied to + EUR 300 non-refundable advance place-reservation payment on accepting the offer + compulsory academic-record management and learning-support services EUR 69.80 + EUR 70.00 per year (EUR 54.54 + EUR 35.00 per semester if enrolling semesterly; UPC's own FAQ states the bracket as EUR 140-180 per academic year) + EUR 218.15 degree-certificate issuance with Diploma Supplement at the end, plus EUR 90 courier if the certificate must be sent outside the EU. All 2026-27 rates.","Acuerdo de Consejo de Ministros 07/10/2016, published BOE 26/10/2016; verificacion 08/07/2015; Resolucion Favorable para la Renovacion de la Acreditacion 26/05/2025 (also 15/10/2019)",https://www.educacion.gob.es/ruct/estudio.action?codigoCiclo=SC&codigoTipo=M&CodigoEstudio=4315509&actual=estudios,master universitario (official),"ects, tuition headline, start months, places, campus https://www.upc.edu/en/masters/structural-and-construction-engineering 2026-08-29 | language_of_instruction, places, specific requirements, admission criteria, conflicting 120 ECTS figure https://camins.upc.edu/en/Studies/master/structural-construction-engineering/structural-construction-engineering 2026-08-29 | February 2027 application window and results dates https://camins.upc.edu/en/Studies/admissions/master 2026-08-29 | ruct_code, meces_level, ects 90, complementos 0, boe, centre https://www.educacion.gob.es/ruct/estudio.action?codigoCiclo=SC&codigoTipo=M&CodigoEstudio=4315509&actual=estudios 2026-08-29 | tuition per credit 19.37 EU / 45.00 non-EU non-resident, 2026-27 https://www.upc.edu/sga/ca/matricula/preus/PreusMaster 2026-08-29 | fees_extra: 218.15 equivalence study, 30.21 selection study, 54.54/69.80 record handling, 218.15 certificate, 90 courier https://www.upc.edu/sga/ca/matricula/preus/AltresPreus 2026-08-29 | fees_extra: 300 EUR advance, 35/70 learning-support https://www.upc.edu/en/masters/fees-grants-and-payment-options 2026-08-29 | February framework window; stale 102.52 EUR/credit; no homologation needed https://www.upc.edu/ca/masters/acces-i-admissio/faqs_masters_universitaris 2026-08-29 | non-EHEA access rule, 28 February rule for spring intake https://www.upc.edu/en/masters/access-and-admission/academic-requirements 2026-08-29",1
"UPC — Terrassa School of Industrial, Aerospace and Audiovisual Engineering (ESEIAAT)",Master's degree in Technology and Engineering Management,X,YES (start date states February) — but NO separate February place quota published; verify with the school,February (and September),"1.5 academic years, 90 ECTS credits. Starting September and February",2 (September / QT and February / QP),September (QT),framework: first week of October to first week of December of the preceding autumn (school sets its own narrower period inside it),"master universitario (official) — listed on UPC's official master's catalogue, 'Official degree: Recorded in the Ministry of Science, Innovation and Universities'",NOT LOOKED UP (outside the nine fields),"1.5 academic years, 90 ECTS credits. Starting September and February",English,"€1,743 (€4,050 for non-EU residents). (2026-27 rates; non-EU = 45,00 EUR/credit x ECTS)",https://www.upc.edu/en/masters/technology-and-engineering-management,"'New intake places 20' | '1.5 academic years, 90 ECTS credits. Starting September and February' | 'Language of instruction English' | 'Approximate fees ... €1,743 (€4,050 for non-EU residents).' || UPC central master's fitxa, field 'Duration and start date': '... Starting September and February'; field 'New intake places' gives a separate February quota where the school publishes one. UPC-wide QP pre-enrolment window (UPC FAQ): 'for the spring semester, from the first week in October until the first week in December. Within these dates, the school or university research institute may establish its own pre-enrolment periods.'","DATES: For a FEBRUARY 2028 start the pre-enrolment window falls in AUTUMN 2027. Framework: first week of October 2027 to first week of December 2027 (UPC FAQ). Observed school-level instances of that window: ETSEIB, Feb-2026 entry -- 'Curs 2025-26 Q2 (inici febrer 2026). Preinscripcions obertes: Del 6 d'octubre al 7 de desembre de 2025'; Camins, Feb-2027 entry -- Civil Engineering 30/09/2026-11/11/2026 (results 16/12/2026), Structural & Construction Engineering 07/10/2026-21/10/2026 (results published 22/01/2027). Exact 2027 dates are not yet published by any school; treat 'early October to early December 2027' as the planning window and confirm with the school in mid-2027. | NON-EU: No UPC rule excludes non-EU applicants from the February entry. UPC preinscripcio page: 'Amb el document d'admissio, l'estudiant de fora de la UE pot iniciar els tramits de sol.licitud dels visats que els permetin l'estada al nostre pais per cursar el programa de master universitari.' Programme fitxes state only 'Legalisation of foreign documents: All documents issued in non-EU countries must be legalised and bear the corresponding apostille.' MASTEAM adds: 'You can enrol even if the legalization procedures have not finished, but you should demonstrate that you have at least started the legalization procedures.' THE REAL CONSTRAINT IS THE CLOCK, NOT A RULE. Published February-entry timetables leave 4-8 weeks between the admission decision (which is what unlocks the Spanish student-visa application) and the start of classes: ETSEIB 2026 -- preinscripcio closed 7 Dec 2025, provisional list 16 Jan 2026, definitive early Feb, matricula 11 Feb 2026; Camins Feb-2027 entry -- Civil Engineering applications 30/09/2026-11/11/2026, results 16/12/2026, classes February 2027; ETSETB 2026 -- admitted list published 16 Jan 2026, enrolment 5 Feb, classes 12 Feb. A Tunisian national applying from Tunis needs a Spanish long-stay student visa, routinely 1-3 months from a complete file. MASTEAM's own calendar warns: 'Non-European Union nationals should apply as soon as possible, in order to obtain admission soon enough to proceed with the visa request at the Spanish consulates in their countries.' The February window is therefore legally open but operationally very tight, and is the single most likely point of failure. | FEES: Non-EU non-resident price CONFIRMED at 45,00 EUR/credit for first-time credits (UPC 'Preus i beques', 2026-27: row 'Master universitari habilitant i no habilitant (no residents, no UE)' = 45 EUR, 1a matricula; EU non-qualifying master = 19,37 EUR/credit, matching Decret 96/2026). Cross-checked arithmetically against each programme fitxa: 120 ECTS -> 5.400 EUR (=120x45); 90 ECTS -> 4.050 EUR (=90x45); 60 ECTS -> 2.700 EUR (=60x45). CONFLICT: UPC's own master's FAQ (both CA and EN) states 'Per-credit fees for non-resident foreign students who are non-European Union students (non-EU residents) are EUR102.52 for the NON-qualifying master's degree' -- this figure is irreconcilable with UPC's own fee table and per-programme totals and is treated as stale. Nothing on the fee pages differentiates a February entrant: the price is per credit per matricula, and UPC bills semester-by-semester ('segons el tipus de matricula (anual o quadrimestral)'), so a QP entrant pays the same per-credit rate.",YES (STAR,,upc-verification,1,,,,,,,,,,,,,,,,,,,1
UPC — Barcelona School of Telecommunications Engineering,Master's degree in Telecommunications Engineering (MET),C,YES — explicit February place quota published,February (and September),"2 academic years, 120 ECTS credits. Starting September and February",2 (September / QT and February / QP),September (QT),framework: first week of October to first week of December of the preceding autumn (school sets its own narrower period inside it),"master universitario (official) — listed on UPC's official master's catalogue, 'Official degree: Recorded in the Ministry of Science, Innovation and Universities'",4314015,"2 academic years, 120 ECTS credits. Starting September and February",English,"€2,122 (€5,400 for non-EU residents). (2026-27 rates; non-EU = 45,00 EUR/credit x ECTS)",https://www.upc.edu/en/masters/telecommunications-engineering-met,"'New intake places 60 in September; 20 in February' | '2 academic years, 120 ECTS credits. Starting September and February' | 'Language of instruction English' | 'Approximate fees ... €2,122 (€5,400 for non-EU residents).' || UPC central master's fitxa, field 'Duration and start date': '... Starting September and February'; field 'New intake places' gives a separate February quota where the school publishes one. UPC-wide QP pre-enrolment window (UPC FAQ): 'for the spring semester, from the first week in October until the first week in December. Within these dates, the school or university research institute may establish its own pre-enrolment periods.'","DATES: For a FEBRUARY 2028 start the pre-enrolment window falls in AUTUMN 2027. Framework: first week of October 2027 to first week of December 2027 (UPC FAQ). Observed school-level instances of that window: ETSEIB, Feb-2026 entry -- 'Curs 2025-26 Q2 (inici febrer 2026). Preinscripcions obertes: Del 6 d'octubre al 7 de desembre de 2025'; Camins, Feb-2027 entry -- Civil Engineering 30/09/2026-11/11/2026 (results 16/12/2026), Structural & Construction Engineering 07/10/2026-21/10/2026 (results published 22/01/2027). Exact 2027 dates are not yet published by any school; treat 'early October to early December 2027' as the planning window and confirm with the school in mid-2027. | NON-EU: No UPC rule excludes non-EU applicants from the February entry. UPC preinscripcio page: 'Amb el document d'admissio, l'estudiant de fora de la UE pot iniciar els tramits de sol.licitud dels visats que els permetin l'estada al nostre pais per cursar el programa de master universitari.' Programme fitxes state only 'Legalisation of foreign documents: All documents issued in non-EU countries must be legalised and bear the corresponding apostille.' MASTEAM adds: 'You can enrol even if the legalization procedures have not finished, but you should demonstrate that you have at least started the legalization procedures.' THE REAL CONSTRAINT IS THE CLOCK, NOT A RULE. Published February-entry timetables leave 4-8 weeks between the admission decision (which is what unlocks the Spanish student-visa application) and the start of classes: ETSEIB 2026 -- preinscripcio closed 7 Dec 2025, provisional list 16 Jan 2026, definitive early Feb, matricula 11 Feb 2026; Camins Feb-2027 entry -- Civil Engineering applications 30/09/2026-11/11/2026, results 16/12/2026, classes February 2027; ETSETB 2026 -- admitted list published 16 Jan 2026, enrolment 5 Feb, classes 12 Feb. A Tunisian national applying from Tunis needs a Spanish long-stay student visa, routinely 1-3 months from a complete file. MASTEAM's own calendar warns: 'Non-European Union nationals should apply as soon as possible, in order to obtain admission soon enough to proceed with the visa request at the Spanish consulates in their countries.' The February window is therefore legally open but operationally very tight, and is the single most likely point of failure. | FEES: Non-EU non-resident price CONFIRMED at 45,00 EUR/credit for first-time credits (UPC 'Preus i beques', 2026-27: row 'Master universitari habilitant i no habilitant (no residents, no UE)' = 45 EUR, 1a matricula; EU non-qualifying master = 19,37 EUR/credit, matching Decret 96/2026). Cross-checked arithmetically against each programme fitxa: 120 ECTS -> 5.400 EUR (=120x45); 90 ECTS -> 4.050 EUR (=90x45); 60 ECTS -> 2.700 EUR (=60x45). CONFLICT: UPC's own master's FAQ (both CA and EN) states 'Per-credit fees for non-resident foreign students who are non-European Union students (non-EU residents) are EUR102.52 for the NON-qualifying master's degree' -- this figure is irreconcilable with UPC's own fee table and per-programme totals and is treated as stale. Nothing on the fee pages differentiates a February entrant: the price is per credit per matricula, and UPC bills semester-by-semester ('segons el tipus de matricula (anual o quadrimestral)'), so a QP entrant pays the same per-credit rate.",YES — EXP,,upc-verification,1,Barcelona,Cataluña / Catalunya,"Escola Tècnica Superior d'Enginyeria de Telecomunicació de Barcelona (ETSETB), Campus Nord UPC, Barcelona — sole teaching centre stated ('Location: Barcelona School of Telecommunications Engineering')","Universitat Politècnica de Catalunya (UPC) — public university, awards the degree in its own name",public university,3,7,"EHEA level 7 (Bologna) — academic recognition across the EHEA. Official Spanish máster universitario, MECES 3 = EQF 7, second cycle, Diploma Supplement issued, doctoral access. CAVEAT: EHEA academic recognition is not professional recognition (regulated professions run through Directive 2005/36/EC and a separate national process), and recognition abroad still needs the receiving country's own procedure — the EHEA makes it routine, not automatic",YES,YES,"EUR 2,122 (2026-27 rates) — UPC's own approximate total for EU/resident students","EUR 5,400 (2026-27 rates) — 45.00 EUR/credit x 120 ECTS",2026-27,EUR 218.15 compulsory study of equivalence of a non-EU foreign degree for master's access (Decret 96/2026 annex 1 art. 7.4.1); EUR 30.21 study of documentation/academic record for master's selection (art. 7.6); academic-record management EUR 54.54 per semester / EUR 69.80 annual (art. 7.1); learning-support resources EUR 35.00 per semester / EUR 70.00 annual (UPC table); EUR 218.15 issue of the official degree certificate with European Diploma Supplement (annex 1 art. 4.1); EUR 300 non-refundable advance payment on accepting admission (UPC fees page). None of these are included in the tuition figures above,Verification 25/09/2013; BOE publication 18/10/2014; institutional accreditation 06/09/2023 (RUCT detail page),,"máster universitario (official, ANECA/AQU-verified, in RUCT)","campus, city, ECTS, start months, modality, language statement, tuition_eu_eur, tuition_non_eu_eur https://www.upc.edu/en/masters/telecommunications-engineering-met 2026-08-29 | per-credit prices 17.69 / 19.37 / 45.00 EUR, administrative fees, EUR 300 advance payment https://www.upc.edu/ca/masters/preus-i-beques 2026-08-29 | legal basis: art. 1.5 non-resident rule, art. 6.1 recognised credits at 20%, annex 1 art. 7.4.1 equivalence study EUR 218.15, art. 7.6, art. 7.1, annex 1 art. 4.1, annex 2 habilitant list https://www.upc.edu/sga/ca/shared/fitxers-matricula/decret-de-preus/decret-96-2026-de-preus-publics.pdf 2026-08-29 | official status, RUCT code 4314015, MECES 3, ECTS, BOE date https://www.educacion.gob.es/ruct/estudio.action?codigoCiclo=SC&codigoTipo=M&CodigoEstudio=4314015&actual=estudios 2026-08-29 | CONFLICT: stale 102.52 EUR/credit non-EU figure on UPC's own master's FAQ https://www.upc.edu/en/masters/access-admission-enrolment/frequently-asked-questions 2026-08-29",1
Universitat Politècnica de Catalunya (UPC) — Escola d'Enginyeria de Telecomunicació i Aeroespacial de Castelldefels (EETAC),Màster universitari en Aplicacions i Tecnologies per als Sistemes Aeris no Tripulats / Master's degree in Applied Telecommunications and Engineering Management (MASTEAM),C | AC,YES,February (teaching starts ~15 February),"""We have two intakes: Autumn Semester (starting in September) [and] Spring Semester (starting in February)"" (masteam.masters.upc.edu/en/admission/information); enrolment page: ""around February 1st-14th (lectures start around February 15th) for the Spring semester""",2,"September (Autumn semester); enrolment ~1-14 September, lectures the following week","NOT FOUND — the programme's Procedure & Calendar page published, at access date, only the autumn window: ""Candidates wishing to start their studies in September 2026 (Autumn 2026 semester) should apply during the pre-enrolment period open from January 8th 2026 to July 1st 2026."" No spring-specific pre-enrolment window is printed. UPC catalogue records pre-enrolment as ""Currently closed"".",máster universitario,4315535,"presencial (face-to-face), EETAC Castelldefels",English (stated verbatim as language of instruction on the UPC catalogue page),"2,700 EUR non-EU (45,00 EUR/credit x 60 ECTS); 1,162 EUR EU (19,37 EUR/credit) — 2026-27 rates per Decret 96/2026",https://masteam.masters.upc.edu/en/admission/information,"""We have two intakes: Autumn Semester (starting in September) [and] Spring Semester (starting in February)"" — and ""around February 1st-14th (lectures start around February 15th) for the Spring semester""","GENUINE SPRING COHORT START, not a segundo periodo of the autumn cohort: the enrolment page separately dates enrolment AND the start of lectures for the spring semester, which an application round cannot do. This is the structural exception the slice was looking for. Caveat for the candidate: the spring application deadline is not published — a human must email EETAC. UPC is a public university; non-EU pay 45,00 EUR/credit, roughly 2.3x the EU rate. RUCT healthy (Publicado en B.O.E., acreditación institucional favorable 06/03/2025).",YES,,public,1,Castelldefels,Cataluña / Catalunya,"Escola d'Enginyeria de Telecomunicació i Aeroespacial de Castelldefels (EETAC), Campus del Baix Llobregat, Building C4, C. Esteve Terradas 7, 08860 Castelldefels — the microsite prints the street address, so the campus is confirmed, not inferred. NOT Barcelona.",Universitat Politècnica de Catalunya (UPC),public university,3,7,"EHEA level 7 (Bologna) — academic recognition across the EHEA. Official máster universitario, MECES 3 = EQF/EHEA 7, in RUCT, automatic European Diploma Supplement, gives access to official doctoral study. Two limits stated rather than glossed: (1) EHEA academic recognition is not PROFESSIONAL recognition for a regulated profession, which runs through Directive 2005/36/EC and a separate national procedure; (2) recognition abroad still goes through the receiving country's own procedure — the EHEA makes it routine, not automatic.",YES,YES,"EUR 1,162 tuition (2026-27 rates) = 60 x 19.37. ⚠️ The MASTEAM microsite itself still publishes the 2025-26 structure, which it labels as such: 'Fees for the 2025-2026 academic year: a fixed cost of € 89.54 per semester ... a variable cost of € 27.67 per ECTS credit (for EU nationals)'; its EU worked example is € 2,057 all-in. Catalonia cut the EU master's rate from 27.67 to 19.37 for 2026-27 (Decret 96/2026), so the microsite is one year stale — but honestly labelled, not wrong.","EUR 2,700 tuition (2026-27 rates) — 60 ECTS x 45.00 EUR/credit = 2,700.00. ⚠️ The MASTEAM microsite still shows the 2025-26 non-EU rate of € 53.33 per ECTS and an all-in worked example of € 3,597.03 (2 semesters x 89.54 + 60 x 53.33 + 218.15). Under 2026-27 rates the same worked example gives 2 x 89.54 + 60 x 45.00 + 218.15 = € 3,097.23. Use the 2026-27 figures; the microsite's are labelled 2025-2026.",2026-27 (central UPC price table and fitxa); the school microsite is still on 2025-26 and says so,"EUR 218.15 compulsory study of equivalence of a non-EU foreign degree for access to a máster universitario (Decret 96/2026 §7.4.1, 'Estudi d'equivalència de títol d'estudis estrangers de fora de la Unió Europea per a l'accés als estudis de màster universitari: 218,15 euros') — unavoidable for this Tunisian degree; + academic-record management 54.54 €/semester or 69.80 €/year; + learning-support resources 35.00 €/semester or 70.00 €/year; + 218.15 € issuing of the official degree certificate WITH the European Diploma Supplement (Decret 96/2026 §4.1); + a non-refundable 300 € advance payment on accepting the admission offer. The programme fitxa's headline figure explicitly 'does not include non-teaching academic fees and issuing of the degree certificate'. UPC's own all-in estimate table (which does include the main taxes) gives 3,200 € (60 ECTS) / 4,600 € (90) / 6,100 € (120) for a non-EU non-resident. The microsite adds a detail the central pages omit: '1.12 € mandatory school insurance for those students with ages under 28' per semester (the candidate's age decides whether this applies, and over-28s need private cover instead).",,https://www.educacion.gob.es/ruct/estudio.action?codigoCiclo=SC&codigoTipo=M&CodigoEstudio=4315535&actual=estudios,"máster universitario (OFFICIAL) — RUCT 4315535, 'Publicado en B.O.E. (TITULACIÓN RENOVADA POR ACREDITACIÓN INSTITUCIONAL)'","campus street address, two intakes, fee structure 2025-26, school insurance, degree-certificate fee https://masteam.masters.upc.edu/en/admission/information/fees 2026-08-29 | two intakes, admission requirements pointer https://masteam.masters.upc.edu/en/admission/information 2026-08-29 | admission calendar, documents, levelling courses, non-EU visa warning https://masteam.masters.upc.edu/en/admission/information/procedure-calendar 2026-08-29 | legalisation and translation rules for non-EU certificates https://masteam.masters.upc.edu/en/admission/information/information-for-international-candidates 2026-08-29 | 2026-27 tuition figures and per-credit table https://www.upc.edu/ca/masters/preus-i-beques 2026-08-29 | 2026-27 programme fitxa figures https://www.upc.edu/en/masters/applied-telecommunications-and-engineering-management-masteam 2026-08-29 | 218.15 EUR non-EU foreign-degree equivalence study; non-resident status https://www.upc.edu/sga/ca/shared/fitxers-matricula/decret-de-preus/decret-96-2026-de-preus-publics.pdf 2026-08-29 | official status of MASTEAM (4315535) and of the drones master (4316145) https://www.educacion.gob.es/ruct/estudio.action?codigoCiclo=SC&codigoTipo=M&CodigoEstudio=4316145&actual=estudios 2026-08-29",1
"Universitat Politècnica de Catalunya (UPC) — ETSETB, Barcelona",Màster Universitari en Enginyeria de Telecomunicació / Master's degree in Telecommunications Engineering (MET),C,YES,February (and September),"2 cursos acadèmics, 120 crèdits ECTS. Inici: setembre i febrer",2 — with separate quotas: 'Places de nou ingrés: 60 places al setembre; 20 places al febrer',September (60 places),NOT FOUND — preinscripció shown as closed on 2026-08-29; ETSETB's Q2 calendar confirms spring-semester classes begin 12 February and that master pre-enrolment ran 8 Oct – 9 Dec 2025 with admissions published by 16 Jan 2026 (via search index of telecos.upc.edu),"máster universitario (OFICIAL) — 'Títol oficial. Inscrit en el registre del Ministeri de Ciència, Innovació i Universitats'; RUCT estado 'Publicado en B.O.E. (TITULACIÓN RENOVADA)'",4314015,"presencial, afternoon ('Tarda. Presencial')",Anglès — 'Idiomes: Anglès'; 'S'imparteix íntegrament en anglès'. B2 English required for admission (Cambridge FCE / TOEFL iBT 87 / IELTS 5.5 listed).,"EUR 2,122 for EU/resident students; EUR 5,400 for non-EU non-residents — verbatim: '2.122 € (5.400 € per a no residents a la UE)'. Year of rates not stated.",https://telecos.upc.edu/ca/estudis/masters/masters-degree-in-telecommunications-engineering-met,"Dades generals. Durada i inici: 2 cursos acadèmics, 120 crèdits ECTS. Inici: setembre i febrer. ... Places de nou ingrés: 60 places al setembre; 20 places al febrer. ... 2.122 € (5.400 € per a no residents a la UE)","120 ECTS over two years. Intensifications include 'Multimedia' alongside Earth Observation Electronics, Fibre Optic Communications, Internet Networks and Technologies and Wireless Communications — Multimedia is the audio/video signal-processing route and is the path-C entry point. Second UPC-ETSETB title with a real February cohort and its own place quota. NON-EU SURCHARGE CONFIRMED on the page (2.5x). Entry is aimed at telecom-engineering graduates; the Comissió Acadèmica de Màsters sets additional ECTS by entry profile ('El nombre de crèdits ECTS addicionals que s'han de cursar depèn del perfil d'entrada de l'estudiant'), which is the applicant-level complementos rule to check for a software-engineering background.",YES,,path-C,1,Castelldefels,Cataluña / Catalunya,"Escola d'Enginyeria de Telecomunicació i Aeroespacial de Castelldefels (EETAC) — Campus del Baix Llobregat, Castelldefels (NOT Barcelona)",Universitat Politècnica de Catalunya (UPC),public university,3,7,"EHEA level 7 (Bologna) — academic recognition across the EHEA. Official máster universitario, MECES 3 = EQF/EHEA 7, in RUCT, automatic European Diploma Supplement, gives access to official doctoral study. Two limits stated rather than glossed: (1) EHEA academic recognition is not PROFESSIONAL recognition for a regulated profession, which runs through Directive 2005/36/EC and a separate national procedure; (2) recognition abroad still goes through the receiving country's own procedure — the EHEA makes it routine, not automatic.",YES,YES,"EUR 1,162 (2026-27 rates) — 60 ECTS x 19.37 EUR/credit (màster no habilitant, EU/resident) = 1,162.20; UPC fitxa prints €1,162","EUR 2,700 (2026-27 rates) — 60 ECTS x 45.00 EUR/credit (no resident, no UE) = 2,700.00; UPC fitxa prints '€1,162 (€2,700 for non-EU residents)', which matches the arithmetic exactly",2026-27,"EUR 218.15 compulsory study of equivalence of a non-EU foreign degree for access to a máster universitario (Decret 96/2026 §7.4.1, 'Estudi d'equivalència de títol d'estudis estrangers de fora de la Unió Europea per a l'accés als estudis de màster universitari: 218,15 euros') — unavoidable for this Tunisian degree; + academic-record management 54.54 €/semester or 69.80 €/year; + learning-support resources 35.00 €/semester or 70.00 €/year; + 218.15 € issuing of the official degree certificate WITH the European Diploma Supplement (Decret 96/2026 §4.1); + a non-refundable 300 € advance payment on accepting the admission offer. The programme fitxa's headline figure explicitly 'does not include non-teaching academic fees and issuing of the degree certificate'. UPC's own all-in estimate table (which does include the main taxes) gives 3,200 € (60 ECTS) / 4,600 € (90) / 6,100 € (120) for a non-EU non-resident.",,https://www.educacion.gob.es/ruct/estudio.action?codigoCiclo=SC&codigoTipo=M&CodigoEstudio=4315535&actual=estudios,máster universitario (OFFICIAL) — 'Official degree. Recorded in the Ministry of Education's degree register'; RUCT estado 'Publicado en B.O.E. (TITULACIÓN RENOVADA POR ACREDITACIÓN INSTITUCIONAL)'; verificación 08/07/2015,"campus, ECTS, start dates, intake places, language, fees, admission https://www.upc.edu/en/masters/applied-telecommunications-and-engineering-management-masteam 2026-08-29 | per-credit price table (19.37 EU / 45.00 non-EU), additional enrolment taxes, 300 EUR advance payment https://www.upc.edu/ca/masters/preus-i-beques 2026-08-29 | non-EU non-resident status and the 218.15 EUR foreign-degree equivalence study https://www.upc.edu/sga/ca/shared/fitxers-matricula/decret-de-preus/decret-96-2026-de-preus-publics.pdf 2026-08-29 | official status, MECES 3, ECTS, complementos formativos = 0 https://www.educacion.gob.es/ruct/estudio.action?codigoCiclo=SC&codigoTipo=M&CodigoEstudio=4315535&actual=estudios 2026-08-29 | stale 102.52 EUR/credit FAQ figure (CONFLICT) https://www.upc.edu/en/masters/access-admission-enrolment/frequently-asked-questions 2026-08-29",1
"Universitat Politècnica de Catalunya (UPC) — ETSETB, Barcelona",Màster Universitari en Enginyeria Electrònica / Master's degree in Electronic Engineering (MEE),C,YES,February (and September),"1,5 cursos acadèmics, 90 crèdits ECTS. Inici: setembre i febrer",2 — 'Places de nou ingrés: 40 places al setembre; 20 places al febrer',September (40 places),NOT FOUND — preinscripció closed as at 2026-08-29,"máster universitario (OFICIAL) — 'Títol oficial. Inscrit en el registre del Ministeri de Ciència, Innovació i Universitats'",NOT FOUND — not confirmed from the page or the RUCT backbone under this title; must be confirmed before relying on the code,"presencial, afternoon ('Tarda. Presencial')",NOT FOUND explicitly on the block read (sibling ETSETB masters MATT and MET both state 'Idiomes: Anglès'),"EUR 1,743 for EU/resident students; EUR 2,700 for non-EU non-residents — '1.743 € (2.700 € per a no residents a la UE)'. Year of rates not stated.",https://telecos.upc.edu/ca/estudis/masters/masters-degree-in-electronic-engineering-mee,"Durada i inici: 1,5 cursos acadèmics, 90 crèdits ECTS. Inici: setembre i febrer ... Places de nou ingrés: 40 places al setembre; 20 places al febrer ... 1.743 € (2.700 € per a no residents a la UE)","90 ECTS over 1.5 years. Third ETSETB title in a row (with MATT and MET) that prints 'Inici: setembre i febrer' AND a separate February place quota, which establishes the February entry as a SCHOOL-WIDE structure at UPC's Barcelona telecom school rather than a one-off — the single most reusable spring finding in the technical paths. Path-C relevance is via electronics/instrumentation rather than audio DSP directly; MATT and MET are the better audio/multimedia routes. Also carries a named funding line: 'Convocatòria de beques UPC-GREENCHIPS-EDU 2025'.",YES,,path-C,1,,,,,,,,,,,,,,,,,,,1
Universitat Politècnica de Catalunya (UPC) — Escola Tècnica Superior d'Enginyeria Industrial de Barcelona (ETSEIB),"Màster Universitari en Enginyeria Industrial (MUEI) — OUT OF SCOPE field-wise, recorded as calendar evidence",,YES (but out of scope),February,"ETSEIB notice headed ""Oberta la preinscripció al Màster Universitari en Enginyeria Industrial (MUEI) - Curs 25-26 Q2 - inici febrer 2026""; pre-enrolment ""Del 6 d'octubre al 7 de desembre de 2025""; classes begin 12 February 2026; online matrícula 11 February 2026",2,September (ETSEIB runs a separate 'Preinscripció Màsters setembre' page),7 December 2025 (for the February 2026 start) — i.e. roughly a 2-month window closing ~2 months before the start,máster universitario,NOT CHECKED — out of scope field,"presencial, Barcelona",NOT CHECKED,NOT CHECKED,https://etseib.upc.edu/ca/curs-actual/tramits/preinscripcio-masters-febrer,"""Curs 25-26 Q2 - inici febrer 2026""; pre-enrolment ""Del 6 d'octubre al 7 de desembre de 2025""","Recorded because it PROVES the mechanism rather than the programme: UPC schools maintain two parallel, separately-dated pre-enrolment pages ('Preinscripció Màsters febrer' and 'Preinscripció Màsters setembre'), which is institutional proof that a February new-student cohort is a real and routine UPC construct, not a mis-read. MUEI itself is industrial engineering and matches none of the nine path codes. Its value here is corroborating the EETAC findings and giving the shape of a UPC spring deadline (~7 December for a ~12 February start).",YES (BUT ,,public,1,,,,,,,,,,,,,,,,,,,1
Universitat Politècnica de Catalunya (UPC) — Facultat d'Informàtica de Barcelona (FIB),"Màster Universitari en Innovació i Recerca en Informàtica (MIRI) — specialitats Computació Avançada, Gràfics i Realitat Virtual, Xarxes de Computadors i Sistemes Distribuïts, Computació d'Altes Prestacions; AND Màster Universitari en Enginyeria Informàtica (MEI)",AC | AA,"YES (documented for the 2023-24 cycle) — CURRENT-CYCLE STATUS NOT FOUND, see notes",February (quadrimestre de primavera),"«Oberta la preinscripció als Màsters oficials organitzats per la Facultat d'Informàtica de Barcelona (FIB), per començar al quadrimestre de primavera del curs 2023-2024 (febrer de 2024).» — «La preinscripció als Màsters oficials es tanca el 11 de desembre de 2023.»",2 in the documented cycle (September + February); FIB's current canonical admissions page publishes only September,September,"11 December 2023 for the February 2024 start — i.e. the spring round closes in EARLY DECEMBER, roughly two months before classes. The equivalent 2026-27 spring deadline is NOT PUBLISHED as of 2026-08-29.",máster universitario oficial (both titles),MIRI 4313729 (Máster Universitario en Innovación e Investigación en Informática — «Publicado en B.O.E. (TITULACIÓN RENOVADA)»); MEI 4313321 (Máster Universitario en Ingeniería Informática — «Publicado en B.O.E. (TITULACIÓN RENOVADA)»). Confirmed from output/ruct-backbone.jsonl,"presencial, Barcelona","NOT VERIFIED IN THIS SWEEP (MIRI is taught in English per FIB's general master pages, but not confirmed here from the plan d'estudis — do not rely on it)","NOT FOUND in this sweep — Catalan public fees are set by the annual decret de preus públics; note the AGENT-BRIEF's Decret 96/2026 art. 1.5 finding that a study authorisation does not confer resident status, so the non-EU tariff applies",https://www.fib.upc.edu/ca/noticies/preinscripcio-als-masters-oficials-de-la-fib-2023-2024,"Oberta la preinscripció als Màsters oficials organitzats per la Facultat d'Informàtica de Barcelona (FIB), per començar al quadrimestre de primavera del curs 2023-2024 (febrer de 2024). Màster en Enginyeria Informàtica; Màster en Innovació i Recerca en Informàtica (especialitats: Computació Avançada; Gràfics i Realitat Virtual; Xarxes de Computadors i Sistemes Distribuïts; Computació d'Altes Prestacions). La preinscripció als Màsters oficials es tanca el 11 de desembre de 2023.","THE SINGLE MOST IMPORTANT FIND OF THIS SWEEP, and it comes with a caveat. (1) This is a genuine OFFICIAL (máster universitario, BOE-published) February cohort start at a top public technical university — the only official-register February start this sweep confirmed verbatim. MIRI's 'Xarxes de Computadors i Sistemes Distribuïts' and 'Computació d'Altes Prestacions' specialisations map directly onto path AC. (2) CRITICALLY, the February round covered only MEI and MIRI — the Màster en Intel·ligència Artificial and Màster en Ciència de Dades were NOT in it; they appear only in the September round. Do not generalise 'FIB has a February intake' to the AI or Data Science masters. (3) CURRENT STATUS UNRESOLVED: FIB's canonical EN pre-enrolment page (https://www.fib.upc.edu/en/masters/do-you-want-study-master-degree/pre-enrolment-and-admission, accessed 2026-08-29) publishes ONLY «The admission period to start the Master programme in September 2026, is open from 25 February to 29 May 2026» and mentions no spring start. So the February route is DOCUMENTED HISTORICALLY but NOT CONFIRMED for 2027. NEEDS A HUMAN to ask FIB directly whether a February 2027 / February 2028 entry will run. (4) TRAP SEPARATED CLEANLY HERE: FIB's «25 febrer – 29 maig» preinscription window is an APPLICATION ROUND FOR A SEPTEMBER START, and is stated as such verbatim; the February START is announced in a completely separate autumn notice closing in December. Anyone reading the February-dated application window as a February intake would be wrong.",YES (DOCU,,national-sweep,1,,,,,,,,,,,,,,,,,,,1
Universitat Politècnica de Catalunya (UPC) — ETSETB Barcelona + EETAC Castelldefels,"Màster Universitari en Tecnologies Avançades de Telecomunicació (MATT) — itinerary 'Deep Learning for Multimedia Processing' (àrea de multimèdia, ETSETB)",B | C | AA,YES,February (and September),"1 curs acadèmic, 60 crèdits ECTS. Inici: febrer i setembre","2, with separate quotas: '40 places al setembre; 20 places al febrer'",September,NOT FOUND — preinscripció shown closed on 2026-08-29,"máster universitario (OFICIAL) — 'Títol oficial. Inscrit en el registre del Ministeri de Ciència, Innovació i Universitats'; RUCT estado 'Publicado en B.O.E. (TITULACIÓN RENOVADA)'",4316793,"presencial, afternoon",Anglès ('impartit íntegrament en anglès'),"EUR 1,162 EU/resident; EUR 2,700 non-EU non-resident ('1.162 € (2.700 € per a no residents a la UE)')",https://telecos.upc.edu/ca/estudis/masters/masters-degree-in-advanced-telecommunication-technologies-matt,Itineraris de l'àrea de multimèdia (ETSETB): Deep Learning for Multimedia Processing ... Inici: febrer i setembre ... 20 places al febrer,"CROSS-LISTED with the fuller record in path-C.jsonl — repeated here because path B (AI applied to sound/music) had almost nothing with a spring start and this is the ONLY February-start, English-taught, OFFICIAL route in Spain found that teaches deep learning ON multimedia/audio signals. CAVEAT, stated plainly: it is deep learning for MULTIMEDIA processing inside a telecommunications master, not music information retrieval. It is not a substitute for UPF's Sound and Music Computing (which remains the only true MIR master in Spain and has a single ~21 September start). Optatives run once a year at one centre only, so a February entrant may not reach this itinerary's electives in their first quadrimestre.",YES,,"path-B, path-C",2,,,,,,,,,,,,,,,,,,,1
"Universitat Politècnica de Catalunya (UPC), Barcelona",Máster Universitario en Aplicaciones y Gestión de la Ingeniería de Telecomunicación (MASTEAM) / Master's degree in Applied Telecommunications and Engineering Management,C | AC,YES,February (second cohort start); September is the main start,"Duration and start date: 1 academic year, 60 ECTS credits. Starting September and February. ... 'For students starting in the autumn, the first semester is taught in the afternoons and the second semester in the mornings. For students starting in the spring, the first semester is taught in the mornings and the second semester in the afternoons.' || Second, independent confirmation on the school's own microsite masteam.masters.upc.edu/en/admission/information, verbatim: 'We have two intakes: Autumn Semester (starting in September) / Spring Semester (starting in February)'.",2 (September and February),September (autumn semester),"5 October – 9 December 2026 pre-inscription for the SPRING (February) semester of curso 2026-27; admission decisions published by 15 January 2027; spring enrolment 25 January – 12 February 2027. These are the published 2026-27 dates and have NOT been shifted forward — the equivalent Oct–Dec 2027 window for a February 2028 start is not yet published. NOTE: UPC warns 'Centers can establish their pre-inscription periods', so the school's own window may differ.","máster universitario (OFFICIAL) — RUCT 4315535; UPC page states 'Official degree — Recorded in the Ministry of Science, Innovation and Universities'",4315535,"presencial (face-to-face), Castelldefels School of Telecommunications and Aerospace Engineering (EETAC). Mornings and afternoons.",English ('Language of instruction: English' on the UPC programme page),"EUR 1,162 approx (EU/resident) / EUR 2,700 (non-EU non-resident) for the full 60-ECTS degree, per upc.edu programme page; the page does not state the rate year.",https://www.upc.edu/en/masters/applied-telecommunications-and-engineering-management-masteam,"UPC official master's academic calendar 2026-2027, '1. Pre-inscription periods for master's studies / New students': 'Autumn semester and, if applicable, in the spring semester — Pre-inscription: January 8 to July 1, 2026; Publication of admitted students (conditionally and definitively): deadline July 17, 2026. Spring semester — Pre-inscription: October 5 to December 9, 2026; Publication of admitted students (conditionally and definitely): deadline January 15, 2027.' Enrolment, spring semester: 'January 25 to February 12, 2027'.","Discovered from output/verified.jsonl (application_rounds prose: 'Programme runs two intakes annually: Autumn Semester (starts September) and Spring Semester (starts February)') and re-verified live on 2026-08-29 against BOTH the UPC central programme page and the EETAC MASTEAM microsite. 300-ECTS candidate note: the UPC page states that an official bachelor's of >=240 ECTS plus this 60-ECTS master satisfies the 300-ECTS doctoral-access requirement. || PRACTICAL VALUE FOR THE CANDIDATE: a February 2027 start would begin ~7 months before the September 2027 target, and its application deadline (9 Dec 2026) falls comfortably after the Aug-2026 degree completion. A February 2028 start is the fallback if a Sept-2027 application fails.",YES,,from-dataset,1,,,,,,,,,,,,,,,,,,,1
"Universitat Politècnica de Catalunya (UPC), Barcelona",Máster Universitario en Ingeniería de Telecomunicación (MET) / Master's degree in Telecommunications Engineering,C,YES,February (second cohort start); September is the main start,"Duration and start date: 2 academic years, 120 ECTS credits. Starting September and February",2 (September and February),September (autumn semester),"5 October – 9 December 2026 pre-inscription for the SPRING (February) semester of curso 2026-27; admission decisions published by 15 January 2027; spring enrolment 25 January – 12 February 2027. These are the published 2026-27 dates and have NOT been shifted forward — the equivalent Oct–Dec 2027 window for a February 2028 start is not yet published. NOTE: UPC warns 'Centers can establish their pre-inscription periods', so the school's own window may differ.","máster universitario (OFFICIAL) — RUCT 4314015; UPC page states 'Official degree — Recorded in the Ministry of Science, Innovation and Universities'",4314015,"presencial (face-to-face), afternoons, Barcelona School of Telecommunications Engineering (ETSETB)",English ('Language of instruction: English' on the UPC programme page),"EUR 2,122 approx (EU/resident) / EUR 5,400 (non-EU non-resident) for the full 120-ECTS degree, per upc.edu programme page; rate year not stated.",https://www.upc.edu/en/masters/telecommunications-engineering-met,"UPC official master's academic calendar 2026-2027, '1. Pre-inscription periods for master's studies / New students': 'Autumn semester and, if applicable, in the spring semester — Pre-inscription: January 8 to July 1, 2026; Publication of admitted students (conditionally and definitively): deadline July 17, 2026. Spring semester — Pre-inscription: October 5 to December 9, 2026; Publication of admitted students (conditionally and definitely): deadline January 15, 2027.' Enrolment, spring semester: 'January 25 to February 12, 2027'.","NEW FIND from the UPC catalogue sweep. This is a regulated-profession (Ingeniero de Telecomunicación) title with a restricted list of qualifying bachelor's degrees — Software Engineering is not on it, so admission for this candidate is doubtful. Recorded because the February start is real and the C-path DSP content sits here. || PRACTICAL VALUE FOR THE CANDIDATE: a February 2027 start would begin ~7 months before the September 2027 target, and its application deadline (9 Dec 2026) falls comfortably after the Aug-2026 degree completion. A February 2028 start is the fallback if a Sept-2027 application fails.",YES,,from-dataset,1,,,,,,,,,,,,,,,,,,,1
"Universitat Politècnica de Catalunya (UPC), Barcelona",Máster Universitario en Ingeniería Informática / Master's degree in Informatics Engineering (MEI),AC | AA,YES,February (second cohort start); September is the main start,"Duration and start date: 1.5 academic years, 90 ECTS credits. Starting September and February || New intake places: 40.",2 (September and February),September (autumn semester),"5 October – 9 December 2026 pre-inscription for the SPRING (February) semester of curso 2026-27; admission decisions published by 15 January 2027; spring enrolment 25 January – 12 February 2027. These are the published 2026-27 dates and have NOT been shifted forward — the equivalent Oct–Dec 2027 window for a February 2028 start is not yet published. NOTE: UPC warns 'Centers can establish their pre-inscription periods', so the school's own window may differ.","máster universitario (OFFICIAL) — RUCT 4313321; UPC page states 'Official degree — Recorded in the Ministry of Science, Innovation and Universities'",4313321,"presencial (face-to-face), afternoons, Barcelona School of Informatics (FIB)",NOT FOUND as a single statement — the UPC page says 'Check the language of instruction for each subject in the course guide.' Do NOT record as English.,"EUR 1,592 approx (EU/resident) / EUR 4,050 (non-EU non-resident) for the full 90-ECTS degree, per upc.edu programme page; rate year not stated.",https://www.upc.edu/en/masters/informatics-engineering,"UPC official master's academic calendar 2026-2027, '1. Pre-inscription periods for master's studies / New students': 'Autumn semester and, if applicable, in the spring semester — Pre-inscription: January 8 to July 1, 2026; Publication of admitted students (conditionally and definitively): deadline July 17, 2026. Spring semester — Pre-inscription: October 5 to December 9, 2026; Publication of admitted students (conditionally and definitely): deadline January 15, 2027.' Enrolment, spring semester: 'January 25 to February 12, 2027'.","NEW FIND — not present in any dataset's intake prose; surfaced by sweeping UPC's own master's catalogue after the dataset identified UPC as a two-intake institution. Language of instruction is explicitly per-subject and is NOT stated as English — flag per AGENT-BRIEF rule 7. || PRACTICAL VALUE FOR THE CANDIDATE: a February 2027 start would begin ~7 months before the September 2027 target, and its application deadline (9 Dec 2026) falls comfortably after the Aug-2026 degree completion. A February 2028 start is the fallback if a Sept-2027 application fails.",YES,,from-dataset,1,Barcelona,Cataluña / Catalunya,"Facultat d'Informàtica de Barcelona (FIB) — Campus Nord, Barcelona",Universitat Politècnica de Catalunya (UPC),public university,3,7,"EHEA level 7 (Bologna) — academic recognition across the EHEA. Official máster universitario, MECES 3 = EQF/EHEA 7, in RUCT, automatic European Diploma Supplement, gives access to official doctoral study. Two limits stated rather than glossed: (1) EHEA academic recognition is not PROFESSIONAL recognition for a regulated profession, which runs through Directive 2005/36/EC and a separate national procedure; (2) recognition abroad still goes through the receiving country's own procedure — the EHEA makes it routine, not automatic.",YES,YES,"EUR 1,592 (2026-27 rates) — UPC fitxa figure. NOTE the arithmetic: 90 x 17.69 (habilitant rate) = 1,592.10, which is what UPC prints, while 90 x 19.37 (non-habilitant rate) = 1,743.30. RUCT does not mark this title as habilitante, so UPC's EU figure and UPC's own price table are mildly inconsistent — logged, not resolved. Does not affect the non-EU figure.","EUR 4,050 (2026-27 rates) — 90 ECTS x 45.00 EUR/credit = 4,050.00; UPC fitxa prints '€1,592 (€4,050 for non-EU residents)' — the non-EU arithmetic is exact",2026-27,"EUR 218.15 compulsory study of equivalence of a non-EU foreign degree for access to a máster universitario (Decret 96/2026 §7.4.1, 'Estudi d'equivalència de títol d'estudis estrangers de fora de la Unió Europea per a l'accés als estudis de màster universitari: 218,15 euros') — unavoidable for this Tunisian degree; + academic-record management 54.54 €/semester or 69.80 €/year; + learning-support resources 35.00 €/semester or 70.00 €/year; + 218.15 € issuing of the official degree certificate WITH the European Diploma Supplement (Decret 96/2026 §4.1); + a non-refundable 300 € advance payment on accepting the admission offer. The programme fitxa's headline figure explicitly 'does not include non-teaching academic fees and issuing of the degree certificate'. UPC's own all-in estimate table (which does include the main taxes) gives 3,200 € (60 ECTS) / 4,600 € (90) / 6,100 € (120) for a non-EU non-resident.",,https://www.educacion.gob.es/ruct/estudio.action?codigoCiclo=SC&codigoTipo=M&CodigoEstudio=4313321&actual=estudios,"máster universitario (OFFICIAL) — fitxa: 'Official degree. Recorded in the Ministry of Science, Innovation and Universities'; RUCT estado 'Publicado en B.O.E. (TITULACIÓN RENOVADA)'; verificación 19/09/2012; RUCT 'Habilita para profesión regulada' is NOT set for this title","campus, ECTS, start dates, fees, official status https://www.upc.edu/en/masters/informatics-engineering 2026-08-29 | language of instruction (Catalan/Spanish), workload, places, target audience https://www.fib.upc.edu/en/studies/masters/master-informatics-engineering 2026-08-29 | per-credit price table (17.69 / 19.37 EU / 45.00 non-EU), additional enrolment taxes https://www.upc.edu/ca/masters/preus-i-beques 2026-08-29 | non-EU non-resident status and the 218.15 EUR foreign-degree equivalence study https://www.upc.edu/sga/ca/shared/fitxers-matricula/decret-de-preus/decret-96-2026-de-preus-publics.pdf 2026-08-29 | official status, MECES 3, 90 ECTS, complementos formativos = 0, not habilitante https://www.educacion.gob.es/ruct/estudio.action?codigoCiclo=SC&codigoTipo=M&CodigoEstudio=4313321&actual=estudios 2026-08-29 | stale 102.52 EUR/credit FAQ figure (CONFLICT) https://www.upc.edu/en/masters/access-admission-enrolment/frequently-asked-questions 2026-08-29",1
"Universitat Politècnica de Catalunya (UPC), Barcelona",Máster Universitario en Innovación e Investigación en Informática (MIRI) / Master's degree in Innovation and Research in Informatics,AC | AB | AA,YES,February (second cohort start); September is the main start,"Duration and start date: 2 academic years, 120 ECTS credits. Starting September and February || New intake places: 60. Specialisations include Advanced Computing, Computer Networks and Distributed Systems, High Performance Computing, Data Mining and Business Intelligence, Data Science, Service Engineering.",2 (September and February),September (autumn semester),"5 October – 9 December 2026 pre-inscription for the SPRING (February) semester of curso 2026-27; admission decisions published by 15 January 2027; spring enrolment 25 January – 12 February 2027. These are the published 2026-27 dates and have NOT been shifted forward — the equivalent Oct–Dec 2027 window for a February 2028 start is not yet published. NOTE: UPC warns 'Centers can establish their pre-inscription periods', so the school's own window may differ.","máster universitario (OFFICIAL) — RUCT 4313729; UPC page states 'Official degree — Recorded in the Ministry of Science, Innovation and Universities'",4313729,"presencial (face-to-face), mornings, Barcelona School of Informatics (FIB)",English ('Language of instruction: English' on the UPC programme page),"EUR 2,324 approx (EU/resident) / EUR 5,400 (non-EU non-resident) for the full 120-ECTS degree, per upc.edu programme page; rate year not stated.",https://www.upc.edu/en/masters/innovation-and-research-in-informatics-miri,"UPC official master's academic calendar 2026-2027, '1. Pre-inscription periods for master's studies / New students': 'Autumn semester and, if applicable, in the spring semester — Pre-inscription: January 8 to July 1, 2026; Publication of admitted students (conditionally and definitively): deadline July 17, 2026. Spring semester — Pre-inscription: October 5 to December 9, 2026; Publication of admitted students (conditionally and definitely): deadline January 15, 2027.' Enrolment, spring semester: 'January 25 to February 12, 2027'.","Discovered from output/deferred_candidates.jsonl line 286 (notes prose: 'September and February entry') — a candidate nobody had enriched — and verified live on 2026-08-29 on the UPC programme page. Also carries a Catalunya-La Pedrera Foundation 'Masters of Excellence' grant programme mention on the same page. || PRACTICAL VALUE FOR THE CANDIDATE: a February 2027 start would begin ~7 months before the September 2027 target, and its application deadline (9 Dec 2026) falls comfortably after the Aug-2026 degree completion. A February 2028 start is the fallback if a Sept-2027 application fails.",YES,,from-dataset,1,Barcelona,Cataluña / Catalunya,"Facultat d'Informàtica de Barcelona (FIB) — Campus Nord, Barcelona",Universitat Politècnica de Catalunya (UPC),public university,3,7,"EHEA level 7 (Bologna) — academic recognition across the EHEA. Official máster universitario, MECES 3 = EQF/EHEA 7, in RUCT, automatic European Diploma Supplement, gives access to official doctoral study. Two limits stated rather than glossed: (1) EHEA academic recognition is not PROFESSIONAL recognition for a regulated profession, which runs through Directive 2005/36/EC and a separate national procedure; (2) recognition abroad still goes through the receiving country's own procedure — the EHEA makes it routine, not automatic.",YES,YES,"EUR 2,324 (2026-27 rates) — 120 ECTS x 19.37 EUR/credit = 2,324.40","EUR 5,400 (2026-27 rates) — 120 ECTS x 45.00 EUR/credit = 5,400.00; UPC fitxa prints '€2,324 (€5,400 for non-EU residents)' — matches",2026-27,"EUR 218.15 compulsory study of equivalence of a non-EU foreign degree for access to a máster universitario (Decret 96/2026 §7.4.1, 'Estudi d'equivalència de títol d'estudis estrangers de fora de la Unió Europea per a l'accés als estudis de màster universitari: 218,15 euros') — unavoidable for this Tunisian degree; + academic-record management 54.54 €/semester or 69.80 €/year; + learning-support resources 35.00 €/semester or 70.00 €/year; + 218.15 € issuing of the official degree certificate WITH the European Diploma Supplement (Decret 96/2026 §4.1); + a non-refundable 300 € advance payment on accepting the admission offer. The programme fitxa's headline figure explicitly 'does not include non-teaching academic fees and issuing of the degree certificate'. UPC's own all-in estimate table (which does include the main taxes) gives 3,200 € (60 ECTS) / 4,600 € (90) / 6,100 € (120) for a non-EU non-resident.",,https://www.educacion.gob.es/ruct/estudio.action?codigoCiclo=SC&codigoTipo=M&CodigoEstudio=4313729&actual=estudios,"máster universitario (OFFICIAL) — fitxa: 'Official degree. Recorded in the Ministry of Science, Innovation and Universities'; RUCT estado 'Publicado en B.O.E. (TITULACIÓN RENOVADA)'; verificación 28/12/2012","campus, ECTS, start dates, language, fees, specialisations, Catalunya-La Pedrera grant https://www.upc.edu/en/masters/innovation-and-research-in-informatics-miri 2026-08-29 | per-credit price table (19.37 EU / 45.00 non-EU), additional enrolment taxes https://www.upc.edu/ca/masters/preus-i-beques 2026-08-29 | non-EU non-resident status and the 218.15 EUR foreign-degree equivalence study https://www.upc.edu/sga/ca/shared/fitxers-matricula/decret-de-preus/decret-96-2026-de-preus-publics.pdf 2026-08-29 | official status, MECES 3, 120 ECTS, complementos formativos = 0 https://www.educacion.gob.es/ruct/estudio.action?codigoCiclo=SC&codigoTipo=M&CodigoEstudio=4313729&actual=estudios 2026-08-29 | stale 102.52 EUR/credit FAQ figure (CONFLICT) https://www.upc.edu/en/masters/access-admission-enrolment/frequently-asked-questions 2026-08-29",1
"Universitat Politècnica de Catalunya (UPC), Barcelona",Máster Universitario en Inteligencia Artificial para Industrias Conectadas (AI4CI) / Master's degree in Artificial Intelligence for Connected Industries,AA,YES,February (second cohort start); September is the main start,"Duration and start date: 2 academic years, 120 ECTS credits. Starting September and February || New intake places: 25.",2 (September and February),September (autumn semester),"5 October – 9 December 2026 pre-inscription for the SPRING (February) semester of curso 2026-27; admission decisions published by 15 January 2027; spring enrolment 25 January – 12 February 2027. These are the published 2026-27 dates and have NOT been shifted forward — the equivalent Oct–Dec 2027 window for a February 2028 start is not yet published. NOTE: UPC warns 'Centers can establish their pre-inscription periods', so the school's own window may differ.","máster universitario (OFFICIAL) — RUCT 3500437; UPC page states 'Official degree — Recorded in the Ministry of Science, Innovation and Universities'",3500437,"presencial (face-to-face), Castelldefels School of Telecommunications and Aerospace Engineering (EETAC)",English ('Language of instruction: English' on the UPC programme page),"EUR 2,324 approx (EU/resident) / EUR 5,400 (non-EU non-resident) for the full 120-ECTS degree, per upc.edu programme page; rate year not stated on the page.",https://www.upc.edu/en/masters/artificial-intelligence-for-connected-industries-ai4ci,"UPC official master's academic calendar 2026-2027, '1. Pre-inscription periods for master's studies / New students': 'Autumn semester and, if applicable, in the spring semester — Pre-inscription: January 8 to July 1, 2026; Publication of admitted students (conditionally and definitively): deadline July 17, 2026. Spring semester — Pre-inscription: October 5 to December 9, 2026; Publication of admitted students (conditionally and definitely): deadline January 15, 2027.' Enrolment, spring semester: 'January 25 to February 12, 2027'.","Discovered from output/verified.jsonl (application_rounds prose: 'Two intakes per academic year: September and February') and re-verified live on 2026-08-29 on the UPC programme page itself. Bridging courses ('complementos') are explicitly required for holders of an Informatics Engineering bachelor's — relevant to this candidate's Software Engineering background; the academic committee assesses other degrees case by case. || PRACTICAL VALUE FOR THE CANDIDATE: a February 2027 start would begin ~7 months before the September 2027 target, and its application deadline (9 Dec 2026) falls comfortably after the Aug-2026 degree completion. A February 2028 start is the fallback if a Sept-2027 application fails.",YES,,"from-dataset, public",2,Castelldefels,Cataluña / Catalunya,"Escola d'Enginyeria de Telecomunicació i Aeroespacial de Castelldefels (EETAC) — Campus del Baix Llobregat, Castelldefels (NOT Barcelona)",Universitat Politècnica de Catalunya (UPC),public university,3,7,"EHEA level 7 (Bologna) — academic recognition across the EHEA. Official máster universitario, MECES 3 = EQF/EHEA 7, in RUCT, automatic European Diploma Supplement, gives access to official doctoral study. Two limits stated rather than glossed: (1) EHEA academic recognition is not PROFESSIONAL recognition for a regulated profession, which runs through Directive 2005/36/EC and a separate national procedure; (2) recognition abroad still goes through the receiving country's own procedure — the EHEA makes it routine, not automatic.",YES,YES,"EUR 2,324 (2026-27 rates) — 120 ECTS x 19.37 EUR/credit = 2,324.40; UPC fitxa prints €2,324","EUR 5,400 (2026-27 rates) — 120 ECTS x 45.00 EUR/credit = 5,400.00; UPC fitxa prints '€2,324 (€5,400 for non-EU residents)' — arithmetic matches exactly",2026-27,"EUR 218.15 compulsory study of equivalence of a non-EU foreign degree for access to a máster universitario (Decret 96/2026 §7.4.1, 'Estudi d'equivalència de títol d'estudis estrangers de fora de la Unió Europea per a l'accés als estudis de màster universitari: 218,15 euros') — unavoidable for this Tunisian degree; + academic-record management 54.54 €/semester or 69.80 €/year; + learning-support resources 35.00 €/semester or 70.00 €/year; + 218.15 € issuing of the official degree certificate WITH the European Diploma Supplement (Decret 96/2026 §4.1); + a non-refundable 300 € advance payment on accepting the admission offer. The programme fitxa's headline figure explicitly 'does not include non-teaching academic fees and issuing of the degree certificate'. UPC's own all-in estimate table (which does include the main taxes) gives 3,200 € (60 ECTS) / 4,600 € (90) / 6,100 € (120) for a non-EU non-resident.",,https://www.educacion.gob.es/ruct/estudio.action?codigoCiclo=SC&codigoTipo=M&CodigoEstudio=3500437&actual=estudios,"máster universitario (OFFICIAL) — fitxa: 'Official degree. Recorded in the Ministry of Science, Innovation and Universities'; RUCT estado 'Publicado en B.O.E. (TITULACIÓN RENOVADA POR ACREDITACIÓN INSTITUCIONAL)'; nivel académico 'Máster - RD 822/2021 (3)'; verificación 12/12/2024","campus, ECTS, start dates, language, fees, admission and bridging courses https://www.upc.edu/en/masters/artificial-intelligence-for-connected-industries-ai4ci 2026-08-29 | per-credit price table (19.37 EU / 45.00 non-EU), additional enrolment taxes https://www.upc.edu/ca/masters/preus-i-beques 2026-08-29 | non-EU non-resident status and the 218.15 EUR foreign-degree equivalence study https://www.upc.edu/sga/ca/shared/fitxers-matricula/decret-de-preus/decret-96-2026-de-preus-publics.pdf 2026-08-29 | official status, MECES 3, 120 ECTS, complementos formativos = 0 https://www.educacion.gob.es/ruct/estudio.action?codigoCiclo=SC&codigoTipo=M&CodigoEstudio=3500437&actual=estudios 2026-08-29 | stale 102.52 EUR/credit FAQ figure (CONFLICT) https://www.upc.edu/en/masters/access-admission-enrolment/frequently-asked-questions 2026-08-29",1
"Universitat Politècnica de Catalunya (UPC), Barcelona",Máster Universitario en Tecnologías Avanzadas de Telecomunicación / Master's degree in Advanced Telecommunication Technologies (MATT),C,YES,February (second cohort start); September is the main start,"Duration and start date: 1 academic year, 60 ECTS credits. Starting February and September || 'New intake places: 40 in September; 20 in February' — the page states a separate, explicitly sized February cohort, which is decisive evidence of a genuine second cohort start rather than a second application round.",2 (September and February),September (autumn semester),"5 October – 9 December 2026 pre-inscription for the SPRING (February) semester of curso 2026-27; admission decisions published by 15 January 2027; spring enrolment 25 January – 12 February 2027. These are the published 2026-27 dates and have NOT been shifted forward — the equivalent Oct–Dec 2027 window for a February 2028 start is not yet published. NOTE: UPC warns 'Centers can establish their pre-inscription periods', so the school's own window may differ.","máster universitario (OFFICIAL) — RUCT 4316793; UPC page states 'Official degree — Recorded in the Ministry of Science, Innovation and Universities'",4316793,"presencial (face-to-face), afternoons. Taught at Barcelona School of Telecommunications Engineering (ETSETB) and Castelldefels School of Telecommunications and Aerospace Engineering (EETAC).",English ('Language of instruction: English' on the UPC programme page),"EUR 1,162 approx (EU/resident) / EUR 2,700 (non-EU non-resident) for the full 60-ECTS degree, per upc.edu programme page; rate year not stated.",https://www.upc.edu/en/masters/advanced-telecommunication-technologies,"UPC official master's academic calendar 2026-2027, '1. Pre-inscription periods for master's studies / New students': 'Autumn semester and, if applicable, in the spring semester — Pre-inscription: January 8 to July 1, 2026; Publication of admitted students (conditionally and definitively): deadline July 17, 2026. Spring semester — Pre-inscription: October 5 to December 9, 2026; Publication of admitted students (conditionally and definitely): deadline January 15, 2027.' Enrolment, spring semester: 'January 25 to February 12, 2027'.","NEW FIND — this programme was NOT in verified.jsonl or in the deferred candidates' intake prose; it surfaced only by sweeping every UPC master's page in the nine fields after the dataset flagged UPC as a two-intake institution. The February places figure (20) is published separately from the September figure (40). Admission is restricted to telecommunications/audiovisual/electronic-systems/network engineering bachelors, so a Software Engineering graduate is NOT on the direct-admission list — flag. || PRACTICAL VALUE FOR THE CANDIDATE: a February 2027 start would begin ~7 months before the September 2027 target, and its application deadline (9 Dec 2026) falls comfortably after the Aug-2026 degree completion. A February 2028 start is the fallback if a Sept-2027 application fails.",YES,,from-dataset,1,Barcelona AND Castelldefels (jointly taught — courses are taken at both schools),Cataluña / Catalunya,"Joint ETSETB (Escola Tècnica Superior d'Enginyeria de Telecomunicació de Barcelona — Campus Nord, Barcelona) + EETAC (Castelldefels). Fitxa 'Location' names BOTH schools; concentrations are 'technical and technological specialisation at the ETSETB or cross-disciplinary courses at the EETAC'",Universitat Politècnica de Catalunya (UPC),public university,3,7,"EHEA level 7 (Bologna) — academic recognition across the EHEA. Official máster universitario, MECES 3 = EQF/EHEA 7, in RUCT, automatic European Diploma Supplement, gives access to official doctoral study. Two limits stated rather than glossed: (1) EHEA academic recognition is not PROFESSIONAL recognition for a regulated profession, which runs through Directive 2005/36/EC and a separate national procedure; (2) recognition abroad still goes through the receiving country's own procedure — the EHEA makes it routine, not automatic.",YES,YES,"EUR 1,162 (2026-27 rates) — 60 ECTS x 19.37 EUR/credit = 1,162.20","EUR 2,700 (2026-27 rates) — 60 ECTS x 45.00 EUR/credit = 2,700.00; UPC fitxa prints '€1,162 (€2,700 for non-EU residents)' — matches",2026-27,"EUR 218.15 compulsory study of equivalence of a non-EU foreign degree for access to a máster universitario (Decret 96/2026 §7.4.1, 'Estudi d'equivalència de títol d'estudis estrangers de fora de la Unió Europea per a l'accés als estudis de màster universitari: 218,15 euros') — unavoidable for this Tunisian degree; + academic-record management 54.54 €/semester or 69.80 €/year; + learning-support resources 35.00 €/semester or 70.00 €/year; + 218.15 € issuing of the official degree certificate WITH the European Diploma Supplement (Decret 96/2026 §4.1); + a non-refundable 300 € advance payment on accepting the admission offer. The programme fitxa's headline figure explicitly 'does not include non-teaching academic fees and issuing of the degree certificate'. UPC's own all-in estimate table (which does include the main taxes) gives 3,200 € (60 ECTS) / 4,600 € (90) / 6,100 € (120) for a non-EU non-resident.",,https://www.educacion.gob.es/ruct/estudio.action?codigoCiclo=SC&codigoTipo=M&CodigoEstudio=4316793&actual=estudios,"máster universitario (OFFICIAL) — fitxa: 'Official degree. Recorded in the Ministry of Science, Innovation and Universities'; RUCT estado 'Publicado en B.O.E. (TITULACIÓN RENOVADA POR ACREDITACIÓN INSTITUCIONAL)'; verificación 27/11/2018","campus (both schools), ECTS, start dates, intake places, language, fees, admission https://www.upc.edu/en/masters/advanced-telecommunication-technologies 2026-08-29 | per-credit price table (19.37 EU / 45.00 non-EU), additional enrolment taxes https://www.upc.edu/ca/masters/preus-i-beques 2026-08-29 | non-EU non-resident status and the 218.15 EUR foreign-degree equivalence study https://www.upc.edu/sga/ca/shared/fitxers-matricula/decret-de-preus/decret-96-2026-de-preus-publics.pdf 2026-08-29 | official status, MECES 3, 60 ECTS, complementos row absent https://www.educacion.gob.es/ruct/estudio.action?codigoCiclo=SC&codigoTipo=M&CodigoEstudio=4316793&actual=estudios 2026-08-29 | stale 102.52 EUR/credit FAQ figure (CONFLICT) https://www.upc.edu/en/masters/access-admission-enrolment/frequently-asked-questions 2026-08-29",1
Universitat Politècnica de Catalunya (UPC),UPC-wide QP (quadrimestre de primavera / spring semester) master's pre-enrolment mechanism,,"YES — the mechanism exists UPC-wide, but it is NOT school-wide in application",February,per al quadrimestre de primavera: de la 1a setmana d'octubre fins a la 1a setmana de desembre,2 preinscripció windows UPC-wide (QT autumn / QP spring); which masters open in QP is decided per master by each school,QT autumn: preinscripció 1st week of January to mid-July; start September,UPC-wide framework window: first week of October to first week of December (schools set their own narrower periods inside it),"n/a — institutional mechanism, not a programme",,n/a,n/a,n/a,https://www.upc.edu/en/masters/access-admission-enrolment/frequently-asked-questions,"EN (UPC central FAQ): 'The general pre-enrolment dates in the UPC's academic calendar are, for the autumn semester, from the first week in January until the middle of July and, for the spring semester, from the first week in October until the first week in December. Within these dates, the school or university research institute may establish its own pre-enrolment periods.' | CA (same FAQ): 'Les dates generals de la preinscripcio estan fixades a nivell general al calendari academic de la UPC i son, per al quadrimestre de tardor: de la 1a setmana de gener fins a mitjans de juliol. Per al quadrimestre de primavera: de la 1a setmana d'octubre fins a la 1a setmana de desembre.' | UPC academic regulation (SGA): 'En el cas dels masters amb matricula d'estudiants de nou ingres al quadrimestre de primavera, se'ls admetra definitivament si en data 28 de febrer han obtingut el titol de grau.' -- i.e. UPC's own normative explicitly contemplates NEW-ENTRY (nou ingres) students enrolling in the spring semester, not merely continuing students.","VERDICT ON THE SWEEP'S CLAIM: the February (QP) entry is a GENUINE new-student cohort start, not a second-semester continuation and not a late round into the autumn cohort -- UPC's academic regulation uses the phrase 'matricula d'estudiants de nou ingres al quadrimestre de primavera' and schools publish separate Feb admission calendars, separate resolution dates and separate matricula days. HOWEVER the claim that UPC runs a 'school-wide February intake ... covering at least 10 official master universitario programmes including Artificial Intelligence, Ingenieria Informatica, Telecomunicaciones, Aplicaciones y Tecnologias para Internet and Tecnologias Avanzadas' is NOT SUPPORTED. QP admission is opened master-by-master by each school, and the schools that publish a Feb calendar name only a small subset. Also: the 'QT-September or QP-February' quote attributed in the sweep to FIB does NOT appear on FIB's pre-enrolment page; it is on the FOOT (Terrassa School of Optics and Optometry) page for the Master's degree in Optometry and Vision Sciences. FIB's own current pre-enrolment page publishes ONE admission calendar only, for a September start.",YES — THE,,upc-verification,1,,,,,,,,,,,,,,,,,,,1
Universidad Internacional de Valencia (VIU),Máster Universitario en Big Data y Ciencia de Datos,AB | AA,YES,April,'Convocatoria abril 26/27' — calendar PDF headed 'Planificación General / Máster / ABRIL 2026/27'. Exact day NOT PUBLISHED (colour-coded cell).,"2 ('Convocatoria octubre' and 'Convocatoria abril', each with its own full-year academic calendar)",October — currently promoted on the page as 'Oct. 2026',NOT FOUND — VIU publishes no closing date for either convocatoria,máster universitario (OFFICIAL) — page states 'Máster Universitario Oficial ... certificado y verificado por la ANECA y el Ministerio de Universidades',4317654,100% online,"Español (header badge 'Español'; page JSON-LD '""inLanguage"": ""es""')","NOT FOUND on the page (VIU quotes by advisor; page advertises 'Apertura de expediente gratuita y hasta un 33% de descuento', '5% adicional por pago al contado', '5% adicional por pago en dos plazos', 'Financiación a 36 meses sin intereses')",https://www.universidadviu.com/es/master-universitario-big-data-data-science,"Every VIU máster page publishes TWO separate academic calendars per academic year, listed under 'Calendarios académicos' — VERBATIM: 'Convocatoria octubre 26/27 ... Convocatoria abril 26/27 ... Convocatoria octubre 25/26 ... Convocatoria abril 25/26'. The April calendar PDF is a full standalone annual plan, headed VERBATIM 'Planificación General / Máster / ABRIL 2026/27', and its month grid runs April 2026 → April 2027 with legend entries 'Inicio del primer cuatrimestre', 'Inicio del segundo cuatrimestre', 'Tutoría inicial a cargo del Director/a de Título' and 'Períodos de TFM'. The Big Data programme's own April calendar is headed 'Máster Universitario en Big Data y Ciencia de Datos — ABRIL 2026/27 - Complementos Formativos' with legend 'Inicio de los Complementos Formativos' and a grid opening in February 2026, i.e. the bridging credits run BEFORE the April cohort's first cuatrimestre. VIU's central calendar page hosts the pair as separate general master calendars: '04_26 CG Máster.pdf' and '10_26 CG Máster.pdf'. Programme header badge as at 2026-08-29 (October convocatoria currently on sale): 'PLAZAS LIMITADAS | Oct. 2026 | 60 ECTS | Oficial | 100% online | Español'; JSON-LD on the page carries '""startDate"": ""Oct. 2026""'.","VERDICT: YES — a genuine second cohort start in APRIL, and the strongest structural evidence in this slice. It is not a 'second cuatrimestre' entry: VIU publishes a COMPLETE, SEPARATE annual academic plan for the April convocatoria ('Planificación General Máster ABRIL 2026/27', running April→April) alongside the October one, and it does so per programme as well as centrally. An April entrant follows their own first and second cuatrimestre, their own TFM period and their own complementos-formativos block — that is a cohort, not a mid-year join. EXACT DAY NOT FOUND: VIU's calendars are colour-coded graphics; the day cell marked 'Inicio del primer cuatrimestre' does not survive text extraction, and no VIU page prints the April start as a date. The best indirect evidence is the April 2026 Big Data calendar PDF's own filename and document title, '04_26 MU_Big Data y Ciencia de Datos (15-4-26)', with PDF CreationDate 15 April 2026 — consistent with a mid-April start, but recorded as indicative, NOT as the published start date. CYCLE NOTE FOR A SEPTEMBER-2027 TARGET: the currently published April calendar is 'abril 26/27', i.e. the cohort that started April 2026. The relevant one for this candidate would be the April 2027 ('abril 27/28') convocatoria, whose calendar was not yet published as at 2026-08-29. VIU's publication pattern (25/26 and 26/27 both present) makes its existence very likely but it is not yet a documented fact. APPLICATION DEADLINE: NOT FOUND. VIU publishes no closing date for either convocatoria; it markets on 'PLAZAS LIMITADAS' and rolling advisor-led admission. LANGUAGE: Spanish only ('Español' in the header badge, 'inLanguage: es' in the page's JSON-LD) — a hard filter for this candidate at A0/A1. COMPLEMENTOS: the plan lists 'Complementos Formativos — Herramientas de Programación (6), Herramientas de BBDD (6), Herramientas de Est...' required for applicants outside the direct-access degrees; a Software Engineering graduate has 'reconocimiento de enseñanzas previa' direct access, so these should not apply — VERIFY with VIU. The April cohort's complementos calendar starts in FEBRUARY, two months before the April cuatrimestre, so an April entrant needing CF actually starts in February.",YES,,"online, privates",2,ONLINE,Comunitat Valenciana (awarding university's seat: Valencia),"100% online, no campus attendance; VIU seat Valencia (footer: 'VIU Universidad Internacional de Valencia. Planeta Formación y Universidades'); RUCT records the title's CCAA as 'Valenciana'",Universitat Internacional Valenciana / Valencian International University S.L. (VIU),"private university — a commercial company (S.L.) owned by Grupo Planeta / Planeta Formación y Universidades. It publishes no tuition tariff at all (see tuition fields), which is a private-sector practice, not a public one.",3,7,"EHEA level 7 (Bologna) — academic recognition across the EHEA. Evidence: RUCT 4317654, MECES nivel 3 (= EQF/EHEA 7), Máster Universitario RD 822/2021, ANECA-verified. CAVEATS: academic recognition inside the EHEA is not professional recognition for a regulated profession (Directive 2005/36/EC, separate national process); and recognition abroad still requires the receiving country's own procedure — the EHEA makes it routine, not automatic.","NOT FOUND on the programme page — not stated. (Spanish official masters carry the Suplemento Europeo al Título as of right, but VIU does not say so here, so this is recorded as not sourced rather than as YES.)",YES — VIU runs its own Escuela de Doctorado including a 'Programa de Doctorado en Ciencia de Datos y Big Data',"NOT FOUND — VIU publishes NO price for this or any master. The programme page's 'CONDICIONES ECONÓMICAS' block lists only discounts and financing (apertura de expediente gratuita, 'hasta un 33% de descuento', 20-22% docencia discount, 10% for pago al contado, 5% for two instalments, 36-month interest-free financing to 28/08/2026, FUNDAE, Becas MEC 2026-2027) and never a base figure. VIU states its own policy verbatim on its own domain: 'Los precios de los títulos de VIU pueden ser consultados con los Asesores Educativos, quienes elaboran una propuesta personalizada basada en las necesidades y particularidades de cada estudiante.' Aggregators quote 75-90 EUR/credit; that is NOT primary-sourced and has NOT been recorded.","NOT FOUND — the page is SILENT on any non-EU differential, which per the brief is NOT the same as 'no surcharge'. No 'extracomunitario' or 'no residente' pricing row exists anywhere on VIU's site. VIU does publish a separate 'Requisitos de Acceso a Máster Oficial VIU (Países No U.E.)' document, so it distinguishes non-EU applicants for admissions purposes — but says nothing about their price.",N/A — no rates published,"NOT FOUND — no matriculation or expediente fee amount is published; the page only says 'Apertura de expediente gratuita' as a time-limited promotion to 28/08/2026, which implies a normal fee exists but does not state it.",RUCT: nivel académico 'Máster - RD 822/2021 (3)'; verificación 22/01/2021; BOE 15/01/2022 and 12/02/2024; estado 'Publicado en B.O.E.',,"máster universitario (OFFICIAL) — page header chip 'Oficial'; 'Este máster oficial consta de 60 ECTS'. The page's own 'Documentación Oficial' block links the Memoria Verificada, ANECA informe favorable, Resolución del Consejo de Universidades, BOE and DOGV publications and the RUCT entry.","official status, ECTS breakdown, complementos formativos, access routes, language, modality, April and October convocatorias, RUCT deep link, economic conditions block https://www.universidadviu.com/es/master-universitario-big-data-data-science 2026-08-29 | VIU publishes no price; 'Los precios de los títulos de VIU pueden ser consultados con los Asesores Educativos' https://www.universidadviu.com/es/actualidad/noticias/la-viu-no-sube-los-precios-y-comienza-la-preinscripcion 2026-08-29 | two convocatorias a year: Calendario académico Máster Abril 2026 / Octubre 2026 https://www.universidadviu.com/es/calendario-academico 2026-08-29 | RUCT code, MECES 3, RD 822/2021, ECTS, BOE dates https://www.educacion.gob.es/ruct/estudio.action?codigoCiclo=SC&codigoTipo=M&CodigoEstudio=4317654&actual=estudios 2026-08-29",2
Universidad Internacional de Valencia (VIU),Máster Universitario en Ciberseguridad,AC,YES,April,'Convocatoria abril 26/27' — calendar PDF headed 'Planificación General / Máster / ABRIL 2026/27'. Exact day NOT PUBLISHED (colour-coded cell).,"2 ('Convocatoria octubre' and 'Convocatoria abril', each with its own full-year academic calendar)",October — currently promoted on the page as 'Oct. 2026',NOT FOUND — VIU publishes no closing date for either convocatoria,máster universitario (OFFICIAL) — page states 'Máster Universitario Oficial ... certificado y verificado por la ANECA y el Ministerio de Universidades',4317692,100% online,"Español (header badge 'Español'; page JSON-LD '""inLanguage"": ""es""')","NOT FOUND on the page (VIU quotes by advisor; page advertises 'Apertura de expediente gratuita y hasta un 33% de descuento', '5% adicional por pago al contado', '5% adicional por pago en dos plazos', 'Financiación a 36 meses sin intereses')",https://www.universidadviu.com/es/master-ciberseguridad,"Every VIU máster page publishes TWO separate academic calendars per academic year, listed under 'Calendarios académicos' — VERBATIM: 'Convocatoria octubre 26/27 ... Convocatoria abril 26/27 ... Convocatoria octubre 25/26 ... Convocatoria abril 25/26'. The April calendar PDF is a full standalone annual plan, headed VERBATIM 'Planificación General / Máster / ABRIL 2026/27', and its month grid runs April 2026 → April 2027 with legend entries 'Inicio del primer cuatrimestre', 'Inicio del segundo cuatrimestre', 'Tutoría inicial a cargo del Director/a de Título' and 'Períodos de TFM'. The Big Data programme's own April calendar is headed 'Máster Universitario en Big Data y Ciencia de Datos — ABRIL 2026/27 - Complementos Formativos' with legend 'Inicio de los Complementos Formativos' and a grid opening in February 2026, i.e. the bridging credits run BEFORE the April cohort's first cuatrimestre. VIU's central calendar page hosts the pair as separate general master calendars: '04_26 CG Máster.pdf' and '10_26 CG Máster.pdf'. Programme header badge as at 2026-08-29 (October convocatoria currently on sale): 'PLAZAS LIMITADAS | Oct. 2026 | 60 ECTS | Oficial | 100% online | Español'; JSON-LD on the page carries '""startDate"": ""Oct. 2026""'.","VERDICT: YES — a genuine second cohort start in APRIL, and the strongest structural evidence in this slice. It is not a 'second cuatrimestre' entry: VIU publishes a COMPLETE, SEPARATE annual academic plan for the April convocatoria ('Planificación General Máster ABRIL 2026/27', running April→April) alongside the October one, and it does so per programme as well as centrally. An April entrant follows their own first and second cuatrimestre, their own TFM period and their own complementos-formativos block — that is a cohort, not a mid-year join. EXACT DAY NOT FOUND: VIU's calendars are colour-coded graphics; the day cell marked 'Inicio del primer cuatrimestre' does not survive text extraction, and no VIU page prints the April start as a date. The best indirect evidence is the April 2026 Big Data calendar PDF's own filename and document title, '04_26 MU_Big Data y Ciencia de Datos (15-4-26)', with PDF CreationDate 15 April 2026 — consistent with a mid-April start, but recorded as indicative, NOT as the published start date. CYCLE NOTE FOR A SEPTEMBER-2027 TARGET: the currently published April calendar is 'abril 26/27', i.e. the cohort that started April 2026. The relevant one for this candidate would be the April 2027 ('abril 27/28') convocatoria, whose calendar was not yet published as at 2026-08-29. VIU's publication pattern (25/26 and 26/27 both present) makes its existence very likely but it is not yet a documented fact. APPLICATION DEADLINE: NOT FOUND. VIU publishes no closing date for either convocatoria; it markets on 'PLAZAS LIMITADAS' and rolling advisor-led admission. LANGUAGE: Spanish only ('Español' in the header badge, 'inLanguage: es' in the page's JSON-LD) — a hard filter for this candidate at A0/A1. Confirmed to carry the same four calendars. Coded AC as the closest VIU title to cloud/infrastructure; it is a security master, not a DevOps/SRE one.",YES,,"online, privates",2,ONLINE,Comunitat Valenciana (awarding university's seat: Valencia),"100% online, no campus attendance; VIU seat Valencia; RUCT records the title's CCAA as 'Valenciana'",Universitat Internacional Valenciana / Valencian International University S.L. (VIU),private university — commercial company (S.L.) owned by Grupo Planeta / Planeta Formación y Universidades. Publishes no tuition tariff at all.,3,7,"EHEA level 7 (Bologna) — academic recognition across the EHEA. Evidence: RUCT 4317692, MECES nivel 3 (= EQF/EHEA 7), Máster Universitario. CAVEATS: EHEA academic recognition is not professional recognition for a regulated profession (Directive 2005/36/EC, separate national process); recognition abroad still requires the receiving country's own procedure — the EHEA makes it routine, not automatic.",NOT FOUND on the programme page,YES — VIU operates an Escuela de Doctorado,"NOT FOUND — VIU publishes no price. 'CONDICIONES ECONÓMICAS' lists only: 'Apertura de expediente gratuita hasta el 28/08/2026', '20% de descuento en docencia hasta el 28/08/2026', '10% adicional por pago al contado', '5% adicional por pago en dos plazos', 'Financiación a 36 meses sin intereses hasta el 28/08/2026', FUNDAE formación bonificada, 'Becas del MEC Convocatoria General Becas curso 2026-2027'. No base figure anywhere. VIU's stated policy: prices 'pueden ser consultados con los Asesores Educativos, quienes elaboran una propuesta personalizada'.",NOT FOUND — page SILENT on any non-EU differential. Silence is NOT 'no surcharge'. The string 'extracomunitario' does not appear on the page at all.,N/A — no rates published,NOT FOUND — amount of the normal expediente fee not published; only the promotional waiver to 28/08/2026 is stated.,RUCT: 'Máster - RD 1393/2007 (1)'; verificación 22/01/2021; BOE 15/01/2022 and 12/02/2024; estado 'Publicado en B.O.E.',,máster universitario (OFFICIAL) — header chip 'Oficial'; page carries a 'DOCUMENTACIÓN OFICIAL' section,"official status, language chip 'Castellano', 9-month duration, 60 ECTS, plan de estudios, April and October convocatorias, economic conditions, target profile, non-EU access documents https://www.universidadviu.com/es/master-ciberseguridad 2026-08-29 | CORRECT RUCT code 4317692, MECES 3, RD 1393/2007, ECTS, BOE dates — used in place of the page's mis-targeted RUCT link https://www.educacion.gob.es/ruct/estudio.action?codigoCiclo=SC&codigoTipo=M&CodigoEstudio=4317692&actual=estudios 2026-08-29 | VIU publishes no price; prices only via Asesores Educativos https://www.universidadviu.com/es/actualidad/noticias/la-viu-no-sube-los-precios-y-comienza-la-preinscripcion 2026-08-29 | two master convocatorias a year (Abril / Octubre) https://www.universidadviu.com/es/calendario-academico 2026-08-29",1
Universidad Internacional de Valencia (VIU),Máster Universitario en Inteligencia Artificial,AA,YES,April,'Convocatoria abril 26/27' — calendar PDF headed 'Planificación General / Máster / ABRIL 2026/27'. Exact day NOT PUBLISHED (colour-coded cell).,"2 ('Convocatoria octubre' and 'Convocatoria abril', each with its own full-year academic calendar)",October — currently promoted on the page as 'Oct. 2026',NOT FOUND — VIU publishes no closing date for either convocatoria,máster universitario (OFFICIAL) — page states 'Máster Universitario Oficial ... certificado y verificado por la ANECA y el Ministerio de Universidades',4317649,100% online,"Español (header badge 'Español'; page JSON-LD '""inLanguage"": ""es""')","NOT FOUND on the page (VIU quotes by advisor; page advertises 'Apertura de expediente gratuita y hasta un 33% de descuento', '5% adicional por pago al contado', '5% adicional por pago en dos plazos', 'Financiación a 36 meses sin intereses')",https://www.universidadviu.com/es/master-inteligencia-artificial,"Every VIU máster page publishes TWO separate academic calendars per academic year, listed under 'Calendarios académicos' — VERBATIM: 'Convocatoria octubre 26/27 ... Convocatoria abril 26/27 ... Convocatoria octubre 25/26 ... Convocatoria abril 25/26'. The April calendar PDF is a full standalone annual plan, headed VERBATIM 'Planificación General / Máster / ABRIL 2026/27', and its month grid runs April 2026 → April 2027 with legend entries 'Inicio del primer cuatrimestre', 'Inicio del segundo cuatrimestre', 'Tutoría inicial a cargo del Director/a de Título' and 'Períodos de TFM'. The Big Data programme's own April calendar is headed 'Máster Universitario en Big Data y Ciencia de Datos — ABRIL 2026/27 - Complementos Formativos' with legend 'Inicio de los Complementos Formativos' and a grid opening in February 2026, i.e. the bridging credits run BEFORE the April cohort's first cuatrimestre. VIU's central calendar page hosts the pair as separate general master calendars: '04_26 CG Máster.pdf' and '10_26 CG Máster.pdf'. Programme header badge as at 2026-08-29 (October convocatoria currently on sale): 'PLAZAS LIMITADAS | Oct. 2026 | 60 ECTS | Oficial | 100% online | Español'; JSON-LD on the page carries '""startDate"": ""Oct. 2026""'.","VERDICT: YES — a genuine second cohort start in APRIL, and the strongest structural evidence in this slice. It is not a 'second cuatrimestre' entry: VIU publishes a COMPLETE, SEPARATE annual academic plan for the April convocatoria ('Planificación General Máster ABRIL 2026/27', running April→April) alongside the October one, and it does so per programme as well as centrally. An April entrant follows their own first and second cuatrimestre, their own TFM period and their own complementos-formativos block — that is a cohort, not a mid-year join. EXACT DAY NOT FOUND: VIU's calendars are colour-coded graphics; the day cell marked 'Inicio del primer cuatrimestre' does not survive text extraction, and no VIU page prints the April start as a date. The best indirect evidence is the April 2026 Big Data calendar PDF's own filename and document title, '04_26 MU_Big Data y Ciencia de Datos (15-4-26)', with PDF CreationDate 15 April 2026 — consistent with a mid-April start, but recorded as indicative, NOT as the published start date. CYCLE NOTE FOR A SEPTEMBER-2027 TARGET: the currently published April calendar is 'abril 26/27', i.e. the cohort that started April 2026. The relevant one for this candidate would be the April 2027 ('abril 27/28') convocatoria, whose calendar was not yet published as at 2026-08-29. VIU's publication pattern (25/26 and 26/27 both present) makes its existence very likely but it is not yet a documented fact. APPLICATION DEADLINE: NOT FOUND. VIU publishes no closing date for either convocatoria; it markets on 'PLAZAS LIMITADAS' and rolling advisor-led admission. LANGUAGE: Spanish only ('Español' in the header badge, 'inLanguage: es' in the page's JSON-LD) — a hard filter for this candidate at A0/A1. Confirmed to carry the same four calendars ('Convocatoria abril 25/26', 'abril 26/27', 'octubre 25/26', 'octubre 26/27'). JSON-LD: '""startDate"": ""Oct. 2026""', '""courseMode"": ""Online""'.",YES,,"online, privates",2,ONLINE,Comunitat Valenciana (awarding university's seat: Valencia),"100% online, no campus attendance; VIU seat Valencia; RUCT records the title's CCAA as 'Valenciana'",Universitat Internacional Valenciana / Valencian International University S.L. (VIU),private university — commercial company (S.L.) owned by Grupo Planeta / Planeta Formación y Universidades. Publishes no tuition tariff at all.,3,7,"EHEA level 7 (Bologna) — academic recognition across the EHEA. Evidence: RUCT 4317649, MECES nivel 3 (= EQF/EHEA 7), Máster Universitario RD 822/2021, ANECA-verified (Informe modificación ANECA 2022 published by VIU). CAVEATS: EHEA academic recognition is not professional recognition for a regulated profession (Directive 2005/36/EC, separate national process); recognition abroad still requires the receiving country's own procedure.",NOT FOUND on the programme page,YES — VIU operates an Escuela de Doctorado (programmes include Ciencia de Datos y Big Data),"NOT FOUND — VIU publishes no price. The 'CONDICIONES ECONÓMICAS' block gives only discounts and financing: 'Apertura de expediente gratuita hasta el 28/08/2026', '22% de descuento en docencia hasta el 28/08/2026', '10% adicional por pago al contado', '5% adicional por pago en 2 veces', 'Financiación a 36 meses sin intereses hasta el 28/08/2026', FUNDAE, 'Becas del MEC Convocatoria General Becas curso 2026-2027' — never a base figure. VIU's own statement: prices 'pueden ser consultados con los Asesores Educativos, quienes elaboran una propuesta personalizada'. Aggregator figures exist and were deliberately NOT used.",NOT FOUND — the page is SILENT on any non-EU differential. Silence is NOT 'no surcharge'. VIU publishes a separate 'Requisitos de Acceso a Máster Oficial VIU (Países No U.E.)' document for admissions but no non-EU price row anywhere.,N/A — no rates published,"NOT FOUND — 'Apertura de expediente gratuita' is a promotion running to 28/08/2026, implying a normal expediente fee exists, but its amount is not published.",RUCT: 'Máster - RD 822/2021 (3)'; verificación 22/01/2021; BOE 15/01/2022 and 12/02/2024; page links BOE-A-2022-619; estado 'Publicado en B.O.E.',,"máster universitario (OFFICIAL) — header chip 'Oficial'; 'un título oficial de 60 ECTS'. The page's 'Documentación Oficial y Normativa' block links: Memoria Verificada del MU Inteligencia Artificial, Informe Favorable, Informe modificación ANECA 2022, Resolución Consejo de Universidades, Publicación BOE, Publicación DOGV, and 'Registro de Título Oficial en el RUCT'.","official status, documentación oficial block, ECTS breakdown, complementos formativos, economic conditions, April and October convocatorias, RUCT deep link, absence of a language chip https://www.universidadviu.com/es/master-inteligencia-artificial 2026-08-29 | VIU publishes no price; prices only via Asesores Educativos https://www.universidadviu.com/es/actualidad/noticias/la-viu-no-sube-los-precios-y-comienza-la-preinscripcion 2026-08-29 | two master convocatorias a year (Abril / Octubre) https://www.universidadviu.com/es/calendario-academico 2026-08-29 | RUCT code, MECES 3, RD 822/2021, ECTS, BOE dates https://www.educacion.gob.es/ruct/estudio.action?codigoCiclo=SC&codigoTipo=M&CodigoEstudio=4317649&actual=estudios 2026-08-29",2
Universidad Internacional de Valencia (VIU),Máster Universitario en Interpretación e Investigación Musical (page also indexed as 'Máster en Composición Musical'),A | B,YES,April,'Convocatoria abril 26/27' — 'Calendario M. Investigación Musical Abril 26'. Exact day NOT PUBLISHED.,"2 (April and October, each with its own published academic calendar; both 25/26 and 26/27 pairs are online)","October — JSON-LD '""startDate"": ""Oct. 2026""'",NOT FOUND,"máster universitario (OFFICIAL) — page: 'Se trata de un Máster Universitario Oficial de 60 créditos ECTS, certificado y verificado por la ANECA y el Ministerio de Universidades.'",4318085 (carried from wave-2 verified.jsonl under the name 'Máster Universitario en Composición Musical'; the live page now names the title 'Interpretación e Investigación Musical' — FLAG: name/code pairing NOT re-confirmed in this pass),100% online (page: 'se ofrece en modalidad online'),Español,NOT FOUND,https://www.universidadviu.com/es/master-composicion-musical,"Under 'Calendarios Académicos' the page lists VERBATIM: 'Convocatoria octubre 26/27 — Calendario M. Investigación Musical Octubre 26 (investigación) / Calendario M. Investigación Musical Octubre 26 (interpretación) ... Convocatoria abril 26/27 — Calendario M. Investigación Musical Abril 26 ... Convocatoria octubre 25/26 ... Convocatoria abril 25/26 — Calendario M. Investigación Musical Abril 25'. Plan: 'El programa consta de 60 créditos ECTS distribuidos en un módulo común y dos especialidades. ... Obligatorias 27, Optativas 33'.","Same VIU two-convocatoria structure as its technical masters: a full separate April academic calendar, not a mid-year join. Two specialities (interpretación / investigación) with separate calendars. The title carries an audition-style specialisation in interpretación; the investigación track is the plausible route for a producer. NAME/RUCT MISMATCH FLAGGED, not resolved: wave-2 recorded this URL as 'Máster Universitario en Composición Musical' RUCT 4318085, while the page as served on 2026-08-29 is titled 'Máster Universitario en Interpretación e Investigación Musical'. A human should re-check which RUCT code the live title carries.",YES,,"online, path-A, privates",3,ONLINE,Comunitat Valenciana (awarding university's seat: Valencia),"Online ('Virtual'), BUT NOT fully — the plan de estudios marks 'Prácticas Externas (Presencial)' 9 ECTS optativa and 'Trabajo Fin de Máster (Presencial)' 6 ECTS as PRESENCIAL. Attendance in Spain is therefore required for the TFM; this is the one programme in the batch that is not purely remote.",Universitat Internacional Valenciana / Valencian International University S.L. (VIU),private university — commercial company (S.L.) owned by Grupo Planeta / Planeta Formación y Universidades. Publishes no tuition tariff at all.,3,7,"EHEA level 7 (Bologna) — academic recognition across the EHEA. Evidence: RUCT 4313741, MECES nivel 3 (= EQF/EHEA 7), Máster Universitario, ANECA-certified with two accreditation renewals. IMPORTANT SCOPE LIMIT: VIU markets this master's value as Spanish-domestic — 'concede puntos en las oposiciones, convocatorias de contratación o concursos para cuerpos de profesores de enseñanza secundaria, así como en enseñanzas profesionales y superiores de música' and possible entry requirement for 'catedráticos de Música y Artes Escénicas'. Those are SPANISH public-employment merits, not European recognition, and VIU itself footnotes that they depend on each autonomous community's convocatorias. The EHEA level-7 academic recognition is real and separate from that. Neither is professional recognition under Directive 2005/36/EC.",NOT FOUND on the programme page,"YES — page states the Investigación speciality is 'Orientada al perfil académico, la musicología y el acceso directo a programas de Doctorado (PhD)'","NOT FOUND — VIU publishes no price. The page advertises 'Apertura de expediente gratuita y hasta un 38% de descuento' and 36-month interest-free financing, but no base figure. VIU's own statement: prices 'pueden ser consultados con los Asesores Educativos, quienes elaboran una propuesta personalizada'.",NOT FOUND — page SILENT on any non-EU differential. Silence is NOT 'no surcharge'.,N/A — no rates published,NOT FOUND — normal expediente fee amount not published; only the promotional waiver.,RUCT 4313741: 'Máster - RD 1393/2007 (1)'; verificación 06/05/2013; BOE 12/08/2014 and 12/02/2024; Resoluciones Favorables para la Renovación de la Acreditación 23/06/2017 and 26/04/2021; estado 'Publicado en B.O.E. (TITULACIÓN RENOVADA)',,máster universitario (OFFICIAL) — header chip 'Oficial'; verbatim: 'El Máster Universitario en Interpretación e Investigación Musical es una titulación oficial certificada por ANECA'. Page links its 'Informe verificacion 2013.pdf' and 'publicacion_boe.pdf'.,"official status and ANECA certification, specialities, PhD access statement, presencial TFM and prácticas, April and October convocatorias, oposiciones merit claim, RUCT deep link, verificación and BOE PDFs https://www.universidadviu.com/es/master-composicion-musical 2026-08-29 | CORRECTED RUCT code 4313741, MECES 3, ECTS breakdown, verificación 06/05/2013, BOE and accreditation dates https://www.educacion.gob.es/ruct/estudio.action?codigoCiclo=SC&codigoTipo=M&CodigoEstudio=4313741&actual=estudios 2026-08-29 | evidence that the input hint 4318085 is a different title (Composición Musical) https://www.educacion.gob.es/ruct/estudio.action?codigoCiclo=SC&codigoTipo=M&CodigoEstudio=4318085&actual=estudios 2026-08-29 | VIU publishes no price; prices only via Asesores Educativos https://www.universidadviu.com/es/actualidad/noticias/la-viu-no-sube-los-precios-y-comienza-la-preinscripcion 2026-08-29 | two master convocatorias a year (Abril / Octubre) https://www.universidadviu.com/es/calendario-academico 2026-08-29",1
