institution,programme_name,path_codes,spring_intake,start_month,start_date_verbatim,intakes_per_year,other_intakes,application_deadline_for_spring_intake,official_status,ruct_code,modality,language_of_instruction,tuition_total_eur,url,evidence_verbatim,notes,_verdicts_seen,_disagreement,_slices,_times_checked
"CEI — Centro de Estudios de Innovación (escuela privada de diseño y tecnología, grupo Omnes Education; sedes Madrid, Sevilla, Valencia)",Máster en Big Data e Inteligencia Artificial (IA),AA | AB,YES,January (also April and June),"«Existen cuatro convocatorias o fechas de inicio anuales: Octubre, Enero, Abril y Junio.» — «Próximo inicio (entre semana): 13 de octubre de 2026 o 18 de enero de 2027»",4,"October (autumn), June","NOT FOUND — page states rolling admission by convocatoria, no published closing date",título propio (school's own certificate). Page offers a paid add-on 'diploma universitario' from UDIMA or Sabal University (Florida); NOT a máster universitario oficial in its own right,,"100% presencial, 100% online o blended (Madrid, Sevilla, Valencia); online classes delivered live and recorded",Spanish,"EUR 4,250 (matrícula incluida) — rates as displayed August 2026; discounts up to 40% advertised",https://cei.es/cei-curso/master-en-big-data-inteligencia-artificial-ia/,"Existen cuatro convocatorias o fechas de inicio anuales: Octubre, Enero, Abril y Junio. / Próximo inicio (entre semana): 13 de octubre de 2026 o 18 de enero de 2027. / 360 horas (6-7 meses).","PROVIDER TYPE THE OTHER SLICES WOULD MISS: private design/tech academy, not a university and not a business school. The four dated intakes are genuine COHORT STARTS (the page prints an actual start date, 18 Jan 2027), not application rounds. Título propio — no PhD access, no public funding, and the 300-ECTS advanced-standing question is moot. Short (6-7 month, 360h) format, so this is a reskilling certificate rather than a 60-90 ECTS master. Not among the 93 institutions in output/programmes.jsonl.",YES,,national-sweep,1
"CEI — Centro de Estudios de Innovación (escuela privada, grupo Omnes Education)",Máster en Big Data Online,AB,YES,"January, April, June","«Existen cuatro convocatorias o fechas de inicio anuales: Octubre, Enero, Abril y Junio.»",4,October (autumn),NOT FOUND,título propio; optional paid 'máster universitario' route via UDIMA or Sabal University (USA) — the CEI title itself is not ANECA-verified and is not in RUCT,,"100% online, clases en directo (on live) que quedarán grabadas",Spanish,"EUR 4,250 (matrícula incluida) — as displayed August 2026",https://cei.es/cei-curso/master-big-data-online/,"Existen cuatro convocatorias o fechas de inicio anuales: Octubre, Enero, Abril y Junio. / 360 horas (6-7 meses) / 100% online, mediante clases en directo (on live) que quedarán grabadas.","Online sibling of the CEI Big Data e IA master, same four-intake calendar. Three of the four intakes (Enero, Abril, Junio) fall in the Jan-Jun window the brief asks about. Título propio. Institution absent from output/programmes.jsonl.",YES,,national-sweep,1
"CEI — Centro de Estudios de Innovación (escuela privada, grupo Omnes Education)",Máster en Inteligencia Artificial (IA) Online,AA,YES,January (18 Jan 2027 dated); also April and June,"«Próximo inicio (entre semana): 13 de octubre de 2026 o 18 de enero de 2027»; annual intake months October, January, April and June",4,October,NOT FOUND,"título propio; optional paid 'university expert diploma' from Sabal University (USA). Not a máster universitario oficial, not in RUCT",,"100% online, clases en directo (on live) que quedarán grabadas",Spanish,"EUR 4,250 (matrícula incluida) — as displayed August 2026",https://cei.es/cei-curso/master-inteligencia-artificial-ia-online/,"Próximo inicio (entre semana): 13 de octubre de 2026 o 18 de enero de 2027. 360 horas (6-7 meses). 100% online, mediante clases en directo (on live) que quedarán grabadas. 4.250 € (matrícula incluida).","Third CEI programme on the same four-intake calendar; 18 January 2027 is a printed cohort start date, not an application round. Título propio, 360 hours — not ECTS-bearing, no PhD access, no public funding.",YES,,national-sweep,1
"CEI — Centro de Estudios de Innovación (escuela privada, grupo Omnes Education; Madrid, Sevilla, Valencia + online)","Máster Avanzado en Inteligencia Artificial, Cloud Computing y Big Data",AC | AA | AB,YES,January (18 Jan 2027); also April and June,"«Próximo inicio: 13 de octubre de 2026 o 18 de enero de 2027»; four annual cohorts — October, January, April and June",4,October,NOT FOUND,"título propio; optional paid university diploma from Sabal University (USA) or UDIMA. Not ANECA-verified, not in RUCT. FUNDAE-bonificable for employed workers",,"100% presencial, 100% online o blended (Madrid, Sevilla, Valencia); online classes live and recorded, recordings available 90 days after completion",Spanish,"EUR 6,100 (matrícula incluida) — as displayed August 2026; discounts up to 40% advertised",https://cei.es/cei-curso/master-inteligencia-artificial-cloud-big-data/,"Próximo inicio: 13 de octubre de 2026 o 18 de enero de 2027. 540 horas (10 meses). 100% presencial, 100% online o blended. 6.100 € (matrícula incluida). Certificaciones: Microsoft AZ-900, AWS Certified Cloud Practitioner, Google Cloud, Python PCAP.","NOTABLE FOR PATH AC: cloud/DevOps is the rarest of the nine fields as a standalone master, and this is a spring-start programme squarely in it, bundled with AWS/Azure/GCP certification prep — the 'cert + master hybrid' the AGENT-BRIEF flags as worth hunting. Fourth CEI title on the same four-intake calendar; 18 January 2027 is a printed cohort start. Título propio, 540 hours, Spanish-only.",YES,,national-sweep,1
"DIGITECH FP (centro oficial de Formación Profesional, online) — PROVIDER TYPE: FP CENTRE MARKETING A 'MÁSTER'",Máster FP Online en Python (desarrollo de aplicaciones con Python),AA | AB,YES,February,«Convocatoria febrero 2026» — «el lanzamiento del nuevo Ciclo Superior en Desarrollo de Aplicaciones Web (DAW)» y «la apertura del Máster FP Online en Python». «Iniciar en febrero significa ganar medio año.»,"2 implied (February and September) — the page contrasts a February start with September but does not state 'dos convocatorias' in so many words, so 2 is recorded as IMPLIED, not verbatim",September,NOT FOUND,"OFFICIAL IN THE FP REGISTER, NOT A UNIVERSITY MASTER. Spanish law calls this a Curso de Especialización de Formación Profesional; 'Máster de FP' is marketing shorthand. It is NOT a máster universitario, is NOT in RUCT, sits at MECES level 5 (higher VET) not level 7, and gives no PhD access and no access to university-master funding.",,Online / a distancia — «el único centro oficial de FP que imparte esta formación a distancia en España»,Spanish,NOT FOUND,https://digitechfp.com/blog/fp-online/convocatoria-febrero-2026-comienza-tu-fp-online-en-digitech/,"Convocatoria febrero 2026 … la apertura del Máster FP Online en Python … formación oficial y pionera que solo DIGITECH imparte en esta modalidad en España … el único centro oficial de FP que imparte esta formación a distancia en España … 430h, aproximadamente 4 meses … Iniciar en febrero significa ganar medio año.","EXACTLY THE PROVIDER TYPE THE PROMPT ASKED ME TO SURFACE: an FP centre advertising a 'máster' with a February convocatoria. The February start is GENUINE (the page contrasts it with waiting for September). BUT IT IS THE WRONG QUALIFICATION FOR THIS CANDIDATE, for two independent reasons: (1) entry is aimed at «titulados en ASIR, DAM o DAW» — Spanish FP higher-technician holders — not at a 300-ECTS engineering graduate, for whom this would be a step DOWN in level, not sideways; (2) at 430 hours / 4 months and MECES level 5 it cannot substitute for a máster universitario and would not support a postgraduate route. RECORDED AS A WARNING AS MUCH AS A FIND: the whole FP sector runs September/February double convocatorias, so a keyword sweep for 'máster inicio febrero' returns a large volume of FP results that look like master's programmes and are not. Cesur FP and UNIVERSAE surfaced in the same search with the same September/February pattern and were not pursued for the same reason.",YES,,national-sweep,1
"EADA Business School, Barcelona — NOT a university",Master Online en Business Analytics e Inteligencia Artificial,X | AA | AB,YES,April (26 April 2027),'Primavera - 2027 ... Próximo inicio: 26 Abr. 2027 ... Duración: 12 meses',At least 2 — EADA labels editions by season ('Primavera - 2027' here; 'Otoño - 2026' on its sibling presencial master). The admission table is headed 'Intake: Primavera 2027'.,An autumn ('Otoño') edition exists in EADA's season naming; no autumn date was published for THIS online programme on the pages read — recorded as NOT FOUND rather than assumed.,"Admission rounds for 'Intake: Primavera 2027', verbatim (Ronda / Reserva de plaza): '17 Nov. 2026 / 1 Dic. 2026 (15% de descuento por matrícula anticipada)', '15 Dic. 2026 / 29 Dic. 2026 (15%)', '12 Ene. 2027 / 26 Ene. 2027 (10%)', '16 Feb. 2027 / 2 Mar. 2027 (10%)', '16 Mar. 2027 / 30 Mar. 2027'. FINAL round closes 16 March 2027, place reserved by 30 March 2027.","título propio / school diploma only — 'recibirás el Diploma de Master en Business Analytics e Inteligencia Artificial. expedido por EADA Business School'. EADA is not a university and this title is not even co-validated by one. Not in RUCT, no PhD access, not eligible for public scholarships.",,Online (with an optional presencial module at the EADA Residential Training Centre); Tiempo parcial,Español,"EUR 14,400 ('Importe del programa 14.400€'); EUR 13,400 for the '100% Online' option; the presencial module added later costs '1.400 € adicionales' (rates shown for the Primavera 2027 edition)",https://www.eada.edu/es/programas/datos-y-analiticas/master-online-en-business-analytics-e-inteligencia-artificial,'Primavera - 2027 · Próximo inicio: 26 Abr. 2027 · Duración: 12 meses · Modalidad: Online · Idioma: Español · Experiencia requerida: 2+ años'; admissions page: 'Rondas de Admisión Intake: Primavera 2027',"GENUINE SPRING COHORT — a real April start with its own admission calendar, not an application round against an autumn start. Two cautions for this candidate: (1) 'Experiencia requerida: 2+ años' professional experience; (2) taught in Spanish, and the candidate is A0/A1. Scholarships listed (Fundación EADA, Woman, Emprendimiento, Deportista de Élite, Tercer Sector) are internal and discount-based; a título propio is generally ineligible for Spanish public funding. www.eada.edu returns HTTP 403 to WebFetch — all facts here read from the page body fetched by curl with a browser User-Agent.",YES,,business-schools,1
"Escuela Universitaria de Artes TAI, Madrid (private)",Máster en Gestión de Industrias Culturales,P | S,YES,April 2027,"'Inicio: Abril 2027' (month and year, no day-of-month published)",1 — and it is the SPRING one. This programme does not appear to run an autumn cohort at all; April is its only advertised start.,none listed,NOT FOUND as a date. TAI publishes only a stepwise process with no deadline: '1. Cita — Inicia el proceso de admisión solicitando cita para tu entrevista en el +34 91 167 20 62 o en admision@taiarts.com. 2. Documentación. 3. Entrevista. 4. Admisión — Te comunicaremos por escrito si tu candidatura es APTA. 5. Reserva de plaza. 6. Matrícula.' The '15 de octubre' banner on the site is the matriculation cut-off for TAI's OCTOBER cohorts and must not be read as this programme's deadline.,"TÍTULO PROPIO — labelled 'Título Propio' on the page. NOT a máster universitario, not in RUCT, no ANECA verification, no PhD access, normally ineligible for public postgraduate scholarships.",,Presencial en Madrid,Español,NOT FOUND — no price on the page; a 'DESCARGAR FOLLETO' brochure is gated behind a form,https://taiarts.com/estudios/master-en-gestion-de-industrias-culturales/,"'Título Propio | Máster en Gestión de Industrias Culturales | Inicio: Abril 2027 | Duracion: 1 año académico | Creditos: 60 ECTS | Idioma: Español | Modalidad: Presencial en Madrid'. Plan de estudios (Curso 1): 'Fundamentos y ecosistema de las industrias culturales 9 | Economía, gestión y políticas culturales 9 | Producción, mediación y marketing cultural 9 | Innovación, tecnología y sostenibilidad en la cultura 9 | Talleres profesionales y proyectos aplicados 12 | Trabajo Fin de Máster 12'. Salidas profesionales include 'Gestor/a de festivales y eventos culturales'.","⭐⭐ THE CLEANEST SPRING-2027 HIT IN THIS SLICE — an explicitly dated 'Abril 2027' start, a full 60 ECTS spread over one academic year with a 12-ECTS TFM, and a published module-by-module credit breakdown. It is the only programme found here that names a 2027 spring month on a page that also states its credits. ⚠️ THREE HONEST CAVEATS. (1) The award is a TÍTULO PROPIO, not an official máster universitario: no PhD access, no MECES level, and public scholarships generally closed. Whether it supports a Spanish student visa is UNVERIFIED — it is full-time and presencial, which helps, but TAI does not publish weekly contact hours and the consulate decides. (2) It is Spanish-only, a hard filter at A0/A1. (3) FIT IS ADJACENT, NOT CENTRAL: this is general cultural-industries management (museums, exhibitions, curatorial projects, 'proyectos curatoriales y gestión de exposiciones', partner institution La Panera), not a music-industry or live-music programme. It touches path S only through one listed career outcome, 'Gestor/a de festivales y eventos culturales'. For a candidate whose target is music production or the music business it is a sideways move, and it should be presented as an EARLY-START option rather than a best-fit one. A candidate wanting TAI's actual music content would have to take the October Producción Musical or Music Business cohort instead.",YES,,music-schools,1
"Harbour.Space Institute of Technology, Barcelona — INTERNATIONAL BRANCH-STYLE PRIVATE INSTITUTE operating in Spain (sister campus in Bangkok)","Master's in Applied Computer Data Science; also Master's in Computer Science, Data Science, Cyber Security (Barcelona campus)",AB | AA | AC,YES,"Continuous — a new module intake roughly every 3 weeks, so multiple starts fall in January–June","«Intake every 3 weeks! There is no ""application deadline"" — you can start any upcoming module!» (printed twice in the site header and on the Barcelona 2026-2027 schedule page)",~17 (every 3 weeks),"September (the schedule page shows «Sep 07 - Sep 25, 2026» and «Sep 28 - Oct 16, 2026» as the next modules)","None — «There is no ""application deadline""» (verbatim)","NOT a Spanish official title in its own right. Verbatim from Harbour.Space's own FAQ: «Harbour.space is an acknowledged educational institution in Spain with an authorised Spanish license of 08078491. Students enrolled in specific programmes at Harbour.Space Institute of Technology have the opportunity to receive a double diploma with an accredited degree from the University of Vic - Central University of Catalonia (UVic-UCC) in Spain and/or the University of the Thai Chamber of Commerce (UTCC) in Bangkok, Thailand.» Note the hedges: «specific programmes», «have the opportunity to». The Harbour.Space diploma itself is not ANECA-verified and is not in RUCT.",,"presencial, Barcelona campus; 3-week intensive courses throughout the year",English (Harbour.Space teaches in English; NOT confirmed from a formal plan de estudios in this sweep — treat as unconfirmed),"NOT FOUND — no fee published on the programme, admissions or schedule pages",https://harbour.space/barcelona/master/applied-data-and-computer-science,"Intake every 3 weeks! There is no ""application deadline"" — you can start any upcoming module! / Harbour.space is an acknowledged educational institution in Spain with an authorised Spanish license of 08078491. Students enrolled in specific programmes ... have the opportunity to receive a double diploma with an accredited degree from the University of Vic - Central University of Catalonia (UVic-UCC) in Spain","PROVIDER TYPE THE OTHER SLICES WOULD MISS, and the most unusual calendar found: not a second cohort but a CONTINUOUS three-weekly intake, which trivially satisfies a Jan–Jun start. Absent from output/programmes.jsonl. Also runs 'FP Grado Superior' alongside its masters — an FP-centre/master hybrid. STRONG CAVEATS FOR THIS CANDIDATE: (a) the Spanish official title exists only via the UVic-UCC double diploma and only for unnamed 'specific programmes' — a human must confirm whether Applied Computer Data Science is one of them, otherwise there is no PhD access and no public-scholarship eligibility; (b) no tuition figure is published anywhere on the site; (c) a private institute diploma may not support a Spanish student visa — unverified. NOT VERIFIED: a search-index result asserted specific 2027 intake dates of «February 01, 2027 and February 22, 2027». Those dates are NOT recorded as fact — the schedule table on harbour.space/schedule/2026-2027 is JavaScript-rendered and the raw HTML (fetched by curl, HTTP 200, 375 KB) contains no 2027 date strings. Needs a human with a normal browser.",YES,,national-sweep,1
"HTL International School — Music Business Academy, Barcelona (hybrid: in-person Barcelona + live-streamed worldwide)",Máster Propio en Gestión de Industria Musical,P | S,YES,January and April (two of the four intakes fall in the Jan–Jun window),"«Convocatorias: Octubre, Enero, Abril, Julio»",4,"October, July",NOT FOUND — no closing date published,"título propio — «Máster Propio en Gestión de Industria Musical», a credential of HTL International School. Not ANECA-verified, not in RUCT, no PhD access, no public-scholarship eligibility",,Hybrid — in-person classes in Barcelona plus live-streamed virtual attendance from anywhere; Monday–Friday,Spanish,"EUR 10,000 standard, or EUR 8,000 paid in full up front, plus a EUR 500 enrolment fee — as displayed August 2026",https://htlmusicbusiness.academy/course/master-gestion-industria-musical/,"Convocatorias: Octubre, Enero, Abril, Julio. 1 Año académico; 720 horas en tres trimestres. 72 ECTS. Máster Propio en Gestión de Industria Musical.","GENUINE SPRING START in path P (music industry), a field where spring cohorts are rare. Provider is absent from output/programmes.jsonl. Substantial for a título propio: 72 ECTS over a full academic year, not a short certificate. Caveats for this candidate: Spanish-language instruction (candidate is A0/A1); título propio so no PhD access and no public funding; the hybrid/live-stream option means the January or April cohort could in principle be started remotely from Tunisia, which is unusual and worth a human checking against student-visa requirements.",YES,,national-sweep,1
"HTL Music Business Academy, Barcelona",Máster Propio en Gestión de Industria Musical (Master's Degree in Music Industry Management),P | S | X,YES,January and April both fall in the Jan–Jun window; July and October are the other two,"Programme fact block, verbatim (live, 2026-08-29): 'Modalidad del estudio: Barcelona y/o Híbrido · Idiomas: Idioma de enseñanza: ESPAÑOL · Duración: 1 Año académico · Programa de Máster Profesional · Convocatorias: Octubre, Enero, Abril, Julio · Horarios: Lunes-Viernes · Carga horaria: 720 horas · Tasas Matrícula: 500 euros · Tasas académicas: 10.000 euros (fraccionado en 2 partes) o 8.000 euros (pago completo con descuento)'.","4 (October, January, April, July)","October, July",NOT FOUND — no application open/close dates published for any convocatoria; admission is by enquiry and rolling.,"título propio / private-school certificate — the page calls it a 'Programa de Máster Profesional' and 'Máster Propio'. NOT a máster universitario: no RUCT code, no ANECA/BOE reference, no PhD access, no eligibility for Spanish public scholarships. The 72-ECTS figure quoted in output/deferred_candidates.jsonl is school-assigned, not university-validated.",,"Barcelona on-campus and/or hybrid (live virtual streaming). Monday–Friday timetable, 720 contact hours.",ESPAÑOL — stated verbatim as 'Idioma de enseñanza: ESPAÑOL' on the Spanish page. (output/deferred_candidates.jsonl notes an English option is offered; that is NOT visible on this page and is not confirmed.),"EUR 10,500 total (matrícula 500 + tasas académicas 10,000 in two instalments), or EUR 8,500 (500 + 8,000) paying in full up front. Year of applicability NOT STATED on the page.",https://htlmusicbusiness.academy/course/master-gestion-industria-musical/,"'Convocatorias: Octubre, Enero, Abril, Julio'","NEW FIND from output/deferred_candidates.jsonl line 516 — discovered but never enriched, and nobody had looked at it since discovery. Verified live on the school's own page 2026-08-29. This is the highest-frequency intake cycle found anywhere in the sweep (four cohorts a year), which makes it the most schedule-flexible P-path option — but it is a título propio, so it carries NO PhD access and NO public-funding eligibility, and the Spanish-only teaching is a hard filter for an A0/A1 candidate.",YES,,from-dataset,1
"IE University — IE School of Science & Technology, Madrid",Master in Business Analytics and Data Science (RUCT title: Máster Universitario en Analítica de Negocio),X | AB | AA,YES,April (full-time spring cohort) and February (part-time cohort),"Programme fact strip, verbatim (live, 2026-08-29): 'duration | language | location | intake | Mode of Study | Format — 11 | 17 months · English · Madrid · February | April | September · Full-Time | Part-Time · In-person | Blended'. Tuition block, verbatim: 'TUITION 43,000€* — Part-Time February 2026 Intake · Full-Time April & September 2026 Intakes'. So April is a FULL-TIME spring cohort and February is a PART-TIME cohort; both are separate from the September start.","3 (February part-time, April full-time, September full-time)",September (full-time),"NONE — verbatim from the same page: 'There is no application deadline, as we operate a rolling admissions process and accept applications throughout the year. However, places are limited and awarded on a first-come, first-served basis, so we encourage you to apply as early as possible.' Admissions decision takes 1-3 weeks (the page's FAQ elsewhere says 4-6). 'Admissions are valid for the intake you apply to and the following one.' Non-EU visa caveat stated: 'If you are non-EU candidate, we encourage you to confirm your place and begin your visa process as early as possible.'",máster universitario (OFFICIAL) — RUCT 4317722,4317722,In-person (Madrid) for the full-time 11-month format; Blended for the 17-month part-time format,English (stated in the programme fact strip),"EUR 43,000 for the 2026 intakes (page states '43,000€*' against 'Part-Time February 2026 Intake / Full-Time April & September 2026 Intakes'); '*Tuition is reviewed on a yearly basis and therefore subject to change'. Plus a one-off IE Foundation contribution.",https://www.ie.edu/school-science-technology/programs/master-business-analytics-data-science/admissions-fees/,'intake ... February | April | September' and 'Part-Time February 2026 Intake / Full-Time April & September 2026 Intakes',"Candidate hit came from BOTH output/verified.jsonl (line 90) and output/deferred_candidates.jsonl (line 186), which quoted 'The 2027 full-time Spring intake starts on April 20th. The 2027 part-time intake starts on February 9th.' The MONTHS are re-verified live today; the exact 2027 day-dates (20 April 2027 / 9 February 2027) sit in a JavaScript-rendered FAQ tab that does not appear in the served HTML, so they are carried here as second-hand from output/verified.jsonl's 2026-08-25 read and are NOT re-confirmed. A separate RUCT title of the same name, 'Máster Universitario en Analítica de Negocio y Manejo de Datos' at IE, is flagged TITULACIÓN A EXTINGUIR in output/deferred_candidates.jsonl — do not confuse the two codes.",YES,,from-dataset,1
Institut de Formació Contínua IL3 — Universitat de Barcelona (UB),Experto en Inteligencia Artificial Aplicada a la Música (Diploma de Experto),B | A | P,YES,April 2027 (13 April 2027),Fechas 13/4/2027 - 16/11/2027,"1 — a single annual cohort that runs April→November, i.e. the ONLY intake is a spring one. There is no autumn start to compare it against.",none — no September/October cohort exists for this programme,NOT FOUND — page states only 'Matrícula abierta' (enrolment open) with no closing date published,"título propio / curso propio — 'Diploma de Experto' de la Universitat de Barcelona, 15 ECTS. NOT a máster universitario, NOT in RUCT, no PhD access, not eligible for public postgraduate scholarships. Page labels it 'Tipología: Curso'.",,"Presencial (Barcelona), with the page noting sessions can be followed remotely: 'sesiones presenciales de forma remota'",Castellano (verbatim field: 'Idioma Castellano'),"EUR 2,200 — verbatim: 'Precio 2.200 € (El precio incluye tasas administrativas de la Universidad de Barcelona)'. Rates as published for the 13/4/2027–16/11/2027 edition.",https://www.il3.ub.edu/experto-inteligencia-artificial-aplicada-a-la-musica,"Datos básicos — Créditos 15 ECTS | Tipología Curso | Idioma Castellano | Fechas 13/4/2027 - 16/11/2027 | Modalidad Presencial | Horario Martes de 18:00h a 21:00h, y un viernes al mes ... Lugar IL3 - Universitat de Barcelona. C/ Ciutat de Granada, 131 - 08018 Barcelona | Precio 2.200 € | Matrícula abierta","⭐ GENUINE SPRING ENTRY, AND THE ONLY ONE FOUND IN PATH B SO FAR — but it is NOT a master. The orchestrator brief asked whether that April start is a real cohort: it is. The page publishes an explicit dated cohort for the 2027 edition (13 April 2027 to 16 November 2027) with enrolment already open, not a generic 'April' marketing line. It is therefore a real spring-2027 entry point in the MIR/AI-for-music space — 6 months ahead of the candidate's September 2027 target — but it buys a 15-ECTS Diploma de Experto, not a 60/90-ECTS official master, so it cannot substitute for the target degree. Realistic use: a parallel or bridging credential, or evidence of field commitment on a Sept-2027 master application. Content mix per the page: ethics/legality/critical reflection on AI in music plus applied AI tooling for music professionals. ⚠️ DOMAIN NOTE, CORRECTING THE SHARED BRIEF: AGENT-BRIEF.md lists il3.ub.edu as Cloudflare-blocked. That is NO LONGER TRUE for curl with a browser User-Agent — 'curl -A <Chrome UA>' returned HTTP 200 and the full 211KB body on 2026-08-29. Future agents should retry il3.ub.edu with a UA before recording a block.",YES,,path-B,1
"LALIGA Business School, Madrid (título acreditado por la Universidad Alfonso X el Sabio)",Máster en Organización de Eventos Deportivos,S,YES,February 2027,"Programme fact strip, verbatim: «Fecha FEB 2027 · Duración 6 meses · Modalidad Presencial · Idioma ESPAÑOL». Month and year only — no day of month is published.","NOT FOUND — the page prints a single start (FEB 2027) and does not state how many cohorts run per year. It is a 6-month programme, so a February start is the programme's own calendar, not a second cohort of an October one.",NOT FOUND,NOT FOUND — no admission or enrolment closing date is published; the page routes to an admissions contact form and to Banco Santander financing agreements instead.,"TÍTULO PROPIO — page label «Máster de Formación Permanente y Acreditado por [Universidad Alfonso X el Sabio]». Máster de Formación Permanente is the post-RD 822/2021 legal name for a título propio: no ANECA verification, no RUCT entry, no PhD access, normally ineligible for public postgraduate scholarships. No RUCT code is printed anywhere on the page.",,"Presencial — LALIGA Business School campus, Madrid",Español — «Idioma ESPAÑOL» in the fact strip,NOT FOUND — no price figure published; the page shows financing options only,https://business-school.laliga.com/masters/master-en-organizacion-de-eventos-deportivos,Fecha FEB 2027 | Duración 6 meses | Modalidad Presencial | Idioma ESPAÑOL,"A genuine spring (February 2027) start, but note the trade-offs: (a) título propio, so no PhD access and no public funding; (b) SPORTS events, not music/live-entertainment — path S by subject matter but tangential to the candidate's music focus; (c) 6 months only, and Spanish-taught, which is a hard filter at A0/A1 Spanish; (d) a 6-month presential título propio is a weak basis for a Spanish long-stay study visa (visado de estudios normally expects a full academic course). Day of month and application deadline both need a human to ask admissions.",YES,,path-S,1
SAE Institute Spain (campuses Madrid and Barcelona); award accredited by UDIMA — Universidad a Distancia de Madrid,"Máster en Producción de Audio (Máster de Formación Permanente, 60 ECTS, acreditado por UDIMA)",A | C,YES,"February (per campus, alongside October)","Programme page 'Fechas de inicio' block, verbatim (live, 2026-08-29): 'Madrid: Febrero 2026, Octubre 2026 · Barcelona: Febrero de 2027, Octubre 2026'. Two cohort starts a year per campus, February and October — and note Barcelona's next published start is FEBRUARY 2027, an actual dated spring cohort.",2 (February and October),October,"NOT FOUND — no application deadline is published. Admission is by 'Cumplimentar el cuestionario de admisión y realizar entrevista de acceso con uno de nuestros asesores educativos' (admission questionnaire plus an interview with an adviser), i.e. rolling.","título propio — 'Máster de Formación Permanente (60 ECTS) emitido por UDIMA' (Universidad a Distancia de Madrid), i.e. the post-RD 822/2021 name for a título propio: NOT ANECA-verified, NOT in RUCT, NO PhD access, normally ineligible for public scholarships. The page offers two exit awards verbatim: 'Máster Profesional en Producción de Audio acreditado por UDIMA' and 'Máster en Formación Permanente en Producción de Audio acreditado por UDIMA (60 ECTS)' — the 60-ECTS one requires an official university degree, which this candidate has. Plus 'el Diploma Profesional emitido por SAE Creative Media Education'.",,presencial (fully in-person) at the Madrid or Barcelona campus. Duration 24 months.,Spanish (the programme site is Spanish-only; SAE Spain teaches in Spanish). NOT stated as an explicit 'idioma de impartición' line — flag.,NOT PUBLISHED on the page — NOT FOUND.,https://www.sae.edu/esp/courses/produccion-de-audio/,'Fechas de inicio — Madrid Febrero 2026 Octubre 2026 · Barcelona Febrero de 2027 Octubre 2026',"Candidate hit came from output/deferred_candidates.jsonl (lines 83 and 87) — discovered but never enriched. VERIFIED LIVE on sae.edu 2026-08-29. The February-2027 Barcelona start is one of very few DATED spring cohorts found anywhere in this sweep. IMPORTANT LIMITATIONS: título propio (no PhD access, no public funding), no published price, and the deferred record's caveat still stands — the page lists no Sept/Oct 2027 start yet, so the candidate's own Sept-2027 target intake is unconfirmed here. Entry rule quoted verbatim: 'Para obtener el Máster de Formación Permanente (60 ECTS) emitido por UDIMA, deberás disponer de un título universitario oficial de Grado, Licenciatura, Ingeniería Superior o Técnica...' — a 5-year Software Engineering degree qualifies.",YES,,from-dataset,1
SAE Institute Spain (campuses Madrid and Barcelona); award accredited by UDIMA — Universidad a Distancia de Madrid,"Máster en Producción de Música Urbana (Máster de Formación Permanente, 60 ECTS, acreditado por UDIMA)",A,YES,"February (per campus, alongside October)","Programme page 'Fechas de inicio' block, verbatim (live, 2026-08-29): 'Madrid: Febrero 2026, Octubre 2026 · Barcelona: Febrero de 2027, Octubre 2026'. Two cohort starts a year per campus, February and October — and note Barcelona's next published start is FEBRUARY 2027, an actual dated spring cohort.",2 (February and October),October,"NOT FOUND — no application deadline is published. Admission is by 'Cumplimentar el cuestionario de admisión y realizar entrevista de acceso con uno de nuestros asesores educativos' (admission questionnaire plus an interview with an adviser), i.e. rolling.","título propio — 'Máster de Formación Permanente (60 ECTS) emitido por UDIMA' (Universidad a Distancia de Madrid), i.e. the post-RD 822/2021 name for a título propio: NOT ANECA-verified, NOT in RUCT, NO PhD access, normally ineligible for public scholarships. The page offers two exit awards verbatim: 'Máster Profesional en Producción de Música Urbana acreditado por UDIMA' and 'Máster en Formación Permanente en Producción de Música Urbana acreditado por UDIMA (60 ECTS)' — the 60-ECTS one requires an official university degree, which this candidate has. Plus 'el Diploma Profesional emitido por SAE Creative Media Education'.",,presencial (fully in-person) at the Madrid or Barcelona campus. Duration 8 months.,Spanish (the programme site is Spanish-only; SAE Spain teaches in Spanish). NOT stated as an explicit 'idioma de impartición' line — flag.,NOT PUBLISHED on the page — NOT FOUND.,https://www.sae.edu/esp/courses/programa-en-produccion-de-musica-urbana/,'Fechas de inicio — Madrid Febrero 2026 Octubre 2026 · Barcelona Febrero de 2027 Octubre 2026',"Candidate hit came from output/deferred_candidates.jsonl (lines 83 and 87) — discovered but never enriched. VERIFIED LIVE on sae.edu 2026-08-29. The February-2027 Barcelona start is one of very few DATED spring cohorts found anywhere in this sweep. IMPORTANT LIMITATIONS: título propio (no PhD access, no public funding), no published price, and the deferred record's caveat still stands — the page lists no Sept/Oct 2027 start yet, so the candidate's own Sept-2027 target intake is unconfirmed here. Entry rule quoted verbatim: 'Para obtener el Máster de Formación Permanente (60 ECTS) emitido por UDIMA, deberás disponer de un título universitario oficial de Grado, Licenciatura, Ingeniería Superior o Técnica...' — a 5-year Software Engineering degree qualifies. Content: beatmaking, mixing/mastering in the box, vocal processing, sequencers, sampling, voice recording — directly relevant to a working music producer.",YES,,from-dataset,1
SAE Institute Spain (campuses Madrid and Barcelona); award accredited by UDIMA — Universidad a Distancia de Madrid,"Máster en Producción de Música Electrónica (Máster de Formación Permanente, acreditado por UDIMA)",A,YES,"February (per campus, alongside October)","Programme page 'Fechas de inicio' block, verbatim (live, 2026-08-29): 'Madrid: Febrero 2026, Octubre 2026 · Barcelona: Febrero de 2027, Octubre 2026'. Two cohort starts a year per campus, February and October — and note Barcelona's next published start is FEBRUARY 2027, an actual dated spring cohort.",2 (February and October),October,"NOT FOUND — no application deadline is published. Admission is by 'Cumplimentar el cuestionario de admisión y realizar entrevista de acceso con uno de nuestros asesores educativos' (admission questionnaire plus an interview with an adviser), i.e. rolling.","título propio — 'Máster de Formación Permanente (60 ECTS) emitido por UDIMA' (Universidad a Distancia de Madrid), i.e. the post-RD 822/2021 name for a título propio: NOT ANECA-verified, NOT in RUCT, NO PhD access, normally ineligible for public scholarships. The page offers two exit awards verbatim: 'Máster Profesional en Producción de Música Electrónica acreditado por UDIMA' and 'Máster en Formación Permanente en Producción de Música Electrónica acreditado por UDIMA (60 ECTS)' — the 60-ECTS one requires an official university degree, which this candidate has. Plus 'el Diploma Profesional emitido por SAE Creative Media Education'.",,presencial (fully in-person) at the Madrid or Barcelona campus. Duration NOT CAPTURED.,Spanish (the programme site is Spanish-only; SAE Spain teaches in Spanish). NOT stated as an explicit 'idioma de impartición' line — flag.,NOT PUBLISHED on the page — NOT FOUND.,https://www.sae.edu/esp/courses/produccion-musica-electronica/,'Fechas de inicio — Madrid Febrero 2026 Octubre 2026 · Barcelona Febrero de 2027 Octubre 2026',"Candidate hit came from output/deferred_candidates.jsonl (lines 83 and 87) — discovered but never enriched. VERIFIED LIVE on sae.edu 2026-08-29. The February-2027 Barcelona start is one of very few DATED spring cohorts found anywhere in this sweep. IMPORTANT LIMITATIONS: título propio (no PhD access, no public funding), no published price, and the deferred record's caveat still stands — the page lists no Sept/Oct 2027 start yet, so the candidate's own Sept-2027 target intake is unconfirmed here. Entry rule quoted verbatim: 'Para obtener el Máster de Formación Permanente (60 ECTS) emitido por UDIMA, deberás disponer de un título universitario oficial de Grado, Licenciatura, Ingeniería Superior o Técnica...' — a 5-year Software Engineering degree qualifies.",YES,,from-dataset,1
SAE Institute Spain — Madrid & Barcelona; título awarded by UDIMA,Máster en Producción de Música Electrónica,A,YES,February (spring) and October (autumn),Fechas de inicio — Madrid: 'Febrero 2026' / 'Octubre 2026'. Barcelona: 'Febrero de 2027' / 'Octubre 2026'.,2 per campus,October,"NOT FOUND — rolling admission, no dated window published","TÍTULO PROPIO — 'Máster en Formación Permanente en Producción de Música Electrónica acreditado por UDIMA (25 ECTS)'. Not official, not in RUCT, no PhD access, normally ineligible for public funding.",,presencial (Madrid / Barcelona),Español,NOT FOUND — no price published,https://www.sae.edu/esp/courses/produccion-musica-electronica/,"'Máster en Formación Permanente en Producción de Música Electrónica acreditado por UDIMA (25 ECTS)'; 'Duración: 8 meses'; 'Fechas de inicio — Madrid: Febrero 2026, Octubre 2026 | Barcelona: Febrero de 2027, Octubre 2026'; 'Obtendrás un Diploma Profesional de SAE, además del Máster de Formación Permanente (25 ECTS), o Máster Profesional, otorgado por la Universidad a Distancia de Madrid, UDIMA.'","⚠️ THE 25-ECTS TRAP CONFIRMED FROM SOURCE. This is called a 'máster' but carries only 25 ECTS over 8 months — under half a normal 60-ECTS master's year and well below the 60 ECTS a Spanish máster universitario requires. It is a certificate in master's clothing. For a student-visa application that is a material weakness: a Spanish long-stay study visa expects full-time study, and an 8-month, 25-credit private certificate is at high risk of being judged insufficient — and it confers no PhD access and no MECES level. The February/'Febrero de 2027' Barcelona start is real and correctly recorded here, but the award is not a master's in any legal sense. Spanish-language instruction is an additional hard filter. RECORD, DO NOT RECOMMEND.",YES,,music-schools,1
SAE Institute Spain — Madrid & Barcelona; título awarded by UDIMA,Máster en Producción de Música Urbana,A,YES,February (spring) and October (autumn),Fechas de inicio — Madrid: 'Febrero 2026' / 'Octubre 2026'. Barcelona: 'Febrero de 2027' / 'Octubre 2026'.,2 per campus,October,NOT FOUND — rolling admission,"TÍTULO PROPIO — 'Máster en Formación Permanente en Producción de Música Urbana acreditado por UDIMA (25 ECTS)'. Not official, not in RUCT, no PhD access.",,presencial (Madrid / Barcelona),Español,NOT FOUND,https://www.sae.edu/esp/courses/programa-en-produccion-de-musica-urbana/,"'Máster en Formación Permanente en Producción de Música Urbana acreditado por UDIMA (25 ECTS)'; 'Duración: 8 meses'; 'Fechas de inicio — Madrid: Febrero 2026, Octubre 2026 | Barcelona: Febrero de 2027, Octubre 2026'.","⚠️ Same 25-ECTS/8-month structure as the electronic-music programme — a private certificate marketed as a 'máster'. The spring start is genuine; the award is not a master's. Note also that SAE's own enquiry form offers separate start options 'Marzo 2026 / Marzo 2027' and 'Abril 2026' for two of its five listed courses, but the form does not label which course each date belongs to, so those March/April dates are NOT attributable to a named programme from this page and are recorded here only as an unresolved lead, not as a fact about this programme.",YES,,music-schools,1
SAE Institute Spain (SAE Creative Media Education) — campuses Madrid and Barcelona; INTERNATIONAL BRANCH CAMPUS of the global SAE network,Máster en Producción de Música Electrónica,A | P,YES,February (Barcelona: February 2027; Madrid ran February 2026),Fechas de inicio: Madrid «Febrero 2026» y «Octubre 2026»; Barcelona «Febrero de 2027» y «Octubre 2026»,2,October,NOT FOUND — no closing date published on the programme page,"título propio — «Máster de Formación Permanente (25 ECTS)» or «Máster Profesional» accredited by UDIMA (Universidad a Distancia de Madrid), plus a SAE Professional Diploma. Máster de Formación Permanente is the RD 822/2021 name for a título propio: no ANECA verification, no RUCT entry, no PhD access",,presencial (campus attendance),Spanish («Español» stated under requirements),NOT FOUND — no price displayed; page directs enquirers to request it via the enrolment process,https://www.sae.edu/esp/courses/produccion-musica-electronica/,"Fechas de inicio — Madrid: Febrero 2026, Octubre 2026. Barcelona: Febrero de 2027, Octubre 2026. Duración: 8 meses. Máster de Formación Permanente (25 ECTS) acreditado por UDIMA.","GENUINE SPRING COHORT START, and a PROVIDER TYPE THE OTHER SLICES WOULD MISS: an international branch campus (SAE Creative Media Education) operating in Spain, awarding a título propio validated by a Spanish online university. Absent from output/programmes.jsonl. Directly relevant to the candidate's producer/DJ profile (path A/P). Caveats: only 25 ECTS, 8 months, Spanish-only instruction (candidate is A0/A1), título propio so no PhD access and no public scholarship eligibility; a 25-ECTS título propio is also unlikely to support a Spanish student visa on its own — unverified, flag for human check. Barcelona's February 2027 date is in the candidate's fallback window.",YES,,national-sweep,1
SAE Institute Spain (SAE Creative Media Education) — Madrid and Barcelona; international branch campus,Máster en Producción de Música Urbana,A | P,YES,February,Madrid: «Febrero 2026» y «Octubre 2026». Barcelona: «Febrero de 2027» y «Octubre 2026»,2,October,NOT FOUND,"título propio — «Máster de Formación Permanente (25 ECTS)» or «Máster Profesional» acreditado por UDIMA, plus SAE Professional Diploma",,"presencial, «íntegramente presenciales»",Spanish («Español»),NOT FOUND,https://www.sae.edu/esp/courses/programa-en-produccion-de-musica-urbana/,"Fechas de inicio — Madrid: Febrero 2026, Octubre 2026; Barcelona: Febrero de 2027, Octubre 2026. Duración: 8 meses. 25 ECTS. Máster de Formación Permanente acreditado por UDIMA.","Third SAE title on the February/October dual calendar. 25 ECTS / 8 months — a short título propio, weakest of the three on credential value. Confirms SAE's spring cohort is a school-wide pattern on three of its four music masters (Industria Musical 360 is the exception, October only).",YES,,national-sweep,1
SAE Institute Spain (SAE Creative Media Education) — Madrid & Barcelona; título awarded by UDIMA (Universidad a Distancia de Madrid),Máster en Producción de Audio,A,YES,February (spring) and October (autumn),Fechas de inicio — Madrid: 'Febrero 2026' / 'Octubre 2026'. Barcelona: 'Febrero de 2027' / 'Octubre 2026'. (Month only; no day-of-month published.),2 per campus,"October (Madrid Oct 2026, Barcelona Oct 2026)",NOT FOUND — SAE publishes no dated application window. Its admissions page describes only a rolling process ('Para poder realizar tu matrícula en SAE Spain es un requisito indispensable cumplir con el proceso de admisión estipulado') and refers enquiries to advisers for 'las fechas de inicio y los planes de pago'.,"TÍTULO PROPIO — marketed as 'Máster en Formación Permanente en Producción de Audio acreditado por UDIMA (60 ECTS)'. 'Máster de Formación Permanente' is the post-RD 822/2021 legal name for a título propio: NOT ANECA-verified, NOT in RUCT, NO PhD access, normally ineligible for public postgraduate funding. Applicants without an official degree instead receive a 'Máster Profesional' (an even weaker, non-credit-bearing award). Plus a 'Diploma Profesional emitido por SAE Creative Media Education'.",,presencial (campus Madrid / Barcelona),Español — entry requirements state 'IDIOMA: Español',NOT FOUND — no price published anywhere on sae.edu/esp; disclosed only by an educational adviser,https://www.sae.edu/esp/courses/produccion-de-audio/,"'Fechas de inicio — Madrid: Febrero 2026, Octubre 2026 | Barcelona: Febrero de 2027, Octubre 2026'. Award: 'Podrás conseguir las siguientes titulaciones: Máster Profesional en Producción de Audio acreditado por UDIMA. Máster en Formación Permanente en Producción de Audio acreditado por UDIMA (60 ECTS). En cualquiera de los casos, obtendrás el Diploma Profesional emitido por SAE Creative Media Education.' Duración: '24 meses'. Access: 'Para obtener el Máster de Formación Permanente (60 ECTS) emitido por UDIMA, deberás disponer de un título universitario oficial de Grado, Licenciatura, Ingeniería Superior o Técnica...'","⭐ STRONGEST SPRING HIT IN THIS SLICE, and the only one in it that names a 2027 spring date outright: Barcelona 'Febrero de 2027'. ECTS = 60, so unlike SAE's electronic/urban 'másteres' this is a full-weight credit load. BUT the award is a título propio (Máster de Formación Permanente) — it is NOT an official máster universitario, gives NO PhD access, and its adequacy for a Spanish student visa is UNVERIFIED and must be confirmed with the consulate before relying on it (a non-official private certificate can still support a study visa if the course is full-time and ≥20h/week, but SAE does not state contact hours on this page). Language of instruction is SPANISH, which is a hard filter for a candidate at A0/A1. Duration 24 months means a Feb-2027 Barcelona start would run to early 2029. Madrid's published February date is 'Febrero 2026' (already past at access date) — the page had not been refreshed for Feb 2027 in Madrid, so a Madrid Feb 2027 cohort is PLAUSIBLE BUT NOT PUBLISHED; do not assume it. No fee and no deadline are published; both need a human enquiry.",YES,,"music-schools, national-sweep",2
Universidad Camilo José Cela (UCJC) — delivered with ID Digital School,Máster Universitario en People Analytics y Gestión de Talento Digital,X | AB,YES,February 2027 (a distancia / online) — the NEXT intake for that modality; October 2026 (presencial),«Precio y Modalidades — Presencial 5.900 € * Próxima convocatoria: octubre 2026 (*Más 225€ por apertura de expediente) · A distancia 3.300 € * Próxima convocatoria: febrero 2027 (*Más 125€ por apertura de expediente)»,"2 across the two modalities — the presencial and a distancia cohorts run on offset cycles (presencial October, a distancia February). It is NOT stated that either single modality runs twice a year.","October 2026 (presencial, Campus Castellana Madrid)","NOT FOUND as a date — no closing date is published, and the page says the enrolment window is announced individually: «La apertura del plazo de matriculación será informado directamente por la coordinación al alumnado.» What IS published is the process and its timing pressure: admission is by dossier emailed to alejandra@iddigitalschool.com (título académico superior, expediente académico certificado, DNI/pasaporte, CV, DOS cartas de recomendación, carta de motivación, plantilla de solicitud); if approved, UCJC's admissions department sends an admission letter, after which «El estudiante podrá realizar la reserva de plaza (600 € que se descontarán del importe total del Máster)… disponiendo de 5 días hábiles para realizar el pago de la misma.» Places are limited and oversubscribed: «cuenta actualmente con un ratio de 1,25 solicitudes por cada plaza disponible. Por ello, el proceso de admisión valora el perfil académico y profesional de los candidatos, recomendándose iniciar la solicitud con antelación para asegurar plaza en la convocatoria.» Non-Spanish qualifications: «Si has realizado tus estudios en territorio extranjero deberás escribir a la coordinación del Máster para indicarte los detalles de los documentos que debes entregar.»","máster universitario (OFFICIAL) — RUCT 3500166. Page: «El nuevo Máster Universitario (Oficial) en People Analytics y Gestión de Talento Digital… La oficialidad del programa y su plan de estudios se pueden verificar mediante su inscripción en el Registro Universitario de Centros y Títulos, el RUCT, así como en las publicaciones oficiales del BOE y en el BOCM.» Accredited by Fundación para el Conocimiento madri+d. NOTE: this is one of the titles the AGENT-BRIEF flags as absent from the keyword backbone but genuinely official.",3500166,"The February 2027 intake is A DISTANCIA (online) ONLY. Presencial is taught at UCJC's Campus Castellana, Madrid (Calle Juan Hurtado de Mendoza).",Spanish (programme and all materials in Spanish),"EUR 3,300 for the a distancia (February) intake, plus EUR 125 apertura de expediente = EUR 3,425 total. (Presencial is EUR 5,900 + EUR 225 = EUR 6,125.) Rates as published for the octubre 2026 / febrero 2027 convocatorias. A EUR 600 reserva de plaza is deducted from the total.",https://iddigitalschool.com/master-people-analytics/,A distancia 3.300 € * Próxima convocatoria: febrero 2027,"STRONGEST SPRING FIND IN THIS SLICE FOR A DATED FUTURE INTAKE: an explicitly named «febrero 2027» next convocatoria on an OFFICIAL master, at a price (EUR 3,425 all-in) far below the IE alternative. The structure is not 'two intakes of the same course' but two modalities on offset cycles — presencial in October, online in February — so the February route is online-only. ⚠️ PROVENANCE: read on iddigitalschool.com, the co-delivering school's own site, NOT on ucjc.edu, which sits behind a SiteGround JS proof-of-work anti-bot challenge returning HTTP 202 to every automated client (the brief's claimed browser-UA 200 retry did not reproduce). I did not attempt to defeat that challenge. LIST IN gaps.md: a human should confirm the February 2027 start date and price on www.ucjc.edu and calidad.ucjc.edu. Also worth a human check: whether a non-EU applicant can obtain a student visa for an online-only programme — the online modality may not support one, which would neutralise this option for this candidate.",YES,,privates,1
Universidad Camilo José Cela (UCJC) — delivered with ISEMCO (International School of Event Management & Communication),"Máster Universitario en Dirección de Protocolo, Producción, Organización y Diseño de Eventos",S,YES,February (a distancia / online only) and October,"Places table: «PLAZAS NUEVO INGRESO — Modalidad Presencial: 60 por curso · Modalidad Semipresencial: 30 por curso · Modalidad A distancia: 60 por curso (octubre) y 60 por curso (febrero)». Two separate timetables are published: «HORARIOS — A distancia – Febrero · A distancia – Octubre». The February timetable is a UCJC-hosted PDF headed «CALENDARIO ACADÉMICO / CURSO 2021 – 2022 / convocatoria de FEBRERO / Máster Oficial Dirección de Protocolo, Producción, Organización y Diseño de Eventos / A DISTANCIA», whose grid opens on Monday 21 February with «19.00 – 20.00 Sesión inaugural» and first classes Tue 22 / Wed 23 / Thu 24 February (OFICIAL, RESTAURACIÓN, TÉCNICAS, 19.30–21.00). Autumn cohort, most recent published: «Comienza el 14 de octubre de 2024 y finaliza en junio de 2025».",2 for the A DISTANCIA modality (October + February); 1 (October) for presencial and semipresencial,"October — all three modalities (presencial 60 places, semipresencial 30, a distancia 60)",NOT FOUND — neither ISEMCO nor the UCJC calendar publishes a dated application or enrolment deadline for the February convocatoria. Admission is by the «Solicitud de Admisión Postgrado» form (https://www.ucjc.edu/wp-content/uploads/Solicitud-de-Admision-Postgrado.pdf). A human must ask admissions for the February 2027 closing date.,"máster universitario (OFFICIAL) — RUCT 4312968. ISEMCO page: «Este máster oficial cuenta con la colaboración del International School of Event Management & Communication (ISEMCO)»; diploma awarded is «Máster Universitario en Dirección de Protocolo, Producción, Organización y Diseño de Eventos por la Universidad Camilo José Cela».",4312968,"The February intake is A DISTANCIA (online) ONLY — «Distancia: seguimiento y clases online mediante la plataforma virtual de lunes a jueves de 19.00 a 20.30 horas». Presencial («clases de lunes a jueves de 16:00 h. a 21:00 h.») and semipresencial exist only in the October intake. Campus: Castellana Madrid (UCJC), also listed as «campus Madrid y Asturias».",Spanish (all published materials and timetables are in Spanish; no English version offered),NOT FOUND — no fee quoted on the ISEMCO page; UCJC's own per-programme price sheets could not be retrieved (see notes).,https://isemco.eu/formacion/master-en-direccion-y-produccion-de-eventos-comunicacion-corporativa-y-protocolo/,"Modalidad A distancia 60 por curso (octubre) y 60 por curso (febrero)  ///  CALENDARIO ACADÉMICO CURSO 2021 – 2022 convocatoria de FEBRERO — Máster Oficial Dirección de Protocolo, Producción, Organización y Diseño de Eventos A DISTANCIA","CONFIRMS the reported February online intake, and upgrades it from marketing claim to institutional structure: UCJC allocates a SEPARATE 60-place quota to the February a-distancia cohort and publishes a SEPARATE academic calendar for it, hosted on UCJC's own Blackboard. ⚠️ PROVENANCE: the places table and the modality/calendar text were read on isemco.eu, the collaborating school's site, NOT on ucjc.edu. www.ucjc.edu and calidad.ucjc.edu both sit behind a SiteGround JS proof-of-work anti-bot challenge that returns HTTP 202 to every automated client; the earlier brief note that a browser User-Agent retry yields 200 did NOT reproduce — a UA retry still returns the 202 challenge shell. I did not attempt to defeat the challenge. The February calendar PDF IS on a UCJC domain (ucjc.blackboard.com) and fetched cleanly, so the February convocatoria itself is primary-sourced to UCJC. ⚠️ The February calendar retrievable today is the 2021-22 one (last updated 26 November 2021) — that establishes the pattern and the ~21 February start position in the month, but the February 2027 date is NOT published and must not be inferred. LIST IN gaps.md: needs a human to open www.ucjc.edu in a normal browser for the current February convocatoria dates, deadline and price.",YES,,privates,1
Universidad Internacional de La Rioja (UNIR),Máster Universitario en Ingeniería de Software y Sistemas Informáticos,AC,YES,March 2026,'Convocatoria: 16 mar 2026',"Several — UNIR runs multiple staggered convocatorias per year rather than one annual intake; observed 2026 starts across its catalogue are 16 mar, 6 abr, 8 jun, 19 oct and 2 nov. Exact count per title NOT PUBLISHED.",Autumn starts of 19 oct 2026 / 2 nov 2026 recorded for sibling UNIR titles on 2026-08-25. NO September intake exists at UNIR.,"NOT FOUND. UNIR publishes a convocatoria START date and a 'Plazas limitadas' notice, not a closing date; admission is adviser-led and rolling up to the start.",máster universitario (OFFICIAL),4315363,online,castellano (not re-verified in this pass; page unreachable),NOT FOUND — and this is the correct and final answer for UNIR (see notes),https://www.unir.net/ingenieria/master-ingenieria-software/,"PAGE NOT DIRECTLY FETCHABLE — www.unir.net returns HTTP 403 to curl and to WebFetch (Cloudflare), confirmed again on 2026-08-29; all UNIR subdomains tried (estudiantes-argentina, mexico, colombia) also 403, and static.unir.net reset the connection. Content below comes from the SEARCH INDEX of unir.net's own pages, not from the page itself. Indexed as at 2026-08-29: 'Máster en Ingeniería del Software' — 'Convocatoria: 16 mar 2026'; 'Máster en Visual Analytics & Big Data' (Análisis y Visualización de Datos Masivos) — 'Convocatoria: 16 mar 2026'; 'Máster en Big Data y Ciencia de Datos' (título propio) — 'Convocatoria: 6 abr 2026'. Corroborated by wave-2 records in output/verified.jsonl taken from the same pages on 2026-08-25, which captured the status-bar strings 'Convocatoria Actual: 16 mar 2026', 'Abierta próxima convocatoria', 'Plazas limitadas', plus next-start dates of 19 oct 2026 and 2 nov 2026 for different titles and a start of 8 junio 2026 for the Innovación y Transformación Empresarial con IA master.","VERDICT: YES — UNIR runs staggered cohort starts through the year and several of them fall in the Jan–Jun window (March, April, June observed). This is NOT the 'application round' trap: the dates captured are labelled as the convocatoria's own start, and sibling titles carry DIFFERENT dates (16 mar / 6 abr / 8 jun / 19 oct / 2 nov), which is only consistent with per-title start dates, not with a shared admission window. The corollary already recorded in AGENT-BRIEF holds and is confirmed here: UNIR runs NO September intake at all. For a candidate targeting September 2027 that is a structural mismatch — the nearest UNIR options are a spring 2027 start (bringing the plan forward ~6 months) or an October/November 2027 start (pushing it back ~1 month). SPRING 2027 DATES ARE NOT PUBLISHED. Only the 2026 convocatorias are out. Do not shift these dates forward by a year. TUITION: NOT FOUND and this is final, per AGENT-BRIEF — UNIR publishes no price for any master; its own brochure says the fee 'se calcula en función del total de créditos ECTS matriculados, la forma de pago y las características específicas de cada alumno', disclosed only by an adviser after preinscripción. Any UNIR fee figure without a non-UNIR primary source is unsupported. PROVENANCE WARNING: every date in this record is search-index content, not a page this agent opened. A human must open these pages in a normal browser to confirm. Listed for gaps.md.",YES,,online,1
Universidad Internacional de La Rioja (UNIR),Máster Universitario en Análisis y Visualización de Datos Masivos (Visual Analytics & Big Data),AB | X,YES,March 2026,'Convocatoria: 16 mar 2026',"Several — UNIR runs multiple staggered convocatorias per year rather than one annual intake; observed 2026 starts across its catalogue are 16 mar, 6 abr, 8 jun, 19 oct and 2 nov. Exact count per title NOT PUBLISHED.",Autumn starts of 19 oct 2026 / 2 nov 2026 recorded for sibling UNIR titles on 2026-08-25. NO September intake exists at UNIR.,"NOT FOUND. UNIR publishes a convocatoria START date and a 'Plazas limitadas' notice, not a closing date; admission is adviser-led and rolling up to the start.",máster universitario (OFFICIAL),4315751,online,castellano (not re-verified in this pass; page unreachable),NOT FOUND — and this is the correct and final answer for UNIR (see notes),https://www.unir.net/ingenieria/master-visual-analytics-big-data/,"PAGE NOT DIRECTLY FETCHABLE — www.unir.net returns HTTP 403 to curl and to WebFetch (Cloudflare), confirmed again on 2026-08-29; all UNIR subdomains tried (estudiantes-argentina, mexico, colombia) also 403, and static.unir.net reset the connection. Content below comes from the SEARCH INDEX of unir.net's own pages, not from the page itself. Indexed as at 2026-08-29: 'Máster en Ingeniería del Software' — 'Convocatoria: 16 mar 2026'; 'Máster en Visual Analytics & Big Data' (Análisis y Visualización de Datos Masivos) — 'Convocatoria: 16 mar 2026'; 'Máster en Big Data y Ciencia de Datos' (título propio) — 'Convocatoria: 6 abr 2026'. Corroborated by wave-2 records in output/verified.jsonl taken from the same pages on 2026-08-25, which captured the status-bar strings 'Convocatoria Actual: 16 mar 2026', 'Abierta próxima convocatoria', 'Plazas limitadas', plus next-start dates of 19 oct 2026 and 2 nov 2026 for different titles and a start of 8 junio 2026 for the Innovación y Transformación Empresarial con IA master.","VERDICT: YES — UNIR runs staggered cohort starts through the year and several of them fall in the Jan–Jun window (March, April, June observed). This is NOT the 'application round' trap: the dates captured are labelled as the convocatoria's own start, and sibling titles carry DIFFERENT dates (16 mar / 6 abr / 8 jun / 19 oct / 2 nov), which is only consistent with per-title start dates, not with a shared admission window. The corollary already recorded in AGENT-BRIEF holds and is confirmed here: UNIR runs NO September intake at all. For a candidate targeting September 2027 that is a structural mismatch — the nearest UNIR options are a spring 2027 start (bringing the plan forward ~6 months) or an October/November 2027 start (pushing it back ~1 month). SPRING 2027 DATES ARE NOT PUBLISHED. Only the 2026 convocatorias are out. Do not shift these dates forward by a year. TUITION: NOT FOUND and this is final, per AGENT-BRIEF — UNIR publishes no price for any master; its own brochure says the fee 'se calcula en función del total de créditos ECTS matriculados, la forma de pago y las características específicas de cada alumno', disclosed only by an adviser after preinscripción. Any UNIR fee figure without a non-UNIR primary source is unsupported. PROVENANCE WARNING: every date in this record is search-index content, not a page this agent opened. A human must open these pages in a normal browser to confirm. Listed for gaps.md.",YES; YES — BUT,,"online, path-AB",2
Universidad Internacional de La Rioja (UNIR),Máster de Formación Permanente en Big Data y Ciencia de Datos,AB | AC,YES,April 2026,'Convocatoria: 6 abr 2026',"Several — UNIR runs multiple staggered convocatorias per year rather than one annual intake; observed 2026 starts across its catalogue are 16 mar, 6 abr, 8 jun, 19 oct and 2 nov. Exact count per title NOT PUBLISHED.",Autumn starts of 19 oct 2026 / 2 nov 2026 recorded for sibling UNIR titles on 2026-08-25. NO September intake exists at UNIR.,"NOT FOUND. UNIR publishes a convocatoria START date and a 'Plazas limitadas' notice, not a closing date; admission is adviser-led and rolling up to the start.","título propio — 'Máster de Formación Permanente' is the post-RD 822/2021 name for a título propio. NOT ANECA-verified, NO PhD access, not eligible for public scholarships.",,online,castellano (not re-verified in this pass; page unreachable),NOT FOUND — and this is the correct and final answer for UNIR (see notes),https://www.unir.net/ingenieria/master-big-data-ciencia-datos/,"PAGE NOT DIRECTLY FETCHABLE — www.unir.net returns HTTP 403 to curl and to WebFetch (Cloudflare), confirmed again on 2026-08-29; all UNIR subdomains tried (estudiantes-argentina, mexico, colombia) also 403, and static.unir.net reset the connection. Content below comes from the SEARCH INDEX of unir.net's own pages, not from the page itself. Indexed as at 2026-08-29: 'Máster en Ingeniería del Software' — 'Convocatoria: 16 mar 2026'; 'Máster en Visual Analytics & Big Data' (Análisis y Visualización de Datos Masivos) — 'Convocatoria: 16 mar 2026'; 'Máster en Big Data y Ciencia de Datos' (título propio) — 'Convocatoria: 6 abr 2026'. Corroborated by wave-2 records in output/verified.jsonl taken from the same pages on 2026-08-25, which captured the status-bar strings 'Convocatoria Actual: 16 mar 2026', 'Abierta próxima convocatoria', 'Plazas limitadas', plus next-start dates of 19 oct 2026 and 2 nov 2026 for different titles and a start of 8 junio 2026 for the Innovación y Transformación Empresarial con IA master.","VERDICT: YES — UNIR runs staggered cohort starts through the year and several of them fall in the Jan–Jun window (March, April, June observed). This is NOT the 'application round' trap: the dates captured are labelled as the convocatoria's own start, and sibling titles carry DIFFERENT dates (16 mar / 6 abr / 8 jun / 19 oct / 2 nov), which is only consistent with per-title start dates, not with a shared admission window. The corollary already recorded in AGENT-BRIEF holds and is confirmed here: UNIR runs NO September intake at all. For a candidate targeting September 2027 that is a structural mismatch — the nearest UNIR options are a spring 2027 start (bringing the plan forward ~6 months) or an October/November 2027 start (pushing it back ~1 month). SPRING 2027 DATES ARE NOT PUBLISHED. Only the 2026 convocatorias are out. Do not shift these dates forward by a year. TUITION: NOT FOUND and this is final, per AGENT-BRIEF — UNIR publishes no price for any master; its own brochure says the fee 'se calcula en función del total de créditos ECTS matriculados, la forma de pago y las características específicas de cada alumno', disclosed only by an adviser after preinscripción. Any UNIR fee figure without a non-UNIR primary source is unsupported. PROVENANCE WARNING: every date in this record is search-index content, not a page this agent opened. A human must open these pages in a normal browser to confirm. Listed for gaps.md. THIS TITLE IS SPRING-ANCHORED: wave-2 recorded its only published start as '6 de abril de 2026' with an 8-month duration — an April cohort, not an autumn one. But it is a TÍTULO PROPIO: no PhD access, no public funding, weaker recognition. Flagged accordingly.",YES; YES — APR,,"online, path-AB",2
Universidad Internacional de La Rioja (UNIR),Máster Universitario en Producción Musical,A,YES,March 2026,'Convocatoria Actual: 16 mar 2026',"Several — UNIR runs multiple staggered convocatorias per year rather than one annual intake; observed 2026 starts across its catalogue are 16 mar, 6 abr, 8 jun, 19 oct and 2 nov. Exact count per title NOT PUBLISHED.",Autumn starts of 19 oct 2026 / 2 nov 2026 recorded for sibling UNIR titles on 2026-08-25. NO September intake exists at UNIR.,"NOT FOUND. UNIR publishes a convocatoria START date and a 'Plazas limitadas' notice, not a closing date; admission is adviser-led and rolling up to the start.",máster universitario (OFFICIAL),3500676,online,castellano (not re-verified in this pass; page unreachable),NOT FOUND — and this is the correct and final answer for UNIR (see notes),https://www.unir.net/musica/master-produccion-musical-online/,"PAGE NOT DIRECTLY FETCHABLE — www.unir.net returns HTTP 403 to curl and to WebFetch (Cloudflare), confirmed again on 2026-08-29; all UNIR subdomains tried (estudiantes-argentina, mexico, colombia) also 403, and static.unir.net reset the connection. Content below comes from the SEARCH INDEX of unir.net's own pages, not from the page itself. Indexed as at 2026-08-29: 'Máster en Ingeniería del Software' — 'Convocatoria: 16 mar 2026'; 'Máster en Visual Analytics & Big Data' (Análisis y Visualización de Datos Masivos) — 'Convocatoria: 16 mar 2026'; 'Máster en Big Data y Ciencia de Datos' (título propio) — 'Convocatoria: 6 abr 2026'. Corroborated by wave-2 records in output/verified.jsonl taken from the same pages on 2026-08-25, which captured the status-bar strings 'Convocatoria Actual: 16 mar 2026', 'Abierta próxima convocatoria', 'Plazas limitadas', plus next-start dates of 19 oct 2026 and 2 nov 2026 for different titles and a start of 8 junio 2026 for the Innovación y Transformación Empresarial con IA master.","VERDICT: YES — UNIR runs staggered cohort starts through the year and several of them fall in the Jan–Jun window (March, April, June observed). This is NOT the 'application round' trap: the dates captured are labelled as the convocatoria's own start, and sibling titles carry DIFFERENT dates (16 mar / 6 abr / 8 jun / 19 oct / 2 nov), which is only consistent with per-title start dates, not with a shared admission window. The corollary already recorded in AGENT-BRIEF holds and is confirmed here: UNIR runs NO September intake at all. For a candidate targeting September 2027 that is a structural mismatch — the nearest UNIR options are a spring 2027 start (bringing the plan forward ~6 months) or an October/November 2027 start (pushing it back ~1 month). SPRING 2027 DATES ARE NOT PUBLISHED. Only the 2026 convocatorias are out. Do not shift these dates forward by a year. TUITION: NOT FOUND and this is final, per AGENT-BRIEF — UNIR publishes no price for any master; its own brochure says the fee 'se calcula en función del total de créditos ECTS matriculados, la forma de pago y las características específicas de cada alumno', disclosed only by an adviser after preinscripción. Any UNIR fee figure without a non-UNIR primary source is unsupported. PROVENANCE WARNING: every date in this record is search-index content, not a page this agent opened. A human must open these pages in a normal browser to confirm. Listed for gaps.md. Included as the core path-A UNIR title. Next autumn start recorded 2026-08-25: 19 oct 2026.",YES,,online,1
Universidad Internacional de La Rioja (UNIR),Máster Universitario en Gestión Empresarial en la Industria Musical,P | X,YES,March (spring cohort); October (autumn cohort),Convocatoria: 16 de marzo de 2026 (search-index snapshot of unir.net programme page); a later snapshot of the same page reads 'Inicio 19 de octubre de 2026',At least 2 — UNIR runs staggered convocatorias including a publicly advertised 'convocatoria primavera',October (19 October 2026 for the 2026-27 autumn cohort),NOT FOUND — UNIR does not publish a closing date; enrolment runs until the cohort fills. A 35% discount was advertised 'hasta el 15 de abril',máster universitario (official),4317068,100% online (interactive online classes; exams online and/or presencial),Español (Spanish only),NOT FOUND — UNIR publishes no price for any master; fee disclosed only by an adviser after preinscripción,https://www.unir.net/musica/master-gestion-industria-musical/,'La convocatoria es el 16 de marzo de 2026' / 'Inicio 19 de octubre de 2026' — both surfaced from the unir.net programme page via the search index,"⚠ PROVENANCE: www.unir.net, usa.unir.net and estudiantes-argentina.unir.net all return HTTP 403 to every automated fetch (curl with browser UA included), so ALL page facts here come from the search index, not from the page itself. source_access = 'search index — page returns 403, not directly fetched'. NEEDS A HUMAN TO OPEN IN A NORMAL BROWSER to confirm the March convocatoria is a genuine cohort start for THIS title and to get the 2027 dates. UNIR runs no September intake at all — structurally staggered. RUCT: complementos formativos = 0. MECES 3, RD 822/2021. Only one of exactly two squarely music-business máster universitario titles in Spain.",YES,,path-P,1
Universidad Internacional de Valencia (VIU),Máster Universitario en Big Data y Ciencia de Datos,AB | AA,YES,April,'Convocatoria abril 26/27' — calendar PDF headed 'Planificación General / Máster / ABRIL 2026/27'. Exact day NOT PUBLISHED (colour-coded cell).,"2 ('Convocatoria octubre' and 'Convocatoria abril', each with its own full-year academic calendar)",October — currently promoted on the page as 'Oct. 2026',NOT FOUND — VIU publishes no closing date for either convocatoria,máster universitario (OFFICIAL) — page states 'Máster Universitario Oficial ... certificado y verificado por la ANECA y el Ministerio de Universidades',4317654,100% online,"Español (header badge 'Español'; page JSON-LD '""inLanguage"": ""es""')","NOT FOUND on the page (VIU quotes by advisor; page advertises 'Apertura de expediente gratuita y hasta un 33% de descuento', '5% adicional por pago al contado', '5% adicional por pago en dos plazos', 'Financiación a 36 meses sin intereses')",https://www.universidadviu.com/es/master-universitario-big-data-data-science,"Every VIU máster page publishes TWO separate academic calendars per academic year, listed under 'Calendarios académicos' — VERBATIM: 'Convocatoria octubre 26/27 ... Convocatoria abril 26/27 ... Convocatoria octubre 25/26 ... Convocatoria abril 25/26'. The April calendar PDF is a full standalone annual plan, headed VERBATIM 'Planificación General / Máster / ABRIL 2026/27', and its month grid runs April 2026 → April 2027 with legend entries 'Inicio del primer cuatrimestre', 'Inicio del segundo cuatrimestre', 'Tutoría inicial a cargo del Director/a de Título' and 'Períodos de TFM'. The Big Data programme's own April calendar is headed 'Máster Universitario en Big Data y Ciencia de Datos — ABRIL 2026/27 - Complementos Formativos' with legend 'Inicio de los Complementos Formativos' and a grid opening in February 2026, i.e. the bridging credits run BEFORE the April cohort's first cuatrimestre. VIU's central calendar page hosts the pair as separate general master calendars: '04_26 CG Máster.pdf' and '10_26 CG Máster.pdf'. Programme header badge as at 2026-08-29 (October convocatoria currently on sale): 'PLAZAS LIMITADAS | Oct. 2026 | 60 ECTS | Oficial | 100% online | Español'; JSON-LD on the page carries '""startDate"": ""Oct. 2026""'.","VERDICT: YES — a genuine second cohort start in APRIL, and the strongest structural evidence in this slice. It is not a 'second cuatrimestre' entry: VIU publishes a COMPLETE, SEPARATE annual academic plan for the April convocatoria ('Planificación General Máster ABRIL 2026/27', running April→April) alongside the October one, and it does so per programme as well as centrally. An April entrant follows their own first and second cuatrimestre, their own TFM period and their own complementos-formativos block — that is a cohort, not a mid-year join. EXACT DAY NOT FOUND: VIU's calendars are colour-coded graphics; the day cell marked 'Inicio del primer cuatrimestre' does not survive text extraction, and no VIU page prints the April start as a date. The best indirect evidence is the April 2026 Big Data calendar PDF's own filename and document title, '04_26 MU_Big Data y Ciencia de Datos (15-4-26)', with PDF CreationDate 15 April 2026 — consistent with a mid-April start, but recorded as indicative, NOT as the published start date. CYCLE NOTE FOR A SEPTEMBER-2027 TARGET: the currently published April calendar is 'abril 26/27', i.e. the cohort that started April 2026. The relevant one for this candidate would be the April 2027 ('abril 27/28') convocatoria, whose calendar was not yet published as at 2026-08-29. VIU's publication pattern (25/26 and 26/27 both present) makes its existence very likely but it is not yet a documented fact. APPLICATION DEADLINE: NOT FOUND. VIU publishes no closing date for either convocatoria; it markets on 'PLAZAS LIMITADAS' and rolling advisor-led admission. LANGUAGE: Spanish only ('Español' in the header badge, 'inLanguage: es' in the page's JSON-LD) — a hard filter for this candidate at A0/A1. COMPLEMENTOS: the plan lists 'Complementos Formativos — Herramientas de Programación (6), Herramientas de BBDD (6), Herramientas de Est...' required for applicants outside the direct-access degrees; a Software Engineering graduate has 'reconocimiento de enseñanzas previa' direct access, so these should not apply — VERIFY with VIU. The April cohort's complementos calendar starts in FEBRUARY, two months before the April cuatrimestre, so an April entrant needing CF actually starts in February.",YES,,"online, privates",2
Universidad Internacional de Valencia (VIU),Máster Universitario en Inteligencia Artificial,AA,YES,April,'Convocatoria abril 26/27' — calendar PDF headed 'Planificación General / Máster / ABRIL 2026/27'. Exact day NOT PUBLISHED (colour-coded cell).,"2 ('Convocatoria octubre' and 'Convocatoria abril', each with its own full-year academic calendar)",October — currently promoted on the page as 'Oct. 2026',NOT FOUND — VIU publishes no closing date for either convocatoria,máster universitario (OFFICIAL) — page states 'Máster Universitario Oficial ... certificado y verificado por la ANECA y el Ministerio de Universidades',4317649,100% online,"Español (header badge 'Español'; page JSON-LD '""inLanguage"": ""es""')","NOT FOUND on the page (VIU quotes by advisor; page advertises 'Apertura de expediente gratuita y hasta un 33% de descuento', '5% adicional por pago al contado', '5% adicional por pago en dos plazos', 'Financiación a 36 meses sin intereses')",https://www.universidadviu.com/es/master-inteligencia-artificial,"Every VIU máster page publishes TWO separate academic calendars per academic year, listed under 'Calendarios académicos' — VERBATIM: 'Convocatoria octubre 26/27 ... Convocatoria abril 26/27 ... Convocatoria octubre 25/26 ... Convocatoria abril 25/26'. The April calendar PDF is a full standalone annual plan, headed VERBATIM 'Planificación General / Máster / ABRIL 2026/27', and its month grid runs April 2026 → April 2027 with legend entries 'Inicio del primer cuatrimestre', 'Inicio del segundo cuatrimestre', 'Tutoría inicial a cargo del Director/a de Título' and 'Períodos de TFM'. The Big Data programme's own April calendar is headed 'Máster Universitario en Big Data y Ciencia de Datos — ABRIL 2026/27 - Complementos Formativos' with legend 'Inicio de los Complementos Formativos' and a grid opening in February 2026, i.e. the bridging credits run BEFORE the April cohort's first cuatrimestre. VIU's central calendar page hosts the pair as separate general master calendars: '04_26 CG Máster.pdf' and '10_26 CG Máster.pdf'. Programme header badge as at 2026-08-29 (October convocatoria currently on sale): 'PLAZAS LIMITADAS | Oct. 2026 | 60 ECTS | Oficial | 100% online | Español'; JSON-LD on the page carries '""startDate"": ""Oct. 2026""'.","VERDICT: YES — a genuine second cohort start in APRIL, and the strongest structural evidence in this slice. It is not a 'second cuatrimestre' entry: VIU publishes a COMPLETE, SEPARATE annual academic plan for the April convocatoria ('Planificación General Máster ABRIL 2026/27', running April→April) alongside the October one, and it does so per programme as well as centrally. An April entrant follows their own first and second cuatrimestre, their own TFM period and their own complementos-formativos block — that is a cohort, not a mid-year join. EXACT DAY NOT FOUND: VIU's calendars are colour-coded graphics; the day cell marked 'Inicio del primer cuatrimestre' does not survive text extraction, and no VIU page prints the April start as a date. The best indirect evidence is the April 2026 Big Data calendar PDF's own filename and document title, '04_26 MU_Big Data y Ciencia de Datos (15-4-26)', with PDF CreationDate 15 April 2026 — consistent with a mid-April start, but recorded as indicative, NOT as the published start date. CYCLE NOTE FOR A SEPTEMBER-2027 TARGET: the currently published April calendar is 'abril 26/27', i.e. the cohort that started April 2026. The relevant one for this candidate would be the April 2027 ('abril 27/28') convocatoria, whose calendar was not yet published as at 2026-08-29. VIU's publication pattern (25/26 and 26/27 both present) makes its existence very likely but it is not yet a documented fact. APPLICATION DEADLINE: NOT FOUND. VIU publishes no closing date for either convocatoria; it markets on 'PLAZAS LIMITADAS' and rolling advisor-led admission. LANGUAGE: Spanish only ('Español' in the header badge, 'inLanguage: es' in the page's JSON-LD) — a hard filter for this candidate at A0/A1. Confirmed to carry the same four calendars ('Convocatoria abril 25/26', 'abril 26/27', 'octubre 25/26', 'octubre 26/27'). JSON-LD: '""startDate"": ""Oct. 2026""', '""courseMode"": ""Online""'.",YES,,"online, privates",2
Universidad Internacional de Valencia (VIU),Máster Universitario en Ciberseguridad,AC,YES,April,'Convocatoria abril 26/27' — calendar PDF headed 'Planificación General / Máster / ABRIL 2026/27'. Exact day NOT PUBLISHED (colour-coded cell).,"2 ('Convocatoria octubre' and 'Convocatoria abril', each with its own full-year academic calendar)",October — currently promoted on the page as 'Oct. 2026',NOT FOUND — VIU publishes no closing date for either convocatoria,máster universitario (OFFICIAL) — page states 'Máster Universitario Oficial ... certificado y verificado por la ANECA y el Ministerio de Universidades',4317692,100% online,"Español (header badge 'Español'; page JSON-LD '""inLanguage"": ""es""')","NOT FOUND on the page (VIU quotes by advisor; page advertises 'Apertura de expediente gratuita y hasta un 33% de descuento', '5% adicional por pago al contado', '5% adicional por pago en dos plazos', 'Financiación a 36 meses sin intereses')",https://www.universidadviu.com/es/master-ciberseguridad,"Every VIU máster page publishes TWO separate academic calendars per academic year, listed under 'Calendarios académicos' — VERBATIM: 'Convocatoria octubre 26/27 ... Convocatoria abril 26/27 ... Convocatoria octubre 25/26 ... Convocatoria abril 25/26'. The April calendar PDF is a full standalone annual plan, headed VERBATIM 'Planificación General / Máster / ABRIL 2026/27', and its month grid runs April 2026 → April 2027 with legend entries 'Inicio del primer cuatrimestre', 'Inicio del segundo cuatrimestre', 'Tutoría inicial a cargo del Director/a de Título' and 'Períodos de TFM'. The Big Data programme's own April calendar is headed 'Máster Universitario en Big Data y Ciencia de Datos — ABRIL 2026/27 - Complementos Formativos' with legend 'Inicio de los Complementos Formativos' and a grid opening in February 2026, i.e. the bridging credits run BEFORE the April cohort's first cuatrimestre. VIU's central calendar page hosts the pair as separate general master calendars: '04_26 CG Máster.pdf' and '10_26 CG Máster.pdf'. Programme header badge as at 2026-08-29 (October convocatoria currently on sale): 'PLAZAS LIMITADAS | Oct. 2026 | 60 ECTS | Oficial | 100% online | Español'; JSON-LD on the page carries '""startDate"": ""Oct. 2026""'.","VERDICT: YES — a genuine second cohort start in APRIL, and the strongest structural evidence in this slice. It is not a 'second cuatrimestre' entry: VIU publishes a COMPLETE, SEPARATE annual academic plan for the April convocatoria ('Planificación General Máster ABRIL 2026/27', running April→April) alongside the October one, and it does so per programme as well as centrally. An April entrant follows their own first and second cuatrimestre, their own TFM period and their own complementos-formativos block — that is a cohort, not a mid-year join. EXACT DAY NOT FOUND: VIU's calendars are colour-coded graphics; the day cell marked 'Inicio del primer cuatrimestre' does not survive text extraction, and no VIU page prints the April start as a date. The best indirect evidence is the April 2026 Big Data calendar PDF's own filename and document title, '04_26 MU_Big Data y Ciencia de Datos (15-4-26)', with PDF CreationDate 15 April 2026 — consistent with a mid-April start, but recorded as indicative, NOT as the published start date. CYCLE NOTE FOR A SEPTEMBER-2027 TARGET: the currently published April calendar is 'abril 26/27', i.e. the cohort that started April 2026. The relevant one for this candidate would be the April 2027 ('abril 27/28') convocatoria, whose calendar was not yet published as at 2026-08-29. VIU's publication pattern (25/26 and 26/27 both present) makes its existence very likely but it is not yet a documented fact. APPLICATION DEADLINE: NOT FOUND. VIU publishes no closing date for either convocatoria; it markets on 'PLAZAS LIMITADAS' and rolling advisor-led admission. LANGUAGE: Spanish only ('Español' in the header badge, 'inLanguage: es' in the page's JSON-LD) — a hard filter for this candidate at A0/A1. Confirmed to carry the same four calendars. Coded AC as the closest VIU title to cloud/infrastructure; it is a security master, not a DevOps/SRE one.",YES,,"online, privates",2
Universidad Internacional de Valencia (VIU),Máster Universitario en Interpretación e Investigación Musical (page also indexed as 'Máster en Composición Musical'),A | B,YES,April,'Convocatoria abril 26/27' — 'Calendario M. Investigación Musical Abril 26'. Exact day NOT PUBLISHED.,"2 (April and October, each with its own published academic calendar; both 25/26 and 26/27 pairs are online)","October — JSON-LD '""startDate"": ""Oct. 2026""'",NOT FOUND,"máster universitario (OFFICIAL) — page: 'Se trata de un Máster Universitario Oficial de 60 créditos ECTS, certificado y verificado por la ANECA y el Ministerio de Universidades.'",4318085 (carried from wave-2 verified.jsonl under the name 'Máster Universitario en Composición Musical'; the live page now names the title 'Interpretación e Investigación Musical' — FLAG: name/code pairing NOT re-confirmed in this pass),100% online (page: 'se ofrece en modalidad online'),Español,NOT FOUND,https://www.universidadviu.com/es/master-composicion-musical,"Under 'Calendarios Académicos' the page lists VERBATIM: 'Convocatoria octubre 26/27 — Calendario M. Investigación Musical Octubre 26 (investigación) / Calendario M. Investigación Musical Octubre 26 (interpretación) ... Convocatoria abril 26/27 — Calendario M. Investigación Musical Abril 26 ... Convocatoria octubre 25/26 ... Convocatoria abril 25/26 — Calendario M. Investigación Musical Abril 25'. Plan: 'El programa consta de 60 créditos ECTS distribuidos en un módulo común y dos especialidades. ... Obligatorias 27, Optativas 33'.","Same VIU two-convocatoria structure as its technical masters: a full separate April academic calendar, not a mid-year join. Two specialities (interpretación / investigación) with separate calendars. The title carries an audition-style specialisation in interpretación; the investigación track is the plausible route for a producer. NAME/RUCT MISMATCH FLAGGED, not resolved: wave-2 recorded this URL as 'Máster Universitario en Composición Musical' RUCT 4318085, while the page as served on 2026-08-29 is titled 'Máster Universitario en Interpretación e Investigación Musical'. A human should re-check which RUCT code the live title carries.",NOT FOUND; YES,,"online, privates",2
"Universitat Internacional Valenciana / Universidad Internacional de Valencia (VIU) — 100% online, Valencia",Máster Universitario en Big Data y Ciencia de Datos,AB | AA,YES,"April (second cohort start); the main cohort starts in October — note VIU's autumn start is OCTOBER, not September","Programme page, 'Descargas del Máster en Big Data y Data Science — Calendarios académicos': 'Convocatoria octubre 26/27 — Calendario BG y C. de Datos Octubre 26' and 'Convocatoria abril 26/27 — Calendario BG y C. de Datos Abril 26' (plus the same pair for 25/26). Each convocatoria has its OWN full academic-calendar PDF, i.e. these are two separate cohorts, not two application rounds. The April PDF is titled 'Máster Universitario en Big Data y Ciencia de Datos — ABRIL 2026/27' and its first month grid is April 2026; filename '04_26 MU_Big Data y Ciencia de Datos (15-4-26).pdf'.",2 (October and April),October,"NOT FOUND — VIU publishes no open/close application dates for either convocatoria; admission is rolling against the intake, with only commercial deadlines shown (e.g. a tuition discount 'Hasta el 28 de agosto' / 'hasta el 28/08/2026' for the October 2026 convocatoria).","máster universitario (OFFICIAL) — RUCT 4317654, estado 'Publicado en B.O.E.' (cross-checked in output/ruct-backbone.jsonl)",4317654,100% online (a distancia),Castellano (Spanish) — per the enriched record in output/verified.jsonl; not re-verified in this pass,NOT FOUND in this pass (see output/verified.jsonl for the enriched fee record),https://www.universidadviu.com/es/master-universitario-big-data-data-science,'Calendarios académicos — Convocatoria octubre 26/27 · Calendario BG y C. de Datos Octubre 26 | Convocatoria abril 26/27 · Calendario BG y C. de Datos Abril 26 | Convocatoria octubre 25/26 · Calendario BG y C. de Datos Octubre 25 | Convocatoria abril 25/26 · Calendario BG y C. de Datos Abril 25',"Candidate hit came from output/verified.jsonl (application_rounds: 'Two starts per year: October and April'). VERIFIED LIVE 2026-08-29 on VIU's own programme page, and corroborated by downloading the April convocatoria's academic-calendar PDF from viu's own domain. The April/October pattern has run for at least two consecutive years (25/26 and 26/27), so an April 2027 cohort is very likely but is NOT yet published — do not treat the April 2027 date as sourced.",YES; YES — VER,,"from-dataset, path-AB",2
"Universitat Internacional Valenciana / Universidad Internacional de Valencia (VIU) — 100% online, Valencia",Máster Universitario en Inteligencia Artificial,AA,YES,April (second cohort start); main cohort starts October,"Programme page, 'Calendarios académicos': 'Convocatoria octubre 26/27 — Calendario I. Artificial Octubre 26 | Convocatoria abril 26/27 — Calendario I. Artificial Abril 26 | Convocatoria octubre 25/26 — Calendario I. Artificial Octubre 25 | Convocatoria abril 25/26 — Calendario I. Artificial Abril 25'. Each convocatoria has its own full academic-calendar PDF, i.e. two genuine cohorts per year.",2 (October and April),October,NOT FOUND — VIU publishes no application open/close dates; rolling admission against each convocatoria.,"máster universitario (OFFICIAL) — RUCT 4317649, estado 'Publicado en B.O.E.' (cross-checked in output/ruct-backbone.jsonl)",4317649,100% online (a distancia),NOT VERIFIED in this pass — VIU's Spanish-language page is the only one checked; per AGENT-BRIEF rule 7 do not infer.,NOT FOUND,https://www.universidadviu.com/es/master-inteligencia-artificial,'Calendarios académicos Convocatoria octubre 26/27 Calendario I. Artificial Octubre 26 Convocatoria abril 26/27 Calendario I. Artificial Abril 26 Convocatoria octubre 25/26 Calendario I. Artificial Octubre 25 Convocatoria abril 25/26 Calendario I. Artificial Abril 25',"NEW FIND from output/deferred_candidates.jsonl — this programme was DISCOVERED but never enriched, and no agent had looked at it since discovery. The dataset's own discovery note said nothing about intakes; the April cohort was found by checking VIU's April/October pattern (established from the sibling Big Data master) against this page. AA-path, official, online — a strong fit that the September-anchored sweeps would have missed.",YES,,from-dataset,1
Universitat Oberta de Catalunya (UOC),Máster Universitario en Ciencia de Datos (Data Science),AB | AA,YES,February 2027,Inicio — 17 feb 2027,2 (October and February/March),Autumn cohort starts in September/October; page states 'Matriculación a partir de abril — Para los másters que inician docencia en los meses de septiembre y octubre',NOT FOUND (no closing date published). Opening date IS published: programme header reads 'Próxima inscripción: octubre 2026'; the matriculation block reads 'Matriculación a partir de octubre — Para los másters que inician docencia en los meses de febrero y marzo'. UOC does not publish a hard close date; enrolment runs from October until shortly before the 17 feb 2027 start.,máster universitario (OFFICIAL) — page states 'Titulación oficial ... verificada por el Consejo de Universidades',4316294,"100% Online ('Online y sin horarios', '100% Online')","'Idiomas: Español, Catalán' — 'El mismo programa se ofrece en las dos lenguas en aulas diferentes'. NO English option.","EU: 'Precio orientativo a tiempo completo (1 año): 2.900,00 €' (25,82 €/cr docencia + 18,30 €/cr recursos, 5,16 €/cr convalidadas). NON-EU: 'A tiempo completo (1 año) 4.330 €' / 'A tiempo parcial (2 años) 4.840 €'. Both figures are computed on 60 ECTS only — see notes, the real load is 72 ECTS. Rates 'vigentes en el momento de formalizar la matrícula. Sujetos a revisión anual' (i.e. 2026-27 rates as displayed 2026-08-29).",https://www.uoc.edu/es/estudios/masters/master-universitario-data-science,"Header block: 'Inicio | 17 feb 2027 | 100% Online | 60 Créditos ECTS'. Top banner: 'Próxima inscripción: octubre 2026'. Matriculation block on the same page: 'En la UOC te puedes matricular en dos momentos diferentes del año. Elige la opción que mejor se adapte a tus necesidades. Consulta el plazo de matriculación y el inicio de curso en la página de los estudios que te interesen cursar. / Matriculación a partir de abril — Para los másters que inician docencia en los meses de septiembre y octubre / Matriculación a partir de octubre — Para los másters que inician docencia en los meses de febrero y marzo.' UOC's central enrolment page repeats it: 'Matriculación a partir de mayo — Para los másters universitarios que inician docencia en el mes de octubre. / Matriculación a partir de noviembre — Para los másters universitarios que inician docencia en el mes de marzo.' and frames it as serving new entrants: 'Para facilitar la incorporación y asesoramiento a los nuevos estudiantes, las matrículas efectuadas en el período correspondiente tendrán un descuento en concepto de matrícula anticipada del 20%...'","CRUX FINDING — this IS a genuine second cohort start, not merely the second semester of an autumn cohort. Three independent signals: (1) the programme header's 'Inicio' field, which names the NEXT date on which NEW students begin, currently reads 17 feb 2027 — the October 2026 start is no longer offered on this page; (2) the same page pairs it with 'Próxima inscripción: octubre 2026', i.e. a fresh admission window opening for that February start; (3) UOC's central matriculation page describes the two windows explicitly as 'dos momentos distintos del año' in which you can matricularte, and ties the early-enrolment discount to 'la incorporación y asesoramiento a los NUEVOS estudiantes'. ⚠️ CORRECTION CARRIED: the advertised 60 ECTS is not the real load. 'Para obtener la titulación de máster universitario de Ciencia de datos el estudiante tiene que superar 60 créditos ECTS entre asignaturas obligatorias y optativas y, además, 12 créditos ECTS de asignaturas niveladoras de complementos de formación.' The study plans repeat: 'En esta planificación no se incluyen los 12 ECTS de complementos de formación, adicionales y obligatorios para titularse.' And there is NO exemption route: 'Este máster está adaptado al nuevo RD 822/2021 y tiene la restricción de matricular obligatoriamente las dos asignaturas de complementos de formación durante el primer curso académico, preferentemente el primer semestre... No se podrá continuar los estudios hasta que no se superen los complementos.' REAL LOAD = 72 ECTS, and the quoted 2.900 €/4.330 € prices are computed on 60 ECTS, so the true cost is ~20% higher. MINOR CONFLICT (logged, not resolved): the programme page says starts fall in 'febrero y marzo' with matriculación from October, while UOC's central máster-universitario enrolment page says 'inician docencia en el mes de marzo' with 'matriculación a partir de noviembre'. The programme page's concrete date (17 feb 2027) is the more specific and is taken as governing for this title.",YES,,"online, public",2
Universitat Oberta de Catalunya (UOC) — joint with Universitat Ramon Llull (La Salle),Máster Universitario en Ingeniería de Telecomunicación / Màster universitari d'Enginyeria de Telecomunicació,C,YES,February (or March) for the second semester cohort; September/October for the first,UOC-wide rule (uoc.edu/es/estudios/acceso-matricula/matricula-masters-posgrados-especializaciones): 'Matriculación a partir de abril para empezar el curso en septiembre u octubre' / 'Matriculación a partir de noviembre para empezar el curso en febrero o marzo'. The programme page itself showed only 'Inici: 23 set 2026' at access date.,2,September/October (page showed 'Inici: 23 set 2026'),NOT FOUND as a specific date. UOC states only that matriculation for the February/March start opens in November; no closing date published on the pages read.,máster universitario (official),"4316386 (current UOC title; earlier codes 4312552 and 3500090 also registered to UOC for this title family) — code NOT printed on the programme page at access date, taken from output/ruct-backbone.jsonl, so treat as UNCONFIRMED against the page",100% online,"Català, Castellà (bilingual; classes shared) — verbatim from the Catalan programme page. NOT English.","EUR 20.42/ECTS for EU students plus EUR 18.30/ECTS 'recursos d'aprenentatge'; non-EU quoted approx. EUR 5,790 total (full-time, 18 months) or approx. EUR 6,580 (part-time, 3 years) — rates shown on the page at access date, year of rates not stated on page",https://www.uoc.edu/ca/estudis/masters/master-universitari-enginyeria-telecomunicacio,'Matriculación a partir de noviembre para empezar el curso en febrero o marzo',"90 ECTS. This is the strongest structural spring candidate in path C: UOC is the one Spanish university whose ENTIRE official master's catalogue runs on two teaching-start semesters. CAVEAT recorded honestly: the UOC-wide two-start rule is primary-sourced, but the telecom master's own page displayed only the September start at access date, so per-programme February availability is INFERRED from the institution-wide rule and needs a human to confirm with UOC admissions. Language is a hard filter for this candidate (Catalan/Spanish only, A0/A1 Spanish). Access page states up to 18 ECTS complementos de formación for non-telecom entrants — a Software Engineering degree would likely trigger them.",YES,,path-C,1
"Universitat Politècnica de Catalunya (UPC), Barcelona",Máster Universitario en Aplicaciones y Gestión de la Ingeniería de Telecomunicación (MASTEAM) / Master's degree in Applied Telecommunications and Engineering Management,C | AC,YES,February (second cohort start); September is the main start,"Duration and start date: 1 academic year, 60 ECTS credits. Starting September and February. ... 'For students starting in the autumn, the first semester is taught in the afternoons and the second semester in the mornings. For students starting in the spring, the first semester is taught in the mornings and the second semester in the afternoons.' || Second, independent confirmation on the school's own microsite masteam.masters.upc.edu/en/admission/information, verbatim: 'We have two intakes: Autumn Semester (starting in September) / Spring Semester (starting in February)'.",2 (September and February),September (autumn semester),"5 October – 9 December 2026 pre-inscription for the SPRING (February) semester of curso 2026-27; admission decisions published by 15 January 2027; spring enrolment 25 January – 12 February 2027. These are the published 2026-27 dates and have NOT been shifted forward — the equivalent Oct–Dec 2027 window for a February 2028 start is not yet published. NOTE: UPC warns 'Centers can establish their pre-inscription periods', so the school's own window may differ.","máster universitario (OFFICIAL) — RUCT 4315535; UPC page states 'Official degree — Recorded in the Ministry of Science, Innovation and Universities'",4315535,"presencial (face-to-face), Castelldefels School of Telecommunications and Aerospace Engineering (EETAC). Mornings and afternoons.",English ('Language of instruction: English' on the UPC programme page),"EUR 1,162 approx (EU/resident) / EUR 2,700 (non-EU non-resident) for the full 60-ECTS degree, per upc.edu programme page; the page does not state the rate year.",https://www.upc.edu/en/masters/applied-telecommunications-and-engineering-management-masteam,"UPC official master's academic calendar 2026-2027, '1. Pre-inscription periods for master's studies / New students': 'Autumn semester and, if applicable, in the spring semester — Pre-inscription: January 8 to July 1, 2026; Publication of admitted students (conditionally and definitively): deadline July 17, 2026. Spring semester — Pre-inscription: October 5 to December 9, 2026; Publication of admitted students (conditionally and definitely): deadline January 15, 2027.' Enrolment, spring semester: 'January 25 to February 12, 2027'.","Discovered from output/verified.jsonl (application_rounds prose: 'Programme runs two intakes annually: Autumn Semester (starts September) and Spring Semester (starts February)') and re-verified live on 2026-08-29 against BOTH the UPC central programme page and the EETAC MASTEAM microsite. 300-ECTS candidate note: the UPC page states that an official bachelor's of >=240 ECTS plus this 60-ECTS master satisfies the 300-ECTS doctoral-access requirement. || PRACTICAL VALUE FOR THE CANDIDATE: a February 2027 start would begin ~7 months before the September 2027 target, and its application deadline (9 Dec 2026) falls comfortably after the Aug-2026 degree completion. A February 2028 start is the fallback if a Sept-2027 application fails.",YES,,from-dataset,1
"Universitat Politècnica de Catalunya (UPC), Barcelona",Máster Universitario en Inteligencia Artificial para Industrias Conectadas (AI4CI) / Master's degree in Artificial Intelligence for Connected Industries,AA,YES,February (second cohort start); September is the main start,"Duration and start date: 2 academic years, 120 ECTS credits. Starting September and February || New intake places: 25.",2 (September and February),September (autumn semester),"5 October – 9 December 2026 pre-inscription for the SPRING (February) semester of curso 2026-27; admission decisions published by 15 January 2027; spring enrolment 25 January – 12 February 2027. These are the published 2026-27 dates and have NOT been shifted forward — the equivalent Oct–Dec 2027 window for a February 2028 start is not yet published. NOTE: UPC warns 'Centers can establish their pre-inscription periods', so the school's own window may differ.","máster universitario (OFFICIAL) — RUCT 3500437; UPC page states 'Official degree — Recorded in the Ministry of Science, Innovation and Universities'",3500437,"presencial (face-to-face), Castelldefels School of Telecommunications and Aerospace Engineering (EETAC)",English ('Language of instruction: English' on the UPC programme page),"EUR 2,324 approx (EU/resident) / EUR 5,400 (non-EU non-resident) for the full 120-ECTS degree, per upc.edu programme page; rate year not stated on the page.",https://www.upc.edu/en/masters/artificial-intelligence-for-connected-industries-ai4ci,"UPC official master's academic calendar 2026-2027, '1. Pre-inscription periods for master's studies / New students': 'Autumn semester and, if applicable, in the spring semester — Pre-inscription: January 8 to July 1, 2026; Publication of admitted students (conditionally and definitively): deadline July 17, 2026. Spring semester — Pre-inscription: October 5 to December 9, 2026; Publication of admitted students (conditionally and definitely): deadline January 15, 2027.' Enrolment, spring semester: 'January 25 to February 12, 2027'.","Discovered from output/verified.jsonl (application_rounds prose: 'Two intakes per academic year: September and February') and re-verified live on 2026-08-29 on the UPC programme page itself. Bridging courses ('complementos') are explicitly required for holders of an Informatics Engineering bachelor's — relevant to this candidate's Software Engineering background; the academic committee assesses other degrees case by case. || PRACTICAL VALUE FOR THE CANDIDATE: a February 2027 start would begin ~7 months before the September 2027 target, and its application deadline (9 Dec 2026) falls comfortably after the Aug-2026 degree completion. A February 2028 start is the fallback if a Sept-2027 application fails.",YES,,"from-dataset, public",2
"Universitat Politècnica de Catalunya (UPC), Barcelona",Máster Universitario en Tecnologías Avanzadas de Telecomunicación / Master's degree in Advanced Telecommunication Technologies (MATT),C,YES,February (second cohort start); September is the main start,"Duration and start date: 1 academic year, 60 ECTS credits. Starting February and September || 'New intake places: 40 in September; 20 in February' — the page states a separate, explicitly sized February cohort, which is decisive evidence of a genuine second cohort start rather than a second application round.",2 (September and February),September (autumn semester),"5 October – 9 December 2026 pre-inscription for the SPRING (February) semester of curso 2026-27; admission decisions published by 15 January 2027; spring enrolment 25 January – 12 February 2027. These are the published 2026-27 dates and have NOT been shifted forward — the equivalent Oct–Dec 2027 window for a February 2028 start is not yet published. NOTE: UPC warns 'Centers can establish their pre-inscription periods', so the school's own window may differ.","máster universitario (OFFICIAL) — RUCT 4316793; UPC page states 'Official degree — Recorded in the Ministry of Science, Innovation and Universities'",4316793,"presencial (face-to-face), afternoons. Taught at Barcelona School of Telecommunications Engineering (ETSETB) and Castelldefels School of Telecommunications and Aerospace Engineering (EETAC).",English ('Language of instruction: English' on the UPC programme page),"EUR 1,162 approx (EU/resident) / EUR 2,700 (non-EU non-resident) for the full 60-ECTS degree, per upc.edu programme page; rate year not stated.",https://www.upc.edu/en/masters/advanced-telecommunication-technologies,"UPC official master's academic calendar 2026-2027, '1. Pre-inscription periods for master's studies / New students': 'Autumn semester and, if applicable, in the spring semester — Pre-inscription: January 8 to July 1, 2026; Publication of admitted students (conditionally and definitively): deadline July 17, 2026. Spring semester — Pre-inscription: October 5 to December 9, 2026; Publication of admitted students (conditionally and definitely): deadline January 15, 2027.' Enrolment, spring semester: 'January 25 to February 12, 2027'.","NEW FIND — this programme was NOT in verified.jsonl or in the deferred candidates' intake prose; it surfaced only by sweeping every UPC master's page in the nine fields after the dataset flagged UPC as a two-intake institution. The February places figure (20) is published separately from the September figure (40). Admission is restricted to telecommunications/audiovisual/electronic-systems/network engineering bachelors, so a Software Engineering graduate is NOT on the direct-admission list — flag. || PRACTICAL VALUE FOR THE CANDIDATE: a February 2027 start would begin ~7 months before the September 2027 target, and its application deadline (9 Dec 2026) falls comfortably after the Aug-2026 degree completion. A February 2028 start is the fallback if a Sept-2027 application fails.",YES,,from-dataset,1
"Universitat Politècnica de Catalunya (UPC), Barcelona",Máster Universitario en Innovación e Investigación en Informática (MIRI) / Master's degree in Innovation and Research in Informatics,AC | AB | AA,YES,February (second cohort start); September is the main start,"Duration and start date: 2 academic years, 120 ECTS credits. Starting September and February || New intake places: 60. Specialisations include Advanced Computing, Computer Networks and Distributed Systems, High Performance Computing, Data Mining and Business Intelligence, Data Science, Service Engineering.",2 (September and February),September (autumn semester),"5 October – 9 December 2026 pre-inscription for the SPRING (February) semester of curso 2026-27; admission decisions published by 15 January 2027; spring enrolment 25 January – 12 February 2027. These are the published 2026-27 dates and have NOT been shifted forward — the equivalent Oct–Dec 2027 window for a February 2028 start is not yet published. NOTE: UPC warns 'Centers can establish their pre-inscription periods', so the school's own window may differ.","máster universitario (OFFICIAL) — RUCT 4313729; UPC page states 'Official degree — Recorded in the Ministry of Science, Innovation and Universities'",4313729,"presencial (face-to-face), mornings, Barcelona School of Informatics (FIB)",English ('Language of instruction: English' on the UPC programme page),"EUR 2,324 approx (EU/resident) / EUR 5,400 (non-EU non-resident) for the full 120-ECTS degree, per upc.edu programme page; rate year not stated.",https://www.upc.edu/en/masters/innovation-and-research-in-informatics-miri,"UPC official master's academic calendar 2026-2027, '1. Pre-inscription periods for master's studies / New students': 'Autumn semester and, if applicable, in the spring semester — Pre-inscription: January 8 to July 1, 2026; Publication of admitted students (conditionally and definitively): deadline July 17, 2026. Spring semester — Pre-inscription: October 5 to December 9, 2026; Publication of admitted students (conditionally and definitely): deadline January 15, 2027.' Enrolment, spring semester: 'January 25 to February 12, 2027'.","Discovered from output/deferred_candidates.jsonl line 286 (notes prose: 'September and February entry') — a candidate nobody had enriched — and verified live on 2026-08-29 on the UPC programme page. Also carries a Catalunya-La Pedrera Foundation 'Masters of Excellence' grant programme mention on the same page. || PRACTICAL VALUE FOR THE CANDIDATE: a February 2027 start would begin ~7 months before the September 2027 target, and its application deadline (9 Dec 2026) falls comfortably after the Aug-2026 degree completion. A February 2028 start is the fallback if a Sept-2027 application fails.",YES,,from-dataset,1
"Universitat Politècnica de Catalunya (UPC), Barcelona",Máster Universitario en Ingeniería Informática / Master's degree in Informatics Engineering (MEI),AC | AA,YES,February (second cohort start); September is the main start,"Duration and start date: 1.5 academic years, 90 ECTS credits. Starting September and February || New intake places: 40.",2 (September and February),September (autumn semester),"5 October – 9 December 2026 pre-inscription for the SPRING (February) semester of curso 2026-27; admission decisions published by 15 January 2027; spring enrolment 25 January – 12 February 2027. These are the published 2026-27 dates and have NOT been shifted forward — the equivalent Oct–Dec 2027 window for a February 2028 start is not yet published. NOTE: UPC warns 'Centers can establish their pre-inscription periods', so the school's own window may differ.","máster universitario (OFFICIAL) — RUCT 4313321; UPC page states 'Official degree — Recorded in the Ministry of Science, Innovation and Universities'",4313321,"presencial (face-to-face), afternoons, Barcelona School of Informatics (FIB)",NOT FOUND as a single statement — the UPC page says 'Check the language of instruction for each subject in the course guide.' Do NOT record as English.,"EUR 1,592 approx (EU/resident) / EUR 4,050 (non-EU non-resident) for the full 90-ECTS degree, per upc.edu programme page; rate year not stated.",https://www.upc.edu/en/masters/informatics-engineering,"UPC official master's academic calendar 2026-2027, '1. Pre-inscription periods for master's studies / New students': 'Autumn semester and, if applicable, in the spring semester — Pre-inscription: January 8 to July 1, 2026; Publication of admitted students (conditionally and definitively): deadline July 17, 2026. Spring semester — Pre-inscription: October 5 to December 9, 2026; Publication of admitted students (conditionally and definitely): deadline January 15, 2027.' Enrolment, spring semester: 'January 25 to February 12, 2027'.","NEW FIND — not present in any dataset's intake prose; surfaced by sweeping UPC's own master's catalogue after the dataset identified UPC as a two-intake institution. Language of instruction is explicitly per-subject and is NOT stated as English — flag per AGENT-BRIEF rule 7. || PRACTICAL VALUE FOR THE CANDIDATE: a February 2027 start would begin ~7 months before the September 2027 target, and its application deadline (9 Dec 2026) falls comfortably after the Aug-2026 degree completion. A February 2028 start is the fallback if a Sept-2027 application fails.",YES,,from-dataset,1
"Universitat Politècnica de Catalunya (UPC), Barcelona",Máster Universitario en Ingeniería de Telecomunicación (MET) / Master's degree in Telecommunications Engineering,C,YES,February (second cohort start); September is the main start,"Duration and start date: 2 academic years, 120 ECTS credits. Starting September and February",2 (September and February),September (autumn semester),"5 October – 9 December 2026 pre-inscription for the SPRING (February) semester of curso 2026-27; admission decisions published by 15 January 2027; spring enrolment 25 January – 12 February 2027. These are the published 2026-27 dates and have NOT been shifted forward — the equivalent Oct–Dec 2027 window for a February 2028 start is not yet published. NOTE: UPC warns 'Centers can establish their pre-inscription periods', so the school's own window may differ.","máster universitario (OFFICIAL) — RUCT 4314015; UPC page states 'Official degree — Recorded in the Ministry of Science, Innovation and Universities'",4314015,"presencial (face-to-face), afternoons, Barcelona School of Telecommunications Engineering (ETSETB)",English ('Language of instruction: English' on the UPC programme page),"EUR 2,122 approx (EU/resident) / EUR 5,400 (non-EU non-resident) for the full 120-ECTS degree, per upc.edu programme page; rate year not stated.",https://www.upc.edu/en/masters/telecommunications-engineering-met,"UPC official master's academic calendar 2026-2027, '1. Pre-inscription periods for master's studies / New students': 'Autumn semester and, if applicable, in the spring semester — Pre-inscription: January 8 to July 1, 2026; Publication of admitted students (conditionally and definitively): deadline July 17, 2026. Spring semester — Pre-inscription: October 5 to December 9, 2026; Publication of admitted students (conditionally and definitely): deadline January 15, 2027.' Enrolment, spring semester: 'January 25 to February 12, 2027'.","NEW FIND from the UPC catalogue sweep. This is a regulated-profession (Ingeniero de Telecomunicación) title with a restricted list of qualifying bachelor's degrees — Software Engineering is not on it, so admission for this candidate is doubtful. Recorded because the February start is real and the C-path DSP content sits here. || PRACTICAL VALUE FOR THE CANDIDATE: a February 2027 start would begin ~7 months before the September 2027 target, and its application deadline (9 Dec 2026) falls comfortably after the Aug-2026 degree completion. A February 2028 start is the fallback if a Sept-2027 application fails.",YES,,from-dataset,1
Universitat Politècnica de Catalunya (UPC) — Escola d'Enginyeria de Telecomunicació i Aeroespacial de Castelldefels (EETAC),Màster universitari en Aplicacions i Tecnologies per als Sistemes Aeris no Tripulats / Master's degree in Applied Telecommunications and Engineering Management (MASTEAM),C | AC,YES,February (teaching starts ~15 February),"""We have two intakes: Autumn Semester (starting in September) [and] Spring Semester (starting in February)"" (masteam.masters.upc.edu/en/admission/information); enrolment page: ""around February 1st-14th (lectures start around February 15th) for the Spring semester""",2,"September (Autumn semester); enrolment ~1-14 September, lectures the following week","NOT FOUND — the programme's Procedure & Calendar page published, at access date, only the autumn window: ""Candidates wishing to start their studies in September 2026 (Autumn 2026 semester) should apply during the pre-enrolment period open from January 8th 2026 to July 1st 2026."" No spring-specific pre-enrolment window is printed. UPC catalogue records pre-enrolment as ""Currently closed"".",máster universitario,4315535,"presencial (face-to-face), EETAC Castelldefels",English (stated verbatim as language of instruction on the UPC catalogue page),"2,700 EUR non-EU (45,00 EUR/credit x 60 ECTS); 1,162 EUR EU (19,37 EUR/credit) — 2026-27 rates per Decret 96/2026",https://masteam.masters.upc.edu/en/admission/information,"""We have two intakes: Autumn Semester (starting in September) [and] Spring Semester (starting in February)"" — and ""around February 1st-14th (lectures start around February 15th) for the Spring semester""","GENUINE SPRING COHORT START, not a segundo periodo of the autumn cohort: the enrolment page separately dates enrolment AND the start of lectures for the spring semester, which an application round cannot do. This is the structural exception the slice was looking for. Caveat for the candidate: the spring application deadline is not published — a human must email EETAC. UPC is a public university; non-EU pay 45,00 EUR/credit, roughly 2.3x the EU rate. RUCT healthy (Publicado en B.O.E., acreditación institucional favorable 06/03/2025).",YES,,public,1
Universitat Politècnica de Catalunya (UPC) — Escola Tècnica Superior d'Enginyeria Industrial de Barcelona (ETSEIB),Preinscripció Màsters febrer (school-wide February entry route; the notice names MUEI — Màster Universitari en Enginyeria Industrial),,YES,February,«Curs 2025-26 Q2 (inici febrer 2026)» — «La matrícula es realitzarà de forma online el dimecres 11 de febrer de 2026»,2 (September Q1 + February Q2),September,Applications opened 6 October 2025 and closed 7 December 2025; provisional admissions published before 16 January 2026; final admissions early February 2026; enrolment 11 February 2026,máster universitario oficial,"NOT CAPTURED — the February-entry notice is a procedural page, not a programme page","presencial, Barcelona",NOT FOUND on this procedural page,NOT FOUND,https://etseib.upc.edu/ca/curs-actual/tramits/preinscripcio-masters-febrer,Curs 2025-26 Q2 (inici febrer 2026). La matrícula es realitzarà de forma online el dimecres 11 de febrer de 2026.,"CORROBORATES THE UPC-WIDE MECHANISM: UPC schools run a genuine second-quadrimester (February) admission with its own autumn application window, distinct from the spring application round for the September start. Recorded because it establishes that the FIB February start is institutional structure, not a one-off. The named title (Enginyeria Industrial) is NOT in the nine fields, so path_codes is empty — its value here is structural. ETSEIB is not among the 93 institutions in output/programmes.jsonl (only UPC's EPSEM and EETAC campuses are), so the UPC February route is a coverage gap for the institution-list slices.",YES,,national-sweep,1
Berklee College of Music – Campus Valencia / Universitat Politècnica de València,Master of Arts in Global Entertainment and Music Business (GEMB) — Máster Universitario en Industria Global de la Música y el Espectáculo,P | S,NO,September,All graduate programs on the Valencia campus begin in September and are completed in one year.,1,None — a single September cohort running fall + spring + summer terms,"N/A — no spring intake. The three published dates (Early Action 1 Nov, Regular 15 Jan, Extended 10 Mar) are APPLICATION ROUNDS for the following SEPTEMBER start, not intakes.","máster universitario (official, awarded via UPV) + Berklee MA",4313420,"presencial (Valencia campus, Palau de les Arts)",English,NOT CHECKED in this spring-focused pass,https://valencia.berklee.edu/graduate-admissions/graduate-admissions,'All graduate programs on the Valencia campus begin in September and are completed in one year.',"The three-round deadline structure is the classic trap this brief warns about — rounds, not cohorts. Confirmed single September start. Sibling Berklee programme MPTI (Music Production, Technology and Innovation) has NO RUCT registration and shares the same September-only calendar.",NO,,path-P,1
"Berklee College of Music — Valencia campus (Berklee Valencia), Valencia","Master of Music in Music Production, Technology, and Innovation (MPTI)",A,NO,September (fall semester),"on-campus graduate programs are designed to be completed in three semesters of full-time study or one full academic year—a consecutive fall, spring, and summer",1 (fall only),"none — the page describes fall/spring/summer as the three CONSECUTIVE semesters of one cohort, not as separate entry points. Do not mistake 'spring semester' here for a spring intake.",N/A — no spring intake,"NOT a Spanish official title — US-accredited Berklee graduate degree delivered in Spain; not in RUCT, not a máster universitario, not a título propio of a Spanish university",,"presencial (Palau de les Arts, Valencia)",English (Berklee US degree; not stated verbatim on this page — NOT FOUND on page),"NOT FOUND on this page (links to a separate Tuition, Fees and Payment page)",https://valencia.berklee.edu/graduate-programs/mpti/music-production-technology-and-innovation,"On-campus graduate programs are designed to be completed in three semesters of full-time study or one full academic year—a consecutive fall, spring, and summer.","ECTS: NOT APPLICABLE — the programme is measured in US credits, 'a minimum 32 or 33 with internship', maximum '37 or 38 with internship'. That is a US semester-credit count, roughly 60-70 ECTS equivalent, but the page does not state ECTS so no conversion is recorded. Single annual fall cohort; the word 'spring' on the page refers to the second semester of the same cohort, which is exactly the trap this slice was told to watch for.",NO,,path-A,1
"CEV — Escuela Superior de Comunicación, Imagen y Sonido (private, AD Education group since 2019)",Máster en Producción Musical (Madrid) — APPEARS DISCONTINUED / PAGE REMOVED,A | P,"NO — and in fact NO INTAKE AT ALL, because the programme no longer appears in CEV's catalogue",NOT FOUND,"No start date could be recorded: https://www.cev.com/master-en-produccion-musical/ now returns 'HTTP/2 301, location: https://www.cev.com/' — a permanent redirect to the CEV homepage. The programme page has been withdrawn.",NOT FOUND,,N/A,"título propio de escuela — NOT OFFICIAL. CEV is not a university, no university validates the award, it is not in RUCT, it is not a máster universitario and it is not a Máster en Enseñanzas Artísticas (CEV is not a conservatory and there is no BOE homologation order). No PhD access, no MECES level, not eligible for public postgraduate scholarships. CEV's own FAQ describes its provision as 'titulaciones de Grado Medio y Grado Superior, así como másteres y cursos profesionales, todos ellos homologados por el Ministerio de Educación y Formación Profesional' — note that this homologación refers to its FP (vocational) titles, not to its 'másteres'.",,was presencial (Madrid),Español,NOT FOUND,https://www.cev.com/master-en-produccion-musical/,"301 redirect to homepage. CEV's current /formaciones/ catalogue lists exactly ONE máster — 'Máster en Arte 3D, Animación y Efectos Visuales para Videojuegos y Cine Barcelona' (menu entry 'MÁSTER — Animación 3D Barcelona') — and no music master. The catalogue's music/sound provision is now FP-level and short-course only: 'Técnico en Video, DJ y Sonido Barcelona', 'Técnico Superior en Sonido para Audiovisuales y Espectáculos Barcelona', 'Técnico Superior en Realización de Proyectos Audiovisuales y Espectáculos Barcelona', 'Cursos de canto, interpretación y music business'. The site header now reads 'SEDE — BARCELONA' with no Madrid campus listed.","⚠️ CHANGE SINCE WAVE 1. Wave 1 recorded a CEV 'Máster en Producción Musical' from the /formaciones/?filter=master listing. As at 2026-08-29 that programme page 301-redirects to the CEV homepage and the master no longer appears in the catalogue; CEV's site now presents a single campus (Barcelona) and a single máster (3D animation). Aggregators (educaweb, emagister, docenzia) still carry the old Madrid listing with '1200 horas', which is exactly the aggregator-vs-primary trap the brief warns about — those are NOT usable as evidence that the programme still runs. Treat CEV as CLOSED for the music path unless a human confirms otherwise with the school directly. Either way it was never an official title and would have been a weak visa basis.",NO — AND ,,music-schools,1
"CUNEF Universidad, Madrid",Máster Universitario en Ciencia de Datos e Inteligencia Artificial / Master in Data Science and Artificial Intelligence,AB | AA,NO,Autumn (Fall term) — exact date NOT PUBLISHED,"No start date published on the programme page. The curriculum table settles it: every core course is labelled 'Fall' (Principles of Data Analysis and AI, Programming Tools, Databases, Machine Learning, Visualisation Techniques, Neural Networks and Deep Learning, Time Series and Forecasting, ETL) and the later ones 'Spring' (NLP and Generative AI, AI Ethics and Regulation, Emerging Technologies) — a single Fall-start academic year.","1 (single Fall-start academic year, evidenced by the Fall/Spring term structure)",none,N/A — no spring cohort,"máster universitario (OFFICIAL) — 'The official master's degree in Data Science and Artificial Intelligence'; RUCT 4317230, 'Publicado en B.O.E.', Máster - RD 822/2021, MECES 3, verified 17/12/2019, BOE 27/07/2021, 20/01/2022, 19/02/2026. Grants PhD access and is eligible for public scholarships.",4317230,"Face-to-face (presencial), full-time, 1 year, Madrid","Spanish ('Language: Spanish' on the English-language page — the English page itself states the teaching language is Spanish, so no translation trap here)",NOT FOUND (CUNEF publishes no fee on the programme page),https://www.cunef.edu/en/programmes/master-in-data-science/,"'Learning: Face-to-face · Language: Spanish · Credits: 60 ECTS'; '60 ECTS credits, distributed as follows: Compulsory Courses: 42 credits; Academic Internship: 12 credits; Final Dissertation (FD): 6 credits'; course terms 'Fall' / 'Spring'","One of only three genuinely OFFICIAL (máster universitario) programmes in this whole business-school slice — the others are Comillas ICADE and Universidad Europea. Single autumn cohort. 12 ECTS of academic internship. Taught in Spanish, which is the binding constraint for this candidate, not the calendar. RUCT status taken from output/ruct-detail.jsonl and the RUCT detail URL, not from CUNEF's page, which states 'official' without a code.",NO,,business-schools,1
Deusto Formación (deustoformacion.com) — an online distance-learning provider; NOT the same institution as Universidad de Deusto's own faculties,"Curso de Organización de Eventos (its only programme in fields A/P/S). Its three actual 'másteres' are business-only: Máster en Dirección de RR.HH., People Analytics y Bienestar Organizacional; Máster en Marketing Intelligence y Agentic Workflows; Máster en Finanzas, Fintech y Estrategia de Inversión.",S,"NOT MEANINGFUL — enrolment is continuous, which per the SPRING-BRIEF explicitly does NOT count",none — no cohort start date exists,"'La matrícula es abierta: puedes incorporarte en cualquier momento del año.' ('Enrolment is open: you can join at any point in the year.') Duration: '24 meses de plazo de estudio', i.e. a 24-month window to complete, not a taught cohort.","n/a — rolling, continuous enrolment with no cohort structure",,N/A,"TÍTULO PROPIO — and not even at master's level. Verbatim: 'Al finalizar obtendrás dos títulos: un diploma propio de Deusto Formación [y un] título propio de la Universidad Internacional de Valencia (VIU) con 8 créditos ECTS.' Not in RUCT, no ANECA verification, no PhD access, no MECES level. Note also the open-access rule: 'no se exige Bachillerato ni Grado universitario previo para acceder al título de la VIU' — there is no degree requirement at all, which is itself a marker that this is not postgraduate study.",,"online / a distancia, self-paced",Español,"NOT FOUND on the page (price is shown only after a lead form). Note an extra cost is disclosed: '*La emisión del título de la VIU conlleva el pago de unas tasas administrativas (inferiores a 100€), a abonar en el momento de solicitarlo.'",https://www.deustoformacion.com/curso-organizacion-eventos,'Horas lectivas: 200 horas de carga lectiva'; 'Duración: 24 meses de plazo de estudio'; 'Diploma Deusto Formación + Título propio de la Universidad Internacional de Valencia (VIU) con 8 créditos ECTS'; 'La matrícula es abierta: puedes incorporarte en cualquier momento del año.',"❌ DOES NOT COUNT AS A SPRING INTAKE, and this is exactly the distinction the brief asks to police: rolling year-round enrolment is not a cohort that starts in spring. Two further disqualifiers: it is 8 ECTS / 200 hours (a short course, not a master's — roughly one-eighth of a 60-ECTS year), and it is fully online and self-paced, so it cannot support a Spanish student visa. Deusto Formación has NO music, audio or music-industry programme at all — its only three master's-branded products are HR, marketing and finance. Recorded as a firm negative for this slice. ⚠️ Do not confuse this provider with Universidad de Deusto, whose official másteres universitarios (e.g. Análisis de Negocio, RUCT 3500355; Computación y Sistemas Inteligentes, RUCT 4318041) were covered in wave 1 and are a different institution with a different admission calendar.",NOT MEANI,,music-schools,1
"DISTRITO ÚNICO ANDALUZ (DUA) — covers Universidad de Granada (UGR), Universidad de Sevilla (US), Universidad de Málaga (UMA), and the other Andalusian public universities (Almería, Cádiz, Córdoba, Huelva, Jaén, Pablo de Olavide, UNIA)",REGION-WIDE calendar record — all másteres universitarios of the Andalusian public system (in-scope: UGR Ciencia de Datos e Ingeniería de Computadores; UMA Ingeniería Acústica; US Ingeniería Informática and Análisis de Datos Ómicos; UGR/USAL Ciencia de Datos Aplicada a las Ciencias Sociales),C | AA | AB | AC,NO,September/October,"DUA máster calendar 2026-2027, three phases: FASE 1 (international applicants only) 13 January – 14 April 2026, applications «Desde el día 13 a lo largo del día al 29 de enero de 2026»; FASE 2 (Spanish and international) 17 June – 3 October 2026, applications 17–26 June, first adjudication 22 July with matrícula 23–27 July, second adjudication 14 September with matrícula 15–17 September; FASE 3 (extraordinaria) 8 September – 3 November 2026, applications 8–15 September, first adjudication 29 September, second adjudication 9 October.",1,none,n/a — no spring intake anywhere in the Andalusian public system,máster universitario,n/a — region-level calendar record,presencial,mostly castellano,Andalusian public rates (Junta de Andalucía decreto de precios públicos),https://www.juntadeandalucia.es/economiaconocimientoempresasyuniversidad/sguit/?q=masteres&d=mo_calendario.php,"«Plazo de entrega de solicitudes / Desde el día 13 a lo largo del día al 29 de enero de 2026» — Fase 1, reserved for international applicants","★ THE MISCOUNT THE SLICE BRIEF WARNED ABOUT, CONFIRMED AND CORRECTLY EXCLUDED. Distrito Único Andaluz Fase 1 runs 13–29 January and is reserved for international applicants. It is an APPLICATION window for the FOLLOWING AUTUMN, not a January start — its own phase does not close until 14 April and the cohort it feeds enrols in July/September alongside Fases 2 and 3. Counting it as a spring intake would be the single easiest error available in this whole sweep. Recorded NO. The whole Andalusian public system is covered by this one calendar, so UGR, US and UMA are all answered here and need no separate check: none of them can offer a spring start, because admission is not theirs to schedule — it is set centrally by the Junta. Fase 3 (applications 8–15 September, adjudications 29 September and 9 October) is a convocatoria extraordinaria filling the autumn cohort, also excluded. SILVER LINING WORTH RANKING ON: Fase 1's existence means a Tunisian applicant gets a dedicated January window with a ~9-month runway to a September start — the best visa timeline in Andalucía, and the reason to apply in January rather than June.",NO,,public,1
"EADA Business School, Barcelona — NOT a university",Master en Data Analytics y Dirección de Proyectos,X | AB,NO,November,'Otoño - 2026 ... Próximo inicio: 9 Nov. 2026 ... Duración: 8 meses',1 published (Otoño 2026),none published for this programme,N/A — no spring cohort,título propio — EADA's own Master diploma (EADA is not a university). Not in RUCT.,,"Presencial, Barcelona, Tiempo parcial",Español,NOT FOUND on the page read,https://www.eada.edu/es/programas/datos-y-analiticas/master-en-data-analytics-y-direccion-de-proyectos,'Otoño - 2026 · Próximo inicio: 9 Nov. 2026 · Modalidad: Presencial · Ubicación: Barcelona · Idioma: Español · Experiencia requerida: 3+ años · Duración: 8 meses',"Confirms EADA's season-labelled edition system: this one is the Otoño edition, the online Business Analytics master is the Primavera one. Requires 3+ years of experience.",NO,,business-schools,1
"EADA Business School, Barcelona — NOT a university",Master in FinTech & Business Analytics,X | AB,NO,October,'Fall - 2026 ... Start date: 5 Oct. 2026 ... Duration: 9 months',1 published (Fall 2026),none published,N/A — no spring cohort,"CONFLICT / needs human check — the page claims 'Official Master's Degree – 60 ECTS. Eligible candidates will be awarded an official 60-ECTS master's degree.' but names NO validating university, NO RUCT code and NO BOE reference, and EADA is not a university. Per rule 6 the absence of all three means treat as título propio unless a partner university is named. Do not record as official on this evidence.",,"In-person, Barcelona, Full time, Monday to Friday",English,NOT FOUND on the page read,https://www.eada.edu/en/programmes/finance/master-fintech-business-analytics,'Fall - 2026 · Start date: 5 Oct. 2026 · Duration: 9 months · Language: English · Required experience: 0 - 3 years'; 'Official Master's Degree – 60 ECTS · Eligible candidates will be awarded an official 60-ECTS master's degree.',The only EADA analytics programme taught in English and open to 0-3 years experience — i.e. the one that actually fits this candidate — but it is a single October start. Its 'official' claim is unsupported on the page and is flagged CONFLICT for a human to resolve with EADA (which university awards it?).,NO,,business-schools,1
EAE Business School Barcelona,"Máster en Dirección y Organización de Eventos, Protocolo y Turismo de Negocios",S,NO,October,«October 2026» — the only intake printed on the page,1 published,none published on this page,N/A,"CONFLICT / UNRESOLVED — the page markets it as «the best Official Master's program in Spain in Event Organization, Protocol and Business Tourism» (Eduniversal wording) but prints no RUCT code, no ANECA/verificación link and no BOE reference. EAE's own titles are normally títulos propios issued with a partner university. Not resolved on this page; recorded as UNKNOWN rather than accepting the marketing word 'Official'",,"Full Time, presencial, Barcelona campus",Spanish — «This Master is taught completely in Spanish»,NOT FOUND — no price published; page advertises «Save up to 15% on your tuition»,https://www.eaebarcelona.com/en/master-en-organizacion-de-eventos-protocolo-y-turismo-de-negocios,Start date: October 2026. Duration: 10 months. Full Time. This Master is taught completely in Spanish.,EAE Business School is absent from output/programmes.jsonl (93 institutions) — a provider the institution-list slices would miss — but this title has a single October start. Recorded NO. Flag for a human: EAE's use of the word 'Official' without a RUCT code is exactly the título-propio-marketed-as-official pattern rule 6 warns about.,NO,,national-sweep,1
EAE Business School (Barcelona) — not a university; validates through Universitat de Lleida,Máster en Big Data & Analytics / Master in Big Data & Analytics (Full Time and Part Time),X | AB,NO,October,"'October 2026' (eaebarcelona.com, Master in Business Analytics & AI, 11 months, Part Time); eae.es full-time page says only 'Enrollment Open for 2026' with no month",1 (October) on the pages that state a month,Search-index snippets claim EAE runs October AND March/April convocatorias school-wide; that could NOT be reproduced on any EAE page for the Big Data / Analytics / AI programmes — every one of them shows October 2026 only.,N/A — no spring cohort found,"título propio — 'Master of Continuous Learning / Permanent Training Master in Big Data & Analytics', 'Proprietary (EAE and Universitat de Lleida)'. EAE is NOT a university; the degree is a Máster de Formación Permanente co-awarded with UdL. Not in RUCT, no PhD access.",,"presencial full-time (Mon-Fri, one Friday off per month) or part-time (Tue+Thu afternoons)",'Spanish or English' depending on the section enrolled in,NOT FOUND (EAE does not publish price on these pages),https://www.eaebarcelona.com/en/master-big-data-analytics-0,'October 2026'; '60 ECTS'; degree 'Master of Lifelong Learning in Big Data & Analytics' validated by 'Universitat de Lleida (UdL)',Wave-1 finding confirmed on primary source: EAE is not a university and validates through Universitat de Lleida (Barcelona programmes) / UNIE (Madrid programmes).,NO,,business-schools,1
EAE Business School (Barcelona) — not a university; validates through Universitat de Lleida,Máster en Inteligencia Artificial & Machine Learning for Business,AA | X,NO,October,'Octubre 2026' — 'Abierta convocatoria de octubre 2026',NOT STATED on the page; only the October convocatoria is open,none published,N/A — no spring cohort,"título propio (double) — 'Título propio Máster de Formación Permanente en Inteligencia Artificial & Machine Learning for Business' from EAE AND from Universitat de Lleida (UdL). Not official, not in RUCT.",,"presencial, Barcelona",Español,NOT FOUND,https://www.eae.es/full-time/master-en-inteligencia-artificial-for-business/admision,'Octubre 2026'; 'Abierta convocatoria de octubre 2026'; '60 ECTS',"Note the vocabulary trap in reverse: EAE calls its single October start a 'convocatoria', which elsewhere means an application round. Here it is the cohort.",NO,,business-schools,1
"EAE Business School Madrid (double award with Universidad Internacional de la Empresa, UNIE)",Máster en Dirección y Organización de Eventos / Master in Events Management and Organization,S,NO,October,"Programme listing, verbatim: «Oct. 2026 - 10 months». October is the only start month printed anywhere on the page; no February, January or April cohort is advertised.","1 (October), on the evidence of the page",none published,N/A — no spring intake,"MÁSTER UNIVERSITARIO (OFFICIAL) for the UNIE half of the double award — RUCT 4318070, «Máster Universitario en Dirección y Organización de Eventos / Master in Management and Organization of Events por la Universidad Internacional de la Empresa», estado «Publicado en B.O.E.». The page states the student receives «a double qualification: the Master in Events Management and Organization from EAE Business School and the Master in Events Management and Organization from the Universidad Internacional de la Empresa (UNIE)» and calls the credential «Titulación oficial». NOTE the contrast with EAE BARCELONA's similarly named programme, which prints no RUCT code and is a título propio.",4318070,"Full Time, presencial, Madrid campus",Español — explicit statement on the page: «This master's degree is taught in SPANISH». Do not be misled by the English-language version of the page.,NOT FOUND — no price figure published (discount and financing messaging only),https://www.eaemadrid.com/en/program/master-events-management-organization,Oct. 2026 - 10 months  ///  This master's degree is taught in SPANISH,Checked BECAUSE it is the official (RUCT 4318070) sibling of EAE Barcelona's título propio of nearly the same name — the officiality asymmetry between the two campuses is real and is confirmed here. But there is NO spring cohort: single October start. Spanish-only teaching.,NO,,path-S,1
EAE Business School Madrid — not a university; Madrid programmes validate through UNIE,Master in Big Data & Business Analytics (English) / Global Máster en Business Analytics and Data Strategy,X | AB,NO,October,'OCT. 2026 - 10 months' (eaemadrid.com); hybrid page states only '2026 Intake','One intake annually (October)' per the Madrid programme page,none published,N/A — no spring cohort,"título propio — 'Master's in Continuing Education in Business Analytics & Data Strategy'; Barcelona edition with Universitat de Lleida, Madrid edition with UNIE. Not official, not in RUCT.",,full-time presencial (Madrid) / hybrid (remote + two-week residential),English (Madrid English track); Spanish for the hybrid Global Máster,"NOT FOUND (discounts quoted, no list price)",https://www.eaemadrid.com/en/program/master-big-data-business-analytics-english,'OCT. 2026 - 10 months'; degree 'Master in Big Data & Business Analytics in English by EAE Business School Madrid',Madrid vs Barcelona validate through different universities (UNIE vs UdL) — recorded because it changes the recognition question.,NO,,business-schools,1
EAE Business School — online arm (eaeprogramas.es),Máster en Business Analytics Online,X | AB,NO,September,'Septiembre 2026' ('últimas plazas'),NOT STATED; only the September 2026 start is published,none published,N/A — no spring cohort published,"título propio (double) — EAE Business School title plus 'Máster de Formación Permanente de IL3 - Universidad de Barcelona'. Not official, not in RUCT.",,"Online / Blended (optional in-person sessions in Barcelona and Madrid), '100% Flexible'",Español,NOT FOUND (page directs to 'Precios EAE'),https://www.eaeprogramas.es/masters-online-semipresenciales/business-analytics,'Inicio: Septiembre 2026 (últimas plazas)'; '12 meses'; '60 ECTS'; doble titulación con 'Máster de Formación Permanente de IL3 - Universidad de Barcelona',"This is also a route into IL3-UB: the EAE online master is co-awarded as an IL3-UB Máster de Formación Permanente, which is useful because il3.ub.edu itself is a blocked domain.",NO,,business-schools,1
ENAE Business School (Murcia),Máster en Inteligencia Artificial y Data Science,AA | AB,NO,October,«15/10/2026» — the only start date printed on the page,1 published (October),none published,N/A,"título propio de ENAE Business School, in a double-degree with a «título oficial reconocido en Estados Unidos, otorgado por la Panamerican University». Not a Spanish máster universitario oficial",,Presencial / Semipresencial / Virtual Live,Spanish (English version of the site exists but the plan is Spanish),NOT FOUND — no price disclosed on the programme page,https://www.enae.es/master/master-inteligencia-artificial-y-data-science,"Inicio: 15/10/2026. 60 créditos ECTS. Doble titulación: título propio de ENAE Business School y título oficial reconocido en Estados Unidos, otorgado por la Panamerican University.",Surfaced by the February/January sweep but the page carries a single October start. Recorded NO so the next pass does not re-check it. ENAE is absent from output/programmes.jsonl — a Murcia business school the institution-list slices would miss — but it offers no spring cohort.,NO,,national-sweep,1
"Esade Business School (Universitat Ramon Llull), Barcelona",Master's in Business Analytics / Máster Universitario en Análisis de Datos para los Negocios (MSc in Business Analytics),X | AB,NO,September,September 2027 (programme page: 'September 2027'); admissions page refers to the 'September 2026 MSc intake',1 (single September cohort),"none — the nine dates published are APPLICATION ROUNDS, not cohort starts","N/A — no spring cohort. Application rounds for the Sept 2027 intake, verbatim: '1st OCT 2026, 19th NOV 2026, 14th JAN 2027, 18th FEB 2027, 18th MAR 2027, 22nd APR 2027, 13th MAY 2027, 3rd JUN 2027, 1st JUL 2027'","máster universitario (official) — RUCT 4316137, Universitat Ramon Llull, 'Publicado en B.O.E. (TITULACIÓN RENOVADA POR ACREDITACIÓN INSTITUCIONAL)', 60 ECTS",4316137,"presencial (full time, Barcelona campus)","English ('Proficiency in English is a must'; optional classes in Spanish, German, French, Mandarin)",NOT FOUND on the pages fetched (application fee EUR 150 stated),https://www.esade.edu/master-of-science/en/program/masters-in-business-analytics/admissions,'One academic year – Full Time – 60 ECTS'; start 'September 2027'; nine application deadlines '1st OCT 2026 ... 1st JUL 2027',"TEXTBOOK APPLICATION-ROUND-vs-COHORT-START TRAP: nine deadlines Oct-Jul feed ONE September start. Not a spring intake. Official status confirmed from RUCT backbone/detail (Universidad Ramón Llull 4316137), not from the Esade page, which does not state 'máster universitario'.",NO,,business-schools,1
"Esade Business School (Universitat Ramon Llull), Barcelona — Sant Cugat campus",MSc in Business Analytics (official title: Máster Universitario en Análisis de Datos para los Negocios / Master of Science in Business Analytics),X | AB,NO,September,"MSc landing/deadlines page, Program Details block: 'Next edition September 2027 | Language English | Location Campus Barcelona - Sant Cugat'. Academics page, Welcome Week block: 'SEPTEMBER — Official Program Start: 14th September 2026'. Pre-Program (Business Integration Path / Pre-Program in Data Science): 'July - September 2026', 'On campus classes: August 2026 – September 2026'.",1,none — the only editions named are September ones ('Next edition September 2027'),"N/A — no spring cohort. Esade runs MULTIPLE application rounds spread from autumn to summer, all feeding the ONE September start.","máster universitario (OFFICIAL) — Universitat Ramon Llull title, RUCT 4316137 'Máster Universitario en Análisis de Datos para los Negocios / Master of...' , estado 'Publicado en B.O.E. (TITULACIÓN RENOVADA POR ACREDITACIÓN INSTITUCIONAL)' per output/ruct-backbone.jsonl",4316137,"On-campus full-time, Barcelona (Sant Cugat)",English ('Language English' in the Program Details block),NOT CHECKED in this spring-focused pass (see esade.edu/master-of-science/en/fees-and-financing),https://www.esade.edu/master-of-science/en/program/master-in-business-analytics/academics,Next edition September 2027 ... Official Program Start: 14th September 2026,"TRAP CASE #1, CONFIRMED AS A TRAP. Esade publishes a long ladder of application deadlines running from autumn through to the following summer, which reads at a glance like several intakes; it is not. The programme's own Program Details block names exactly one edition ('Next edition September 2027') and the Academics page names exactly one start ('Official Program Start: 14th September 2026'), preceded by July-September pre-programme work. The multi-round calendar is an application-round ladder against a single September cohort. CAVEAT ON PROVENANCE: the specific count of NINE rounds (Round 1 ~1 October, Round 9 ~1 July) came back only through the search index and aggregator pages, and the deadlines page itself renders its table in JavaScript that curl does not retrieve — so the ROUND COUNT is NOT primary-verified here. The single-September-start finding IS primary-verified and is the load-bearing part.",NO,,path-X,1
Escola Superior de Música de Catalunya (ESMUC),Màster propi de Management i Producció Musical,P | S,NO,September,"From September 29, 2026 to July 15, 2027",1,"None — one annual cohort of 30 places, organised in three quarters across one academic year","N/A — no spring intake. THE SPRING DATES HERE ARE APPLICATION ROUNDS, NOT STARTS: Round 1 'From February 2 to March 25' (acceptance 15 April), Round 2 'From May 4 to May 24' (acceptance 9 June), Round 3 'From July 6 to September 6'.","màster propi (título propio — ESMUC's own certificate; note ESMUC also awards in the separate Enseñanzas Artísticas official register, but this title is explicitly labelled 'propi')",,On-campus (80% attendance required),Spanish (English could be used occasionally in presenting the content of some of the guest speakers),"EUR 4,692 (78.20 EUR/credit x 60 ECTS = 4,692; page states '78,20€' per credit)",https://www.esmuc.cat/en/studies/masters-i-postgraus/master-propi-de-management-i-produccio-musical/,"'From September 29, 2026 to July 15, 2027' · pre-registration 'From February 2 to March 25' / 'From May 4 to May 24' / 'From July 6 to September 6'","Classic trap case: three preinscripció rounds spread Feb–Sep, all feeding ONE September cohort. Recorded NO deliberately so a later pass does not re-read these as intakes. Internships with Sónar, L'Auditori, Palau de la Música — strong industry fit for a producer/DJ, but Spanish-language and título propio.",NO,,path-P,1
Escuela Microfusa (Barcelona and Madrid) — specialist music production / sound / DJ school,Diploma de Producción Musical (the school's flagship long programme; it does not market a 'máster' in the nine fields),A,NO,October,Start date 05/10/2026 for the 2026-27 convocatoria; first-payment deadline 15 September,1,none found,N/A,"escuela's own diploma — not a máster, not a university title, not in RUCT",,"presencial (Barcelona and Madrid, morning or afternoon groups)",Spanish,NOT FOUND,https://escuela.microfusa.com/,Inicio: 05 de octubre de 2026. La fecha límite para realizar el primer pago es el 15 de septiembre.,"Checked because it is the best-known independent audio school in Spain and directly on path A, and because a keyword sweep for February starts should not silently skip it. Single October intake and, in any case, it awards a diploma rather than a máster. Recorded NO so it is not re-checked. Dates came from the search index rather than a fetched programme page — provenance flagged; not load-bearing since the finding is negative.",NO,,national-sweep,1
Escuela Microfusa (Microfusa Comercial S.L.) — Barcelona & Madrid,Diploma de Producción Musical (and its specialisation variants: artística / tecnológica / music business; plus Diploma + BSc/BA top-ups with University of Solent and University of Winchester),A | P,NO (for the flagship Diploma) / NOT APPLICABLE (no master's exists to have an intake),October (5 October 2026),'Convocatorias: Inicio el 05 de octubre de 2026 - Diploma Producción Musical' — a single dated cohort. The product page's own heading reads 'Diploma en Producción Musical — 1er año · Convocatoria 2026-27'.,1 for the Diploma,"⚠️ IMPORTANT DISTINCTION — Microfusa's site-wide navigation does offer four intake collections: 'Convocatoria de Octubre', 'Convocatoria de Enero', 'Convocatoria de Abril' and 'Convocatoria de Verano'. Those January and April convocatorias are REAL, but they attach to Microfusa's SHORT COURSES (Curso de Grabación, Procesado y Mezcla, Creación Musical, Masterización, DJ, etc. — products typed 'Producción Musical', 'Verano', 'Online'), NOT to the Diploma, whose own page lists only the 5 October start. The collection pages themselves render their listings via JavaScript and returned no server-side course list, so the exact January/April course roster COULD NOT BE VERIFIED and no course is claimed here to start in January or April.",N/A,"NOT A MASTER'S AT ALL — Microfusa awards no 'máster' of any kind. Its entire postgraduate-looking catalogue is branded 'Diploma', i.e. a private school certificate with no ANECA verification, no RUCT entry, no MECES level and no PhD access. The only degree-level awards are UNDERGRADUATE top-ups validated by UK universities (BSc Popular Music Production, University of Solent; BA Music and Sound Production, University of Winchester) — bachelor's, not master's, and awarded under UK not Spanish law.",,"presencial (Barcelona, Madrid) + an online Diploma variant",Español (site and course descriptions are Spanish-only; no explicit 'idioma de impartición' statement found),NOT FOUND on the pages retrieved,https://microfusa.com/products/diploma-de-produccion-musical,'Convocatorias: Inicio el 05 de octubre de 2026 - Diploma Producción Musical'; navigation menu 'Convocatorias — Convocatoria de Octubre / Convocatoria de Enero / Convocatoria de Abril / Convocatoria de Verano'; catalogue headings 'Diplomas de producción — Diploma de Producción Musical / Diploma producción musical + especialización artística / + especialización tecnológica / + especialización music business / Diploma + Bachelor of Science in Popular Music Production - University of Solent / Diploma + Bachelor of Arts in Music and Sound Production. University of Winchester'.,"Microfusa was on the target list as a possible spring-intake master's provider. It is not one: it runs NO master's programme, so there is nothing here that could support a master's-level student pathway, spring or autumn. The January/April convocatorias that make it look promising belong to short skills courses. Recording as a firm negative so the next pass does not re-check it. Technical note: microfusa.com rate-limits (HTTP 429) on repeated requests — space fetches out. The escuela.microfusa.com subdomain serves the full catalogue.",NO (FOR T,,music-schools,1
"Escuela Universitaria de Artes TAI, Madrid (private)",Máster en Producción Musical,A,NO,October only,"'Inicio: Octubre 2026' (month only, no day). No second intake is listed anywhere on the page.",1,none,"N/A. For the October 2026 intake the site banner reads 'Matricúlate antes del 15 de octubre. Últimas plazas' — note that is a MATRICULATION cut-off for the autumn cohort, not a spring application deadline.","TÍTULO PROPIO — labelled 'Título Propio' by TAI on the programme page itself. Not in RUCT, not ANECA-verified, no PhD access, normally ineligible for public funding. TAI's own catalogue distinguishes the categories cleanly: it tags three programmes 'Título Oficial Universitario' / 'Máster universitario · 60 ECTS' (Interpretación Audiovisual, Creación de Animación Audiovisual, Fotografía Artística y Documental) and this one 'Título propio'.",,Presencial (Madrid) — campus calle Recoletos,Español,NOT FOUND — no price published on the programme page,https://taiarts.com/estudios/master-produccion-musical/,"'Título Propio | Máster en Producción Musical | Inicio: Octubre 2026 | Duracion: 1 año académico | Creditos: 60 ECTS | Idioma: Español | Modalidad: Presencial (Madrid)'; and 'Tiene una duración de 1 año académico (60 ECTS) y se imparte en modalidad presencial, en nuestro campus de calle Recoletos, en el centro de Madrid.'","NEGATIVE — the brief asked specifically whether TAI's music production master has a second intake beyond its reported October start. It does not: the page states one start month and the three sibling music/performing-arts másteres shown in its 'Programas relacionados' block (Music Business, Composición de Bandas Sonoras, Teatro Musical) are all likewise 'Octubre 2026'. 60 ECTS is a full load, but the award is a título propio and instruction is Spanish-only. ⭐ HOWEVER — see the separate record for TAI's 'Máster en Gestión de Industrias Culturales', which DOES start in April 2027. TAI therefore does run spring cohorts; just not on this programme.",NO,,music-schools,1
"Escuela Universitaria de Artes TAI, Madrid (private)",Máster en Music Business,P,NO,October only,'Inicio: Octubre 2026'. No second intake listed.,1,none,N/A,"TÍTULO PROPIO — labelled 'Título Propio' on the page. Not official, not in RUCT, no PhD access.",,Presencial (Madrid),"'Español O Inglés' — TAI states both; the page does not say how the two are split, so an English-only route is NOT confirmed and must be checked with admissions before relying on it",NOT FOUND,https://taiarts.com/estudios/master-music-business/,'Título Propio | Máster en Music Business | Inicio: Octubre 2026 | Duracion: 1 año académico | Creditos: 60 ECTS | Idioma: Español O Inglés | Modalidad: Presencial (Madrid)'.,"NEGATIVE for a spring start, but worth keeping on the autumn shortlist for path P: 60 ECTS, one academic year, and the only programme in this entire slice that advertises an English option. Award is still a título propio.",NO,,music-schools,1
Esden Business School (hybrid: online + two weeks in Madrid),Máster en Business Analytics,X | AB,NO,October,«Octubre» — the only intake stated; one annual intake,1,none,N/A,"título propio — «Título Master en Business Analytics» by Esden; optional double degree with Universidad Europea de Vitoria and an IMD certificate, «subject to conditions». Not a máster universitario oficial",,Hybrid — «Online + 2 semanas en Madrid»,Spanish,NOT FOUND — no price disclosed,https://esden.es/masters/master-en-business-analytics/,Convocatoria: Octubre. Duración: 1 Año Académico. Hybrid (Online + 2 semanas en Madrid).,Esden is absent from output/programmes.jsonl — a provider the institution-list slices would miss — but it runs a single October intake. Recorded NO.,NO,,national-sweep,1
ESIC Business & Marketing School / ESIC Universidad,"Máster en Big Data, Business Analytics e Inteligencia Artificial (MBDA)",X | AB | AA,NO (per ESIC's own site) — CONFLICT with aggregator,October,"Madrid: 'Octubre 2026 - Noviembre 2027'; Barcelona, Zaragoza, Málaga, Bilbao, Granada all 'Octubre 2026'",1 per campus per ESIC's own programme page,"CONFLICT: mastermania.com (aggregator) lists 'Máster en Big Data, Business Analytics e IA - PART-TIME Presencial en Madrid, Abril 2027', and a search snippet claimed 'Madrid: April and October 2026'. ESIC's own page and its Technology masters index both show October only. Aggregator claim NOT verifiable on esic.edu — recorded as unconfirmed, not as a spring intake.",NOT FOUND (no spring intake confirmed on primary source),"título propio — 'Máster de Formación Permanente en Big Data, Business Analytics e Inteligencia Artificial' issued by ESIC Universidad. NOT máster universitario, NOT in RUCT, no PhD access.",,"presencial, part-time / weekend / executive depending on campus",Español,"EUR 18,250 Madrid; 18,400 Barcelona; 15,400 Zaragoza/Málaga/Granada; 15,100 Bilbao (rates shown for the Oct 2026 edition)",https://www.esic.edu/master-y-postgrado/master-en-big-data-y-business-analytics-mbda,"Madrid 'Octubre 2026 - Noviembre 2027'; qualification 'Máster de Formación Permanente en Big Data, Business Analytics e Inteligencia Artificial'","Wave-1 finding confirmed: ESIC analytics masters are Máster de Formación Permanente (título propio). The only April signal is aggregator-sourced and could not be reproduced on esic.edu — flagged CONFLICT, needs a human to check with ESIC admissions.",NO (PER E,,business-schools,1
ESIC Business & Marketing School / ESIC Universidad,Máster online en Business Analytics e Inteligencia Artificial,X | AA,NO,October,'Oct. 2026',1 (single convocatoria listed),none listed,N/A — no spring cohort,"título propio — 'Máster de Formación Permanente en Business Analytics e Inteligencia Artificial' issued by ESIC Universidad. Not official, not in RUCT.",,"Online, Part Time (Martes y Jueves 19:00 a 21:30)",Español,"EUR 14,100",https://www.esic.edu/master-y-postgrado/business-analytics-ia,'Inicio: Oct. 2026'; '14.100 €'; 'Español'; 'Máster de Formación Permanente en Business Analytics e Inteligencia Artificial',"Even ESIC's ONLINE analytics master runs a single October start — unusual for an online título propio, so worth noting as a genuine single-intake result.",NO,,business-schools,1
"ESIC University / ESIC Business & Marketing School (Madrid, Barcelona, Zaragoza, Málaga, Bilbao, Granada)","Máster en Big Data, Business Analytics e Inteligencia Artificial (MBDA)",AB | X | AA,NO,October,Programme page start-date selector shows «Oct. 2026» for every campus (Madrid Oct 2026 – Nov 2027). The only February string on the page is a stale «Feb. 2020» archival entry.,1 (October),none published,N/A — no spring intake,"título propio — the page names it a «Máster de Formación Permanente» issued by ESIC University, which under RD 822/2021 is the legal name for a título propio, not a máster universitario oficial",,"presencial, formato fin de semana",Spanish,"EUR 18,250 Madrid / 18,400 Barcelona / 15,400 Zaragoza / 15,400 Málaga / 15,100 Bilbao / 15,400 Granada — as displayed August 2026",https://www.esic.edu/master-y-postgrado/master-en-big-data-y-business-analytics-mbda,"Oct. 2026 (start date shown for Madrid, Barcelona, Zaragoza, Málaga, Bilbao, Granada). Máster de Formación Permanente por ESIC University.","TRAP CAUGHT. A search-index summary asserted ESIC runs a «convocatoria de febrero» with scholarships for this master. The institution's own page contradicts it: a single October cohort start, and the only February token on the page is a 2020 leftover. Recorded NO on the strength of the primary page. Marketing 'convocatoria' language for ESIC refers to scholarship/application rounds, not cohort starts.",NO,,national-sweep,1
"ESINEV — Escuela Internacional de Eventos (esinev.education; the esinev.com domain does not resolve), Madrid","Whole máster catalogue — checked across 43 programmes, including 'Máster en Producción y gestión de entretenimiento para eventos', 'Máster en Escenografía y Producción de Eventos', 'Máster en Producción Audiovisual y Multimedia para Eventos', 'Máster en Producción de entretenimiento para eventos sociales', 'Máster en Organización de Eventos y Protocolo', 'Máster en Gestión de Patrocinios y Colaboraciones en Eventos'",S,NO,"October — 2 October 2026, uniformly, for the entire catalogue","'Inicio: 02-10-2026' — this exact string appears 43 times on the catalogue, once for every master ESINEV lists, with no other start date anywhere. Programme header data, verbatim: 'Nivel: Máster | Modalidad: Online | Duración: 12 meses | Horas: 1500 | ECTS: 60 ECTS | Matricula: 28-08-2026 | Plazas disponibles: 1 | Financiamiento: 11 meses'.",1,none — no second convocatoria of any kind appears anywhere on the site,N/A — no spring intake. (The autumn enrolment cut-off is published as 'Matricula: 28-08-2026'.),"TÍTULO PROPIO DE ESCUELA — and the weakest form of it. ESINEV is not a university and no university validates the award: the programme pages state only 'Título expedido por ESINEV con reconocimiento de 60.0 créditos ECTS, orientado a potenciar tu perfil profesional en el mercado internacional.' That is a school certifying its OWN credit count, with no ANECA verification, no RUCT entry, no university co-signature, no MECES level and no PhD access. The '60 ECTS' is self-declared and carries no legal weight in the EHEA. ESINEV files its programmes under its own marketing tier 'Másteres de Alta Dirección'.",,Online — every programme checked is 'Modalidad: Online',Español (site is Spanish-only; no explicit declaration),"EUR 3,550 for the Máster en Producción y gestión de entretenimiento para eventos; EUR 4,150 for the Máster en Escenografía y Producción de Eventos (prices shown on the pages, year not stated but the intake priced is 2 October 2026). Payable over 11 monthly instalments.",https://esinev.education/master-en-produccion-y-gestion-de-entretenimiento-para-eventos/,"'Inicio: 02-10-2026' (x43, whole catalogue); 'Título expedido por ESINEV con reconocimiento de 60.0 créditos ECTS'; 'Modalidad: Online'; 'Matricula: 28-08-2026'.","FIRM NEGATIVE ACROSS THE WHOLE INSTITUTION, which is a useful result: ESINEV runs exactly one cohort a year, on 2 October 2026, for all 43 of its 'másteres'. Two further reasons it should not be pursued regardless of dates: (a) everything is ONLINE, which cannot support a Spanish student visa for a non-EU applicant needing to relocate; (b) the award is a self-issued school certificate with self-declared ECTS and no university or ANECA involvement — materially weaker even than the UDIMA-backed títulos propios at SAE or the university-issued ones at TAI and ISEMCO. NOTE ON THE DOMAIN: the brief's 'ESINEV' resolves to esinev.education. The esinev.com / www.esinev.com hostnames do NOT exist (DNS failure, and the local egress proxy also refused CONNECT to them) — that is a dead domain, not an environment block, and should not be logged as one.",NO,,music-schools,1
"ESMUC — Escola Superior de Música de Catalunya, Barcelona",Màster propi de Composició de Bandes Sonores i Música per a Mitjans Audiovisuals / Master's Degree in Film Scoring and Music for Audiovisual Media,A,NO,October,From October 1st to June 1st. The Master's Final Project is recorded at the end of June.,"1 cohort (three PREINSCRIPCIÓ rounds — February, May, July — all feeding the single 1 October start)",none,"N/A — no spring cohort. Application rounds: 1st 2 Feb–25 Mar, 2nd 4 May–24 May, 3rd 6 Jul–6 Sep.","màster propi (ESMUC's own title), not official",,"presencial, Monday to Friday 18:00–20:00",Spanish and English,"EUR 6,667.20 = 111.12 EUR/credit x 60 ECTS (rate as published; year of rates not stated on page)",https://www.esmuc.cat/en/studies/masters-i-postgraus/master-propi-de-composicio-de-bandes-sonores-i-musica-per-a-mitjans-audiovisuals/,From October 1st to June 1st. The Master's Final Project is recorded at the end of June. ... 1st round: February 2 to March 25,"60 ECTS. 15 places. Same February-round trap as ESMUC's Composition with Technologies: a February application window, an October start. Arithmetic: 111.12 x 60 = 6,667.20.",NO,,path-A,1
"ESMUC — Escola Superior de Música de Catalunya, Barcelona (public conservatory, Generalitat de Catalunya)",Màster propi de Composició amb Tecnologies / Master's Degree in Composition with Technologies,A,NO,October,"Start date: October 1 — academic year running 1 October to 1 June, with the final project submitted in the first week of July",1,"none. THE TRAP IS HERE: ESMUC publishes three preinscripció rounds for 2026-27 — 1st round 2 February–25 March, 2nd round 4 May–24 May, 3rd round 6 July–6 September — but all three feed the SAME single 1 October cohort. The February round is an application window, not a February start.","N/A — no spring cohort. (Application rounds for the October 2027 cohort: 1st 2 Feb–25 Mar, 2nd 4 May–24 May, 3rd 6 Jul–6 Sep, dates as published for 2026-27.)","màster propi (ESMUC's own title) — explicitly listed by ESMUC under 'Màster propi', NOT among its official Enseñanzas Artísticas masters, and not in RUCT (conservatory sector is outside RUCT anyway)",,"presencial, Monday to Friday 18:30–20:30, attendance required",English (as stated on the ESMUC page),"EUR 5,667 = 94.45 EUR/credit x 60 ECTS (rate as published on the page; year of rates not stated on page — treat as 2026-27)",https://www.esmuc.cat/en/studies/masters-i-postgraus/master-propi-de-composicio-amb-tecnologies/,Start date: October 1 ... Pre-enrollment 2026-2027: 1st round February 2 - March 25; 2nd round May 4 - May 24; 3rd round July 6 - September 6,"60 ECTS — a full master's length, not a short course. 15 places. Being a màster propi it gives no PhD access and is normally ineligible for public scholarships. Arithmetic for tuition: 94.45 x 60 = 5,667.",NO,,path-A,1
"IE Universidad — IE Business School, Madrid (private)",Master in Market Research & Consumer Behavior,X,NO,September,Fact bar: 'duration language location intake Format MODE OF STUDY | 10 months | English | Madrid | September* | In-person | Full-time'. Body: '*The 2026-2027 intake starts on September 7th.',1,none published,N/A — no spring intake exists,NOT VERIFIED in this pass — not resolved to a RUCT code; IE sells both official másteres universitarios and títulos propios and prints which on each page. Treat as UNKNOWN.,NOT FOUND,"In-person, full-time",English (fact bar),NOT CHECKED in this spring-focused pass,https://www.ie.edu/business-school/programs/masters/master-in-market-research-consumer-behavior/,*The 2026-2027 intake starts on September 7th.,Checked specifically for IE's February/April spring pattern. It does NOT apply: single September start. This is the closest IE Business School analogue to a business-analytics master and it is single-intake.,NO,,path-X,1
"IE Universidad — IE Business School, Madrid (private)","Master in Digital Business & Innovation (page now titled 'Master in Digital Strategy, AI & Innovation')",X | AA,NO,September,Fact bar: 'duration language location intake Format MODE OF STUDY | 11 Months | English | Madrid | September* | In-person | Full-time'. Body: '*The 2025-2026 intake starts on September 8th.',1,none published,N/A — no spring intake exists,NOT VERIFIED in this pass — UNKNOWN,NOT FOUND,"In-person, full-time",English (fact bar),NOT CHECKED in this spring-focused pass,https://www.ie.edu/business-school/programs/masters/master-in-digital-business-innovation/,*The 2025-2026 intake starts on September 8th.,"Single September intake. CAVEAT on the date: the page still quotes the 2025-2026 intake, i.e. the dated line is stale as of 2026-08-29; the INTAKE MONTH field ('September') is what carries the finding, not the year. Programme is X-adjacent (embeds Cloud Foundations and Data Analytics certificates) rather than a pure analytics master.",NO,,path-X,1
IE Universidad — IE School of Science & Technology,Master in Computer Science & Business Technology (RUCT title: Máster Universitario en Computación y Tecnología Empresarial),AC | X | AB,NO,September,The 2026-2027 full-time Fall intake starts on September 21st.,1 — header bar states intake: «September»,none published,N/A — no spring intake exists. (IE-wide policy is rolling admissions with no deadline.),máster universitario (OFFICIAL) — RUCT 3500706,3500706,"In-person, full-time, Madrid, 11 months",English (header bar),NOT FOUND on this fetch (see admissions-fees page),https://www.ie.edu/school-science-technology/programs/master-in-computer-science-and-business-technology/,duration language location intake Mode of Study Format — 11 Months | English | Madrid | September | Full-time | In-person,Explicitly checked for the February/April pattern found on IE's Business Analytics master. It does NOT apply here: this title advertises a single September intake in both the header bar and the body text.,NO,,privates,1
IE Universidad — IE School of Science & Technology,Master in Computer Science & Digital Innovation,AC | AA,NO,September,The 2026–2027 full-time fall intake starts on September 21st,1 — header bar states intake: «September»,none published,N/A — no spring intake exists.,UNKNOWN from this page — not resolved to a RUCT code in this pass; IE sells both official and título propio masters and prints which on each page,NOT FOUND,"In-person, full-time, Madrid, 11 months",English (header bar),NOT FOUND,https://www.ie.edu/school-science-technology/programs/master-computer-science-digital-innovation/,duration language location intake Mode of study Format — 11 Months | English | Madrid | September | Full-time | In-person,Checked specifically for IE's February/April spring pattern; single September intake only. Official status not verified in this spring-focused pass — do not treat as official without checking.,NO,,privates,1
"IE Universidad — IE School of Science & Technology, Madrid (private)",Master in Business Analytics and Data Science (RUCT title: Máster Universitario en Analítica de Negocio / Master in Business Analytics),X | AB | AA,"YES — TWO genuine spring cohort starts, independently re-confirmed 2026-08-29","April (full-time spring cohort, 20 April 2027) AND February (part-time blended cohort, 9 February 2027)",The 2026-2027 full-time Fall intake starts on September 21st. The 2027 full-time Spring intake starts on April 20th. The 2027 part-time intake starts on February 9th.,3 — programme fact bar: 'duration language location intake Mode of Study Format | 11 | 17 months | English | Madrid | February | April | September | Full-Time | Part-Time | In-person | Blended',"September (full-time, in-person): 21 September 2026 for the 2026-27 cohort","NONE — genuinely rolling. Verbatim from the Admissions & Fees page: 'There is no application deadline, as we operate a rolling admissions process and accept applications throughout the year. However, places are limited and awarded on a first-come, first-served basis, so we encourage you to apply as early as possible. On average, the admissions process takes between 4 and 6 [weeks]'. Also 'Admissions are valid for the intake you apply to and the following one.' Non-EU note verbatim: 'If you are non-EU candidate, we encourage you to confirm your place and begin your visa process as early as possible. Keep in mind that depending on your region, visa-related deadlines may apply.'","máster universitario (OFFICIAL) — RUCT 4317722, 'Publicado en B.O.E.' in output/ruct-backbone.jsonl. NOTE a second, older IE title RUCT 4315047 'Máster Universitario en Analítica de Negocio y Manejo de Datos / Business Analytics and Big Data' is 'TITULACIÓN A EXTINGUIR' — the live title is 4317722.",4317722,Full-time in-person (April & September) | Part-time blended (February),English (fact bar: 'language ... English'),"EUR 43,000 ('TUITION 43,000€*', shown alongside 'Part-Time February 2026 Intake / Full-Time April & September 2026 Intakes', i.e. 2026 intake rates) + non-refundable application fee EUR 150 + one-off IE Foundation contribution",https://www.ie.edu/school-science-technology/programs/master-business-analytics-data-science/,The 2027 full-time Spring intake starts on April 20th. The 2027 part-time intake starts on February 9th.,"THE ANCHOR FINDING OF THIS SLICE, now confirmed from the page itself (curl with browser UA; WebFetch loops on redirects at ie.edu). The reported '9 February AND 20 April' pattern is real but is TWO DIFFERENT FORMATS, not two runs of the same cohort: 9 Feb 2027 = part-time/blended (17 months); 20 Apr 2027 = full-time in-person spring (11 months). Both are cohort starts, not application rounds. There is no spring deadline to record because IE is genuinely rolling — the one case in this slice where 'no deadline' is a sourced fact rather than a gap. Admission gates that matter more than any deadline: ieGAT, GMAT or GRE required; Kira online video assessment; personal interview; EUR 150 application fee. Duplicates/extends the record in spring/privates.jsonl and spring/from-dataset.jsonl — kept here because path X is this file's slice and the dates were re-verified.",YES; YES — TWO,,"path-X, privates",2
"IE Universidad — IE School of Science & Technology, Madrid (private)",Master in Computer Science & Business Technology,AC | AA | X,NO,September,Fact bar: 'duration language location intake Mode of Study Format | 11 Months | English | Madrid | September | Full-time | In-person'. Body: 'The 2026-2027 full-time Fall intake starts on September 21st.',1,none published,N/A — no spring intake exists,NOT VERIFIED in this pass — UNKNOWN,NOT FOUND,"In-person, full-time",English (fact bar),NOT CHECKED in this spring-focused pass,https://www.ie.edu/school-science-technology/programs/master-in-computer-science-and-business-technology/,The 2026-2027 full-time Fall intake starts on September 21st.,"Re-confirmed 2026-08-29 for this slice (also recorded in spring/privates.jsonl). ANSWER TO THE SLICE QUESTION 'do IE's other in-scope masters do the same?': NO. Across four IE masters checked here and in the earlier pass (CS & Business Technology, CS & Digital Innovation, Market Research & Consumer Behavior, Digital Business & Innovation) every one shows a single September intake in its fact bar. The February/April pattern is specific to the Master in Business Analytics and Data Science, and exists there because that title is sold in three formats (part-time blended = February; full-time = April and September).",NO,,path-X,1
"IE University — IE School of Science & Technology, Madrid",Master in Computer Science & Business Technology (RUCT title: Máster Universitario en Computación y Tecnología Empresarial),AC | AA | X,NO,September only,"Programme fact strip, verbatim (live, 2026-08-29): '11 Months · English · Madrid · September · Full-time · In-person'. The intake field lists SEPTEMBER only — no February or April cohort, unlike IE's Business Analytics master.",1 (September),none,N/A — no spring intake,máster universitario (OFFICIAL) — RUCT 3500706,3500706,"In-person, Madrid, full-time",English,"EUR 36,000 ('*Tuition is reviewed on a yearly basis and therefore subject to change')",https://www.ie.edu/school-science-technology/programs/master-in-computer-science-and-business-technology/admissions-fees/,'duration language location intake Mode of Study Format — 11 Months English Madrid September Full-time In-person',"Recorded as a NEGATIVE result. Useful nuance: IE's multi-intake pattern is PER PROGRAMME, not institution-wide — Business Analytics has Feb/Apr/Sep, this one has September only. Same rolling, deadline-free admissions process.",NO,,from-dataset,1
"IE University — IE School of Science & Technology, Madrid",Master in Computer Science and Digital Innovation,AA | AC,NO,September only,"Programme fact strip, verbatim (live, 2026-08-29): '11 Months · English · Madrid · September · Full-time · In-person'. Intake field lists SEPTEMBER only.",1 (September),none,N/A — no spring intake,NOT VERIFIED in this pass — output/deferred_candidates.jsonl flags it as needing an official-status confirmation from IE admissions,NOT FOUND,"In-person, Madrid, full-time",English,NOT FOUND in this pass,https://www.ie.edu/school-science-technology/programs/master-computer-science-digital-innovation/,'duration language location intake Mode of study Format 11 Months English Madrid September Full-time In-person',Checked because output/deferred_candidates.jsonl line 333 mentioned only a Fall intake and IE is known to run spring cohorts on some programmes. Confirmed NEGATIVE. Recorded so the next pass does not re-check it.,NO,,from-dataset,1
"IEBS Business School / IEBS Digital School (online, Barcelona-based) — NOT a university","Máster en Data Science: Big Data e Inteligencia Artificial (and the whole Big data & IA family: Máster en Data Analytics & Big Data, Máster en Business Analytics y Business Intelligence, Máster en Data Analytics y Machine Learning, Máster en Agentes IA y Automatización No-Code, Postgrado en Business Intelligence)",AB | AA | X,NOT FOUND — school runs two intakes a year but publishes only the autumn date,October,'Inicio 29 Octubre' / 'Jueves 29 de Octubre de 2026' — the SAME date on all 63 programme cards across the masters index,"2 — IEBS FAQ, verbatim: 'Hacemos dos convocatorias anuales'","The second annual convocatoria is historically the SPRING one: IEBS's own blog post 'Abrimos nuevas plazas para la convocatoria de abril tras un éxito rotundo' documents an April convocatoria (article dated 13 April 2021). A search-index snippet also gave 'Jueves 4 de Febrero de 2027' and 'Jueves 8 de Abril de 2027' for IEBS online programmes, but NO IEBS page currently served shows any 2027 date — every card shows 29 Oct 2026. Not recorded as a confirmed spring intake.",NOT FOUND — no spring date published; 'El cupo para cada convocatoria es limitado ... siguiendo rigurosamente el orden de llegada de las solicitudes',"título propio / professional certificate — IEBS FAQ, verbatim: '¿Qué tipo de titulación obtengo al terminar el máster o postgrado, oficial o profesional? En IEBS expedimos titulaciones profesionales.' Programme page: 'Titulación propia IEBS'. Not official, not in RUCT, no PhD access, no public funding.",,"100% online, 8 meses (6 meses for the AI-agents master)",Español,"EUR 6,700 ('Programa completo 6.700€') for the Máster en Data Science; scholarships 'de hasta el 40%' advertised for the October 2026 intake",https://www.iebschool.com/programas/master-data-science/,'Inicio 29 Octubre · Duración 8 meses · Modalidad 100% online'; 'Programa completo 6.700€ ... Titulación propia IEBS'; FAQ: 'Hacemos dos convocatorias anuales'; FAQ: 'En IEBS expedimos titulaciones profesionales',"STRONG LEAD, NOT YET A FACT. IEBS is the clearest 'two intakes a year' business school in this slice and its second intake has historically been in spring (April), but the 2027 spring date is not published anywhere on iebschool.com as of 29 Aug 2026. Needs a human to ask IEBS admissions for the spring 2027 start date. Also note IEBS admits without a university degree ('La falta de titulación universitaria puede sustituirse con una experiencia profesional relevante'), so the 300-ECTS question is moot here — but so is any PhD route.",NOT FOUND,,business-schools,1
"IL3 – Institut de Formació Contínua, Universitat de Barcelona",Máster en Industria Musical,P | S,NO,October,Inicio 14/10/2026 — Fin 22/7/2027,1,None found — a single annual October-to-July edition,N/A — no spring intake. Page shows only 'Matrícula abierta' for the October start.,título propio (UB Institut de Formació Contínua own award),,"Presencial — 3 tardes a la semana, lunes, miércoles y jueves de 18:00h a 21:00h, plus weekend workshops and visits",Castellano,"EUR 6,020 (includes UB administrative fees; rates as published for the 2026-27 edition)",https://www.il3.ub.edu/master-industria-musical,'14/10/2026' inicio · '22/7/2027' fin · '60 ECTS' · '6.020 €' · 'Presencial' · 'Castellano',"il3.ub.edu is listed as Cloudflare-blocked in the shared brief but fetched normally on 2026-08-29 — worth correcting for other agents. Título propio: no PhD access, no public scholarship eligibility. Spanish-only.",NO,,path-P,1
"IMF Smart Education / IMF Business School — co-developed with Indra (Minsait), title awarded with Universidad Católica de Ávila (UCAV). CORPORATE-ACADEMY HYBRID","Máster en Data Science y Business Analytics (Big Data, en colaboración con INDRA)",AB | X | AA,NOT FOUND,NOT FOUND,"NOT FOUND ON A PRIMARY PAGE. The reachable IMF landing page prints no fecha de inicio and no convocatoria calendar at all. A search-index summary asserted «in-person sessions starting in April or November at the Madrid campus» and «The online option allows you to enroll at any time» — NOT recorded as fact, per rule 1.",NOT FOUND,NOT FOUND,NOT FOUND,"título propio — «Máster en Data Science y Business Analytics por la Universidad Católica de Ávila (UCAV)» + «Máster … por IMF Business School» + «Certificación profesional por Indra». A UCAV-issued máster propio, not a máster universitario oficial; no RUCT code shown",,«Modalidad presencial en Madrid» (an online variant is marketed separately),Spanish,NOT FOUND — «Becas de hasta el 30% y financiación hasta en 12 meses» advertised but no price,https://programas.imf-formacion.com/master-data-science-big-data-business-analytics-presencial-latam/,Máster en Data Science y Business Analytics. Titulación UCAV & IMF. En colaboración con INDRA. Docentes profesionales en activo. Modalidad presencial en Madrid. Titulación: INDRA + IMF + UCAV. Para acceder … necesitas una titulación o contar con experiencia profesional acreditada.,"PROVIDER TYPE THE OTHER SLICES WOULD MISS: a corporate-academy hybrid — a business school co-developing the curriculum with Indra/Minsait and issuing the title through a small private university (UCAV). Neither IMF nor UCAV is among the 93 institutions in output/programmes.jsonl. BLOCKED ON DATES: www.imf-formacion.com returns HTTP 404 to curl and WebFetch on three separate programme URLs that the search index lists as live (master-data-science, master-big-data-business-intelligence, escuelas/inteligencia-artificial-big-data) — a 404 served with a 102 KB body, i.e. a soft-404 challenge rather than a missing page. Only the programas.imf-formacion.com subdomain served content, and it carries no calendar. NEEDS A HUMAN to open imf-formacion.com in a normal browser and read the convocatoria calendar; the April start, if real, would be a genuine spring intake.",NOT FOUND,,national-sweep,1
Inesdi Business Techschool (Barcelona and Madrid) — degree co-awarded with Universidad Internacional de la Empresa (UNIE),Máster en Business Analytics e Inteligencia Artificial,X | AA | AB,NOT FOUND,NOT FOUND,"AMBIGUOUS — the page says only «Convocatoria abierta». No start month, no dated cohort, and no statement of how many convocatorias run per year.",NOT FOUND,NOT FOUND,NOT FOUND,"título propio — dual award: «Máster en Business Analytics e Inteligencia Artificial» by Inesdi plus «Máster de Formación Permanente en Business Analytics e Inteligencia Artificial» by UNIE. Máster de Formación Permanente is the RD 822/2021 name for a título propio: no ANECA verification, no RUCT, no PhD access",,"Presencial (Barcelona, Madrid)",Spanish (inferred from the page being wholly in Spanish; no explicit idioma de impartición statement found — treat as unconfirmed),"EUR 10,600 — as displayed August 2026; 60 ECTS over 10 months",https://www.inesdi.com/master-business-analytics-inteligencia-artificial/,Convocatoria abierta. 10 meses (60 ECTS). Presencial. Barcelona | Madrid. 10.600€. Máster de Formación Permanente en Business Analytics e Inteligencia Artificial por la Universidad Internacional de la Empresa (UNIE).,"RECORDED NOT FOUND, NOT GUESSED. «Convocatoria abierta» is exactly the ambiguity the brief warns about: it says an application window is open, and says nothing whatsoever about when classes start. Inferring a spring cohort from it would be an invention. Inesdi is absent from output/programmes.jsonl (its partner UNIE is present), so this is a discoverable provider — but it needs a human to ask Inesdi admissions for the cohort calendar.",NOT FOUND,,national-sweep,1
"ISEMCO — International School of Event Management & Communication, Madrid (delivers the title of Universidad Camilo José Cela; the same page also names Universidad Rey Juan Carlos — see CONFLICT in notes)","Máster Universitario en Dirección de Protocolo, Producción, Organización y Diseño de Eventos (page header reads 'Máster Universitario en Dirección, Organización y Producción de Eventos Corporativos e Institucionales')",S,YES — but ONLY in the a distancia (distance) modality,"February (distance modality) — a genuine second cohort with its own 60-place allocation, its own timetable and its own examination calendar, not merely a second application round","Places table, verbatim: 'PLAZAS NUEVO INGRESO — Modalidad Presencial: 60 por curso | Modalidad Semipresencial: 30 por curso | Modalidad A distancia: 60 por curso (octubre) y 60 por curso (febrero)'. The page then offers two separate timetables and calendars, 'A distancia – Febrero' and 'A distancia – Octubre'. The February calendar PDF (hosted at ucjc.blackboard.com) is titled: 'CALENDARIO ACADÉMICO / CURSO 2021 – 2022 / convocatoria de FEBRERO / Máster Oficial / Dirección de Protocolo, Producción, Organización y Diseño de Eventos / A DISTANCIA' and opens with a 'Sesión inaugural' on Monday 21 February at 19.00–20.00, followed by classes on 22, 23 and 24 February.",2 in the distance modality (October and February); 1 (October) presencial and semipresencial,October — all three modalities,"NOT FOUND. ISEMCO/UCJC publish an admission document checklist but no dated window: 'Documentación obligatoria para todos los alumnos de postgrado: Solicitud de admisión; DNI o Pasaporte; Certificado académico de notas; Título que da acceso o resguardo de pago de las tasas; Curriculum Vitae; Carta de Motivación; Resguardo de pago de la transferencia bancaria por valor de 40€ en concepto de admisión...'. Non-EU applicants additionally need 'Certificado o carta de la Universidad de origen, acreditando que con su titulación se puede acceder a estudios de Postgrado y/o Maestrías'.","MÁSTER UNIVERSITARIO (OFFICIAL) for the UCJC title — RUCT 4312968, estado 'Publicado en B.O.E. (TITULACIÓN RENOVADA)', Nivel MECES 3, Máster RD 1393/2007, rama Ciencias Sociales y Jurídicas, verificación 26/07/2011, BOE 07/01/2012 / 01/03/2012 / 29/07/2013, renovación de acreditación 21/10/2024 (and 23/02/2018). ECTS 60 = 48 OB + 6 prácticas + 6 TFM; complementos formativos NOT PUBLISHED IN RUCT (null). The page states 'te permite acceder a los estudios de doctorado', consistent with an official title.",4312968,"presencial, semipresencial and a distancia — BUT the February cohort exists only a distancia","Español (site is Spanish-only; no explicit 'idioma de impartición' statement was found — recorded as inferred from the page language, not from a declaration)","NOT FOUND for this title — the price tab links to financing forms rather than stating a figure. (ISEMCO's sibling título propio in the same school is priced at 4,990 EUR; do NOT carry that figure across.)",https://isemco.eu/formacion/master-universitario-organizacion-eventos/,'Modalidad A distancia: 60 por curso (octubre) y 60 por curso (febrero)'; calendar links 'A distancia – Febrero' / 'A distancia – Octubre'; February PDF header 'convocatoria de FEBRERO ... A DISTANCIA'.,"⭐ A REAL FEBRUARY COHORT ON AN OFFICIAL MÁSTER UNIVERSITARIO — the only official (RUCT-registered, MECES 3, PhD-granting) title in this whole slice with a spring start. That makes it the strongest option here on paper. ⚠️ BUT FOUR SERIOUS CAVEATS, ALL OF WHICH BEAR ON THE VISA QUESTION. (1) THE FEBRUARY COHORT IS DISTANCE-LEARNING ONLY. A Spanish long-stay study visa requires full-time presential study; an online cohort will generally NOT support one, so the February intake may be legally useless to a non-EU applicant who needs to move to Spain. The presencial and semipresencial cohorts start in October only. (2) THE PUBLISHED FEBRUARY CALENDAR IS FIVE YEARS STALE — it is the 2021-22 academic calendar, footer-stamped 'Actualizado a 26 de noviembre de 2021'. The places table still allocates 60 February places, so the intake is presumably still live, but NO 2026-27 or 2027 February calendar is published and the exact 2027 start date is NOT FOUND. A human must confirm the February 2027 cohort still runs. (3) ⚠️ CONFLICT — TWO DIFFERENT TITLES ON ONE PAGE. The page's H1 and its diploma list say 'Máster Universitario en Dirección, Organización y Producción de Eventos Corporativos e Institucionales por la Universidad Rey Juan Carlos', while its summary text, its RUCT link and all its calendars (ucjc.blackboard.com) say 'Máster Universitario en Dirección de Protocolo, Producción, Organización y Diseño de Eventos por la Universidad Camilo José Cela'. This matters a great deal: the URJC title is RUCT 4316273 with estado 'Publicado en B.O.E. (TITULACIÓN A EXTINGUIR)' — a title being WOUND DOWN, which per the shared brief may not accept a 2027 intake at all — whereas the UCJC title (4312968) is 'TITULACIÓN RENOVADA' and healthy. The calendars being on UCJC's own Blackboard is the strongest evidence that what is actually taught is the UCJC title, but the discrepancy is unresolved and MUST be put to ISEMCO before anyone applies. (4) FIT IS TANGENTIAL to the music path: this is corporate/institutional protocol and events, and touches live music only in passing ('eventos culturales como festivales de música').",YES — BUT,,music-schools,1
"ISEMCO — International School of Event Management & Communication, Madrid (título expedido por Universidad Camilo José Cela)",Máster en Organización de Eventos en la Industria Cultural y del Entretenimiento,S | P,NO,October,"'Este Máster en Organización de Eventos en la Industria Cultural y del Entretenimiento tiene una duración de un curso académico comenzando en octubre y finalizando en junio.' And: 'El calendario de las clases para el curso 2026/2027 todavía no está cerrado, pero será muy similar al del presente curso 2025/2026*. Éste es el siguiente — Primera sesión: 17 y 18 de octubre de 2025'.",1,none — a single annual October-to-June cohort,"N/A — no spring intake. (There is an early-payment incentive, not a deadline: 'Ahora tienes un descuento de 750 euros si realizas la reserva de tu matrícula antes del 31 de agosto de 2026.')","TÍTULO PROPIO — ISEMCO files it under the category 'Másteres especialistas', as distinct from its 'Másteres oficiales' category, and the price line reads '(Título universitario. Universidad Camilo José Cela)' i.e. a university's own certificate, not a máster universitario. It is NOT in RUCT under this name (checked against output/ruct-backbone.jsonl, which lists 17 registered events masters, none with this title). No PhD access, no MECES level, normally ineligible for public postgraduate scholarships.",,Semipresencial — 'Su modalidad es semipresencial con 14 módulos. Las sesiones presenciales duran 10 horas distribuidas en fines de semana alternos (viernes de 16.00 h. a 21.00 h. y sábado de 9.30 h. a 14.30 h.)',Español (inferred from the page; no explicit declaration found),"EUR 4,990 (2026-27 rates) — 'Precio del Máster: 4.990 euros. (Título universitario. Universidad Camilo José Cela). Reserva de matrícula: 1.000 €. El resto, hasta en 9 cuotas (de septiembre de 2026 a mayo de 2027). Pago único: 3% de descuento'. A 750 EUR early-reservation discount applies before 31 August 2026.",https://isemco.eu/formacion/master-en-organizacion-de-eventos-en-la-industria-cultural-y-del-entretenimiento/,"'comenzando en octubre y finalizando en junio'; '60 CRÉDITOS'; 'Prácticas externas 6 / Trabajo fin de Máster 6'; 'El mundo del espectáculo en vivo, los festivales y los eventos culturales se ha diversificado mucho en los últimos años, exigiendo una formación específica de los profesionales que se encargan de ellos.'","NEGATIVE on spring, but recorded because it is BY SOME MARGIN THE BEST CONTENT FIT IN THIS SLICE FOR PATH S — it is explicitly about live entertainment, festivals and cultural events ('espectáculo en vivo, los festivales y los eventos culturales'), unlike ISEMCO's official protocol masters which are corporate/institutional. 60 ECTS with 6 ECTS of external placements and a 6-ECTS TFM, and it is one of only two programmes in this whole slice that publishes a real price. ⚠️ Two problems for this candidate: it is a TÍTULO PROPIO (no PhD access, no public funding), and its semipresencial format is alternate weekends only — roughly 120 contact hours across the year — which is very unlikely to satisfy the full-time-study test for a Spanish student visa. Single October start, so it offers no early-start route.",NO,,music-schools,1
"ISEMCO, Madrid — title awarded by Universidad del Atlántico Medio (Canarias)",Máster Universitario en Dirección de Eventos y Protocolo (a distancia),S,NO,October,'El Máster Oficial en Dirección de Eventos y Protocolo comienza sus clases en el mes de octubre y finaliza en el mes de mayo.',1,none published,N/A,"MÁSTER UNIVERSITARIO (OFFICIAL) — RUCT 4317071, estado 'Publicado en B.O.E.', Nivel MECES 3, Máster RD 822/2021, rama Ciencias Sociales y Jurídicas, verificación 05/06/2019, BOE 27/07/2021 and 25/02/2022, CCAA Canarias. ECTS 60 = 48 OB + 6 prácticas + 6 TFM. complementos_formativos = 0 (RUCT) — i.e. no bridging credits are built into the title, though the university may still impose them on an individual applicant. The ISEMCO page carries its own 'Enlace al Registro de Universidades, Centros y Títulos (RUCT)'.",4317071,a distancia (distance),Español (inferred from the page; no explicit declaration),NOT FOUND — the price tab offers an alumni discount but states no figure,https://isemco.eu/formacion/master-universitario-en-direccion-de-eventos-y-protocolo/,'El Máster Oficial en Dirección de Eventos y Protocolo comienza sus clases en el mes de octubre y finaliza en el mes de mayo.',"NEGATIVE — a single October start, recorded so the next pass does not re-check it. Worth noting for a different reason: this is an OFFICIAL title (MECES 3, PhD access, RUCT-registered) with zero built-in complementos formativos, which is favourable for a 300-ECTS engineering graduate; it is simply autumn-only, and it is distance-mode, which does not support a student visa. ISEMCO also markets several double-title combinations pairing it with UCJC and other titles.",NO,,music-schools,1
La Salle Campus Barcelona — Universitat Ramon Llull (URL),"Master of Science in Acoustics, Audio and Vibrations",C | A,NO,October,'Start date: 19 October 2026',1,None advertised. No February/second cohort mentioned anywhere on the programme page at access date.,N/A — no spring intake,claims official — page states 'Degree certificate issued by The Ministry of Education'; RUCT code NOT printed on the page and NOT confirmed. Treat official_status as UNCONFIRMED.,NOT FOUND on the programme page,On-site (Barcelona); 'Weekday afternoons with some online sessions',English,NOT FOUND — no price published on the programme page,https://www.salleurl.edu/en/education/master-science-acoustics-audio-and-vibrations,'Start date: 19 October 2026' · 'Duration: 10 Months' · '30 places',"Checked specifically for a second cohort as instructed. There is none: one October start, 10-month programme, 30 places. 60 ECTS, English-taught, which otherwise makes it one of the best language fits in path C for this candidate — but autumn-only.",NO,,path-C,1
La Salle Campus Barcelona — Universitat Ramon Llull (URL),Master in Architectural and Environmental Acoustics (Master of Lifelong Learning in Architectural and Environmental Acoustics),C,NO,October,'Start date: 05 October 2026',1,None advertised,N/A — no spring intake,"título propio — page names it 'Master of Lifelong Learning' (= máster de formación permanente), certificate issued by Universitat Ramon Llull, NOT ANECA/RUCT. No PhD access.",none — título propio,"Online (Virtual Campus, weekly videoconferences, optionally attended in person in Barcelona)",Spanish,NOT FOUND — price only by contacting admissions,https://www.salleurl.edu/en/education/master-architectural-and-environmental-acoustics,'Start date: 05 October 2026' · 'Weekly sessions: from 7:00 p.m. to 10:00 p.m.',"60 ECTS, Spanish-taught, título propio — so no PhD access and normally ineligible for public scholarships. Autumn-only. Recorded to close it out.",NO,,path-C,1
"La Salle — Universitat Ramon Llull (URL), Campus Barcelona","Máster Universitario en Acústica, Audio y Vibraciones / Master of Science in Acoustics, Audio and Vibrations",A | C,NO,October,19 October 2026,1,"none — single annual intake, no spring or February option mentioned",N/A — no spring cohort,"máster universitario (official) — page states certificates are 'issued by The Ministry of Education'. NEW TITLE launching 2026-27, so it does not yet appear in the ruct-backbone snapshot; RUCT code NOT FOUND on the page and must be confirmed.","NOT FOUND — new title, not in the backbone snapshot; confirm from RUCT directly before relying on official status","On-site (Barcelona), 'Weekday afternoons with some online sessions'",English — La Salle's own launch announcement says the three new masters are 'impartidos íntegramente en inglés',NOT FOUND on the programme page,https://www.salleurl.edu/en/education/master-science-acoustics-audio-and-vibrations,19 October 2026 ... 60-ECTS ... 10 Months ... On-site ... 30 [places],"60 ECTS, 10 months, 30 places, taught at La Salle's Acoustics Lab / Interactive Arts & Science Laboratory (IASLab). This is a GENUINELY NEW and highly on-target path-A title (acoustics + audio + AI applied to audio processing), taught in English, which matters for a candidate at Spanish A0/A1 — but it has ONE autumn intake, so it does not answer the spring question. Its first-ever cohort is 19 October 2026; a September/October 2027 cohort would be its second. La Salle also runs the older Máster en Acústica Arquitectónica y Medioambiental (RUCT 4310688, TITULACIÓN A EXTINGUIR) which this new title appears to supersede.",NO,,path-A,1
"Mondragon Unibertsitatea — Escuela Politécnica Superior, Arrasate-Mondragón (Gipuzkoa)","Máster Universitario en Análisis de Datos, Ciberseguridad y Computación en la Nube (the site's own page <title> now reads 'Máster Universitario en Análisis de Datos, Ciberseguridad, y Desarrollo y Operaciones.' — see notes)",AC | AB,NO,"NOT STATED on the page as a date, but structurally September/autumn — the cycle runs Nov 2025 → July 2026 matrícula for one cohort.","No spring start. The admission page publishes ONE annual cycle ending in a single July enrolment: 'A partir de febrero habrá cuatro fechas de preadmisión en el máster: 24/02/2026, 24/03/2026, 05/05/2026, 16/06/2026'; admission decisions issued in July; ordinary matrícula window '10/07/2026 — 15/07/2026'.","1 (one cohort). The FOUR February–June dates are PREADMISSION ROUNDS, not cohort starts — exactly the distinction the brief warns about.",none,N/A — no spring intake exists. Final preadmisión round for the 2026-27 cohort: 16/06/2026; matrícula 10–15/07/2026.,"máster universitario (OFFICIAL) — RUCT 4316970, estado 'Publicado en B.O.E. (TITULACIÓN RENOVADA POR ACREDITACIÓN INSTITUCIONAL)', Máster RD 822/2021, MECES 3, rama Ingeniería y Arquitectura, verificación 05/06/2019, BOE 17/12/2019, 06/05/2021 and 25/12/2025, acreditación institucional favorable 21/10/2024.",4316970,"presencial (in-person), Arrasate-Mondragón campus, 30 plazas","'Castellano, Inglés' — both, per the programme page","EUR 10,920 for 60 ECTS of one academic year (the title is 90 ECTS over 1.5 years, so the full-programme figure is NOT the same as this and is NOT PUBLISHED on the page — do not multiply without a source). Reservation deposit 8% = EUR 873.60. Rates as published on the 2026-27 admission page.",https://www.mondragon.edu/es/master-universitario-analisis-datos-ciberseguridad-computacion-nube/inscripcion-matricula,"'A partir de febrero habrá cuatro fechas de preadmisión en el máster: 24/02/2026, 24/03/2026, 05/05/2026, 16/06/2026' · ordinary matrícula '10/07/2026 — 15/07/2026'","⭐ TITLE CHANGE WORTH FLAGGING: Mondragon's own site serves this programme under two names. The body/H1 still reads 'Análisis de Datos, Ciberseguridad y Computación en la Nube' (matching RUCT 4316970), but the page <title> as indexed reads 'Máster Universitario en Análisis de Datos, Ciberseguridad, y Desarrollo y Operaciones.' — i.e. the cloud strand appears to have been rebadged as DevOps. RUCT records a BOE entry dated 25/12/2025, consistent with a recent modificación. If that rename is real, this is the SECOND official Spanish master carrying 'Desarrollo y Operaciones' in its name alongside UNIR 4317664 — but it is NOT a spring-start programme either way. RUCT credits: 90 total = 48 obligatorios + 27 optativos + 15 TFM; complementos formativos NOT PUBLISHED IN RUCT.",NO,,path-AC,1
"Music Business Academy (MB Academy), Madrid",Máster Semipresencial en Industria Musical,P,NO,September,«PRÓXIMAS CONVOCATORIAS 26/09/2026» — a single dated intake,1,none,N/A,"«titulación propia MB Academy» — an independent provider's own credential. Not a university title, not in RUCT",,Semipresencial — Friday classes 18:00–21:00 in Madrid plus ~30 min daily online; 6 months of classes then a year of platform access,Spanish,"EUR 3,500 + IVA (approx. EUR 4,235 incl. IVA) — as displayed August 2026",https://www.mbacademy.es/master-industria-musical/,PRÓXIMAS CONVOCATORIAS 26/09/2026. Titulación propia MB Academy.,"Distinct provider from HTL's Music Business Academy in Barcelona despite the near-identical name — do not conflate them. Single September intake, so NO. Absent from output/programmes.jsonl.",NO,,national-sweep,1
"NO SPANISH NODE — consortium is IADT Dún Laoghaire (Ireland), Universidade Lusófona (Lisbon) and the Lithuanian Academy of Music and Theatre (Vilnius), the three FilmEU alliance members",ReSound — Erasmus Mundus Joint Master of Arts in Sound Design for Media Arts,A,NOT FOUND,"NOT FOUND (autumn assumed from the EMJM norm and the October-to-January application window, but NOT stated on the page)",NOT FOUND — the application page carries no start-date statement. It reads only: 'Applications for ReSound 2026 have now closed.',1 (inferred from a single annual application window; not stated verbatim),NOT FOUND,N/A — no spring intake found,"Erasmus Mundus Joint Master (MA). NOT a Spanish title — no Spanish partner, therefore no RUCT row and none expected.",N/A — no Spanish partner,presencial,"NOT explicitly stated; English proficiency is mandatory, implying English","EUR 15,000 total participation costs for non-scholarship students (EUR 7,500 before semester 1 + EUR 7,500 before semester 3). Scholarship holders pay nothing and receive EUR 1,400/month (EUR 33,600 over 24 months).",https://resound-ma.eu/application/,'Applications for ReSound 2026 have now closed.' No 2027 dates are listed.,"INCLUDED ONLY BECAUSE IT IS THE SINGLE MOST ON-TARGET EMJM FOR PATH A (sound design) IN THE WHOLE CATALOGUE — but it has NO SPANISH NODE, so it is out of scope for a Spain sweep and cannot answer the spring question for Spain. SEPTEMBER-2027 DEADLINE: NOT FOUND. The 2026-intake window ran 20 October 2025 to 20 January 2026, extended to 27 January 2026 (surfaced by search of FilmEU/IADT announcements, NOT verified on a primary page). Expect the 2027 call to open around October 2026 and close around late January 2027 — PATTERN, NOT A PUBLISHED DATE. Max 24 places per year. ADMISSION CAVEAT for this candidate: entry is specified as a bachelor in sound, music, film or media studies — a Software Engineering degree is not on that list, so admission would turn on the consortium accepting a portfolio/practice-based equivalence. This is an arts MA, not an engineering master.",NOT FOUND,,erasmus-mundus,1
"OBS Business School (Grupo Planeta / Planeta Formación y Universidades), 100% online, Barcelona-registered — NOT a university",Máster en Big Data y Analytics (and siblings: Máster en Machine Learning e Inteligencia Artificial; Master in Business Intelligence & Data Analytics),X | AB | AA,"NOT FOUND — OBS publishes no start dates at all, only 'CONVOCATORIA ABIERTA / CERRADA'",NOT FOUND,NO DATE PUBLISHED. Máster en Big Data y Analytics: 'ONLINE 60 ECTS 7700€ CONVOCATORIA CERRADA 12 meses ESPAÑOL'. Máster en Machine Learning e Inteligencia Artificial: 'ONLINE 60 ECTS 7700€ CONVOCATORIA ABIERTA 12 meses ESPAÑOL'. Master in Business Intelligence & Data Analytics: 'ONLINE 60 ECTS 8500€ Applications Closed 12 MONTHS ENGLISH'.,More than one implied — OBS's own privacy notice refers to contacting applicants about 'las dos próximas convocatorias del mismo' — but the number and months are not stated anywhere on the site.,NOT FOUND,NOT FOUND,"título propio — 'Máster de formación permanente'. Verbatim: 'recibirás el título de OBS Business School. Además, tendrás la posibilidad de obtener el título de Máster en Formación Permanente emitido por la Universidad Internacional de la Empresa (UNIE)' and 'En OBS Business School apostamos por una titulación propia'. Not official, not in RUCT, no PhD access.",,"100% online, 12 meses",Español (the Business Intelligence & Data Analytics master is ENGLISH),"EUR 7,700 (Big Data y Analytics; also Machine Learning e IA); EUR 8,500 (Business Intelligence & Data Analytics, English)",https://www.obsbusiness.school/masters-online/master-en-big-data-y-analytics,"'Máster de formación permanente · Máster en Big Data y Analytics · ONLINE · 60 ECTS · 7700€ · CONVOCATORIA CERRADA · 12 meses · ESPAÑOL'; 'Para poder obtenerla, deberás disponer de una Titulación Universitaria de Grado'","A structural gap, not a negative finding: OBS deliberately advertises intake STATE ('convocatoria abierta/cerrada') instead of intake DATE, so a spring start can be neither confirmed nor ruled out from the website. That the Spanish Big Data master shows CERRADA while the ML/AI master shows ABIERTA on the same day proves the convocatorias are staggered across the year rather than aligned to one September start. Needs a human to ask OBS admissions for actual cohort start dates. Note the double-title partner is UNIE (also EAE Madrid's partner).",NOT FOUND,,business-schools,1
"Point Blank Music School — Ibiza campus (San José / just outside Ibiza Town), Balearic Islands","Ibiza campus offer: 1-week and 2-week DJ/Producer short courses (Level 1, Level 2) and DJ Skills — NO master's-level programme exists at this campus",A,NO,July and August only (summer short courses),"Point Blank's own Ibiza pages could not be read directly (see notes). From the indexed description of its Ibiza course pages and its own blog: '1 or 2 week courses' with 'one to two week DJ & Production courses running throughout July and August'. Course products found: '2 Week DJ/Producer Level 1', '2 Week DJ/Producer Level 2'.","multiple rolling weekly summer starts, all within July-August","none outside the summer season at the Ibiza campus. Separately, Point Blank's ONLINE Music Production Diploma is indexed as running 2027 starts on 11 January, 12 April, 12 July and 4 October — but that is an online UK-delivered diploma, not a Spanish programme and not a master's, and it was NOT verifiable on the primary page.",N/A — no spring cohort,"NOT A MASTER'S — the Ibiza campus offers only 1-2 week private short courses with no ECTS, no ANECA verification, no RUCT entry and no Spanish official status of any kind. Point Blank's degree-level and postgraduate provision (BA/BSc, and its MA) sits at its LONDON campus and is validated under the UK system (Middlesex University), not in Spain. Nothing at the Ibiza campus is a título propio, a máster universitario or a Máster en Enseñanzas Artísticas.",,presencial short courses (Ibiza campus),English,NOT FOUND — pages not fetchable,https://www.pointblankmusicschool.com/locations/ibiza/,"Course titles indexed on the Ibiza campus site: '2 Week DJ/Producer Level 1', '2 Week DJ/Producer Level 2', 'Music Production | pointblank (courses/ibiza/music-production-courses/)'. Point Blank's own blog post: 'Learn to DJ & Produce in Ibiza Summer 2026'; and 'one to two week DJ & Production courses running throughout July and August'.","⛔ SOURCE_ACCESS CAVEAT — pointblankmusicschool.com returns HTTP 403 to every automated fetch, exactly as the shared brief warns; www and apex, /ibiza/ and /courses/ibiza/, and even its static PDF prospectus at /content/pdf/prospectus/ all 403 with a browser User-Agent. No subdomain workaround was found (unlike UPF's bsm. or UCLM's esi.). Everything above comes from the SEARCH INDEX, not from the page itself: 'source_access': 'search index — page returns 403, not directly fetched'. NEEDS A HUMAN TO OPEN IT IN A NORMAL BROWSER. That said, the conclusion is robust and does not depend on a fine reading: the Ibiza campus is a summer DJ school running 1-2 week courses, so there is no cohort of any length for a spring 2027 start and nothing that could carry a student visa. Point Blank Ibiza should be dropped from the master's search.",NO,,music-schools,1
SAE Institute Spain (Barcelona & Madrid) — accredited by UDIMA,Máster en Industria Musical 360,P | S,NO,October,"Octubre 2026 (Barcelona y Madrid); admissions page lists a single intake 'Septiembre-Octubre' for all grados, másteres y cursos across both campuses",1,None found on SAE's own pages,N/A — no spring intake found,"título propio — offered either as 'Máster Profesional en Industria Musical acreditado por UDIMA' or 'Máster de Formación Permanente en Industria Musical acreditado por UDIMA (60 ECTS)', plus a 'Diploma Profesional emitido por SAE Creative Media Education'. Neither is a máster universitario.",,Presencial — 'Los cursos son íntegramente presenciales',Teaching language not stated explicitly; admission requires 'Nivel alto de inglés y español',NOT FOUND — no price published on the programme page,https://www.sae.edu/esp/courses/master-en-industria-musical/,"'Octubre 2026' (start, both campuses) · 'Los cursos son íntegramente presenciales' · 'Máster de Formación Permanente (60 ECTS)' · admissions page: 'Septiembre-Octubre'","⚠ CONTRADICTION LOGGED: a search-index summary asserted a February 2027 start for this programme. SAE's own two pages (course page and /esp/admisiones/) both show only a September–October intake, and the course page names 'Octubre 2026' explicitly. The university's own pages win — recorded NO. A human could re-check the admisiones page if a February cohort is ever advertised.",NO,,path-P,1
SAE Institute Spain (Madrid and Barcelona); award accredited by UDIMA,Máster en Industria Musical 360,P | S,NO,October only,"Programme page 'Fechas de inicio', verbatim (live, 2026-08-29): 'Barcelona Octubre 2026 · Madrid Octubre 2026'. October only on both campuses — no February cohort.",1 (October),none,N/A — no spring intake,"título propio (UDIMA-accredited Máster de Formación Permanente / Máster Profesional) — not in RUCT, no PhD access",,"presencial, Madrid or Barcelona",Spanish,NOT FOUND,https://www.sae.edu/esp/courses/master-en-industria-musical/,'Fechas de inicio — Barcelona Octubre 2026 Madrid Octubre 2026',"Recorded as a NEGATIVE result. Useful nuance: SAE's February/October double intake applies to its AUDIO PRODUCTION masters but NOT to its music-industry master — the intake pattern is per programme, not per school.",NO,,from-dataset,1
SAE Institute Spain — Madrid & Barcelona; título awarded by UDIMA,Máster en Industria Musical 360,P,NO,October only,Fechas de inicio — Barcelona: 'Octubre 2026'. Madrid: 'Octubre 2026'. No second date is listed for either campus.,1,none published,N/A — no spring intake,"TÍTULO PROPIO — 'Máster en Formación Permanente en Industria Musical acreditado por UDIMA (60 ECTS)'. Not official, not in RUCT, no PhD access.",,presencial (Madrid / Barcelona),'Nivel alto de inglés y español' — high level of BOTH English and Spanish required,NOT FOUND,https://www.sae.edu/esp/courses/master-en-industria-musical/,'Fechas de inicio — Barcelona: Octubre 2026 | Madrid: Octubre 2026'; 'Duración: 12 meses'; 'Máster en Formación Permanente en Industria Musical acreditado por UDIMA (60 ECTS)'.,"NEGATIVE RESULT, recorded so the next pass does not re-check it. This is SAE's only 60-ECTS music-BUSINESS programme (path P) and, unlike its audio programmes, it runs a SINGLE October cohort at both campuses — the start-date widget lists one date per campus, not two. Award is still a título propio. Requires high Spanish AND high English.",NO,,music-schools,1
SAE Institute Spain (SAE Creative Media Education) — Madrid and Barcelona,Máster en Industria Musical 360,P,NO,October,«Octubre 2026» listed for both Barcelona and Madrid; no other start date printed,1 published,none published,N/A,"título propio — «Máster en Formación Permanente en Industria Musical acreditado por UDIMA (60 ECTS)» or «Máster Profesional», plus SAE Professional Diploma. Not a máster universitario oficial",,«íntegramente presenciales» — mandatory campus attendance,«Nivel alto de inglés y español» — high level of BOTH English and Spanish required,NOT FOUND — no price on the page,https://www.sae.edu/esp/courses/master-en-industria-musical/,Octubre 2026 (Barcelona y Madrid). Duración: 12 meses. Máster en Formación Permanente en Industria Musical acreditado por UDIMA (60 ECTS). Nivel alto de inglés y español.,"Same provider as the electronic-music-production master but a DIFFERENT calendar — one October start only. Recorded NO. Worth noting the contrast: SAE runs spring cohorts on some titles and not others, so 'SAE has a February intake' cannot be generalised across its catalogue.",NO,,national-sweep,1
"TRAZOS — Escuela de Arte Digital, Madrid (private)","Whole máster catalogue — 44 programmes across 'Másters', 'Másters Avanzados' and 'Másters Profesionales'",,NOT APPLICABLE — no programme in scope,N/A,"Not recorded: no programme in fields A, P or S exists to have a start date.",N/A,,N/A,"TÍTULO PROPIO DE ESCUELA — Trazos is not a university; its 'másters' are school certificates. Not in RUCT, no ANECA verification, no PhD access.",,presencial (Madrid) and online,Español,N/A,https://www.trazos.net/masters/,"Trazos's own framing: 'Las 7 áreas del arte digital: 3D, VFX, Diseño, UX/UI, Concept, Ilustración, Videojuegos.' The 44 másters listed cover exactly those seven areas — e.g. 'Máster en Diseño Gráfico', 'Máster en Motion Graphics y Animación Visual con Unreal Engine e IA', 'Máster en Ilustración', 'Máster Avanzado en Programación Web y Apps', 'Máster en UX/UI', 'Máster Avanzado en Modelado 3D con Autodesk Maya', 'Máster en Videojuegos', 'Máster Profesional en Desarrollo de Videojuegos'.","OUT OF SCOPE — recorded as a clean negative so this institution is not re-checked. Trazos was on the target list as a possible audio/music school; it is not one. A full text search of its master catalogue for 'sonido', 'audio', 'music', 'sound' and 'evento' returns nothing but the recurring 'Videojuegos' area label. There is no sound-and-music-computing (A), music-industry (P) or events (S) programme at Trazos, so the spring-intake question does not arise.",NOT APPLI,,music-schools,1
"U-tad — Centro Universitario de Tecnología y Arte Digital, Las Rozas (Madrid)","Whole postgraduate catalogue — 5 másteres universitarios and 18 título-propio másteres, checked in full",,NOT APPLICABLE — no programme in scope,N/A,"Not recorded: no programme in fields A, P or S exists to have a start date.",N/A,,N/A,"MIXED — U-tad runs both categories and labels them clearly: five 'Másteres Universitarios' (official) and a separate tier of 'Máster' títulos propios. Neither tier contains an audio, sound or music programme.",,presencial and online,Español — every one of the 23 másteres listed is tagged 'Español'; the language filter offers 'Inglés' but no master returns under it,N/A,https://www.u-tad.com/master-universitario/,"Másteres Universitarios (complete list): 'Máster Universitario en Computación Gráfica, Realidad Virtual y Simulación' (Presencial, Español); 'Máster Universitario en Escultura Digital y Renderizado 3D Online'; 'Máster Universitario en Inteligencia Artificial Aplicada a la Ingeniería del Software' (Online); 'Máster Universitario en Seguridad Informática y Auditoría Forense' (Online); 'Máster Universitario en Producción de Animación, Efectos Visuales y Videojuegos' (Presencial). Título-propio másteres include Animación 2D/3D, Composición e IA Generativa para VFX, Concept Art, Diseño de Personajes, Environment y Prop Art, FX y Simulación con Houdini, Game Design, Ilustración, Storyboard, Technical Art y VFX, Programación de Videojuegos, Modelado 3D, Rigging y Character FX, Ciberseguridad y Hacking, Inteligencia Artificial Aplicada.","OUT OF SCOPE FOR THIS SLICE — recorded as a clean negative. U-tad was on the target list on the expectation of a game-audio or sound-design programme; it has none. Its digital-media provision is animation, VFX, concept art and game programming; its technical provision is AI, software engineering and cybersecurity. ⭐ HANDOVER NOTE FOR THE AA/AC SLICES, NOT THIS ONE: two of U-tad's official titles — 'Máster Universitario en Inteligencia Artificial Aplicada a la Ingeniería del Software' (path AA) and 'Máster Universitario en Seguridad Informática y Auditoría Forense' — are máster-universitario-level and online, and were NOT checked for start dates here because they fall outside fields A/P/S. Someone covering AA/AB/AC should check them for spring intakes.",NOT APPLI,,music-schools,1
"UNIE Universidad (Universidad Internacional de la Empresa), Madrid — private, Grupo Planeta",Máster en Formación Permanente en Inteligencia Artificial y Deep Learning Online (page H1). Marketed under the URL /programas/master-universitario-inteligencia-artificial and the browser title 'Máster en Inteligencia Artificial y Deep Learning Online',AA,YES (for the título propio); NOT FOUND for the official RUCT 4318468 title,April (April 2027),Modalidad Online  Campus Online  Duración 1 Año  Idioma Español  Créditos 60 ECTS  Comienza en ABR 2027,"NOT FOUND — page prints one start (ABR 2027). UNIE's own data-protection notice on the same page refers to 'las dos próximas convocatorias del mismo', implying more than one intake, but does not date them.",NOT FOUND,NOT FOUND — no deadline published on the page,"título propio — CONFLICT. The page's own H1 reads 'Máster en Formación Permanente', which per RD 822/2021 is the legal name for a título propio (no PhD access, no public funding). But the URL slug says 'master-universitario' and UNIE separately holds an OFFICIAL title, RUCT 4318468 'Máster Universitario en Inteligencia Artificial por la Universidad Internacional de la Empresa' (Publicado en B.O.E.). The April 2027 start evidenced here belongs to the FORMACIÓN PERMANENTE page, not demonstrably to RUCT 4318468.",4318468 (UNIE's official MU en IA) — but NOT confirmed to be the title on this page,100% online,Español (page: 'Idioma Español'),NOT FOUND,https://www.universidadunie.com/programas/master-universitario-inteligencia-artificial,Comienza en ABR 2027 | H1: 'Máster en Formación Permanente en Inteligencia Artificial y Deep Learning Online' | canonical sibling URL: /programas/master-formacion-permanente-virtual-inteligencia-artificial-deep-learning,IMPORTANT TRAP: this is a genuine April START (not an application round) — 'Comienza en ABR 2027' is unambiguous. But the qualification is a título propio despite the 'master-universitario' URL. For a candidate who needs PhD access and public-scholarship eligibility this April start does NOT deliver an official master. Whether UNIE's official RUCT 4318468 MU en IA also runs an April cohort is NOT FOUND and needs a human to open UNIE's official-master listing. Official status of 4318468 confirmed locally from output/ruct-detail.jsonl.,YES (FOR ,,path-AA,1
Universidad a Distancia de Madrid (UDIMA),Máster Universitario en Análisis de Datos para la Gestión Empresarial,AB | X,YES (institution-level rule; exact date NOT FOUND),"NOT FOUND — second semester (February inferred from UDIMA's exam calendar, not published as a start date)",Programme page: 'Inicio Sept. 2026'. No spring date is printed. The spring start is established only by the Reglamento: 'habrá dos plazos generales de matriculación: uno para iniciar los estudios en el primer semestre y otro para iniciarlos en el segundo semestre.',"2 (one per semester, for all official UDIMA titles)",Autumn: 'Inicio Sept. 2026',NOT FOUND as a date. Rule only: 'El plazo de matrícula finalizará la semana anterior al comienzo del semestre.',máster universitario (OFFICIAL) — page states 'Informe favorable de la Fundación para el Conocimiento Madri+d con fecha 12/03/2025 en trámite de inscripción en el Registro'; RUCT 3500771 recorded in wave-2 verified.jsonl,3500771,100% Online,castellano (not separately re-verified in this pass),NOT FOUND — no price shown on the programme page,https://www.udima.es/master-universitario-analisis-de-datos-para-la-gestion-empresarial,"UDIMA Reglamento de acceso y admisión (versión septiembre 2023), Disposiciones Adicionales, Primera — VERBATIM: 'Los plazos de matriculación son comunes para todas las titulaciones oficiales de la UDIMA, y serán establecidos en cada semestre del curso académico correspondiente. Con carácter general, habrá dos plazos generales de matriculación: uno para iniciar los estudios en el primer semestre y otro para iniciarlos en el segundo semestre.' Also art. on matrícula: 'el interesado deberá formalizar la matrícula dentro de los plazos establecidos por la UDIMA en cada semestre del curso académico correspondiente.' Cómo Matricularse, step 05 — VERBATIM: 'Matrícula abierta hasta una semana antes del semestre. El plazo de matrícula finalizará la semana anterior al comienzo del semestre.' Programme page header — VERBATIM: 'Inicio Sept. 2026| Duración 1 curso | Créditos 60 ECTs | Metodología 100% Online'.","VERDICT: YES at institution level, but the exact spring date is NOT PUBLISHED. UDIMA's own admission regulation is explicit that the second window exists in order to START studies, not merely to enrol in second-semester subjects — the wording is 'uno para INICIAR los estudios en el primer semestre y otro para INICIARLOS en el segundo semestre', and it applies 'para todas las titulaciones oficiales de la UDIMA'. That satisfies the brief's test for a genuine second cohort start. What is NOT published anywhere I could reach: the calendar date on which the second semester begins, and therefore the exact spring start date and its matriculation deadline. UDIMA has no public 'calendario académico' page (both plausible URLs 404) and the FAQ page is JS-rendered and did not yield the dates. The programme page advertises only 'Inicio Sept. 2026'. By UDIMA's own exam calendar the first semester's first convocatoria is in February and the second semester's is in July ('Primer semestre: Primera convocatoria: Febrero ... Segundo semestre: Primera convocatoria: Julio'), which places the second-semester teaching start in February — but that is an INFERENCE from the exam calendar, not a published start date, and is recorded as such rather than as a fact. ACTION FOR A HUMAN: ask UDIMA admissions for the second-semester start date and matriculation window for 2026-27 / 2027-28. Historic corroboration exists (UDIMA press notices titled 'Matrícula abierta para el segundo semestre en la UDIMA' and 'La UDIMA amplía su plazo de matrícula hasta el 6 de marzo') but those are dated 2019 and earlier and are not cited as current facts.",YES (INST,,online,1
Universidad a Distancia de Madrid (UDIMA),Máster Universitario en Inteligencia Artificial Aplicada a la Educación,AA,YES (institution-level rule; exact date NOT FOUND),"NOT FOUND — second semester (February inferred, not published)",Programme page: 'Inicio Sept. 2026'. Spring start established only by the Reglamento wording quoted in evidence_verbatim.,"2 (one per semester, for all official UDIMA titles)",Autumn: 'Inicio Sept. 2026',NOT FOUND as a date. Rule only: 'El plazo de matrícula finalizará la semana anterior al comienzo del semestre.',máster universitario (OFFICIAL),3500738,100% Online,castellano (not separately re-verified in this pass),NOT FOUND,https://www.udima.es/master-universitario-inteligencia-artificial-aplicada-educacion,"UDIMA Reglamento de acceso y admisión (versión septiembre 2023), Disposiciones Adicionales, Primera — VERBATIM: 'Los plazos de matriculación son comunes para todas las titulaciones oficiales de la UDIMA, y serán establecidos en cada semestre del curso académico correspondiente. Con carácter general, habrá dos plazos generales de matriculación: uno para iniciar los estudios en el primer semestre y otro para iniciarlos en el segundo semestre.' Also art. on matrícula: 'el interesado deberá formalizar la matrícula dentro de los plazos establecidos por la UDIMA en cada semestre del curso académico correspondiente.' Cómo Matricularse, step 05 — VERBATIM: 'Matrícula abierta hasta una semana antes del semestre. El plazo de matrícula finalizará la semana anterior al comienzo del semestre.' Programme page header — VERBATIM: 'Inicio Sept. 2026| Duración 1 curso | Créditos 60 ECTs | Metodología 100% Online'.","VERDICT: YES at institution level, but the exact spring date is NOT PUBLISHED. UDIMA's own admission regulation is explicit that the second window exists in order to START studies, not merely to enrol in second-semester subjects — the wording is 'uno para INICIAR los estudios en el primer semestre y otro para INICIARLOS en el segundo semestre', and it applies 'para todas las titulaciones oficiales de la UDIMA'. That satisfies the brief's test for a genuine second cohort start. What is NOT published anywhere I could reach: the calendar date on which the second semester begins, and therefore the exact spring start date and its matriculation deadline. UDIMA has no public 'calendario académico' page (both plausible URLs 404) and the FAQ page is JS-rendered and did not yield the dates. The programme page advertises only 'Inicio Sept. 2026'. By UDIMA's own exam calendar the first semester's first convocatoria is in February and the second semester's is in July ('Primer semestre: Primera convocatoria: Febrero ... Segundo semestre: Primera convocatoria: Julio'), which places the second-semester teaching start in February — but that is an INFERENCE from the exam calendar, not a published start date, and is recorded as such rather than as a fact. ACTION FOR A HUMAN: ask UDIMA admissions for the second-semester start date and matriculation window for 2026-27 / 2027-28. Historic corroboration exists (UDIMA press notices titled 'Matrícula abierta para el segundo semestre en la UDIMA' and 'La UDIMA amplía su plazo de matrícula hasta el 6 de marzo') but those are dated 2019 and earlier and are not cited as current facts. NOTE ON FIT: this is an education-sector AI master, not a technical AI/ML master; included because it is UDIMA's only AA-coded title.",YES (INST,,online,1
"Universidad Alfonso X el Sabio (UAX), Madrid — private university",Máster Universitario Online en Inteligencia Artificial / Online Master's Degree in Artificial Intelligence,AA,NO,October,Start October | Length Credits 9 months / 60 ECTS | Modality Online,1 (only an October start is published),none published,N/A — no spring intake,"máster universitario (official) — RUCT 4318348, 'Publicado en B.O.E.'",4318348,Online,NOT FOUND on the English page (page is the English mirror; official plan language not verified — do not infer English),NOT FOUND (page advertises only 'Up to 24% in financial assistance before 31 August'),https://www.uax.com/en/studies/master-s-in-artificial-intelligence,Start October  Length Credits 9 months / 60 ECTS  Modality Online  Faculty Business & Tech  Exams Online and/or face-to-face,"The programme fact-box prints a single 'Start' value, October. No February/January/April cohort is advertised anywhere on the page. Official status confirmed locally from RUCT (output/ruct-detail.jsonl, code 4318348, estado 'Publicado en B.O.E.'), not from the marketing page. Aggregators (educaweb, aprendemas) likewise show only October.",NO,,path-AA,1
"Universidad Antonio de Nebrija, Madrid (private)",Máster Universitario en Organización y Dirección de Eventos,S,NO,October,"Programme page, verbatim: «De octubre a junio». No day-of-month start date is printed, and no second convocatoria of any kind is advertised — the only calendar shown is the single October-to-June academic year.","1 (October), on the evidence of the page",none published,N/A — no spring intake. The page says «Inscripciones abiertas» (rolling admission). ⚠️ Per the SPRING-BRIEF this is explicitly NOT a spring intake: rolling admission with a single autumn start does not count.,"MÁSTER UNIVERSITARIO (OFFICIAL) — RUCT 4317016, «Máster Universitario en Organización y Dirección de Eventos por la Universidad Antonio de Nebrija», estado «Publicado en B.O.E. (TITULACIÓN RENOVADA)». The RUCT code is NOT printed on the programme page; confirmed from the register, not from the page.",4317016,"«Presencial, Online» — both modalities run the same October-to-June calendar",«Español» — explicit «Idioma de impartición» field on the page,"EUR 9,200 presencial / EUR 5,260 online — verbatim «Presencial: 9.200 € / Online: 5.260 €», for 60 ECTS. Rates as published 2026-08-29; the page does not state which academic year they apply to, so treat the year as unconfirmed.",https://www.nebrija.com/programas-postgrado/master/organizacion-de-eventos/,"De octubre a junio — 60 ECTS — Modalidad: Presencial, Online — Idioma: Español — Presencial: 9.200 € / Online: 5.260 €","Rolling year-round enrolment («Inscripciones abiertas») is the thing most likely to be misread as a spring intake here; it is not one. Spanish-only, which is a hard filter at A0/A1.",NO,,path-S,1
Universidad Autónoma de Madrid (UAM),"INSTITUTION-WIDE calendar record — UAM másteres universitarios (in-scope: Ciencia de Datos; Aprendizaje Profundo para el Tratamiento de Señales de Audio, Imagen y Vídeo; Sistemas Interactivos Inteligentes; Bioinformática)",A | B | AA | AB,NO,September,"Three admission periods for curso 2026-27, all feeding one autumn cohort: «Primer plazo: del 4 de febrero al 8 de abril de 2026»; «Plazo anticipado: del 4 de junio al 1 de septiembre de 2026»; «Segundo plazo: del 18 de junio al 1 de septiembre de 2026».",1,none,n/a — no spring intake,máster universitario,n/a — institution-level calendar record,"presencial, Campus de Cantoblanco, Madrid",varies by title,Comunidad de Madrid public rates; UAM applies a confirmed non-EU surcharge (per AGENT-BRIEF),https://www.uam.es/uam/en/posgrado/admision,«Primer plazo: del 4 de febrero al 8 de abril de 2026» — an application window opening in February for the following September's cohort,"⚠️ NAMED TRAP, EXCLUDED. UAM's FIRST admission period opens 4 February. That is an application window opening in spring for an autumn start — explicitly listed by the brief as not counting. All three periods close by 1 September 2026 and resolve into the single curso 2026-27 cohort. No second-semester admission route is published. Recorded NO. Of note by contrast: UPM, in the same city, DOES publish a distinct second preinscripción period for second-semester teaching starts — so this is not a Madrid-wide rule, it is university by university.",NO,,public,1
Universidad Autónoma de Madrid (UAM) — Escuela Politécnica Superior,"Máster Universitario en Aprendizaje Profundo para el Tratamiento de Señales de Audio, Imagen y Vídeo (Deep Learning for Audio and Visual Artificial Intelligence)",B | A | AA,NO,September,"No programme-level start date could be fetched. Institution-level, verbatim from UAM's postgraduate admission page: 'Primer plazo: del 4 de febrero al 8 de abril de 2026'; 'Plazo anticipado: del 4 de junio al 1 de septiembre de 2026'; 'Segundo plazo: del 18 de junio al 1 de septiembre de 2026' — three application periods, all closing by 1 September 2026 and all feeding the single curso 2026-27 cohort.",1,none,N/A — no spring intake,máster universitario (OFFICIAL) — RUCT 4317140,4317140,"presencial, Campus de Cantoblanco, Madrid",NOT VERIFIED in this pass — do not infer from the English page title 'Deep Learning for Audio and Visual Artificial Intelligence',NOT FOUND in this pass — Comunidad de Madrid public rates; UAM applies a confirmed non-EU surcharge,https://www.uam.es/uam/en/posgrado/admision,"Primer plazo: del 4 de febrero al 8 de abril de 2026 — an application window opening in February for the FOLLOWING September's cohort, not a February start.","This is the anchor the orchestrator named (RUCT 4317140) and it is the strongest audio-AI master outside UPF. Answer: no spring cohort. ⚠️ THE FEBRUARY TRAP IS LIVE HERE AND WOULD BE EASY TO MIS-RECORD: UAM's first admission period opens 4 February, which reads like a February intake in aggregator listings. It is an application window opening in spring for an autumn start — the SPRING-BRIEF excludes exactly this. ⚠️ FETCH NOTE: both https://www.uam.es/uam/estudios/master-oficial/aprendizaje-profundo-tratamiento-senales-audio-video and its /en/ counterpart returned a 576-byte empty shell to curl with a browser UA (JS-rendered or moved), so no programme-level page was read; the calendar above is UAM-wide and is taken from the institution-level record already established in output/spring/public.jsonl. A human should open the programme page to confirm it inherits the UAM-wide calendar rather than running its own.",NO,,path-B,1
"Universidad Autónoma de Madrid (UAM) — Spanish partner hosting Semester 2; consortium coordinated from Université de Bordeaux, with Pázmány Péter Catholic University Budapest (PPKE)",IPCVai — Erasmus Mundus Joint Master in Artificial Intelligence for Image Processing and Computer Vision,AA,NO,September (autumn) — entry is Semester 1 at PPKE Budapest. No explicit start-date line is published on ipcv.eu; the autumn start is established by the 'by the summer before the program starts' admission rule and the two-year cohort labelling.,"Programme structure: 'The 1st semester at PPKE Budapest provides all students with fundamental leveraging knowledge...'; 'The 2nd semester at UAM Madrid deepens the knowledge in visual signal processing and machine/deep learning'. Admission criteria: candidates must 'Hold a Bachelor degree or equivalent in computer science, engineering, mathematics or physics, by the summer before the program starts.' Cohorts are labelled by two-year span: '2024 – 2026 cohort', '2025 – 2027 cohort'.",1,"None. IMPORTANT NUANCE, and exactly the case the brief asked to look for: the SPANISH leg (Semester 2 at UAM Madrid) does begin in the spring semester, roughly February–June. That is a mobility leg, NOT an admission point — you cannot enter the programme at UAM in February. Recorded as NO.",N/A — no spring intake,"máster universitario (Erasmus Mundus Joint Master, official in Spain; RUCT estado 'Publicado en B.O.E.', active)",3500514,presencial; 120 ECTS over four semesters in three countries,"English ('Fully taught in English'; B2 English required, IELTS 6.5 / TOEFL 90)","NOT FOUND on ipcv.eu for EU vs non-EU self-funded participation costs. Erasmus Mundus scholarship holders pay nothing and receive EUR 1,400/month for 24 months (EUR 33,600).",https://ipcv.eu/application-and-selection/application/,"Application deadline page (29 Aug 2026): 'Application deadline — NEW SELF-FUNDING CALL: Dates: 9 March – 7 April, 2026 (at noon – Paris time)'. No 2027 dates and no Erasmus Mundus scholarship round are currently listed.","SEPTEMBER-2027 DEADLINE: NOT PUBLISHED. Only the 2026 self-funding call (9 March – 7 April 2026) is on the site; the Erasmus Mundus SCHOLARSHIP round is not currently listed at all. A previous cycle used 4 February 2024, 23:55 CET, i.e. the scholarship round closes in EARLY FEBRUARY of the year of entry — for a September 2027 start expect roughly early February 2027. TREAT AS PATTERN, NOT A PUBLISHED DATE; re-check from October 2026. Applications go through Bordeaux (emundus-ipcv.u-bordeaux.fr, application-ipcv@u-bordeaux.fr), NOT UAM. Entry bar is a 180-ECTS first degree, so a 300-ECTS Software Engineering degree clears it comfortably. PATH FIT: computer vision / image processing only — no audio, music or acoustics content (AA only).",NO,,erasmus-mundus,1
Universidad Camilo José Cela (UCJC),"Máster en Dirección de Protocolo, Producción, Organización y Diseño de Eventos",S,NOT FOUND,NOT FOUND,"NOT FOUND — could not read the primary page. An aggregator-level search summary asserted «two intake periods per year - one in October and one in February for the distance modality», but that is an aggregator claim and under rule 1 cannot be used to state a fact.",NOT FOUND,NOT FOUND,NOT FOUND,NOT VERIFIED IN THIS SWEEP,,NOT FOUND,NOT FOUND,NOT FOUND,https://www.ucjc.edu/master/direccion-protocolo-produccion-organizacion-diseno-eventos/,,"BLOCKED. www.ucjc.edu returned HTTP 202 with a 239-byte challenge shell on four consecutive curl attempts with a full browser User-Agent, Accept/Accept-Language headers and a persistent cookie jar; WebFetch returned empty. The AGENT-BRIEF says a UA retry yields 200 — that did not reproduce here today. NEEDS A HUMAN TO OPEN IN A NORMAL BROWSER. Not counted as a new find: UCJC is already among the 93 institutions in output/programmes.jsonl and SPRING-BRIEF already names 'UCJC's February online intake' as a known example, so this is a coverage gap for the institution-list slices, not a discovery of mine.",NOT FOUND,,national-sweep,1
Universidad Camilo José Cela (UCJC),Máster Universitario en Ciencia de Datos,AB | AA,NOT FOUND,"NOT FOUND (October indicated by aggregator only, unverified)","NOT FOUND — the programme page could not be retrieved. The only October evidence available is an aggregator page title («Máster Universitario en Ciencia de Datos Online, Octubre 2026», mastermania), which under the brief's rules may be used for DISCOVERY only and is NOT recorded as a fact.",NOT FOUND,NOT FOUND,NOT FOUND,máster universitario (OFFICIAL) — RUCT 4317680,4317680,online (per the programme's own page title as indexed: «Máster en Data Science Online | UCJC»),"NOT FOUND (Spanish presumed from the Spanish-language title, not verified verbatim)",NOT FOUND — UCJC publishes a per-programme sheet at https://www.ucjc.edu/pdfs/estudios/master_universitario_ciencia_de_datos.pdf («Precios 2025-26 v.1 Mayo 2025») but it is behind the same block.,https://www.ucjc.edu/estudio/master-universitario-en-ciencia-de-datos/,,"CHECKED, NOT RESOLVED — recorded as NOT FOUND, not NO. ⚠️ CORRECTION TO THE AGENT-BRIEF: the brief states ucjc.edu is not blocked and that «a retry with a browser User-Agent returns 200 with the full body». That did NOT reproduce on 2026-08-29. www.ucjc.edu, calidad.ucjc.edu and the partner site cuhmucjc.com all return HTTP 202 with a SiteGround anti-bot shell («/.well-known/sgcaptcha/») to curl with a full browser User-Agent, on repeated retries, and WebFetch returns empty. The challenge is a JS proof-of-work bound to the client IP; I did not attempt to defeat it. Searches for a UCJC data-science February or second convocatoria returned nothing, so there is no positive evidence of a spring intake here — but equally no page-level confirmation of a single October intake. NEEDS A HUMAN with a normal browser. NOTE the contrast: UCJC's two OTHER in-scope masters both DO have February online cohorts, so a spring intake on this one cannot be ruled out.",NOT FOUND,,privates,1
"Universidad Camilo José Cela (UCJC), Madrid","Máster Universitario en Dirección de Protocolo, Producción, Organización y Diseño de Eventos",S,NOT FOUND,February (distance/online mode only) — provisional; October is the main start for both modes,"From output/verified.jsonl, quoted there as read from the UCJC programme page on 2026-08-25: 'Inicio: Octubre', plazas line 'Modalidad Presencial 60 por curso'; 'Modalidad a Distancia 60 por curso (octubre) y 60 por curso (febrero)' — i.e. the DISTANCE mode runs a second, February cohort with its own 60 places.",2 for the distance mode (October and February); 1 for the presencial mode (October) — provisional,October,NOT FOUND — UCJC publishes no application open/close dates for any year; admission is rolling.,máster universitario (OFFICIAL) — RUCT 4312968,4312968,"presencial (Campus Castellana, Madrid) OR a distancia / online. The February cohort exists only in the distance mode.",Castellano (Spanish),NOT FOUND in this pass,https://www.ucjc.edu/master/direccion-protocolo-produccion-organizacion-diseno-eventos/,'Modalidad Presencial 60 por curso' / 'Modalidad a Distancia 60 por curso (octubre) y 60 por curso (febrero)',"Candidate hit came from output/verified.jsonl (modality field: 'the online mode has a SECOND, February intake, unusual and worth noting'). Per this slice's rule — a hit that cannot be confirmed on the live source is NOT FOUND, not YES — spring_intake is recorded as NOT FOUND and the near-certain answer is carried in spring_intake_provisional. NEEDS A HUMAN to open the page in a normal browser; if confirmed this is the only official (máster universitario) events-management degree found with a February cohort, which makes it materially valuable for path S.",NOT FOUND,,from-dataset,1
Universidad Carlos III de Madrid (UC3M),Másteres universitarios — «edición de marzo»,,NO,September,"The only March reference on the postgraduate admission page is «EDICIÓN SEPTIEMBRE (INDIVIDUAL) + DOBLES MÁSTERES COMBINADOS CON AMBAS EDICIONES (MARZO Y SEPTIEMBRE)», in the section for the Máster en Acceso a la Abogacía y Procura.",1 for the fields in scope,,N/A,máster universitario oficial,,,,,https://www.uc3m.es/postgrado/admision/proceso,EDICIÓN SEPTIEMBRE (INDIVIDUAL) + DOBLES MÁSTERES COMBINADOS CON AMBAS EDICIONES (MARZO Y SEPTIEMBRE),"TRAP CAUGHT. A search summary reported that «UC3M offers master's programs with a March edition in addition to a September edition». The primary page shows the March/September 'ediciones' are ADMISSION CYCLES attached to the Abogacía double-master combinations, not class starts, and no master in the nine fields is stated to start in March. Recorded NO. UC3M is already among the 93 covered institutions.",NO,,national-sweep,1
Universidad Carlos III de Madrid (UC3M),Máster de Formación Permanente en Industria Musical y Estudios Sonoros (MIMES),P | S | A,NO,September,Inicio: 15 de septiembre de 2026 — Final: Lecturas de TFM hasta el 30 de septiembre,1,None found — a single annual September edition,N/A — no spring intake. Plazo de admisión for the 2026-27 September edition shows 'CERRADO'.,"título propio (Máster de Formación Permanente — the post-RD 822/2021 legal name for a título propio; NOT ANECA-verified, no PhD access)",,"Presencial (Campus Puerta de Toledo, Madrid; lunes a jueves 17:00–20:15)",Español,"EUR 5,900 (tasa de matrícula, 2026-27 edition as published)",https://www.uc3m.es/formacion-permanente/industria-musical-estudios-sonoros,'Inicio: 15 de septiembre de 2026' · 'Créditos 60' · 'Tasa de matrícula: 5.900 euros' · 'Español' · 'Presencial',"Single-cohort academic-year programme. Título propio, so no PhD access and generally ineligible for public scholarships — relevant to this candidate's funding-first ranking. Spanish-only teaching is a hard filter at A0/A1.",NO,,path-P,1
Universidad Carlos III de Madrid (UC3M),INSTITUTION-WIDE calendar record — UC3M másteres universitarios (in-scope: Estadística para la Ciencia de Datos; Métodos Analíticos para Datos Masivos/Big Data; Aprendizaje Automático para la Salud; Ingeniería de Telecomunicación; Ciencia y Tecnología Informática),C | AA | AB | AC,"NO for all in-scope titles (a March edition exists at UC3M but only for the Máster en Abogacía, which matches none of the nine path codes)",September,"Three ordinary admission periods for curso 2026-27, all resolving into the September cohort: «1 DICIEMBRE 2025 - 31 ENERO 2026» (resoluciones a partir del 27 de febrero de 2026); «1 FEBRERO 2026 - 31 MARZO 2026» (resoluciones a partir del 30 de abril de 2026); «1 ABRIL 2026 - 31 MAYO 2026» (resoluciones a partir del 23 de junio de 2026). UC3M's postgraduate academic calendar places teaching from early September to mid-December, with «las clases del segundo cuatrimestre» beginning end of January — a continuation of the same cohort's year, not a new entry.",1 for all in-scope titles,"none in scope. UC3M's admission page does list, for the Máster en Abogacía only: «EDICIÓN SEPTIEMBRE (INDIVIDUAL) + DOBLES MÁSTERES COMBINADOS CON AMBAS EDICIONES (MARZO Y SEPTIEMBRE)»",n/a — no spring intake in scope,máster universitario,n/a — institution-level calendar record,"presencial, Getafe / Leganés / Colmenarejo",several in-scope titles are English-taught,Comunidad de Madrid public rates; UC3M applies a confirmed non-EU surcharge (per AGENT-BRIEF),https://www.uc3m.es/postgrado/admision/proceso,"«EDICIÓN SEPTIEMBRE (INDIVIDUAL) + DOBLES MÁSTERES COMBINADOS CON AMBAS EDICIONES (MARZO Y SEPTIEMBRE)» — UC3M's only non-September edition, and it belongs to the Máster en Abogacía","Worth recording precisely because the near-miss is instructive. UC3M DOES operate the concept of an «edición» with a non-September start — a March edition — so the mechanism exists at this university. But it is confined to the Máster en Abogacía (law/bar qualification, driven by the professional-exam calendar), which is out of scope for all nine path codes. Every in-scope UC3M master runs on the three-period single-September-cohort calendar. Also excluded as a trap: the second ordinary period runs 1 February – 31 March, an application window, not a start. Recorded NO.",NO FOR AL,,public,1
Universidad Complutense de Madrid (UCM),INSTITUTION-WIDE calendar record — UCM másteres universitarios (in-scope: Ciencia de Datos e Inteligencia de Negocios; Ingeniería Informática; Nuevas Tecnologías Electrónicas y Fotónicas; Física; Tratamiento Estadístico Computacional de la Información),C | AA | AB | X,NO,September,"UCM «Plazos generales para admisión a másteres universitarios», curso 2026-2027 — PRIMER PERIODO ORDINARIO: solicitudes «Del 28 de enero al 20 de febrero», admitidos «A partir del 23 de marzo», matrícula «Del 29 de mayo al 5 de junio». SEGUNDO PERIODO ORDINARIO: solicitudes «Del 27 de abril al 22 de mayo», admitidos «A partir del 17 de junio», matrícula «Del 17 al 26 de junio», lista de espera «A lo largo del mes de julio». PERIODO EXTRAORDINARIO: solicitudes «Del 1 al 4 de septiembre», admitidos «A partir del 11 de septiembre», matrícula «Del 11 al 18 de septiembre».",1,none,n/a — no spring intake,máster universitario,n/a — institution-level calendar record,"presencial, Madrid",mostly castellano,Comunidad de Madrid public rates,https://www.ucm.es/plazos-generales,«PERIODO EXTRAORDINARIO: Del 1 al 4 de septiembre — admitidos a partir del 11 de septiembre — matrícula del 11 al 18 de septiembre»,"⚠️ THE CONVOCATORIA EXTRAORDINARIA CASE, EXCLUDED AS INSTRUCTED. UCM's extraordinary period runs 1–4 September with enrolment 11–18 September — days before term. It fills the SAME autumn cohort; it is a late-admission valve, not a second start. Likewise the first ordinary period opening 28 January is an application window for the following autumn. UCM's own page carries no reference to any master beginning in the second semester. Recorded NO. Separate note: UCM also sells títulos propios through its Centro de Formación Permanente which can follow different calendars; this record covers the OFFICIAL másteres universitarios only, which is what the candidate needs for PhD access and public funding.",NO,,public,1
Universidad de Alicante (UA),INSTITUTION-WIDE calendar record — UA másteres universitarios (in-scope: Ingeniería Informática; Ciencia de Datos; Inteligencia Artificial; Automática y Robótica; Telecomunicación),AA | AB | AC | C,NO,September,"Official convocatoria published in the Boletín Oficial de la Universidad de Alicante, «CONVOCATORIA DE PREINSCRIPCIÓN EN ESTUDIOS DE MÁSTER UNIVERSITARIO PARA EL CURSO ACADÉMICO 2026-27»: ordinary period «del 16/03/2026 al 26/06/2026 hasta las 14 horas»; extraordinary period «a partir del 17/07/2026», activated only for programmes that have not filled their places. The convocatoria lists 65 masters and makes no distinction of start date for any of them.",1,none,n/a — no spring intake,máster universitario,n/a — institution-level calendar record,"presencial, Alicante",mostly castellano/valencià,Comunitat Valenciana public rates,https://www.boua.ua.es/es/acuerdo/65441,Ordinary preinscripción «del 16/03/2026 al 26/06/2026 hasta las 14 horas»; extraordinary «a partir del 17/07/2026» for programmes with unfilled places,"⚠️ A FALSE POSITIVE I CHECKED AND REJECTED — worth recording so nobody re-checks it. A search-index summary described UA's second preinscripción period (17 July – 2 September 2026) as being «for those looking to start in the second semester». It is not. UA's own official convocatoria in the BOUA — the legally operative document — describes that window purely as an extraordinary period for programmes with unfilled places, and contains no reference at all to «segundo cuatrimestre» starts. The genuinely second-semester item in UA's calendar is «Students enrolled in official degree programs in 2026-2027 can add second semester courses to their enrollment on January 21-22, 2027», which is module addition by existing students — the excluded case. Recorded NO on the strength of the primary BOUA text over the search summary.",NO,,public,1
Universidad de Castilla-La Mancha (UCLM) — Escuela Superior de Informática (Ciudad Real) and Escuela Superior de Ingeniería Informática (Albacete),Máster Universitario en Big Data y Computación en la Nube (MUBDCN),AC | AB,NO,NOT STATED as a date; structurally autumn — matrícula closes 30 September 2026 for the 2026-27 course.,The MUBDCN microsite publishes exactly one annual cycle for curso 2026-2027: 'Preinscripción: 24 de marzo al 11 de septiembre de 2026' · 'Admisión: 24 de marzo al 18 de septiembre de 2026' · 'Matrícula: 23 de junio al 30 de septiembre de 2026'. '60 créditos ECTS repartidos en 1 curso académico'. No February and no second-semester entry is mentioned anywhere on the page.,1,none,N/A — no spring intake. (2026-27 autumn cycle: preinscripción closes 11/09/2026.),"máster universitario (OFFICIAL) — RUCT 3500731, estado 'Publicado en B.O.E.', Máster RD 822/2021, MECES 3, rama Ingeniería y Arquitectura, campo Ingeniería informática y de sistemas, verificación 26/05/2025, BOE 01/10/2025 and 20/10/2025. A new title, first taught 2025/26.",3500731,"virtual — 'Modalidad virtual, sin necesidad de presencialidad en la mayor parte de sesiones'; mix of synchronous online sessions and asynchronous work; in-person attendance only for the TFM defence.",NOT FOUND — not stated on the MUBDCN microsite.,NOT FOUND — not published on the microsite.,https://esi.uclm.es/mubdcn/,'Preinscripción: 24 de marzo al 11 de septiembre de 2026' · 'Admisión: 24 de marzo al 18 de septiembre de 2026' · 'Matrícula: 23 de junio al 30 de septiembre de 2026' · '60 créditos ECTS repartidos en 1 curso académico',"The brief's carried note that UCLM preinscription read 'cerrada por plazas cubiertas' refers to an earlier cycle; as at access date the 2026-27 window is published as open from 24/03/2026. ⚠️ The March start of the PREINSCRIPTION window is precisely the pattern the spring brief warns against — it is an application window opening in spring, NOT a spring cohort start. Confirms the shared brief's subdomain guidance: www.uclm.es 403s but esi.uclm.es serves normally (both the MUBDCN microsite and the ESI news post fetched fine). ESI's sibling masters MUII (Ingeniería Informática, 90 ECTS, virtual) and MUIA (Inteligencia Artificial, 60 ECTS, virtual) share the same single 24/03–11/09/2026 preinscription window, so the NO verdict is school-wide, not title-specific. RUCT credits: 60 = 48 obligatorios + 6 optativos + 6 TFM; complementos formativos NOT PUBLISHED IN RUCT.",NO,,path-AC,1
"Universidad de Deusto — Deusto Business School, Bilbao (joint title with Universidad Pontificia Comillas)",Máster Universitario en Análisis de Negocio / Master in Business Analytics,X | AB,NO,"NOT FOUND (single academic year; official Spanish master, admission already closed for the current cycle)",NOT FOUND — Deusto publishes no start date on the programme page; it shows '1 año - 60 ECTS' and 'Admission process closed',"1 (single academic year, admission process closed — no second window advertised)",none advertised,N/A — no spring cohort,"máster universitario (OFFICIAL), JOINT title — RUCT 3500355, 'Máster Universitario en Análisis de Negocio / Master in Business Analytics por la Universidad de Deusto y la Universidad Pontificia Comillas', '(Conjunto)', 'Publicado en B.O.E. (TITULACIÓN RENOVADA POR ACREDITACIÓN INSTITUCIONAL)', 60 ECTS.",3500355,"Presencial, Bilbao campus","'Spanish-English' — 'Students can choose to complete the program entirely in Spanish or take some courses in English, requiring an advanced language level'",NOT FOUND,https://www.deusto.es/en/home/study/courses/official-degree/business-analytics,'Máster Universitario en Análisis de Negocio / Master in Business Analytics'; '1 año - 60 ECTS'; Bilbao; 'Admission process closed',"Deusto's Spanish-language pages 403 to curl (Akamai 'Access Denied') while the English pages serve to WebFetch — use the /en/ path. SEPARATE LEAD, NOT A MASTER: Deusto's Faculty of Engineering runs a 'Programa en Big Data y Business Intelligence' as formación continua on the San Sebastián campus that a Deusto news item says starts in JANUARY. That is a continuing-education programme, not a master's degree, and both ingenieria.deusto.es and empresas.deusto.es failed to serve (503 / no response) so its January start could not be verified on a primary page. Flagged for a human.",NO,,business-schools,1
"Universidad de Diseño, Innovación y Tecnología (UDIT), Madrid — private university",Máster Universitario en Inteligencia Artificial,AA,NO,October,Fecha de inicio 01/10/2026,1,"none — UDIT's own press item is titled 'UDIT comenzará la tercera edición de su Máster en Inteligencia Artificial en octubre de 2025', i.e. each annual edition starts in October",N/A — no spring intake,"máster universitario (official) — RUCT 4318526, 'Publicado en B.O.E.'; page states 'Título Oficial' and links its RUCT / Informe del Consejo de Universidades",4318526,"Presencial (C/ Alcalá 506, Madrid); evening timetable Mon-Thu 18:30-22:00",Español (page: 'Idiomas Español'),NOT FOUND on the programme page,https://www.udit.es/master-en-inteligencia-artificial/,"Campus C/ Alcalá, 506. Madrid. España  Idiomas Español  Modalidad Presencial  Título Oficial  Duración 10 meses  Créditos 60 ECTS  Fecha de inicio 01/10/2026  Horario Lunes a jueves de 18:30h a 22:00h  Plazas 60","Single explicit dated start. 60 places, one cohort. UDIT also holds RUCT 3500703 'MU en Inteligencia Artificial Aplicada al Ámbito Educativo' — not checked separately in this pass.",NO,,path-AA,1
"Universidad de Granada (UGR) — Spanish partner; with NTNU (Norway), Université Jean Monnet Saint-Étienne (France) and University of Eastern Finland","CoSI — Máster Erasmus Mundus en Ciencia del Color, Imágenes y Visión Computacional / Computational Colour and Spectral Imaging",AA,NO,"September/October (autumn) — inferred, not stated verbatim","NOT FOUND as an explicit start-date line on the UGR pages. The consortium call 'runs from October to January' (search index), consistent with an autumn start.",1,"None. CRITICAL NUANCE, and the direct answer to the brief's third test: Granada hosts SEMESTER 2, the SPRING semester — and UGR states that for 2025-26 there is 'NO academic activity during Semester 2 in Granada'. Entry is still Semester 1 elsewhere, so this is not a spring admission point. Recorded as NO.",N/A — no spring intake,"máster universitario (Erasmus Mundus Joint Master, official in Spain). RUCT 4317566 was recorded active in wave 1; the predecessor CIMET (4310888) is 'TITULACIÓN A EXTINGUIR'.",4317566,presencial; 120 ECTS over 2 years across three of the four universities,English ('100% taught in English'). B2/IELTS 6.5/TOEFL 90 required.,NOT FOUND. Self-funded students must submit a 'Guarantee of full financial support'; Erasmus+ Joint Master Degree scholarship holders are exempted from that requirement.,https://masteres.ugr.es/cosi/information/presentation,"UGR presentation page: 'Important: The COSi master program is in the process of renewing its Erasmus+ label (on February 2026), so the academic offering will undergo some changes for the 2025-26 academic year. Thus, there will be NO academic activity during Semester 2 in Granada (only in Norway, France and Finland). Please visit the consortium's official website at https://cosi-master.eu/ to stay updated.'","MATERIAL CORRECTION TO THE EARLIER PASS. The previous record concluded CoSI was 'probably dead' on the strength of its absence from the EACEA catalogue and two dead consortium domains. That is now contradicted: cosi-master.eu RESOLVES (though it serves an empty JavaScript shell to automated fetches), UGR's own page says the programme 'is in the process of renewing its Erasmus+ label (on February 2026)', and search-index content from the consortium site states the programme 'has renewed the Erasmus+ excellence label'. CONFLICT LOGGED — do not treat CoSI as dead, but do not treat the renewal as confirmed either. SEPTEMBER-2027 DEADLINE: NOT PUBLISHED. The consortium call is described as running 'from October to January', so for a September 2027 start expect roughly October 2026 – January 2027 — PATTERN ONLY, from a search index. SOURCE ACCESS WARNING: cosi-master.eu returns a JS-only shell (1.8 KB, no text) to curl; the renewal and calendar statements come from a search index, not the page. NEEDS A HUMAN to open https://cosi-master.eu/ in a normal browser and to ask UGR whether Granada's Semester 2 teaching resumes for the 2027 cohort — because if it does not, the 'Spanish partner' aspect is nominal. PATH FIT: colour/spectral imaging, AA only, no audio content.",NO,,erasmus-mundus,1
Universidad de Granada (UGR) + Universidad de Cádiz (UCA) — interuniversity,"Máster Universitario en Ingeniería Acústica (interuniversitario UGR-UCA; especialidad Acústica Arquitectónica en Granada, Acústica Ambiental en Cádiz)",A | C,"NOT FOUND — no start date is published on the pages reached; admission runs entirely through the Distrito Único Andaluz, whose calendar is a single annual cycle, and no February/second-semester entry is advertised anywhere",NOT FOUND on the programme pages (Andalusian public masters conventionally begin in the autumn; NOT recorded as fact),,NOT FOUND explicitly — Distrito Único Andaluz operates one annual preinscripción with successive adjudication phases,NOT FOUND,N/A — no spring cohort is advertised,"máster universitario (official, interuniversitario)",4314325,presencial,Spanish (UCA's own postgraduate listing states the master is taught in Spanish),"EUR 821 for the 60-ECTS programme, per UCA's posgrado listing (year of rates NOT STATED on that listing — treat as unverified for 2026-27 and re-check the Andalusian decreto de precios públicos)",https://esingenieria.uca.es/docencia/masteres/mia/,Máster Interuniversitario en Ingeniería Acústica ... 60 créditos ECTS distribuidos en un curso académico. En Granada se ofrece la especialidad de Acústica Arquitectónica y en Cádiz la especialidad de Acústica Ambiental.,"Recorded as NOT FOUND rather than NO because neither the UGR nor the UCA page reached prints an inicio de clases. What IS established: the same Distrito Único Andaluz calendar governs UMA's acoustics master, which explicitly runs late October to June with one intake — so a spring cohort here would be anomalous. Flag for a human to confirm the inicio directly. 60 ECTS, one academic year.",NOT FOUND,,path-A,1
"Universidad de León (Spain) — partner; consortium coordinated by Dublin City University (Ireland), with Avignon Université (France), Università di Pisa (Italy), plus Erasmus University Rotterdam and Fundação Getulio Vargas Rio from the 2026/2028 edition","EMILDAI — Máster Universitario Erasmus Mundus en Law, Data and Artificial Intelligence",AA,NO,September (1 September),'1 September 2026 – Launch of 2026-28 edition at DCU',1,"None. The programme operates on a 2-year cycle; the two application ROUNDS (Nov–Jan and Mar–May) are funding-segmented rounds feeding the single September start, not a second cohort. No spring intake is mentioned.",N/A — no spring intake,"máster universitario (Erasmus Mundus Joint Master, official in Spain; RUCT estado 'Publicado en B.O.E.', active)",4318252,presencial,NOT FOUND on the site,NOT FOUND on the site.,https://emildai.eu/admissions/how-to-apply/,"'Round 1 (Partial Scholarship + Self-Funded): Opens 10 November 2025, Closes 25 January 2026, Results March 2026'; 'Round 2 (Self-Funded Only, if places available): Opens 25 March 2026, Closes 29 May 2026'; '1 September 2026 – Launch of 2026-28 edition at DCU'.","PROBABLY NO SEPTEMBER-2027 INTAKE. EMILDAI runs biennial cohorts — the current one is explicitly the '2026-2028 edition' launching 1 September 2026, which puts the next entry point at September 2028, not September 2027. NOT CONFIRMED by an explicit statement (the site simply says nothing about what follows 2026-2028); a human should verify with the consortium. RANK LOW REGARDLESS: no full Erasmus Mundus scholarship is offered for the current cohort — only 'up to 24 Partial Fee Waivers and 8 EMILDAI Merit Scholarships', where a Partial Fee Waiver covers second-year tuition only. Applications go through DCU, not León. Subject (law + AI) is only tangential to the nine fields.",NO,,erasmus-mundus,1
Universidad de Málaga (UMA) — ETSI de Telecomunicación,Máster Universitario en Ingeniería Acústica (MIA),A | C,NO,late October,"Las actividades presenciales del MIA se imparten desde finales de Octubre a Junio, dentro de los periodos lectivos que la UMA y la ETSIT establecen para el correspondiente curso académico.",1,none — the programme runs two semesters within a single annual cycle; no February entry is mentioned anywhere on the calendar page,"N/A — no spring cohort. Admission runs through the Distrito Único Andaluz single annual preinscripción (its phases are application rounds, not extra starts).",máster universitario (official),4312714,semipresencial — 'se imparte con metodología semi-presencial'; on-campus sessions Thursday and Friday afternoons,NOT FOUND stated explicitly on the pages read (site and guides in Spanish),NOT FOUND on these pages,https://www.uma.es/master-universitario-en-ingenieria-acustica/info/88006/calendario-y-horarios/,Las actividades presenciales del MIA se imparten desde finales de Octubre a Junio ... Las actividades presenciales se desarrollan los Jueves y Viernes por la tarde,"60 ECTS (6 obligatorias, 3 optativas de 4, prácticas en empresa, TFM). Note the unusually LATE autumn start (end of October), which is worth knowing separately from the spring question. Admission is governed by the Distrito Único Andaluz, which sets one annual calendar for all Andalusian public universities — so the same NO answer propagates to UGR/UCA acoustics unless a title says otherwise.",NO,,path-A,1
Universidad de Murcia (Spain) — degree-awarding partner and Term 1 host; with Lund University (Sweden) and Friedrich-Alexander-Universität Erlangen-Nürnberg (Germany),MULTICOM — Erasmus Mundus Joint Master in Data Science of Human Multimodal Communication,AB | AA,NO,September (1 September),"FAQ: 'When do applications open, and when does the first cohort start? Applications are scheduled to open in fall 2025 and remain open until March 2026. The first edition starts 1 September 2026.' Programme page: 'TERM 1. Introduction to multimodal data science. September-December. University of Murcia, Spain'. FAQ also: 'over the four-year period of MULTICOM editions starting from September 2026 to September 2030'.",1,"None. One edition per year, September 2026 through September 2030 (four editions, 2026-2031). The Spanish leg is Term 1, i.e. Spain hosts the AUTUMN semester, not a spring one.",N/A — no spring intake,"máster universitario (Erasmus Mundus Joint Master; 'accredited in Spain, Sweden, and Germany'; 'The programme qualifies graduates for PhD eligibility')","NOT FOUND on the consortium site; not located in output/ruct-backbone.jsonl by these terms. Consortium states the joint degree is accredited in Spain — treat RUCT absence here as unverified, not as evidence against officiality.",presencial; 120 ECTS over four terms of 30 ECTS,"English ('The two-year, 120-ECTS programme is taught fully in English')","EUR 17,000 per year, EUR 34,000 full programme (consortium's own estimate; 'revised on a yearly basis'). Waived in full for Erasmus Mundus scholarship holders.",https://multicom-em.eu/how-to-apply,"How to Apply page (29 Aug 2026): 'Applications are currently closed and will reopen in fall 2026'. Costs page: 'All students will be spending Term 1 in Murcia, Spain (September-December), Term 2 in Lund, Sweden (January-June) ... and Term 3 in Erlangen, Germany (October-February).'","SEPTEMBER-2027 DEADLINE: NOT PUBLISHED. The site says only 'Applications are currently closed and will reopen in fall 2026'. The first-edition precedent was open fall 2025 to 15 March 2026, so expect an opening around October–November 2026 and a close around mid-March 2027 — PATTERN, NOT A PUBLISHED DATE; re-check from autumn 2026. FUNDING NOTE (carried, still true): '10-15 Erasmus Mundus scholarships are planned for each edition', covering participation costs plus a pro-rata EUR 1,400/month stipend, PLUS separate NDICI/IPA top-up scholarships reserved for targeted regions including Neighborhood South (1-2 full scholarships), the EU designation covering Tunisia — this is the one place in the whole EMJM set where Tunisian status carries a reserved quota. Also note the diversity cap: 'MULTICOM will not admit more than 6 candidates of the same nationality for any given edition'. PATH-FIT CAVEAT: admission criteria explicitly state MULTICOM 'is not designed to provide Humanities training on language, communication, and thought for technical or quantitative profiles', and 'training beyond the equivalent to two undergraduate courses will not be considered for applicant selection' on the quantitative axis — a pure Software Engineering profile is at a structural disadvantage here.",NO,,erasmus-mundus,1
Universidad de Murcia (UMU),INSTITUTION-WIDE calendar record — UMU másteres universitarios (in-scope: Tecnologías de Análisis de Datos Masivos/Big Data (interuniv. with USC); Inteligencia Artificial; Investigación Musical (with Conservatorio Superior de Música de Murcia); Nuevas Tecnologías en Informática),AA | AB | AC | B,NO,September,"Published 2026-2027 admission calendar: FASE I «Del 10 de marzo al 22 de abril»; FASE II «Del 1 al 30 de junio»; FASE EXTRAORDINARIA «Del 30 de julio al 3 de septiembre», which «only offers master's programmes that had vacant positions from previous phases» and serves applicants who will complete their undergraduate requirements by 1 March 2027.",1,none,n/a — no spring intake,máster universitario,n/a — institution-level calendar record,"presencial, Murcia",castellano,Región de Murcia public rates,https://www.um.es/web/estudios/admision/preinscripcion-master,«Fase Extraordinaria: del 30 de julio al 3 de septiembre» — open only for masters with places left vacant by the earlier phases,"⚠️ FASE EXTRAORDINARIA, EXCLUDED AS INSTRUCTED — this is the exact construct the slice asked me to distinguish from a spring intake, and UMU's own description settles it: the phase exists only to fill «vacantes» left by Fases I and II, and closes 3 September, immediately before the autumn term. Not a second cohort. One genuinely interesting detail that is NOT a spring start but is worth flagging: this phase admits applicants who will not finish their prior degree until 1 March 2027 — a deferred-completion allowance, still for the September 2026 cohort. Recorded NO.",NO,,public,1
Universidad de Salamanca (USAL),Máster de Formación Permanente en Business Analytics and Data Science (Virtual),X | AB,NO,October,«Fecha de inicio: 05/10/2026» — «12 meses: 05/10/2026 - 19/09/2027»,1,none,N/A,"título propio — «Máster de Formación Permanente», the RD 822/2021 name for a título propio. Not ANECA-verified, not in RUCT, no PhD access",,Virtual (online),«Idioma: Español»,"EUR 4,200 total (plus EUR 300 pre-registration fee) — 2026-27 edition",https://usal.es/master-en-business-analytics-and-data-science-online,Fecha de inicio: 05/10/2026. 12 meses: 05/10/2026 - 19/09/2027. 60 ECTS. Idioma: Español. … el segundo (50% restante) el 15 de febrero de 2027.,"TRAP CAUGHT — the clearest example in this sweep. A search summary reported «Universidad de Salamanca … The second enrollment payment is scheduled for February 15th, 2027», which reads like a February intake. On the primary page 15 February 2027 is the due date for the SECOND 50% TUITION INSTALMENT of a course that started 5 October 2026. Not a start date at all. Recorded NO. USAL is absent from the 93 institutions in output/programmes.jsonl.",NO,,national-sweep,1
Universidad de Sevilla (US),NEGATIVE FINDING — no Erasmus Mundus or international joint master in business analytics / AI / data science at Universidad de Sevilla,X | AA | AB,NO,N/A,N/A,N/A,N/A,N/A,N/A — programme does not exist,N/A,N/A,N/A,N/A,https://servicio.us.es/academica/titulos-conjuntos-internacionales,"US's own 'Títulos conjuntos internacionales' page lists exactly two international joint master's titles: 'Máster Universitario en Física Nuclear / Joint European Master Degree in Nuclear Physics' (with UCM, UB, Catania, Padova, Caen; 'a partir del curso 2024-25') and 'Máster Universitario en Energía, Transporte y Movilidad Eficientes y Sostenibles para Construir las Ciudades Inteligentes del Futuro' (with MCI Innsbruck and Université Côte d'Azur; 'a partir del curso 2025-26', Ulysseus alliance). Neither is in business, analytics, data science or AI.","THE 'SEVILLA BUSINESS-AI JOINT' NAMED IN THE SLICE BRIEF DOES NOT EXIST as an Erasmus Mundus or international joint master. Sevilla's Erasmus Mundus portfolio is imAGEin (Biology of Ageing; 2026-2028 applications 6 January – 6 March 2026) and Nuclear Physics — both outside the nine fields. Sevilla DOES run ordinary Spanish official masters in the fields (e.g. Lógica, Computación e Inteligencia Artificial; Ingeniería del Software: Cloud, Datos y Gestión TI) but those are single-university titles already covered elsewhere in this dataset and are not joint/EMJM. Recorded as a clean negative so the next pass does not re-check it.",NO,,erasmus-mundus,1
Universidad de Valladolid (UVa),Másteres universitarios oficiales — admisión extraordinaria de nuevo ingreso al segundo cuatrimestre (institution-wide mechanism),,NO — does not meet the brief's definition,"N/A — second-semester subject entry, not a cohort start","«Asimismo, podrán ser admitidos en este periodo estudiantes de nuevo ingreso en los másteres oficiales que tengan plazas vacantes.» / «Los Comités de título, siempre que el plan de estudios lo permita, podrán valorar las solicitudes de admisión de estos estudiantes y, en su caso, acordar su admisión al máster para cursar asignaturas del segundo cuatrimestre.» Dates: «Pendiente aprobación calendario académico oficial de la UVa».","1 cohort start (autumn), plus a discretionary second-semester entry route",autumn,NOT PUBLISHED — «Pendiente aprobación calendario académico oficial de la UVa»,máster universitario oficial,,,,,https://www.uva.es/export/sites/uva/2.estudios/2.04.master/2.03.03.matricula/,"Asimismo, podrán ser admitidos en este periodo estudiantes de nuevo ingreso en los másteres oficiales que tengan plazas vacantes. Los Comités de título, siempre que el plan de estudios lo permita, podrán valorar las solicitudes de admisión de estos estudiantes y, en su caso, acordar su admisión al máster para cursar asignaturas del segundo cuatrimestre.","EXPLICITLY EXCLUDED BY THE BRIEF: 'segundo cuatrimestre module entry that is not a real cohort start' does not count. UVa admits new entrants mid-year only where places are vacant, the plan de estudios permits it, and the Comité de título agrees — and they join second-semester SUBJECTS, not a February cohort. Recorded NO so the next pass does not re-open it. Worth knowing as a fallback route for a candidate already in Spain, but it is discretionary, undated, and cannot be planned around.",NO — DOES,,national-sweep,1
Universidad de Zaragoza (Unizar),INSTITUTION-WIDE calendar record — Unizar másteres universitarios (in-scope: Ingeniería Informática; Ingeniería de Telecomunicación; Física del Universo; Erasmus Mundus BDMA/DEAI Spanish partner at EINA),C | AA | AB | AC,NO,September,"Three admission phases for curso 2026-2027, published by Resolución in the Boletín Oficial de Aragón of 26 February 2026: FASE 1 «Applications: From 2 to 23 March 2026», final lists 17 April 2026, payment 20–27 April 2026; FASE 2 «Applications: From 11 to 26 June 2026», final lists 17 July; FASE 3 «Applications: from 24 to 31 August 2026», final lists 14 September 2026.",1,none,n/a — no spring intake,máster universitario,n/a — institution-level calendar record,"presencial, Zaragoza / Huesca / Teruel",mostly castellano,Aragón public rates,https://academico.unizar.es/en/en/grado-y-master/admission-stages-and-dates-2025-2026,«Phase 3: Applications from 24 to 31 August 2026 — Publication of final lists: 14 September 2026»,"Clean NO — and unusually well-anchored, because the admission calendar is fixed by a Resolución published in the Boletín Oficial de Aragón (BOA of 26 February 2026), so the university has no discretion to open a spring cohort outside it. Phase 3 closing 31 August with lists on 14 September is the last act of the cycle. Note the Erasmus Mundus BDMA/DEAI title registered at Unizar follows the consortium's own calendar, not this one, and was separately found to have no 2027 intake confirmed.",NO,,public,1
"Universidad de Zaragoza (UNIZAR), Escuela de Ingeniería y Arquitectura — Spanish partner; consortium coordinated by NOVA University Lisbon, with Università Cattolica del Sacro Cuore (Milan) and University of Galway",EMLDS / CLiDS — Máster Universitario Erasmus Mundus en Ciencia de Datos Lingüísticos / European Master in Linguistic Data Science,AB | AA,NO,September (autumn) — inferred from the '2027-2029' cohort designation and the autumn-school/induction-days structure. NOT confirmed from a primary page in this pass.,"NOT FOUND as an explicit start-date line — emlds.fcsh.unl.pt returned HTTP 502 to every request during this pass. Structure per the consortium description: 'induction days, three curricular semesters, an autumn school, one non-curricular semester, and a graduation closing session', and the cohort is designated '2027-2029'.",1,"None found. NUANCE: in mobility Paths 1 and 2 the Spanish leg (UNIZAR) is SEMESTER 2, i.e. the spring semester; entry is always Semester 1 at NOVA Lisbon, UNICATT Milan or Galway. A mobility leg, not an admission point. Recorded as NO.",N/A — no spring intake,"máster universitario (Erasmus Mundus Joint Master, official in Spain; estado 'Publicado en B.O.E.', active, verified 07/04/2025, 120 ECTS, complementos formativos = 0)",3500872,presencial; 120 ECTS over two years across two universities plus a rotating third semester,English,"EUR 18,000 for the full four-semester study period (payable in instalments); scholarship holders are exempt from tuition entirely.",https://emlds.fcsh.unl.pt/whentoapply/,"Consortium timeline page, as recorded in the earlier verified pass: for the '2027-2029 Cohort - EMJM Scholarship and Non-Scholarship Holders' it lists 'Call Opening - Date to be announced'; 'Call Closure - Date to be announced'; 'Final Results - Date to be announced'. 'For the 2027-2029 cohort, a total of 15 scholarships will be awarded.'","THE 2027-2029 COHORT IS CONFIRMED AND FUNDED — this is one of only two Spain-partnered EMJMs (with MAIA) whose September-2027 entry is affirmatively established. SEPTEMBER-2027 DEADLINE: NOT PUBLISHED — every date on the consortium timeline still reads 'Date to be announced'. There is NO separate scholarship round: one single call, and the top 15 ranked applicants receive the EMJM scholarships, so every applicant is automatically considered for funding. MONITOR https://emlds.fcsh.unl.pt/whentoapply/ FROM AUTUMN 2026. SOURCE ACCESS WARNING: emlds.fcsh.unl.pt returned HTTP 502 to WebFetch and curl on every attempt during this pass (29 Aug 2026), so the timeline wording above is carried from the earlier verified record and the '25 places / 15 scholarships' figure comes from a search index, not from the page. NEEDS A HUMAN to re-open the site when it is back up. CONFLICT CARRIED: the RUCT title still lists NUI Galway among the awarding partners while the consortium page names only NOVA, UNICATT and Zaragoza as degree-awarding — Galway does appear as a Semester-1 entry university in the published mobility paths, so the two may be reconcilable, but it is not resolved here.",NO,,erasmus-mundus,1
Universidad del País Vasco / Euskal Herriko Unibertsitatea (UPV/EHU),INSTITUTION-WIDE calendar record — UPV/EHU másteres universitarios (in-scope: Ingeniería Computacional y Sistemas Inteligentes; Ciencia de Datos; Ingeniería de Telecomunicación; Ingeniería Informática),C | AA | AB | AC,NO,September,"Three preinscripción periods for curso 2026/2027, all closing before the autumn: «Del 2 al 27 de marzo»; «Del 25 al 29 de mayo»; «Del 1 al 3 de julio», with «Primera reserva de plaza en mayo y matrícula en julio». Matrícula itself is split by semester for subjects: first-semester and annual subjects «del 3 al 22 de septiembre de 2026», second-semester subjects «del 26 de enero al 12 de febrero de 2027».",1,none,n/a — no spring intake,máster universitario,n/a — institution-level calendar record,"presencial, Bilbao / Donostia / Vitoria-Gasteiz",castellano / euskara; some titles in English,Basque Country public rates,https://www.ehu.eus/es/web/masterrak-eta-graduondokoak/masteres-universitarios/preinscripcion-y-matricula/preinscripcion-y-admision,"Preinscripción «Del 2 al 27 de marzo», «Del 25 al 29 de mayo», «Del 1 al 3 de julio» — «Primera reserva de plaza en mayo y matrícula en julio»","⚠️ ANOTHER SEMESTER-MATRÍCULA TRAP, EXCLUDED. UPV/EHU's matrícula calendar has a distinct February window («asignaturas del segundo semestre: del 26 de enero al 12 de febrero de 2027»), and it reads like a February entry. It is subject enrolment for the second semester by students already admitted in the single March–July admission cycle — the excluded case. All three admission periods close by 3 July, with matrícula in July; nothing admits anyone after that. Recorded NO.",NO,,public,1
Universidad del País Vasco / Euskal Herriko Unibertsitatea (UPV/EHU) — former Spanish partner; consortium coordinated by Universität des Saarlandes,LCT — Erasmus Mundus Master in Language and Communication Technologies,AA | AB,NO,September/October (autumn) — historical,'start in fall 2025' (the final cohort); autumn start.,0 — no further intakes,None. Programme discontinued.,N/A,DEAD ROUTE. The two earlier NLP joint titles in RUCT (3002937 and 4311353) are both TITULACIÓN EXTINGUIDA.,3002937 / 4311353 — both EXTINGUIDA,presencial,English,"Historical: EUR 8,500/yr non-European, EUR 4,250/yr European, with a limited number of partial fee waivers. No longer applicable.",https://lct-master.org/current_call_for_application/,"'there will be no further calls for applications' — the consortium states the programme will not continue in its current form due to lack of Erasmus Mundus funding, and directs prospective applicants to alternative master's programmes.","NO SEPTEMBER-2027 DEADLINE EXISTS. Re-confirmed 29 Aug 2026: the coordinator's own page still states there will be no further calls. CONTRADICTION CARRIED AND RESOLVED IN FAVOUR OF THE PRIMARY SOURCE: aggregator reporting has claimed the consortium would reapply for Erasmus Mundus funding with a possible 2027 resumption; the consortium's own page contradicts this. Do not plan around a 2027 LCT intake. UPV/EHU still hosts a stale programme page (https://www.ehu.eus/en/web/master/master-language-communication-technologies) — a human could ask UPV/EHU directly whether any Basque-side successor exists, but this is not funding.",NO,,erasmus-mundus,1
"Universidad Europea de Madrid (UEM) — private, campus Alcobendas",Máster en Inteligencia Artificial (Madrid). Sibling: Máster en Inteligencia Artificial Aplicada (Madrid presencial and online),AA,NO,October,"Título propio emitido por Universidad Europea de Madrid  Presencial  Clases en Español  Alcobendas  9 meses, 60 ECTS  Inicio: octubre 2026",1,"The sibling 'Máster en Inteligencia Artificial Aplicada' offers two delivery modes and BOTH start in October: 'Online Octubre 2026 | Madrid Presencial Octubre 2026' — two modalities, not two intake dates.",N/A — no spring intake,título propio — the page states verbatim 'Título propio emitido por Universidad Europea de Madrid'. No RUCT code; UEM's AI masters do not appear in the RUCT register under any AI title (checked output/ruct-backbone.jsonl).,,"Presencial (Alcobendas, Madrid); the Aplicada sibling also has an online mode",Español ('Clases en Español'),NOT FOUND (page advertises '-30% Descuento en reserva de plaza para el curso 26/27 ¡Solo hasta el 31 de agosto!'),https://universidadeuropea.com/master-inteligencia-artificial-madrid/,"Máster en Inteligencia Artificial en Madrid  Título propio emitido por Universidad Europea de Madrid  Presencial  Clases en Español  Alcobendas  9 meses, 60 ECTS  Inicio: octubre 2026","Two things worth carrying forward: (1) this is explicitly a título propio, stated by UEM itself — no PhD access; (2) the picker that looks like an intake selector ('Online Octubre 2026 / Madrid Presencial Octubre 2026') is a MODALITY selector — both options start October, so it is not a second cohort. UEM's official (RUCT) tech master in this space is the Big Data one, 4315398, which is path AB not AA.",NO,,path-AA,1
Universidad Europea de Madrid (Universidad Europea Business School / Escuela STEAM),Máster Universitario en Análisis de Datos Masivos (Big Data) — online,AB | X,"NO (per the university's own page) — aggregator claims April, unverified",October,"'Inicio: octubre 2026' — '10 meses, 60 ECTS'",1 published,"CONFLICT: mastermania.com lists 'Máster Universitario en Análisis de Datos Masivos (Big Data) Online, Abril 2027'. universidadeuropea.com shows only 'Inicio: octubre 2026' and mentions no second convocatoria anywhere on the page. Not recorded as a spring intake.",NOT FOUND (no spring intake confirmed),"máster universitario (OFFICIAL) — 'Máster en Big Data online (oficial) · Título oficial emitido por Universidad Europea de Madrid'; 'Este máster es oficial y está reconocido en el Espacio Europeo de Educación Superior (EEES)'. RUCT 4315398 (NOT 3500344 — that is Universidad Europea de VALENCIA's separate title), 'Publicado en B.O.E. (TITULACIÓN RENOVADA POR ACREDITACIÓN INSTITUCIONAL)', 60 ECTS, complementos formativos 0 in RUCT.",4315398,Online con clases en directo (exámenes y TFM online),'Clases en Español'; the plan de estudios lists every subject as 'Español (es)',NOT FOUND on the page (a '¡Desde un 30% de descuento!' banner is shown but no list price),https://universidadeuropea.com/master-big-data-online/,"'Máster en Big Data online (oficial) · Título oficial emitido por Universidad Europea de Madrid · Online con clases en directo · Clases en Español · Inicio: octubre 2026 · 10 meses, 60 ECTS'","IMPORTANT FOR THE 300-ECTS QUESTION: the page publishes an explicit complementos-formativos rule — 'Para los estudiantes que provienen de titulaciones oficiales del ámbito de Ciencia de datos; Informática y Computación y afines; o Ingeniería de Telecomunicación u otras titulaciones afines: No hay complementos formativos.' A Software Engineering degree falls in that group, so no bridging credits. Also includes 12 ECTS of prácticas académicas externas and AWS Academy access. The ruct_candidate_code trap flagged in the brief applies here and was avoided: 3500344 is Valencia's title, 4315398 is Madrid's.",NO (PER T,,business-schools,1
Universidad Europea de Valencia,"Máster Universitario en Análisis de Datos Masivos (Big Data) — Valencia, presencial",AB | X,NO,November (13 November 2026),"'Inicio: 13 nov. 2026' — '11 meses, 60 ECTS'",1 published,none published,N/A — no spring cohort,"máster universitario (OFFICIAL) — 'Título oficial emitido por Universidad Europea de Valencia'. RUCT 3500344, 'Publicado en B.O.E.'",3500344,"Presencial, Valencia",'Clases en Español',NOT FOUND,https://universidadeuropea.com/master-big-data-valencia/,"'Máster en Big Data Valencia · Título oficial emitido por Universidad Europea de Valencia · Presencial · Clases en Español · Valencia · 11 meses, 60 ECTS · Inicio: 13 nov. 2026'","A 13 November start is unusually late but is still the autumn cohort, not a spring one. Recorded chiefly to keep the Madrid/Valencia RUCT codes separated (4315398 vs 3500344) — the exact confusion the brief warns about.",NO,,business-schools,1
Universidad Internacional de La Rioja (UNIR),Máster Universitario en Desarrollo y Operaciones (DevOps),AC,NOT FOUND — CONFLICT in indexed evidence; see notes. Not recordable as YES on primary evidence.,"November (2 Nov 2026) per the indexed status bar. A March/April date is asserted by a second index pass and by UNIR's institution-level 'convocatoria primavera' marketing, but NOT confirmed on the programme page.","Search index of https://www.unir.net/ingenieria/master-devops/ returns the programme status bar as: 'Inicio 2 nov 2026 | Duración 1 curso | Créditos 60 ECTS | Modalidad Online interactivo | Exámenes Online y/o presenciales | Título Oficial'. A second index pass on the same page returned the sentence 'The current call starts on March 16, 2026'. The two cannot be reconciled from the index alone.","NOT FOUND for this title. UNIR institution-wide is documented in wave 1 as running staggered convocatorias with NO September intake; a UNIR 'convocatoria primavera 2026' is reported by third parties (mundoposgrado, federacionastronomica.es) but no UNIR page could be fetched to confirm a spring START for this master.",2 nov 2026 (indexed status bar),NOT FOUND,"máster universitario (OFFICIAL) — RUCT 4317664, estado 'Publicado en B.O.E. (TITULACIÓN RENOVADA POR ACREDITACIÓN INSTITUCIONAL)', Máster RD 822/2021, MECES 3, verificación 22/01/2021, BOE 27/07/2021 and 11/08/2021, centro: Escuela Superior de Ingeniería y Tecnología (26004007). The only official pure-DevOps master registered in Spain.",4317664,online ('Online interactivo'; exams 'Online y/o presenciales') — indexed status bar,NOT FOUND on a fetchable primary page (page 403s). UNIR ingeniería masters are taught in castellano; not verified here.,"NOT FOUND — per the shared brief, UNIR publishes no price for any master and any figure without a non-UNIR primary source is unsupported.",https://www.unir.net/ingenieria/master-devops/,'Inicio 2 nov 2026 | Duración 1 curso | Créditos 60 ECTS | Modalidad Online interactivo | Exámenes Online y/o presenciales | Título Oficial' (search-index rendering of the programme page status bar),"⛔ SOURCE PROVENANCE: source_access = 'search index — page returns 403 (Cloudflare), not directly fetched'. Verified this pass: www.unir.net, usa.unir.net, mexico.unir.net AND static.unir.net all return 403 to curl with a browser UA, and www.unir.net returns 403 to WebFetch. The one static.unir.net asset that did fetch (https://static.unir.net/documentos/Master-Devops-bloques-estudio.pdf) is a brochure for a DIFFERENT, older UNIR product — the título propio 'Máster en DevOps, Cloud Computing y Automatización de Producción de Software' (6-ECTS blocks: Cloud Computing/DevOps Culture, Administración de Sistemas para la Cloud, Fundamentos de Redes para Cloud, Gestión de Proyectos, Herramientas DevOps) — and carries NO dates. Do not confuse the two products. ECTS 60 (48 obligatorios + 12 TFM, 0 optativos, 0 prácticas) is PRIMARY-SOURCED from the RUCT detail page, not from the index. Complementos formativos: NOT PUBLISHED IN RUCT. ⚠️ NEEDS A HUMAN TO OPEN https://www.unir.net/ingenieria/master-devops/ IN A NORMAL BROWSER and read the 'Inicio' field — this is the single highest-value unresolved question in path AC, because if UNIR's DevOps master does run a spring convocatoria it is the only OFFICIAL pure-DevOps spring start in Spain.",NOT FOUND,,path-AC,1
Universidad Internacional de Valencia / Universitat Internacional Valenciana (VIU),Máster Universitario en Inteligencia de Negocio (marketed as Máster en Business Intelligence),X | AB,NO,October,Descargas › Calendarios académicos lists only: «Convocatoria octubre 26/27 — Calendario M. Business Int. Octubre 26 · Convocatoria octubre 25/26 — Calendario M. Business Int. Octubre 25»,1,none — no April convocatoria calendar exists for this title,N/A — no spring intake exists,"CONFLICT — the page body says «El Máster Universitario en Inteligencia de Negocio (BI) es un programa oficial», and prior sweep records RUCT 3500467, but the Descargas block labels the competency document «Competencias - MFP Business Intelligence» (MFP = Máster de Formación Permanente, i.e. título propio). Logged, not resolved — outside this spring-focused slice.",3500467 (per earlier sweep; see CONFLICT above),online,Español,NOT FOUND (page advertises 9% descuento en docencia hasta el 28/08/2026 + 10% pago al contado / 5% en dos plazos),https://www.universidadviu.com/es/master-business-intelligence,Calendarios académicos — Convocatoria octubre 26/27 · Calendario M. Business Int. Octubre 26 | Convocatoria octubre 25/26 · Calendario M. Business Int. Octubre 25,"DECISIVE NEGATIVE, and a clean one: VIU uses an identical calendar-download block on every master page, so the presence of exactly two October calendars and no April calendar — against Big Data's four — is direct evidence that VIU's dual intake is per-title, not institution-wide. Do not generalise VIU's April intake across its catalogue.",NO,,privates,1
Universidad Internacional de Valencia / Universitat Internacional Valenciana (VIU),Máster de Formación Permanente en Data Analytics (marketed as «Máster en Business Analytics»),X | AB,NO,October,"Hero: «PLAZAS LIMITADAS | Oct. 2026 | 60 ECTS | Propio | Online». Calendarios académicos: «Convocatoria octubre 26/27 — Calendario Business Analytics Octubre 26 · Convocatoria octubre 25/26 — Calendario BUsiness Analytics Octubre 25» (sic, VIU's own typo)",1,none — no April calendar published,N/A — no spring intake exists,"título propio — hero prints «Propio», and the competency document is labelled «Competencias MFP Data Analytics» (Máster de Formación Permanente). NOT in RUCT. NO PhD access.",,Online,Spanish (page in Spanish; not stated verbatim in hero),NOT FOUND,https://www.universidadviu.com/es/master-data-analytics,Calendarios académicos — Convocatoria octubre 26/27 · Calendario Business Analytics Octubre 26 | Convocatoria octubre 25/26 · Calendario BUsiness Analytics Octubre 25,"Checked because VIU's Big Data master has an April intake. This one does not — and it is also a título propio, so it is doubly weak for this candidate. Reinforces that VIU's dual intake is per-title.",NO,,privates,1
Universidad Nacional de Educación a Distancia (UNED),"Másteres universitarios oficiales — «segundo período de matrícula» (institution-wide mechanism, not a single programme)",,NOT FOUND,NOT FOUND,"AMBIGUOUS — «Del 1 de febrero al 10 de marzo de 2027 se abrirá un segundo período de matrícula para aquellos másteres que opten por abrir este nuevo plazo.» The page adds «Esta información se recogerá en las páginas web de las Facultades/Escuelas/Instituto responsables de esas titulaciones» and never states whether classes then START, nor whether new entrants are eligible.",NOT FOUND for the nine fields,October (UNED's standard start),"Second matrícula window 1 February – 10 March 2027, for whichever masters opt in (which ones is not published centrally)",máster universitario oficial,,a distancia,Spanish,NOT FOUND,https://www.uned.es/universidad/inicio/en/estudios/masteres/informacion-general/admision-matricula.html,Del 1 de febrero al 10 de marzo de 2027 se abrirá un segundo período de matrícula para aquellos másteres que opten por abrir este nuevo plazo. Esta información se recogerá en las páginas web de las Facultades/Escuelas/Instituto responsables de esas titulaciones.,"RECORDED NOT FOUND WITH THE AMBIGUITY QUOTED, exactly as the brief instructs. This is a matrícula (enrolment) window, and the page does not say whether it opens a February cohort start or merely a second enrolment opportunity within a course already running. Separately CORROBORATED that UNED does run at least one genuine February cohort: a search result reported the UNED Máster en Formación del Profesorado with starts «2 de octubre de 2026 y 17 de febrero de 2027» — but that title is OUTSIDE the nine fields, and the date was not confirmed on uned.es in this sweep, so it is context only, not a record. ACTION FOR A HUMAN: ask UNED which másteres in AI/data science/telecoms opt into the February window, since the centre pages hold the answer and the central page does not.",NOT FOUND,,national-sweep,1
Universidad Nacional de Educación a Distancia (UNED),Máster Universitario en Ingeniería y Ciencia de Datos,AB | AA,NO,"October (1 October, single annual start)",'Curso académico: Del 1 de octubre de 2026 al 30 de septiembre de 2027.' / 'Apertura de Tutorías en Centros Asociados: 1 de octubre de 2026.',1 (one admission round per academic year; a second MATRÍCULA period exists but is not an admission round),"Extraordinary preinscripción 1–10 September 2026, but only for titles that did not fill their places in the ordinary round — a top-up to the SAME October cohort, not a second cohort.","N/A — no spring cohort exists. (For reference, the 2026-27 new-student preinscripción for this specific title closed 2 June 2026, earlier than the general 10 July deadline.)",máster universitario (OFFICIAL) — 'Publicado en B.O.E.',4316950,online / a distancia,castellano (UNED teaches in Spanish; not separately re-verified in this pass — see notes),"EUR 1,884 total (31,40 €/ECTS × 60 ECTS, first enrolment) — 2026-27 rates, Orden CNU/573/2026 de 4 de junio (BOE-A-2026-12413), Anexo II.2, rama Ingeniería y Arquitectura. NO non-EU surcharge: the same order states 'Los precios públicos aplicables serán los mismos independientemente de la nacionalidad'. Cheapest official option in this sweep.",https://www.uned.es/universidad/inicio/estudios/masteres/master-universitario-en-ingenieria-y-ciencia-de-datos,"Calendario Académico-Administrativo Curso 2026/2027, Vicerrectorado de Ordenación Académica. §I: 'INICIO Y CIERRE DEL CURSO — Curso académico: Del 1 de octubre de 2026 al 30 de septiembre de 2027.' §2.1.2 a) 'Estudiantes NUEVOS en el Máster — Los estudiantes que quieran iniciar un estudio de Máster en la UNED disponen de un plazo ordinario de preinscripción va del 17 de mayo al 10 de julio de 2026. No obstante, este plazo finalizará el día 2 de junio de 2026, para los siguientes Másteres Universitarios: ... Ingeniería y Ciencia de Datos ... Investigación en Inteligencia Artificial ...' 'Los títulos de Máster que no completen las plazas ofertadas en el plazo ordinario de preinscripción podrán abrir un plazo extraordinario de preinscripción del 1 al 10 de septiembre de 2026.' §2.2 Matrícula: 'Plazo general de solicitud de matrícula de estudiantes: del 1 de julio al 21 de octubre de 2026. ... Del 1 de febrero al 10 de marzo de 2027 se abrirá un segundo período de matrícula para aquellos másteres que opten por abrir este nuevo plazo. Esta información se recogerá en las páginas web de las Facultades, Escuelas e Institutos responsables de las titulaciones.' Contrast with §1 GRADO, which DOES have a second admission round: '1.1. Admisión — Del 15 junio al 21 de octubre de 2026, para el primer plazo de matriculación y del 20 de enero al 10 de marzo de 2027, para el segundo.'","VERDICT: NO genuine spring cohort start. This is precisely the trap the brief warns about. UNED does publish a February window — 'Del 1 de febrero al 10 de marzo de 2027 se abrirá un segundo período de matrícula' — but it is a MATRÍCULA (subject-enrolment) window, not an ADMISIÓN window. Admission of NEW master students happens once per year only: ordinary preinscripción 17 May–10 July 2026 (closing early on 2 June 2026 for this title), plus a fill-the-gaps extraordinary round 1–10 September 2026 for titles that did not fill. There is no February preinscripción for masters anywhere in the 2026/27 calendar. The decisive internal contrast is that the SAME document gives grados a real second admission round ('del 20 de enero al 10 de marzo de 2027, para el segundo') and deliberately does NOT give masters one — only a second matrícula period. The academic year itself is single-start: 'Curso académico: Del 1 de octubre de 2026 al 30 de septiembre de 2027.' Practical consequence for the candidate: UNED cannot bring a start forward to spring; the September/October 2027 intake would be applied for around May–July 2027 with the 2027-28 calendar (not yet published as at 2026-08-29).",NO,,online,1
Universidad Nacional de Educación a Distancia (UNED),Máster Universitario en Investigación en Inteligencia Artificial,AA,NO,"October (1 October, single annual start)",'Curso académico: Del 1 de octubre de 2026 al 30 de septiembre de 2027.',1,Extraordinary preinscripción 1–10 September 2026 only if places remain — same October cohort.,"N/A — no spring cohort. This title is one of the named masters whose 2026-27 new-student preinscripción closed early, on 2 June 2026.",máster universitario (OFFICIAL),NOT VERIFIED IN THIS PASS,online / a distancia,castellano (not separately re-verified in this pass),"NOT VERIFIED for this title. UNED's 2026-27 public price order sets ~31,40 €/ECTS for first enrolment in the Ingeniería y Arquitectura rama with no nationality-based surcharge; the exact row for this title was not read in this pass.",https://www.uned.es/universidad/inicio/estudios/masteres.html,"Calendario Académico-Administrativo Curso 2026/2027, Vicerrectorado de Ordenación Académica. §I: 'INICIO Y CIERRE DEL CURSO — Curso académico: Del 1 de octubre de 2026 al 30 de septiembre de 2027.' §2.1.2 a) 'Estudiantes NUEVOS en el Máster — Los estudiantes que quieran iniciar un estudio de Máster en la UNED disponen de un plazo ordinario de preinscripción va del 17 de mayo al 10 de julio de 2026. No obstante, este plazo finalizará el día 2 de junio de 2026, para los siguientes Másteres Universitarios: ... Ingeniería y Ciencia de Datos ... Investigación en Inteligencia Artificial ...' 'Los títulos de Máster que no completen las plazas ofertadas en el plazo ordinario de preinscripción podrán abrir un plazo extraordinario de preinscripción del 1 al 10 de septiembre de 2026.' §2.2 Matrícula: 'Plazo general de solicitud de matrícula de estudiantes: del 1 de julio al 21 de octubre de 2026. ... Del 1 de febrero al 10 de marzo de 2027 se abrirá un segundo período de matrícula para aquellos másteres que opten por abrir este nuevo plazo. Esta información se recogerá en las páginas web de las Facultades, Escuelas e Institutos responsables de las titulaciones.' Contrast with §1 GRADO, which DOES have a second admission round: '1.1. Admisión — Del 15 junio al 21 de octubre de 2026, para el primer plazo de matriculación y del 20 de enero al 10 de marzo de 2027, para el segundo.'","VERDICT: NO genuine spring cohort start. This is precisely the trap the brief warns about. UNED does publish a February window — 'Del 1 de febrero al 10 de marzo de 2027 se abrirá un segundo período de matrícula' — but it is a MATRÍCULA (subject-enrolment) window, not an ADMISIÓN window. Admission of NEW master students happens once per year only: ordinary preinscripción 17 May–10 July 2026 (closing early on 2 June 2026 for this title), plus a fill-the-gaps extraordinary round 1–10 September 2026 for titles that did not fill. There is no February preinscripción for masters anywhere in the 2026/27 calendar. The decisive internal contrast is that the SAME document gives grados a real second admission round ('del 20 de enero al 10 de marzo de 2027, para el segundo') and deliberately does NOT give masters one — only a second matrícula period. The academic year itself is single-start: 'Curso académico: Del 1 de octubre de 2026 al 30 de septiembre de 2027.' Practical consequence for the candidate: UNED cannot bring a start forward to spring; the September/October 2027 intake would be applied for around May–July 2027 with the 2027-28 calendar (not yet published as at 2026-08-29). This title appears by name in the calendar's early-closing list ('Investigación en Inteligencia Artificial'), which confirms it uses the standard single annual admission cycle.",NO,,online,1
Universidad Nacional de Educación a Distancia (UNED),"INSTITUTION-WIDE calendar record — UNED másteres universitarios oficiales (in-scope: Ingeniería y Ciencia de Datos; Investigación en Ingeniería de Software y Sistemas Informáticos; Ingeniería de Sistemas y Control; Comunicación, Redes y Gestión de Contenidos)",AA | AB | AC | C,"NO (qualified — see notes; a deferred February FIRST enrolment exists, but there is no February admission cycle)",October (ordinary); a first enrolment may be deferred to February by an already-admitted student,"Admission (preinscripción) for new students: «17 de mayo al 10 de julio de 2026», plus an extraordinary period «1 al 10 de septiembre de 2026» for masters with remaining vacancies. On February: «Del 1 de febrero al 10 de marzo de 2027 se abrirá un segundo período de matrícula para aquellos másteres que opten por abrir este nuevo plazo.» The governing rule, verbatim from UNED's Instrucciones de matrícula para másteres oficiales, §III «SEGUNDO PERÍODO DE MATRÍCULA: FEBRERO-MARZO», III.2 REQUISITOS: «Siempre y cuando el estudiante haya sido admitido en el proceso de preinscripción del curso 2025/2026, durante el período de matrícula de febrero podrán matricularse: • Estudiantes no matriculados en la UNED en el primer período de matrícula, pero que fueron admitidos en la preinscripción del curso 2025/2026. • Estudiantes que quieran ampliar su matrícula... • Los estudiantes admitidos en la preinscripción que... les resten un máximo de dos asignaturas del 2º cuatrimestre...»",1 admission cycle; 2 matrícula windows,n/a,There is none. To enrol in February 2027 a student must ALREADY have been admitted in the ordinary preinscripción of 17 May – 10 July 2026 (or the extraordinary 1–10 September 2026). No February application route exists.,máster universitario,n/a — institution-level calendar record,"online / a distancia, with Centros Asociados",castellano,UNED state-set rates; not re-derived here,https://www.uned.es/universidad/inicio/en/estudios/masteres/informacion-general/admision-matricula.html,"«Siempre y cuando el estudiante haya sido admitido en el proceso de preinscripción del curso 2025/2026, durante el período de matrícula de febrero podrán matricularse: • Estudiantes no matriculados en la UNED en el primer período de matrícula, pero que fueron admitidos en la preinscripción...»","★ THE MOST SUBTLE CASE IN THIS SLICE — and the answer is a qualified NO, which is worth more than a careless YES. UNED genuinely lets a student who has never enrolled begin in February: bullet one of III.2 covers exactly the person «no matriculado en la UNED en el primer período de matrícula». That is a real February start of study. But it is NOT a spring INTAKE, because entry is gated on having been ADMITTED in the ordinary preinscripción months earlier (May–July 2026), and UNED opens no February preinscripción at all. So the February window is a deferred matrícula for the autumn-admitted, not a second cohort with its own application — it fails the brief's test («an application window that merely opens in spring» does not count; nor does a matrícula window with no admission behind it). PRACTICAL CONSEQUENCE FOR THE CANDIDATE, which is the useful part: a February 2027 UNED start is reachable ONLY by applying in the May–July 2026 round — which has already passed at the time of writing (August 2026), though the extraordinary 1–10 September 2026 window may still be open. For a February 2028 start the application round would be May–July 2027. Additional caveat: teaching is in castellano and modality is distance learning, which weakens the non-EU student-visa case. Also note §III.3: UNED publishes the list of masters opening the second window only shortly before it opens, so no in-scope title can be confirmed in advance.",NO (QUALI,,public,1
Universidad Politécnica de Madrid (UPM),INSTITUTION-WIDE calendar record — UPM másteres universitarios (in-scope titles: Ciencia de Datos; Aprendizaje Automático y Datos Masivos; Ingeniería Acústica; Software de Sistemas Distribuidos y Empotrados; Inteligencia Artificial),A | C | AA | AB | AC,"YES (structurally available, per-programme, not guaranteed)",February (segundo cuatrimestre; UPM's 2026-27 academic calendar places the second semester start at 1 February 2027),"UPM's own master's calendar page, verbatim: «Nota: Existen dos periodos de preinscripción diferentes, el primero (que se abre en enero 2026) para toda la oferta formativa, y el segundo (a partir de octubre 2026) para aquellos programas que dispongan de plazas vacantes y su estructura académica les permita comenzar su impartición en el segundo cuatrimestre. Si su titulación no pertenece al Espacio Europeo de Educación Superior (EEES) o reside fuera de la Unión Europea se recomienda realizar la preinscripción durante el primer periodo para poder tramitar la documentación académica requerida y gestionar el Visado correspondiente.» The first period's own heading is «PRIMER PERIODO DE PREINSCRIPCIÓN (Las clases comienzan en septiembre 2026)».",2 (but the second is conditional and offered only by some programmes),"September — first period, ordinary convocatorias 26 enero–12 marzo 2026, 13 marzo–12 mayo 2026, 13 mayo–1 julio 2026, plus convocatoria extraordinaria 31 agosto–4 septiembre 2026",Second preinscripción period opens October 2026; closing date NOT PUBLISHED at access date. The list of which programmes open it is not published until the period opens.,máster universitario,n/a — institution-level calendar record,"presencial, Madrid",mostly castellano; some titles English or bilingual — verify per title,Madrid public rates (Comunidad de Madrid decreto de precios públicos); not re-derived here,https://www.upm.es/Estudiantes/Estudios_Titulaciones/Estudios_Master/Calendario,«el segundo (a partir de octubre 2026) para aquellos programas que dispongan de plazas vacantes y su estructura académica les permita comenzar su impartición en el segundo cuatrimestre»,"★ THE STRONGEST PUBLIC-UNIVERSITY SPRING FINDING, and it needs reading carefully. This is NOT a convocatoria extraordinaria topping up the autumn cohort — UPM runs that separately (31 August–4 September 2026) inside the FIRST period. The second period is a distinct preinscripción cycle opening in October, and the operative phrase is «comenzar su IMPARTICIÓN en el segundo cuatrimestre» — begin TEACHING in the second semester. That is a cohort start, which is what the brief asks for. THREE HONEST CAVEATS, all material: (1) it is CONDITIONAL — only programmes with «plazas vacantes» AND whose «estructura académica les permita» it; the list is published when the period opens, so no in-scope UPM title can be confirmed as offering it today. (2) UPM itself steers this candidate AWAY from it: it explicitly advises applicants with non-EEES degrees or resident outside the EU to use the FIRST period «para poder tramitar la documentación académica requerida y gestionar el Visado» — a Tunisian applicant is squarely in that warning, and the visa timeline is the binding constraint, not the academic one. (3) An October-opening application for a February start leaves a very short visa runway. ACTION FOR A HUMAN: from October 2026, check UPM's second-period programme list for Ciencia de Datos / Aprendizaje Automático y Datos Masivos / Ingeniería Acústica.",YES (STRU,,public,1
"Universidad Politécnica de Madrid (UPM) — ETS de Ingeniería y Sistemas de Telecomunicación (ETSIST), Campus Sur",Máster Universitario en Ingeniería Acústica,A | C,NO,September,(Los plazos de preinscripción se sitúan alrededor de febrero a junio de cada año para cada curso académico. El periodo lectivo comienza en septiembre).,1 cohort per year. FOUR preinscripción rounds for 2026/2027 — 26 enero a 12 marzo 2026 / 13 marzo a 12 mayo 2026 / 13 mayo a 1 julio 2026 / 31 agosto a 4 septiembre 2026 (plazo extraordinario solo si plazas disponibles) — all four admit into the same September start.,none,N/A — no spring cohort,máster universitario (official) — listed under 'MÁSTERES OFICIALES Y DOCTORADO' on ETSIST,4315387,"presencial (Campus Sur, Madrid)","NOT FOUND on the ETSIST programme page (Spanish is implied by the whole site being in Spanish, but no explicit 'idioma de impartición' statement was located — do not infer)",NOT FOUND on this page,https://www.etsist.upm.es/estudios-ingenieria-sistemas-telecomunicaciones-madrid/masters-ingenieria-madrid/master_ingenieria_acustica,PREINSCRIPCIONES curso 2026/2027: 26 enero a 12 marzo 2026 | 13 marzo a 12 mayo 2026 | 13 mayo a 1 julio 2026 | 31 agosto a 4 septiembre 2026 (plazo extraordinario solo si plazas disponibles). (Los plazos de preinscripción se sitúan alrededor de febrero a junio de cada año para cada curso académico. El periodo lectivo comienza en septiembre).,"60 ECTS, 1 año de duración ('los objetivos específicos que se desarrollarán en el Máster, de 60 ECTS (1 año de duración)'). This is the clearest published statement in the whole slice that multiple convocatorias do NOT mean multiple starts: UPM prints four application rounds and then says in the same breath that teaching begins in September. It also qualifies the institution-wide 'UPM February second-semester' note recorded elsewhere in this sweep — the second cuatrimestre exists in the calendar, but there is no February admission for this title. Note also ETSIST hosts the doctoral programme 'Música y su Ciencia y Tecnología (DMCT)', relevant to path A at PhD level.",NO,,path-A,1
"Universidad Politécnica de Madrid (UPM), ETS de Ingenieros Informáticos — Spanish node of the EIT Digital Master School (network of ~20 European technical universities; entry/exit model)",EIT Digital Master School — Máster Universitario en Innovación Digital / Digital Innovation (UPM leg; specialisations incl. Data Science and Human-Computer Interaction & Design),AA | AB | AC,NO,September (early September),UPM (fi.upm.es programme page): programme start 'Early September'. EIT Digital Master School admissions page: 'The application for the 2027/28 intake will open in Fall 2026.' EIT Digital FAQ: 'Is it possible to defer the study offer and start my studies next year instead? No.',1,"None. The three application PERIODS (Oct–Feb, Feb–Apr, Apr–Jun) are rounds feeding a single September start — exactly the trap the brief warns about. No January/February/spring start exists.",N/A — no spring intake,"máster universitario (official; RUCT confirmed by direct ruct.py query, estado 'Publicado en B.O.E. (TITULACIÓN RENOVADA POR ACREDITACIÓN INSTITUCIONAL)')",4316689,"presencial; two years, 120 ECTS, one year at an entry university and one at an exit university in two different European countries",English (UPM page: 'English'),NOT FOUND for the 2027/28 cycle on the pages read (masterschool.eitdigital.eu/admissions/fees not fetched). Non-EU students pay a higher band than EU/EEA in the EIT Digital fee tables generally — verify before relying on any figure.,https://masterschool.eitdigital.eu/admissions,"EIT Digital Master School, Admission Criteria page, 2026/27 cycle: 'Period one 31 October – 11 February. Period 1 is primarily aimed at non-EU citizens who need to apply for a residence permit for studies. Application opens 31 October 2025 00:01 CET. Deadline to submit and pay the application fee 11 February 2026 23:59 CET. Study offers issued 31 March 2026.' … 'Period two 11 February – 15 April' … 'Period three 16 April – 1 June' … 'Application Period 3 is now closed. The application for the 2027/28 intake will open in Fall 2026.'","SEPTEMBER-2027 DEADLINE: not yet published — the site states only that the 2027/28 application opens in Fall 2026. The published 2026/27 precedent for the round a Tunisian applicant must use (Period 1, the only one designed for non-EU applicants needing a residence permit) is 31 October – 11 February. EXPECT ~31 October 2026 – ~11 February 2027; TREAT AS PATTERN, NOT A PUBLISHED DATE, and re-check from October 2026. UPM's own page confirms admission is run by EIT Digital, not the UPM calendar ('approximately November to April'), so the normal Spanish preinscripción calendar does NOT apply. CAUTION on the money: EIT Digital is NOT an Erasmus Mundus Joint Master and does NOT carry the EMJM EUR 1,400/month stipend; its scholarships are its own and smaller. Entry bar is 180 ECTS — a 300-ECTS degree clears it ('Applicants following longer technical programmes and who have completed courses equivalent to an amount of 180 ECTS will be considered on a case-by-case basis'). Separately checked and excluded: EIT Digital's new 'Master of Business Excellence' has NO Spanish node (Aalto year 1 + Seton Hall USA year 2) and also starts in September ('Accepted students will need to start the programme in person on 21 September 2026').",NO,,erasmus-mundus,1
"Universidad Pontificia Comillas (ICAI-ICADE), Madrid",Máster Universitario en Big Data. Tecnología y Analítica Avanzada (MBD),AB | X,NO,September (1 September 2026 for the current edition),'01/09/2026' — '1 año (60 ECTS)',1,none,N/A — no spring cohort. Admission calendar for the next cycle not yet published: 'Nuevas convocatorias próximamente',"máster universitario (OFFICIAL) — RUCT 3500319, 'Publicado en B.O.E. (TITULACIÓN RENOVADA POR ACREDITACIÓN INSTITUCIONAL)', Máster RD 822/2021, MECES 3, verificación 05/06/2024, BOE 05/09/2024 and 27/05/2025. 60 ECTS (54 obligatorios + 6 TFM).",3500319,"Presencial, Madrid, full-time, 40 plazas","'Inglés, Español' (both) — flag: partly Spanish, verify per-course before relying on English","EUR 15,301.80 total ('Total 15.301,80€' = matrícula inicial 2.073,00€ + 8 mensualidades de 1.653,60€), rates as published for the edition starting 01/09/2026",https://www.comillas.edu/postgrados/master-universitario-en-big-data/,"'01/09/2026'; '1 año (60 ECTS)'; '40' plazas; 'Nuevas convocatorias próximamente'; 'Inglés, Español'; 'Total 15.301,80€'","Official, September-only. 'Convocatorias' here means admission rounds (currently 'próximamente'), NOT extra cohort starts — the start date field is a single date. Paid internships count as the TFM.",NO,,business-schools,1
"Universidad Pontificia Comillas (ICAI-ICADE), Madrid",Máster Universitario en Inteligencia Artificial,AA,NO,September (1 September 2026),"'01/09/2026' — '1,5 años (90 ECTS)'",1,none,N/A — no spring cohort; 'Nuevas convocatorias próximamente',"máster universitario (OFFICIAL) — RUCT 3500778, 'Publicado en B.O.E. (TITULACIÓN RENOVADA POR ACREDITACIÓN INSTITUCIONAL)', Máster RD 822/2021, MECES 3, verificación 26/05/2025, BOE 03/07/2025 and 25/05/2026. 90 ECTS (60 obligatorios + 18 optativos + 12 TFM).",3500778,"Presencial, Madrid, 45 plazas, 1.5 years",'Español' — Spanish only,"EUR 26,357.40 total for the 90-ECTS programme (rates as published for the edition starting 01/09/2026)",https://www.comillas.edu/postgrados/master-universitario-en-inteligencia-artificial/,"'01/09/2026'; '1,5 años (90 ECTS)'; '45' plazas; 'Español'; '26.357,40€'; 'Nuevas convocatorias próximamente'",Official and September-only. 90 ECTS over 1.5 years means a September 2027 start would finish in early 2029. Spanish-only — a hard blocker for this candidate at A0/A1.,NO,,business-schools,1
"Universidad Rey Juan Carlos (URJC), Madrid","INSTITUTION-WIDE calendar record — URJC másteres universitarios (in-scope: Visión Artificial, Ciencia de Datos, Ingeniería Informática, Ciberseguridad)",AA | AB | AC,NO,September/October,"URJC's Escuela de Másteres Oficiales admission page publishes, for curso 2026/2027: «LISTADO DE MÁSTER OFERTADOS EN EL PERIODO EXTRAORDINARIO (del 24 de agosto al 2 de septiembre de 2026)». Historic ordinary first round for comparison, as printed on the same page: «Autopreinscripción másteres universitarios 2021/2022 (Primer plazo. Del 15 de febrero al 24 de marzo de 2021)». The page also refers to «el segundo plazo ordinario» whose waiting list «comenzará una vez terminado el plazo de matrícula».",1,"none — ordinary first and second plazos plus a periodo extraordinario, all one cycle",n/a — no spring intake,máster universitario,n/a — institution-level calendar record,"presencial / semipresencial / online depending on title, Madrid",mostly castellano; URJC requires DELE B2 Spanish from non-Spanish speakers for Spanish-taught masters («será necesario que justifiquen documentalmente su nivel de lengua española... Certificado de Lengua Española B2 – DELE Intermedio o equivalente»),"Madrid public rates; URJC publishes a distinct «Estudiantes extracomunitarios, no residentes» rate of 84,07 EUR/credit vs 45,02 first enrolment (per AGENT-BRIEF)",https://www.urjc.es/estudiar-en-la-urjc/admision/274-master,«LISTADO DE MÁSTER OFERTADOS EN EL PERIODO EXTRAORDINARIO (del 24 de agosto al 2 de septiembre de 2026)»,"★ THIS IS THE EXACT CASE THE SLICE BRIEF ASKED ME TO DISTINGUISH, so state it plainly: URJC runs a PERIODO EXTRAORDINARIO, and it is NOT a spring intake. It runs 24 August – 2 September 2026 and exists to top up the SAME autumn cohort days before term begins — a late-admission window, not a second start. Equally, the ordinary first plazo has historically run mid-February to late March; that is an APPLICATION window for the following autumn, not a February start. Both patterns are excluded by the brief and are recorded here as NO. Fetched with a browser User-Agent via curl per the AGENT-BRIEF correction — urjc.es is NOT blocked, it serves a 202 shell to naive clients then 200 with a UA. Separate but decisive practical filter for this candidate: URJC demands DELE B2 Spanish for Spanish-taught masters, and the candidate is A0/A1.",NO,,public,1
Universidade da Coruña (UDC),"INSTITUTION-WIDE calendar record — UDC mestrados universitarios (in-scope: Computación de Altas Prestacións (coordinating, with USC/CESGA); Ciencia e Enxeñaría de Datos; Enxeñaría Informática)",AA | AB | AC,NO,September,"Three admission periods for curso 2026-2027, all autumn-facing: «Prazo Anticipado» (applications limited to 50% of available places), «Prazo Ordinario», «Prazo Extraordinario», plus a «Procedemento específico para o Master de Profesorado». For applicants who did not use the early period, preinscripción runs 11 June – 13 July, with first enrolment 31 July – 4 August; a further window 24 August – 6 September covers applicants with up to 9 ECTS of TFG outstanding. UDC states «Os prazos de preinscrición e matricula rematan ás 23:59 horas do último día do prazo establecido».",1,none,n/a — no spring intake,máster universitario,n/a — institution-level calendar record,"presencial, A Coruña / Ferrol",castellano / galego; the High Performance Computing master is English-taught,Galician public rates,https://www.udc.gal/en/futuros_estudantes/masteres/prazos-e-datas-de-admision/,"Three periods only — Anticipado, Ordinario, Extraordinario — with the last enrolment window running 24 August – 6 September; no February or second-semester intake appears anywhere on the page","Clean NO. UDC's «Prazo Anticipado» is a first-half-of-year application window capped at 50% of places, again an application round for the autumn cohort, not a start. Relevant to the interuniversity Computación de Altas Prestacións title co-awarded with USC: both awarding universities are September-only, so that title has no spring route.",NO,,public,1
Universidade de Santiago de Compostela (USC),INSTITUTION-WIDE calendar record — USC mestrados universitarios (in-scope: Tecnoloxías de Análise de Datos Masivos/Big Data (interuniv. with UMU); Intelixencia Artificial; Computación de Altas Prestacións (with UDC/CESGA)),AA | AB | AC,NO,September,"USC news item: «O período de admisión en mestrado universitario permanecerá aberto do 7 de xuño ao 17 de xullo», covering 72 programmes. USC additionally runs an early admission call for students from outside the EHEA for curso 2026-2027, applications 18 February – 10 March 2026 through the Secretaría Virtual.",1,none,n/a — no spring intake,máster universitario,n/a — institution-level calendar record,"presencial, Santiago de Compostela / Lugo",castellano / galego; some English,Galician public rates,https://www.usc.gal/gl/xornal/novas/periodo-admision-mestrado-universitario-permanecera-aberto-7-xuno-17-xullo,«O período de admisión en mestrado universitario permanecerá aberto do 7 de xuño ao 17 de xullo»,"Single autumn cycle. NOTE THE FEBRUARY ITEM AND WHY IT IS NOT A SPRING INTAKE: USC's early call for non-EHEA applicants runs 18 February – 10 March 2026, and it is an APPLICATION window for the following September — the excluded case, and structurally identical to Andalucía's Fase 1. Its practical value for this candidate is real but it is a visa-runway advantage, not an earlier start: a Tunisian applicant with a non-EHEA degree gets a February application slot for a September start.",NO,,public,1
Universidade de Vigo — Centro de Postgrao e Formación Permanente,Especialista en Industria Musical,P,NO,"December (2023 edition — page appears stale, no current edition advertised)",12 de diciembre de 2023,NOT FOUND,NOT FOUND,N/A,"título propio (Especialista, not a máster)",,Presencial,Gallego 50% y castellano 50%,"EUR 1,440 general public (EUR 1,296 UVigo Alumni; EUR 1,224 UVigo community / unemployed) — 2023-24 edition rates",https://cpfp.uvigo.gal/es/estudios/titulos-propios/id1090-1/,'12 de diciembre de 2023' · '30.0 ECTS' · 'Gallego 50% e castelán 50%',"Out of scope on two counts: it is a 30-ECTS Especialista rather than a master, and the only edition on the page is 2023-24 with a December start. Taught half in Galician. Recorded so a later pass does not re-check it.",NO,,path-P,1
Universidade de Vigo (UVigo),INSTITUTION-WIDE calendar record — UVigo mestrados universitarios (in-scope: Enxeñaría de Telecomunicación; Intelixencia Artificial; Ciberseguridade),C | AA | AC,NO,September,"Two pre-enrolment windows for curso 2026-2027: first «From June 22 to July 6, 2026», with an extraordinary deadline for non-EHEA graduates «from March 11 to April 8, 2026»; second «From August 20 to 25». The page is headed «Start of studies: pre-enrolment and enrolment 2026/2027».",1,none,n/a — no spring intake,máster universitario,n/a — institution-level calendar record,"presencial, Vigo / Ourense / Pontevedra",castellano / galego,Galician public rates,https://www.uvigo.gal/en/study/students-management/registration/masters-degree-enrolment,"«From June 22 to July 6, 2026» (first period) and «From August 20 to 25» (second period) — the second period opening only if places remain unfilled","Clean NO; the whole Galician public system (USC, UDC, UVigo) is September-only, checked university by university rather than assumed from one calendar. As at USC, the notable feature for this candidate is the dedicated early window for non-EHEA graduates (11 March – 8 April 2026) — an application advantage, not an earlier start.",NO,,public,1
Universitat Autònoma de Barcelona (UAB),INSTITUTION-WIDE calendar record — UAB másteres oficiales (calendar sampled on a representative title; UAB publishes one common preinscripción calendar),AA | AB | AC | C,NO,"September/October (autumn) — the page itself does not print an inicio de clases date, recorded as NOT STATED on that page rather than inferred as fact","«El periodo de preinscripción estará abierto desde el día 12 de enero hasta el 29 de julio y del 1 septiembre hasta el 5 de octubre de 2026» — SEVEN sequential admission deadlines (1º 12 ene–10 feb; 2º 11 feb–12 mar; 3º 13 mar–22 abr; 4º 23 abr–21 may; 5º 22 may–25 jun; 6º 26 jun–29 jul; 7º 1 sep–5 oct 2026, «Resolución: semanalmente hasta cubrir plazas»), all within the single curso 2026-27 admission cycle.","1 cohort, admitted through 7 application rounds",none,n/a — no spring intake,máster universitario,n/a — institution-level calendar record,"presencial, Bellaterra",varies by title,"Catalan public rates, Decret 96/2026",https://www.uab.cat/web/estudiar/la-oferta-de-masteres-oficiales/admision/calendario/investigacion-en-educacion-1345655940238.html,«2º plazo: 11 de febrero – 12 de marzo de 2026 | Resolución: 25 de marzo de 2026»,"⚠️ TEXTBOOK CASE OF THE TRAP. UAB's '2º plazo' runs 11 February–12 March, and a careless read makes that a 'February intake'. It is an APPLICATION ROUND. All seven plazos sit inside one preinscripción period (12 January – 5 October 2026) that resolves into a single curso 2026-27 cohort; the final round resolves 'weekly until places are filled', which only makes sense for one start. Recorded NO. Honest gap: this calendar page does not print the teaching start date, so 'September' is the UAB norm rather than a quoted fact — but the absence of any second cohort is directly evidenced.",NO,,public,1
Universitat Autònoma de Barcelona (UAB) — Escola Universitària de Turisme i Direcció Hotelera / Facultat d'Economia i Empresa,Máster Universitario en Dirección y Organización de Turismo de Eventos / Direcció i Organització de Turisme d'Esdeveniments,S,NO,October,"UAB official-master fact sheet, verbatim fields: «Inicio de clases: 07/10/2026 · Fin de clases: 12/05/2027 · Plazas: 35 · Horarios: Tarde». A single annual cohort; no February, January or April start is offered.",1,none,"N/A — no spring intake. ⚠️ TRAP AVOIDED: UAB's preinscription OPENS on «12/01/2026» (12 January) and the fact sheet shows «Estado de la preinscripción: Abierta». That is a JANUARY APPLICATION WINDOW for an OCTOBER START — explicitly excluded by the SPRING-BRIEF, and exactly the pattern that gets miscounted as a spring intake.","MÁSTER UNIVERSITARIO (OFFICIAL) — RUCT 4313799, «Máster Universitario en Dirección y Organización de Turismo de Eventos por la Universidad Autónoma de Barcelona», estado «Publicado en B.O.E. (TITULACIÓN RENOVADA)». Listed by UAB under «la oferta de másteres oficiales». Unusual for this field: most events masters in Spain are títulos propios.",4313799,Presencial,«Castellano (70%) e inglés (30%)» — verbatim from the UAB fact sheet. Predominantly Spanish; the English share is a minority of teaching.,"EUR 7,980 for the full 60 ECTS — computed from the UAB fact sheet's «Comunitarios: 133 €/crédito, incluye tasas y seguro escolar. Extracomunitarios: 133 €/crédito, incluye tasas y seguro escolar» (133 x 60 = 7,980). Arithmetic shown per brief rule. Rates as published on the page on 2026-08-29 for the 2026-27 cohort.",https://www.uab.cat/web/estudiar/la-oferta-de-masteres-oficiales/informacion-general/direccion-y-organizacion-de-turismo-de-eventos-1096480309770.html,Inicio de clases 07/10/2026 — Fin de clases 12/05/2027 — Inicio de la preinscripción 12/01/2026 — Estado de la preinscripción: Abierta,"NOTABLE SECONDARY FINDING for the wider dataset: UAB prints the SAME per-credit price for «Comunitarios» and «Extracomunitarios» (133 €/crédito each) on this title — i.e. NO non-EU surcharge on this programme, contrary to the pattern at several other Catalan and Madrid publics. Worth carrying into the main record. On the spring question the answer is a clean NO.",NO,,path-S,1
Universitat de Barcelona (UB),"INSTITUTION-WIDE calendar record — covers all UB màsters universitaris oficials (in-scope: Fonaments de la Ciència de Dades, Intel·ligència Artificial (interuniv. UPC/UB/URV), Enginyeria Informàtica, Astrofísica/Física instrumentation tracks)",AA | AB | AC | C,NO,September (teaching begins 14 September 2026),"UB Calendari marc 2026-2027, §1: «Primer semestre — Docència: Inici: 14 de setembre de 2026; Final: 29 de gener 2027». «Segon semestre — Docència: Inici: De l'1 al 8 de febrer de 2027; Final: 30 de juny de 2027». §2 Calendari de matriculació distinguishes «Matrícula anual i matrícula del primer semestre» (Matrícula juliol: del 10 al 24 de juliol de 2026; Matrícula setembre/octubre: de l'1 de setembre al 23 d'octubre de 2026) from «Ampliació de la matrícula i matrícula del segon semestre — Matrícula febrer: De l'1 al 19 de febrer de 2027».",1,"none — the February window is an ampliació (extension) of an existing enrolment, not a new cohort",n/a — no spring intake,máster universitario,n/a — institution-level calendar record,"presencial, Barcelona",varies by title,"Catalan public rates, Decret 96/2026",https://www.ub.edu/acad/noracad/calendarimarc2627.pdf,«Ampliació de la matrícula i matrícula del segon semestre — Matrícula febrer: De l'1 al 19 de febrer de 2027»,"⚠️ THE DECISIVE READING, AND IT IS A TRAP THE BRIEF NAMED. UB does have a February matrícula window, and search results describe 'masters with semester-based enrolment have a second preregistration period in February'. But the framework calendar approved by UB's Consell de Govern (10 December 2025) titles that window «AMPLIACIÓ de la matrícula i matrícula del segon semestre» — extension of enrolment / second-semester subject enrolment. The only footnote about NEW-access students under the February heading concerns «alumnes de GRAU de nou accés» whose dates await the Oficina d'Accés — there is no master new-cohort provision. So February at UB is second-semester module entry by students already admitted, exactly the case the brief excludes. Separately, UB opened preinscripció for curso 2026-2027 on 15 January 2026 — an APPLICATION opening in winter for an autumn start, also excluded. Recorded NO with high confidence.",NO,,public,1
Universitat de Girona (UdG) — COORDINATOR; with University of Bourgogne Europe (France) and Università degli Studi di Cassino e del Lazio Meridionale (Italy),MAIA — Erasmus Mundus Joint Master in Medical Imaging and Applications,AA,NO,September 2027,"'Following a comprehensive renewal of the curriculum, the MAIA consortium has been awarded Erasmus Mundus funding for 2027-2029 edition. The new programme is expected to welcome its new cohort in September 2027.'",1,None. Note the gap: 'We regret to inform you that the 2026-2028 edition of the Erasmus Mundus MAIA Master's program will not be offered.' There is no 2026 cohort at all — the next entry point is September 2027.,N/A — no spring intake,"máster universitario (Erasmus Mundus Joint Master, official in Spain)",4315815,presencial; 120 ECTS over 2 years,"English (English proficiency required; documents accepted in English, Spanish or Catalan)","EUR 6,500/yr non-EU vs EUR 4,500/yr EU on the prior edition = EUR 13,000 non-EU over the programme (a EUR 4,000 non-EU penalty if unfunded). NOTE: the 2027-2029 curriculum has been comprehensively renewed and fees are not yet republished — treat the prior figures as stale.",https://maiamaster.udg.edu/admission/,"'Even More Important Information for Edition 2027 — Following a comprehensive renewal of the curriculum, the MAIA consortium has been awarded Erasmus Mundus funding for 2027-2029 edition. The new programme is expected to welcome its new cohort in September 2027. Application details will be published on this website. Please, check back regularly for updates and important dates (tentatively, the call for Erasmus Mundus grants will be open from November 2026 to February 2027, self-funded applications will have time until May 2027).' The dated deadline table below it is still blank: 'Application for Erasmus+ Grants deadline: – ; Course Starting: – ; Application is closed'.","MATERIAL CHANGE SINCE THE EARLIER PASS — supersedes the previous 'Open soon!, no dates' record. MAIA has SKIPPED the 2026-2028 edition entirely and has been AWARDED fresh Erasmus Mundus funding for a 2027-2029 edition entering September 2027, i.e. exactly this candidate's target intake, with EMJM money confirmed rather than in doubt. SEPTEMBER-2027 DEADLINE: the consortium publishes a TENTATIVE window — Erasmus Mundus grant call open NOVEMBER 2026 to FEBRUARY 2027, self-funded until MAY 2027. The consortium's own word is 'tentatively' and the dated table is still empty, so this is a stated intention, not a fixed date; re-check from November 2026. Applicants selected by the consortium must then also complete UdG pre-registration and obtain a Spanish grade-equivalence document from the Ministerio de Educación. PATH FIT REMAINS POOR for this candidate: medical image analysis, no audio/music/acoustics content (AA only). Also note the entry-route wording: the UdG one-year 60-ECTS medical-image master is offered as the alternative for '4-years bachelor' holders with a strong computer-technology background.",NO,,erasmus-mundus,1
Universitat de Girona (UdG) — COORDINATOR; with University of Zagreb FER (Croatia) and Eötvös Loránd University ELTE (Hungary),IFRoS — Erasmus Mundus Joint Master in Intelligent Field Robotic Systems,AA,NO,September,"'Course Starting: September, 2026'",1,None. No January or February start is offered. Cohorts are labelled by two-year span (2026-2028).,N/A — no spring intake,"máster universitario (Erasmus Mundus Joint Master, official in Spain)",4317866,"presencial; 120 ECTS, four semesters of 30 ECTS",English,"NOT FOUND for the 2027 cycle. For 2026-2028 the consortium advertised 14 'Excellence Grants' that are TUITION REDUCTIONS ONLY with no living stipend (non-EU: EUR 14,500 reduction, requiring a EUR 500 mandatory contribution to accept) — i.e. no EMJM monthly stipend for that cohort.",https://ifrosmaster.org/ifros-applicants,"'Application deadline for Consortium Grants: 26th April, 2026'; 'Application deadline for self-funded students: 14th june, 2026'; 'Course Starting: September, 2026'.","SEPTEMBER-2027 DEADLINE: NOT FOUND, and the prior question — whether a September 2027 entry exists at all — is STILL UNRESOLVED. The site publishes only the 2026-2028 cohort; the two-year cohort labelling is consistent with biennial recruitment, which would put the next entry at September 2028, not 2027. NOT CONFIRMED either way — a human must ask the consortium (UdG coordinates). FUNDING CAVEAT, unchanged: for 2026-2028 IFRoS offered consortium Excellence Grants (tuition reduction only, no EUR 1,400/month stipend) rather than full EMJM scholarships, so the headline 'fully funded including stipend' premise does NOT currently hold for this programme. PATH FIT POOR: field robotics, AA only, no audio content.",NO,,erasmus-mundus,1
Universitat de València (Estudi General) (UV),INSTITUTION-WIDE calendar record — UV màsters universitaris oficials (in-scope: Ciencia de Datos; Inteligencia Artificial; Ingeniería de Telecomunicación; Física; Contenidos y Formatos Audiovisuales),C | AA | AB | P,NO,September,"Three phases for curso 2026-2027, all resolving into one autumn cohort: FASE 1 (completed studies only) «From 30 March to 21 April 2026 at 23:59 h», results 15 May (postponed to 18 May), enrolment «13-16 July»; FASE 2 (completed or pending studies) «From 25 May to 16 June 2026 at 14.00 p.m.», results 10 July, enrolment «13 to 16 July»; FASE EXTRAORDINARIA (remaining vacancies only) «From 22 to 31 July and from 24 August to 2 September 2026», results «16 September (12:00 p.m.)», enrolment «17 - 21 September».",1,none,n/a — no spring intake,máster universitario,n/a — institution-level calendar record,"presencial, València",mostly castellano/valencià,Comunitat Valenciana public rates,https://www.uv.es/uvweb/college/en/postgraduate-courses/official-master-s-degrees/pre-enrolment-/-admission/instructions-1285846650865.html,«Extraordinary Phase (Remaining Vacancies Only): From 22 to 31 July and from 24 August to 2 September 2026 — results 16 September — enrolment 17-21 September»,"The FASE EXTRAORDINARIA is the case the slice brief asked me to distinguish, and it is clearly NOT a spring start: it opens only «for remaining vacancies», runs late July to early September and enrols students 17–21 September, i.e. into the autumn cohort already forming. All three phases terminate in September; nothing in the calendar continues past it. Recorded NO. Honest gap: the page itself never states the teaching start month, so 'September' here rests on the enrolment window closing 21 September rather than on a quoted inicio date.",NO,,public,1
Universitat Internacional Valenciana / Universidad Internacional de Valencia (VIU),Máster en Inteligencia de Negocio / Business Intelligence (page https://www.universidadviu.com/es/master-business-intelligence),X | AB,NO,October only,"Programme page, 'Calendarios académicos': 'Convocatoria octubre 26/27 — Calendario M. Business Int. Octubre 26 | Convocatoria octubre 25/26 — Calendario M. Business Int. Octubre 25'. Only OCTOBER convocatorias are listed — no April calendar, unlike VIU's Big Data and AI masters.",1 (October),none published,N/A — no spring intake,"CONFLICT — output/verified.jsonl records this URL against RUCT 3500467 'Máster Universitario en Inteligencia de Negocio', but the live page's own competency download is labelled 'Competencias - MFP Business Intelligence' (MFP = Máster de Formación Permanente, i.e. título propio). Not resolved here.",3500467 (per output/verified.jsonl; see CONFLICT above),100% online,NOT VERIFIED in this pass,NOT FOUND,https://www.universidadviu.com/es/master-business-intelligence,'Calendarios académicos Convocatoria octubre 26/27 Calendario M. Business Int. Octubre 26 Convocatoria octubre 25/26 Calendario M. Business Int. Octubre 25',"Recorded as a NEGATIVE result so the next pass does not re-check it. Important nuance: VIU's April/October double intake is PER PROGRAMME, not institution-wide — the Big Data and AI masters have April cohorts and this one does not.",NO,,from-dataset,1
"Universitat Jaume I (UJI), Castelló — Spanish partner; consortium coordinated by Université de Toulon (France), with NTNU (Norway) and Instituto Superior Técnico Universidade de Lisboa (Portugal)",MIR — Erasmus Mundus Joint Master in Marine and Maritime Intelligent Robotics,AA,NO,September,Admission requirements page: applicants must hold their first degree 'at the beginning of the programme/time of registering to the programme (September)'.,1,None found. No January or February start is mentioned anywhere on the site.,N/A — no spring intake,"máster universitario (Erasmus Mundus Joint Master, official in Spain)",4317521,presencial; 120 ECTS over 2 years,English,NOT PUBLISHED as a total. The site states Partner Country (non-EU) self-funded students pay double the Programme Country rate — a Tunisian self-funder pays exactly twice what an EU student pays.,https://www.master-mir.eu/admission-requirements/,"'at the beginning of the programme/time of registering to the programme (September)'. The only campaign referenced on the site is a 'self-financed students recruitment campaign opening on May 8, 2025' for 'the 2025/2026 academic year, starting in September 2025'.","SEPTEMBER-2027 DEADLINE: NOT FOUND. No 2027 calendar is published and there is no confirmation that Erasmus Mundus scholarship rounds return; the most recent campaign visible is self-financed only. The /apply/ page returns HTTP 404. A human must contact the MIR Coordination Office (via Toulon, the coordinator) to establish whether a September 2027 entry exists and whether it carries EMJM scholarships. FEE WARNING carried: this is the clearest case in the set where Partner Country status cuts AGAINST the candidate on price. PATH FIT POOR: marine/maritime robotics, AA only.",NO,,erasmus-mundus,1
Universitat Oberta de Catalunya (UOC),"Máster Universitario en Comunicación Corporativa, Protocolo y Eventos",S | P,NOT FOUND,October 2026,Inicio — 14 oct 2026,UOC institutionally offers 2 windows; this programme's page currently advertises only the October start,"Autumn: 14 oct 2026, 'Inscripción abierta: últimos días' as of 2026-08-29",N/A — no spring start published for this title,"máster universitario (OFFICIAL) — 'Titulación oficial. Esta titulación ha sido verificada por el Consejo de Universidades, y su implantación ha sido autorizada por la Generalitat de Cataluña'; AQU-accredited",4315872,100% Online,"'Idiomas: Español, Catalán' — 'El mismo programa se ofrece en las dos lenguas en aulas diferentes'. NO English option.","EU: 'Tu máster, por menos de 2.900 €' (25,82 €/cr). NON-EU: 4.330 € full-time 1 year / 4.840 € part-time 2 years, '** Matrícula estimada para 60 créditos ECTS, sin aplicar descuentos, recargos ni ajustes adicionales.' (rates displayed 2026-08-29)",https://www.uoc.edu/es/estudios/masters/master-universitario-comunicacion-corporativa-protocolo-eventos,Header: 'Inicio | 14 oct 2026 | 100% Online | 60 Créditos ECTS'. Banner: 'Inscripción abierta: últimos días'. The page carries the same generic matriculation block as the Data Science page — 'Matriculación a partir de abril — Para los másters que inician docencia en los meses de septiembre y octubre / Matriculación a partir de octubre — Para los másters que inician docencia en los meses de febrero y marzo' — but gives NO February date for this title.,"Recorded as NOT FOUND rather than NO. The 'Inicio' field names only the very next start, and because enrolment for 14 oct 2026 is still open the field cannot tell us whether a February 2027 cohort also runs for this title. The generic two-window block is boilerplate present on every UOC master page and is NOT evidence that THIS title starts in February — the brief's rule against inferring a spring start from a spring application window applies. A human should confirm with UOC admissions. For this candidate the title is in any case a poor fit on language (Spanish/Catalan only) and on 'complementos': 'a los estudiantes que no tengan el perfil de ingreso recomendado ... deberán cursar obligatoriamente 6 créditos de complementos formativos' — a software engineer is outside the recommended ciencias sociales profile, so +6 ECTS applies.",NOT FOUND,,online,1
Universitat Oberta de Catalunya (UOC),Máster Universitario en Análisis y Visualización de Datos Aplicados,AB | X,NOT FOUND,October 2026,Inicio — 14 oct 2026,NOT FOUND for this title (UOC institutionally runs 2 windows),"Autumn: 14 oct 2026, banner 'Inscripción abierta: últimos días' as of 2026-08-29",NOT FOUND,"máster universitario (OFFICIAL) — presented on uoc.edu as 'una alternativa oficial'; not present in output/ruct-backbone.jsonl (recent title), RUCT code NOT FOUND on the page",NOT FOUND,100% Online,"'Idiomas: Español, Catalán'","NOT CAPTURED (same Generalitat-regulated UOC tariff applies: 25,82 €/cr EU; non-EU 4.330 €/1 yr)",https://www.uoc.edu/es/estudios/masters/master-universitario-analisi-visualizacion-datos-aplicados,"Header: 'Inicio | 14 oct 2026 | 100% Online | 60 Créditos ECTS | Idiomas: Español, Catalán'. Banner: 'Inscripción abierta: últimos días'.","UOC's own signposted alternative for applicants whose background is business/social-science rather than technical ('gracias a unos complementos de formación hechos a medida' — quoted from the Ciencia de Datos page). Only the October start is advertised; no February date published, so NOT FOUND, not NO.",NOT FOUND,,online,1
Universitat Oberta de Catalunya (UOC),Máster Universitario en Ingeniería Informática,AC,NOT FOUND,September 2026,Inicio — 23 sept 2026,NOT FOUND for this title,Autumn: 23 sept 2026,NOT FOUND,máster universitario (OFFICIAL),"4312666 (also legacy 3500127) — from output/ruct-backbone.jsonl, 'Publicado en B.O.E.'",100% Online,"'Idiomas: Español, Catalán' — 'El mismo programa se ofrece en las dos lenguas en aulas diferentes'",NOT CAPTURED (90 ECTS at the UOC tariff),https://www.uoc.edu/es/estudios/masters/master-universitario-ingenieria-informatica,"Header: 'Inicio | 23 sept 2026 | 100% Online | 90 Créditos ECTS | Idiomas: Español, Catalán'","90 ECTS, not 60. Only a September start is advertised. Included as an AC (software/systems) candidate for completeness.",NOT FOUND,,online,1
Universitat Oberta de Catalunya (UOC),Máster de Formación Permanente en Inteligencia de Negocio y Big Data,AB | X,NOT FOUND,October 2026,Inicio — 14 oct 2026,NOT FOUND,Autumn: 14 oct 2026,NOT FOUND,"título propio — 'Máster de Formación Permanente' is the post-RD 822/2021 legal name for a título propio. NOT official, NO PhD access.",,100% Online,"'Idiomas: Español' (Spanish only — no Catalan, no English)",NOT CAPTURED,https://www.uoc.edu/es/estudios/masters/master-formacion-permanente-inteligencia-negocio-big-data,Header: 'Inicio | 14 oct 2026 | 100% Online | 60 Créditos ECTS | Idiomas: Español',Flagged título propio. Only an October start published.,NOT FOUND,,online,1
"Universitat Politècnica de Catalunya (UPC BarcelonaTech), Facultat d'Informàtica de Barcelona — Spanish partner of the DEAI consortium (coordinator Université Libre de Bruxelles; also TU Wien, Université Claude Bernard Lyon 1, Università degli Studi di Padova). Successor to BDMA.",DEAI — Erasmus Mundus Joint Master in Data Engineering and Artificial Intelligence,AB | AA | AC,NO,September,"UPC official master's page: 'Duration and start date — 2 academic years, 120 ECTS credits. Starting September'. 'Timetable and delivery: Face-to-face'. 'Language of instruction: English'. 'New intake places 35'. 'Pre-enrolment for this master's degree is currently closed.'",1,"None found. NUANCE, per the brief's third test: the consortium's own description places semester 1 at ULB Brussels and semester 2 at UPC, so the UPC leg falls in the SPRING semester — but that is a mobility leg, not an entry point. Recorded as NO.",N/A — no spring intake,"UNKNOWN in the Spanish register. Direct ruct.py queries ('data engineering', 'ingenieria de datos') return NO row for DEAI, confirming the brief's note that the successor has no Spanish RUCT row. UPC nevertheless lists it in its official master's catalogue with 35 new intake places. Predecessor BDMA holds RUCT 4317908 (active) and 4317203 (TITULACIÓN A EXTINGUIR). Treat DEAI's Spanish official status as NOT YET ESTABLISHED — a human must confirm the RUCT registration before relying on PhD access or public-scholarship eligibility in Spain.","NOT FOUND (queried directly, 29 Aug 2026)",presencial / face-to-face; 120 ECTS over 2 academic years,English (UPC official page),"NOT FOUND from a directly readable source — deai.ulb.be was unreachable throughout this pass. Erasmus Mundus grant holders receive full participation-cost exemption plus a monthly allowance of up to EUR 1,400 for two years.",https://www.upc.edu/en/masters/erasmus-mundus-data-engineering-and-artificial-intelligence-deai,BDMA consortium announcement: 'the Erasmus Mundus Joint Master's Degree in Data Engineering and Artificial Intelligence (DEAI) has been selected for funding by the European Commission under the Erasmus+ Programme. Applications for the 2026-2028 intake will open in October.' DEAI online application portal (deai.ulb.ac.be) currently reads: 'self-funded candidates only. Scholarship grants will not be awarded; you must benefit from an external scholarship or fund your studies yourself.',"UPC IS STILL A PARTNER — confirmed on UPC's own domain, which is the point the brief asked to establish. SEPTEMBER-2027 DEADLINE: NOT ESTABLISHED, and there is a prior question — it is NOT CONFIRMED that a 2027-2029 cohort exists at all. The only cohort named anywhere is '2026-2028'. Published 2026-2028 precedent (search index, deai.ulb.be unreachable): grant/scholarship round 21 October 2025 – 13 January 2026; self-funded strict deadline 30 April 2026 (non-EU) and 30 June 2026 (EU). If DEAI recruits annually like BDMA did, expect a scholarship round opening ~late October 2026 and closing ~mid-January 2027 — PATTERN ONLY. SOURCE ACCESS WARNING: deai.ulb.be returned HTTP 503 to WebFetch and an SSL chain failure to curl on every attempt (its admission, how-to-join and academic-calendar pages could not be read); the deadline figures above come from a search index, NOT from the page. NEEDS A HUMAN to open https://deai.ulb.be/home/students/admission/ in a normal browser, and to confirm with UPC whether a 2027 entry exists and what its Spanish registration is.",NO,,erasmus-mundus,1
"Universitat Politècnica de Catalunya (UPC BarcelonaTech) — Spanish node of the CoDaS consortium (coordinator Aalto University, Finland; also Grenoble INP-UGA, Instituto Superior Técnico Lisboa, TU Braunschweig)",CoDaS — Erasmus Mundus Joint Master in Communications Engineering and Data Science,C | AB | AA,NO,September/October (autumn),"Application timeline heading: ""Studies begin in Autumn 2027"" — exact start depends on each Home University's semester schedule",1,"None. No January, February or spring start is offered.",N/A — no spring intake,"máster universitario (Erasmus Mundus Joint Master, official in Spain)",3500616,"presencial (two years, one year at each of two partner universities)",English,"EUR 8,000 per academic year programme fee = EUR 16,000 for 120 ECTS; waived in full for Erasmus Mundus scholarship holders",https://www.unite-codas-master.eu/admission.html,"Application form opens 1 December 2026 at 9.00 (9 am, GMT +2); Application form closes 5 January 2027 at 15.00 (3 pm, GMT +2); document submission deadline 12 January 2027 at 15.00; admission results End of March 2027; studies begin Autumn 2027.","SEPTEMBER-2027 DEADLINE IS PUBLISHED AND HARD: applications 1 Dec 2026 – 5 Jan 2027, documents by 12 Jan 2027. This is the earliest confirmed hard deadline for a Sept-2027 start among the Spain-partnered EMJMs. Pre-enrolment goes through Aalto (coordinator), NOT UPC — UPC's own page reading 'pre-enrolment closed' between rounds is normal and is not evidence the programme is shut. EMJM scholarship = fee waiver (EUR 16,000) + EUR 1,400/month up to 24 months (EUR 33,600). Clean negative on the spring question.",NO,,erasmus-mundus,1
"Universitat Politècnica de Catalunya (UPC BarcelonaTech) — Spanish partner; consortium coordinated by ULB Brussels, with TU Eindhoven, CentraleSupélec and Università degli Studi di Padova",BDMA — Máster Universitario Erasmus Mundus en Gestión y Análisis de Datos Masivos / Big Data Management and Analytics,AB | X,NO,September,September (autumn) — historical. BDMA ran annual September cohorts; the final one is the 2024-2026 promotion.,0 going forward — superseded,None,N/A,"máster universitario (Erasmus Mundus Joint Master). RUCT 4317908 active ('Publicado en B.O.E.'); an older edition, 4317203, is 'TITULACIÓN A EXTINGUIR'.",4317908,presencial; 120 ECTS,English,"EUR 18,000 self-funded (historical). No longer relevant.",https://bdma.ulb.ac.be/deai-new-erasmus-mundus-joint-masters-degree/,"UPC/DTAK: the 2024-2026 edition 'marks the second-to-last cohort under the BDMA program structure, which will finish with the 2024-2026 promotion after 9 years'; 'the consortium is now launching a new and enhanced master's program: DEAI – Data Engineering and Artificial Intelligence.' ULB: 'the Erasmus Mundus Joint Master's Degree in Data Engineering and Artificial Intelligence (DEAI) has been selected for funding by the European Commission under the Erasmus+ Programme.'","CARRIED FINDING, NOT RE-DERIVED — BDMA HAS TRANSITIONED TO DEAI. Recorded here only so the next pass does not chase BDMA as a live route: the EC funding for BDMA has ended, the final cohort is 2024-2026, and there is NO September-2027 BDMA intake. The successor with UPC still in it is DEAI — see the separate DEAI record in this file, including the finding that DEAI has no Spanish RUCT row. NO SEPTEMBER-2027 BDMA DEADLINE EXISTS. Aggregator reporting of a 'May 2027 self-funded deadline' for BDMA is unverified and should not be acted on.",NO,,erasmus-mundus,1
Universitat Politècnica de Catalunya (UPC) — Escola Tècnica Superior d'Enginyeria Industrial de Barcelona (ETSEIB),"Màster Universitari en Enginyeria Industrial (MUEI) — OUT OF SCOPE field-wise, recorded as calendar evidence",,YES (but out of scope),February,"ETSEIB notice headed ""Oberta la preinscripció al Màster Universitari en Enginyeria Industrial (MUEI) - Curs 25-26 Q2 - inici febrer 2026""; pre-enrolment ""Del 6 d'octubre al 7 de desembre de 2025""; classes begin 12 February 2026; online matrícula 11 February 2026",2,September (ETSEIB runs a separate 'Preinscripció Màsters setembre' page),7 December 2025 (for the February 2026 start) — i.e. roughly a 2-month window closing ~2 months before the start,máster universitario,NOT CHECKED — out of scope field,"presencial, Barcelona",NOT CHECKED,NOT CHECKED,https://etseib.upc.edu/ca/curs-actual/tramits/preinscripcio-masters-febrer,"""Curs 25-26 Q2 - inici febrer 2026""; pre-enrolment ""Del 6 d'octubre al 7 de desembre de 2025""","Recorded because it PROVES the mechanism rather than the programme: UPC schools maintain two parallel, separately-dated pre-enrolment pages ('Preinscripció Màsters febrer' and 'Preinscripció Màsters setembre'), which is institutional proof that a February new-student cohort is a real and routine UPC construct, not a mis-read. MUEI itself is industrial engineering and matches none of the nine path codes. Its value here is corroborating the EETAC findings and giving the shape of a UPC spring deadline (~7 December for a ~12 February start).",YES (BUT ,,public,1
Universitat Politècnica de Catalunya (UPC) — Facultat d'Informàtica de Barcelona (FIB),"Màster Universitari en Innovació i Recerca en Informàtica (MIRI) — specialitats Computació Avançada, Gràfics i Realitat Virtual, Xarxes de Computadors i Sistemes Distribuïts, Computació d'Altes Prestacions; AND Màster Universitari en Enginyeria Informàtica (MEI)",AC | AA,"YES (documented for the 2023-24 cycle) — CURRENT-CYCLE STATUS NOT FOUND, see notes",February (quadrimestre de primavera),"«Oberta la preinscripció als Màsters oficials organitzats per la Facultat d'Informàtica de Barcelona (FIB), per començar al quadrimestre de primavera del curs 2023-2024 (febrer de 2024).» — «La preinscripció als Màsters oficials es tanca el 11 de desembre de 2023.»",2 in the documented cycle (September + February); FIB's current canonical admissions page publishes only September,September,"11 December 2023 for the February 2024 start — i.e. the spring round closes in EARLY DECEMBER, roughly two months before classes. The equivalent 2026-27 spring deadline is NOT PUBLISHED as of 2026-08-29.",máster universitario oficial (both titles),MIRI 4313729 (Máster Universitario en Innovación e Investigación en Informática — «Publicado en B.O.E. (TITULACIÓN RENOVADA)»); MEI 4313321 (Máster Universitario en Ingeniería Informática — «Publicado en B.O.E. (TITULACIÓN RENOVADA)»). Confirmed from output/ruct-backbone.jsonl,"presencial, Barcelona","NOT VERIFIED IN THIS SWEEP (MIRI is taught in English per FIB's general master pages, but not confirmed here from the plan d'estudis — do not rely on it)","NOT FOUND in this sweep — Catalan public fees are set by the annual decret de preus públics; note the AGENT-BRIEF's Decret 96/2026 art. 1.5 finding that a study authorisation does not confer resident status, so the non-EU tariff applies",https://www.fib.upc.edu/ca/noticies/preinscripcio-als-masters-oficials-de-la-fib-2023-2024,"Oberta la preinscripció als Màsters oficials organitzats per la Facultat d'Informàtica de Barcelona (FIB), per començar al quadrimestre de primavera del curs 2023-2024 (febrer de 2024). Màster en Enginyeria Informàtica; Màster en Innovació i Recerca en Informàtica (especialitats: Computació Avançada; Gràfics i Realitat Virtual; Xarxes de Computadors i Sistemes Distribuïts; Computació d'Altes Prestacions). La preinscripció als Màsters oficials es tanca el 11 de desembre de 2023.","THE SINGLE MOST IMPORTANT FIND OF THIS SWEEP, and it comes with a caveat. (1) This is a genuine OFFICIAL (máster universitario, BOE-published) February cohort start at a top public technical university — the only official-register February start this sweep confirmed verbatim. MIRI's 'Xarxes de Computadors i Sistemes Distribuïts' and 'Computació d'Altes Prestacions' specialisations map directly onto path AC. (2) CRITICALLY, the February round covered only MEI and MIRI — the Màster en Intel·ligència Artificial and Màster en Ciència de Dades were NOT in it; they appear only in the September round. Do not generalise 'FIB has a February intake' to the AI or Data Science masters. (3) CURRENT STATUS UNRESOLVED: FIB's canonical EN pre-enrolment page (https://www.fib.upc.edu/en/masters/do-you-want-study-master-degree/pre-enrolment-and-admission, accessed 2026-08-29) publishes ONLY «The admission period to start the Master programme in September 2026, is open from 25 February to 29 May 2026» and mentions no spring start. So the February route is DOCUMENTED HISTORICALLY but NOT CONFIRMED for 2027. NEEDS A HUMAN to ask FIB directly whether a February 2027 / February 2028 entry will run. (4) TRAP SEPARATED CLEANLY HERE: FIB's «25 febrer – 29 maig» preinscription window is an APPLICATION ROUND FOR A SEPTEMBER START, and is stated as such verbatim; the February START is announced in a completely separate autumn notice closing in December. Anyone reading the February-dated application window as a February intake would be wrong.",YES (DOCU,,national-sweep,1
Universitat Politècnica de Catalunya (UPC) — Facultat d'Informàtica de Barcelona (FIB),"COVERS ALL FIB MASTERS: Master in Artificial Intelligence (MAI), Master in Data Science (MDS), Master in Innovation and Research in Informatics (MIRI), Màster en Enginyeria Informàtica (MEI)",AA | AB | AC,NO,September,"FIB pre-enrolment page publishes two periods, both leading to a September start: ""1st period: From 25 February to 17 April. The decision on applications will be announced no later than 30 April."" and ""2nd period: From 20 April to 29 May. The decision on applications will be announced no later than 16 June."" — both for the September 2026 academic term.",1,none for new students,n/a — no spring intake,máster universitario,n/a — institution-level calendar record,"presencial, Campus Nord Barcelona","English (MAI, MDS, MIRI)",not re-derived here; see programmes.jsonl,https://www.fib.upc.edu/en/masters/do-you-want-study-master-degree/pre-enrolment-and-admission,"Two pre-enrolment periods, 25 February–17 April and 20 April–29 May, both leading to the September 2026 term. No February/Q2 entry for new students is offered.","⚠️ TRAP CAUGHT AND DOCUMENTED. Search indexes surface FIB pages showing MAI/MDS/MIRI/MEI 'enrolment dates ... February 3, 2026' and 'UPC start date is February 9, 2026'. Those are the Q2 MATRÍCULA and term-start dates for students ALREADY ENROLLED — UPC's enrolment is quadrimestral and every continuing student re-enrols in February. They are NOT a new-cohort admission. FIB's own pre-enrolment page admits new students to September only. This is precisely the 'segundo cuatrimestre module entry that is not a real cohort start' the brief warns about. Recorded as NO. Note the contrast within the same university: UPC EETAC (MASTEAM, AI4CI) and UPC ETSEIB (MUEI) DO admit new students in February — UPC is school-by-school, not university-wide.",NO,,public,1
Universitat Politècnica de València (UPV),"INSTITUTION-WIDE calendar record — UPV másteres universitarios (in-scope: Computación en la Nube y de Altas Prestaciones; Ingeniería de Análisis de Datos, Mejora de Procesos y Toma de Decisiones; Ingeniería Acústica (MUIA); Inteligencia Artificial, Reconocimiento de Formas e Imagen Digital)",A | C | AA | AB | AC,NO,September,"UPV's own news item announcing the Fase 0 opening states verbatim that it is for «másteres universitarios que darán comienzo en septiembre de 2026 (curso 2026-2027)». Phases for curso 2026-27: Fase 0 from 17 November 2025, reserved for «alumnado con titulación extranjera sin nacionalidad ni residencia en la Unión Europea»; Fase 1 «Del lunes 2 de marzo al jueves 30 de abril de 2026» covering 72 masters; Fase 2 15–26 June 2026.",1,none,n/a — no spring intake,máster universitario,n/a — institution-level calendar record,"presencial, València / Gandia / Alcoi",varies by title,"Comunitat Valenciana public rates; note a 155,22 EUR fee for the study of foreign-degree equivalence",https://www.upv.es/noticias-upv/noticia-15487-preinscripcion-es.html,«másteres universitarios que darán comienzo en septiembre de 2026 (curso 2026-2027)»,"Cleanest negative in the sweep — UPV states the start month explicitly in the announcement of its own first application phase, so there is no ambiguity to resolve. Multi-phase, single-start. HIGHLY RELEVANT SILVER LINING FOR THIS CANDIDATE THOUGH, even on a NO: UPV's Fase 0 is a dedicated early phase reserved for non-EU applicants with foreign degrees, opening 17 November — roughly ten months before the September start. That is the single best-structured non-EU runway found in this slice, and it exists precisely BECAUSE the start is fixed in September. Not every UPV master opens in Fase 0 (verified previously: Computación en la Nube did NOT; Ingeniería de Análisis de Datos and Ingeniería Acústica DID), so it must be checked per title.",NO,,public,1
"Universitat Politècnica de València (UPV), Campus de Gandia — Spanish partner; with Universidade de Coimbra, Aix-Marseille Université and École Centrale de Marseille","WAVES — Máster Universitario Erasmus Mundus en Ondas, Acústica, Vibraciones, Ingeniería y Sonido / Erasmus Mundus Master in Waves, Acoustics, Vibrations, Engineering and Sound",A | C,NO,September (autumn) — historical; no cohort is currently being recruited,NOT FOUND — 'The document does not specify the start month for the programme.' The UPV programme page separately advertises 'Course start: September of 2026 (course 26-27)' while listing offered places as 'Not avaliable (course 26-27)' and the title as 'Title in the process of renewal'.,0 for the 2026-2028 cohort — recruitment suspended,None,N/A,"máster universitario (Erasmus Mundus Joint Master; RUCT estado 'Publicado en B.O.E.', still listed active in the register)",4317455,presencial; 120 ECTS; UPV Gandia hosts semester 2,English,"If it ran self-funded at UPV public rates: 39.27 EUR/credit x 120 ECTS = EUR 4,712.40 (2026-27 rates). UPV publishes the SAME price for Type 1 (national/EU/resident) and Type 2 (other international) students — no non-EU surcharge. Not currently actionable.",https://master-waves.eu/,master-waves.eu (re-confirmed 29 Aug 2026): 'it has been decided not to open the recruitment campaign for a 2026-2028 cohort'; 'The application platform is therefore unavailable' (as of 1 October 2025).,"CARRIED FINDING, RE-CONFIRMED, NOT RE-DERIVED — WAVES IS SUSPENDED. Do not record it as available. The consortium decided not to open recruitment for the 2026-2028 cohort and withdrew its application platform, while UPV still advertises the title and RUCT still shows it as 'Publicado en B.O.E.'. Register presence is NOT the same as being open to an applicant. NO SEPTEMBER-2027 DEADLINE IS PUBLISHED ANYWHERE and no 2027 cohort is announced. This is the highest path-fit EMJM with a Spanish node for this candidate (acoustics and sound, paths A and C, at UPV's audio campus in Gandia) and also the most at-risk. A human must contact the consortium directly before counting on this route.",NO,,erasmus-mundus,1
"Universitat Politècnica de València (UPV) — Escola Politècnica Superior de Gandia (EPSG), Campus de Gandia",Máster Universitario en Ingeniería Acústica,A | C,NO,"September (autumn, UPV standard curso start) — the EPSG page states no start date of its own; it publishes only the June preinscripción and July matrícula for the 2026-27 curso","Preinscripción: del 15 al 26 de junio de 2026 (fase 2, ordinaria); publicación de resultados 22 de julio de 2026; matrícula 23-24 y 28 de julio de 2026",1,none — UPV runs preinscripción in two FASES (fase 1: 2 March–30 April 2026; fase 2 ordinaria: 15–26 June 2026). Both are application phases into the same autumn cohort. No February or second-semester entry appears on the EPSG master pages.,N/A — no spring cohort,máster universitario (official),4310282,presencial (Campus de Gandia),"NOT FOUND as an explicit 'idioma de impartición' statement; the page does state English B2 is a compulsory language REQUIREMENT for admission ('el inglés (nivel B2) es requisito lingüístico obligatorio para cursar este máster') — that is an entry requirement, not the language of delivery",NOT FOUND on these pages,https://www.upv.es/entidades/epsg/2026/06/26/preinscribete-en-un-master-universitario-2/,"Preinscripción: del 15 al 26 de junio de 2026 ... Resultados: 22 de julio de 2026 ... Matrícula: 23-24 y 28 de julio de 2026. [Six Gandia masters listed: Comunicación Transmedia, Evaluación y Seguimiento Ambiental de Ecosistemas Marinos y Costeros, Ingeniería Acústica, Inteligencia Turística, Postproducción Digital, Profesor/a de Educación Secundaria]","Record covers the whole EPSG Gandia master portfolio, which is where UPV's audio/acoustics teaching sits. UPV's separate music-technology titles: 'Innovación en Tecnología Musical' (RUCT 4314875) is EXTINGUIDA POR NO RENOVACIÓN and cannot take any 2027 intake; 'Composición Musical para Cine, Televisión y Videojuegos' (4313419) and 'Industria Global de la Música y el Espectáculo' (4313420) are separate live titles handled in their own records.",NO,,path-A,1
Universitat Pompeu Fabra (UPF),"INSTITUTION-WIDE calendar record — UPF màsters universitaris oficials (in-scope: Intelligent Interactive Systems, Sound and Music Computing (MTG), Data Science, Computational Biomedical Engineering)",A | B | AA | AB,NO,September/October (single autumn start),"UPF runs FIVE sequential admission calls within one annual preregistration schedule. UPF's own guidance states that «international students are not recommended to preregister in the 5th admission call, as the notification of admission results will take place in early September, close to the start of the course and without sufficient time to process the student visa.»","1 cohort, admitted through 5 sequential calls",none,n/a — no spring intake,máster universitario,n/a — institution-level calendar record,"presencial, Barcelona",varies by title (SMC and IIS are English-taught),"Catalan public rates, Decret 96/2026",https://www.upf.edu/web/masters/calendari-de-preinscripcio,"«international students are not recommended to preregister in the 5th admission call, as the notification of admission results will take place in early September, close to the start of the course and without sufficient time to process the student visa»","⚠️ SOURCE PROVENANCE — READ BEFORE RELYING. www.upf.edu returns HTTP 403 to every automated fetch (documented in AGENT-BRIEF; mtg.upf.edu 302-redirects into the same wall). This record is built from the SEARCH INDEX of UPF's own pages, not from a page I opened. ""source_access"": ""search index — page returns 403, not directly fetched"". NEEDS A HUMAN to open https://www.upf.edu/web/masters/calendari-de-preinscripcio in a normal browser and confirm. That said the negative is logically tight: the fifth and LAST call resolving in early September 'close to the start of the course' proves all five calls feed one autumn start — a fifth round would not be the last if a February cohort followed. This matters because UPF (Music Technology Group) is the single most important institution in the whole sweep for path codes A and B; the answer for a spring start there is NO, and the candidate must plan on September.",NO,,public,1
"Universitat Pompeu Fabra (UPF), Barcelona — COORDINATOR; with Sapienza Università di Roma, Radboud Universiteit Nijmegen and Univerza v Ljubljani",EMAI — Erasmus Mundus Joint Master in Artificial Intelligence,AA | B,NO,September,'All students start their studies in Barcelona and follow an initial semester together. The second semester takes place in one of the other partner universities.' 'enrolment takes place in September each year.' Programme first taught in the 2023-24 academic year; the 2026-2028 cohort is the fourth.,1,"None. The FOUR published application 'periods' (Nov–Dec, Dec–Mar, Mar–Jun, Jun–Jul) are application ROUNDS segmented by funding type and nationality, all feeding the single September start — precisely the distinction the brief warns not to mistake for a second cohort. The Spanish leg here is Semester 1 (autumn), not a spring semester.",N/A — no spring intake,"máster universitario (Erasmus Mundus Joint Master, official in Spain; estado 'Publicado en B.O.E.', active)",4318493,"presencial; 120 ECTS over 2 years, semester 1 in Barcelona",English,"EUR 9,000 per year (EUR 18,000 over 120 ECTS) for non-EU self-funded students; EU students receive a 50% discount. Erasmus Mundus Scholarship holders pay nothing and receive EUR 1,400/month for 24 months (EUR 33,600).",https://www.upf.edu/web/emai/access-admission,Published 2026-2028 (fourth cohort) calendar: '1st period 15/11/2025 - 20/12/2025 23:59 CET' for Erasmus Mundus Scholarship (EMS) candidates; '2nd period 21/12/2025 - 18/03/2026 23:59 CET' for Tuition Fee Waiver candidates; '3rd period 19/03/2026 - 05/06/2026 23:59 CEST' for worldwide self-funded candidates; '4th period 06/06/2026 - 06/07/2026 23:59 CEST' exclusively for EU self-funded candidates. 'the EMAI Selection Committee will select approximately 19 students with full Erasmus Mundus Scholarships (EMS)' for the 2026-2028 cohort.,"SEPTEMBER-2027 DEADLINE: NOT PUBLISHED, but the pattern is stable and this is THE EASIEST DEADLINE IN THE WHOLE SET TO MISS BY A YEAR. The scholarship round (1st period) is the ONLY one that carries the EMJM stipend and it closes IN DECEMBER — for a September 2027 start expect it to open around 15 November 2026 and close around 20 December 2026. Applying in the 2nd, 3rd or 4th period forfeits the scholarship entirely. TREAT AS PATTERN, NOT A PUBLISHED DATE; re-check from October 2026. SOURCE ACCESS WARNING: www.upf.edu returns HTTP 403 (Cloudflare 'Just a moment...') to WebFetch and to curl with a browser User-Agent alike — confirmed again on 29 Aug 2026. Every EMAI fact above comes from a SEARCH INDEX, not from the page itself. NEEDS A HUMAN to open https://www.upf.edu/web/emai/access-admission in a normal browser. FIT: strongest AA programme with a Spanish node, in Barcelona, English-taught, semester 1 at UPF — and UPF hosts the Music Technology Group, though EMAI is not an MTG programme.",NO,,erasmus-mundus,1
Universitat Pompeu Fabra (UPF) — Departament d'Enginyeria,Màster Universitari en Sistemes Intel·ligents Interactius / Master in Intelligent Interactive Systems,AA | B,NO,September/October,"Covered by the UPF institution-wide calendar: five sequential admission calls within ONE annual preregistration schedule, the fifth resolving 'in early September, close to the start of the course'.","1 cohort, admitted through 5 sequential calls",none,N/A — no spring intake,máster universitario (OFFICIAL) — RUCT 4315366,4315366,"presencial, Barcelona (Campus del Poblenou)","English (carried over, not re-verified in this pass)","NOT FOUND in this pass — Catalan public rates, Decret 96/2026; candidate is legally non-resident for fee purposes",https://www.upf.edu/web/masters/calendari-de-preinscripcio,"«international students are not recommended to preregister in the 5th admission call, as the notification of admission results will take place in early September, close to the start of the course and without sufficient time to process the student visa»","Named by the orchestrator as an anchor to check. It is a music-adjacent rather than a music-named master: UPF houses it in the same department as the Music Technology Group, and MTG staff supervise MIR-flavoured theses through it, but this pass found NO published, named MIR or music track inside it — record that as NOT FOUND rather than as a track. Intake answer is the same as every other UPF master: one September cohort. ⚠️ PROVENANCE: www.upf.edu is 403-blocked to automated fetching; this rests on the search index and on the UPF institution-wide record in output/spring/public.jsonl. Needs a human to open in a browser.",NO,,path-B,1
"Universitat Pompeu Fabra (UPF) — Departament d'Enginyeria, Music Technology Group (MTG), Barcelona",Màster Universitari en Tecnologies del So i de la Música / Master in Sound and Music Computing (SMC),A | B,NO,September,"'Classes usually start around September 21st and finish by June 20th.' (UPF SMC FAQ, via search index — www.upf.edu returns 403 to automated fetching)",1,none — a single annual September cohort. UPF's institution-wide másters universitaris calendar (already recorded in output/spring/public.jsonl as a NO) shows one preinscripció cycle feeding one autumn start.,N/A — no spring intake exists,máster universitario (OFFICIAL) — RUCT 4315538,4315538,"presencial (Campus del Poblenou, Barcelona)","English (SMC is UPF's English-taught master; not re-verified against the memòria in this pass — treat as carried over, not newly sourced)",NOT FOUND in this pass — see the main dataset record for this programme; Catalan public fees for non-EU non-residents are set by the annual decret de preus públics,https://www.upf.edu/web/smc/faq,"Classes usually start around September 21st and finish by June 20th. [UPF Master in Sound and Music Computing, FAQ]","⭐ THIS IS THE FLAGSHIP MIR PROGRAMME IN SPAIN AND IT HAS NO SPRING ENTRY. The Music Technology Group's SMC master is the single most on-target path-B degree in the country and it admits once a year, in September. ⚠️ TRAP EXPLICITLY RULED OUT: the SMC curriculum's own 'Music Information Retrieval' course runs in the '2nd Term (January-March)' — 10 weeks, 25 hours of lectures. That is a MODULE inside the September cohort, i.e. exactly the 'segundo cuatrimestre module entry that is not a real cohort start' the SPRING-BRIEF excludes. It must not be read as a January intake. ⚠️ PROVENANCE: www.upf.edu and mtg.upf.edu both return HTTP 403 to WebFetch and to curl with a browser User-Agent, as AGENT-BRIEF.md warns; mtg.upf.edu 302-redirects into www.upf.edu. The start-date sentence above comes from the search index, not from a page this agent fetched. source_access: 'search index — page returns 403, not directly fetched'. A human should open the SMC FAQ and the UPF preinscripció calendar in a normal browser to confirm there is no second cohort.",NO,,path-B,1
"Universitat Rovira i Virgili (URV), Tarragona","INSTITUTION-WIDE calendar record — URV màsters universitaris (in-scope: Artificial Intelligence (interuniv. UPC/UB/URV), Computer Engineering: Computer Security and Intelligent Systems, Data Engineering)",AA | AB | AC,NO,September/October,"Four sequential phases, all resolving into an autumn start: «1st Phase: March 2 – April 9 (pre-registration); April 10-24 (admission); July 8-17 (registration)»; «2nd Phase: April 10 – May 14; admission May 15-29; registration July 8-17»; «3rd Phase: May 15 – July 7; admission July 8-22; registration July 24-28»; «4th Phase: July 8 – September 9; final admissions September 24; registration September 25-28».","1 cohort, admitted through 4 phases",none,n/a — no spring intake,máster universitario,n/a — institution-level calendar record,"presencial, Tarragona",varies by title,"Catalan public rates, Decret 96/2026",https://www.urv.cat/en/studies/master/admission/calendar-degree-course-current/,"«4th Phase: July 8 – September 9 (pre-registration); September 24 (final admissions); September 25-28 (registration)» — the last phase registers students at the end of September, i.e. into the autumn cohort","Clean single-start university. The final phase registering students 25–28 September is decisive: it is the last act of the cycle, so there is no later cohort. No February or second-semester start appears anywhere in the calendar. Note URV co-awards the interuniversity Màster en Intel·ligència Artificial with UPC and UB — and both of those also came back NO for a new-cohort February entry (UPC FIB specifically), so the AI title has no spring route at any of its three awarding universities.",NO,,public,1
